Payment_Key,Invoice_Key,Payment_Date,Amount_Paid_USD,Payment_Method
PAY-0000001,INV-000001,2024-10-21,10072.05,ACH
PAY-0000002,INV-000002,2024-11-25,5915.63,ACH
PAY-0000003,INV-000003,2024-11-27,7694.14,ACH
PAY-0000004,INV-000004,2025-02-03,5663.7,ACH
PAY-0000005,INV-000005,2025-03-02,6667.22,ACH
PAY-0000006,INV-000006,2024-05-30,8150.71,ACH
PAY-0000007,INV-000007,2025-03-04,8825.51,ACH
PAY-0000008,INV-000008,2024-05-01,11717.66,ACH
PAY-0000009,INV-000009,2025-07-13,2431.38,ACH
PAY-0000010,INV-000010,2026-02-22,8749.15,Check
PAY-0000011,INV-000011,2025-08-22,1527.25,ACH
PAY-0000012,INV-000012,2025-11-13,11202.44,Wire
PAY-0000013,INV-000013,2025-08-01,3051.26,ACH
PAY-0000014,INV-000014,2024-10-25,6197.83,ACH
PAY-0000015,INV-000015,2024-03-07,4881.83,ACH
PAY-0000016,INV-000016,2024-02-22,8630.57,ACH
PAY-0000017,INV-000017,2025-01-31,7426.81,ACH
PAY-0000018,INV-000018,2024-12-10,11858.41,ACH
PAY-0000019,INV-000019,2025-10-10,1609.2,ACH
PAY-0000020,INV-000019,2025-10-23,1577.95,Check
PAY-0000021,INV-000020,2024-03-12,5677.48,ACH
PAY-0000022,INV-000021,2025-08-23,11258.45,ACH
PAY-0000023,INV-000022,2025-03-10,4898.63,Wire
PAY-0000024,INV-000023,2025-11-12,4530.62,ACH
PAY-0000025,INV-000024,2025-12-16,6269.81,Wire
PAY-0000026,INV-000025,2024-12-13,2957.66,Check
PAY-0000027,INV-000026,2025-01-23,9332.73,ACH
PAY-0000028,INV-000027,2025-07-29,11227.72,Wire
PAY-0000029,INV-000028,2024-10-23,9895.14,ACH
PAY-0000030,INV-000029,2024-06-18,4820.06,ACH
PAY-0000031,INV-000030,2025-12-16,8053.07,Wire
PAY-0000032,INV-000031,2025-06-13,7084.5,ACH
PAY-0000033,INV-000032,2024-08-25,5016.51,Wire
PAY-0000034,INV-000033,2025-04-21,11975.77,ACH
PAY-0000035,INV-000034,2025-10-11,8997.67,ACH
PAY-0000036,INV-000035,2024-09-13,6298.5,ACH
PAY-0000037,INV-000036,2025-12-19,9060.38,ACH
PAY-0000038,INV-000037,2025-11-16,3406.78,ACH
PAY-0000039,INV-000038,2024-06-17,2960.72,ACH
PAY-0000040,INV-000040,2024-05-13,9232.66,ACH
PAY-0000041,INV-000041,2025-04-13,10308.43,ACH
PAY-0000042,INV-000042,2025-11-16,2558.78,ACH
PAY-0000043,INV-000042,2025-12-04,2923.93,Wire
PAY-0000044,INV-000043,2025-05-24,6389.85,ACH
PAY-0000045,INV-000044,2024-07-26,4106.38,ACH
PAY-0000046,INV-000045,2024-03-28,4414.67,Check
PAY-0000047,INV-000046,2025-12-14,7351.71,ACH
PAY-0000048,INV-000047,2024-09-01,5981.28,ACH
PAY-0000049,INV-000048,2024-11-08,10283.93,ACH
PAY-0000050,INV-000049,2024-05-17,5708.01,ACH
PAY-0000051,INV-000050,2025-11-01,5419.75,Check
PAY-0000052,INV-000051,2024-07-23,10603.43,Wire
PAY-0000053,INV-000052,2024-12-18,2593.14,Wire
PAY-0000054,INV-000053,2024-05-21,11881.65,Wire
PAY-0000055,INV-000054,2025-05-09,2546.63,ACH
PAY-0000056,INV-000054,2025-05-31,3220.49,Wire
PAY-0000057,INV-000055,2024-11-30,5924.96,Wire
PAY-0000058,INV-000056,2026-01-06,7698.1,ACH
PAY-0000059,INV-000057,2024-04-16,4591.89,ACH
PAY-0000060,INV-000058,2024-03-26,10892.8,Wire
PAY-0000061,INV-000059,2024-09-23,5726.78,ACH
PAY-0000062,INV-000060,2024-06-08,8757.83,ACH
PAY-0000063,INV-000061,2024-03-27,7318.87,ACH
PAY-0000064,INV-000062,2024-02-24,10950.2,ACH
PAY-0000065,INV-000063,2025-12-29,4462.6,Wire
PAY-0000066,INV-000063,2026-01-10,5837.52,ACH
PAY-0000067,INV-000064,2025-02-02,4076.17,ACH
PAY-0000068,INV-000066,2025-03-09,9192.01,Wire
PAY-0000069,INV-000067,2025-07-11,7766.85,ACH
PAY-0000070,INV-000068,2025-10-29,6702.66,Wire
PAY-0000071,INV-000069,2024-07-17,11660.84,Wire
PAY-0000072,INV-000070,2025-08-18,6183.06,Wire
PAY-0000073,INV-000073,2025-09-12,1913.98,ACH
PAY-0000074,INV-000074,2025-02-20,1856.43,Wire
PAY-0000075,INV-000075,2024-09-05,10551.45,Wire
PAY-0000076,INV-000076,2024-06-29,3915.09,ACH
PAY-0000077,INV-000077,2025-01-28,7510.49,ACH
PAY-0000078,INV-000078,2024-02-12,5981.58,ACH
PAY-0000079,INV-000079,2024-06-19,5531.62,Wire
PAY-0000080,INV-000080,2025-05-19,1894.77,Wire
PAY-0000081,INV-000081,2025-01-22,6986.45,ACH
PAY-0000082,INV-000082,2024-12-18,9013.31,ACH
PAY-0000083,INV-000083,2025-01-13,1357.03,Wire
PAY-0000084,INV-000083,2025-02-05,1449.56,ACH
PAY-0000085,INV-000085,2025-08-20,5716.59,ACH
PAY-0000086,INV-000087,2024-06-20,11675.58,ACH
PAY-0000087,INV-000088,2025-03-21,9461.5,ACH
PAY-0000088,INV-000089,2024-04-23,7725.87,ACH
PAY-0000089,INV-000090,2025-09-01,10831.85,Check
PAY-0000090,INV-000091,2025-02-25,2413.36,ACH
PAY-0000091,INV-000092,2025-06-10,11602.28,ACH
PAY-0000092,INV-000093,2024-09-06,6918.83,Wire
PAY-0000093,INV-000094,2024-11-09,10725.61,ACH
PAY-0000094,INV-000095,2025-01-24,4006.25,ACH
PAY-0000095,INV-000096,2025-08-09,10654.36,ACH
PAY-0000096,INV-000097,2024-10-13,10237.41,Check
PAY-0000097,INV-000098,2024-02-15,2716.36,ACH
PAY-0000098,INV-000099,2025-04-16,1693.49,Check
PAY-0000099,INV-000100,2024-10-31,11340.9,Wire
PAY-0000100,INV-000101,2025-03-03,7612.79,Check
PAY-0000101,INV-000102,2025-12-16,11673.22,ACH
PAY-0000102,INV-000103,2024-03-29,2114.86,ACH
PAY-0000103,INV-000103,2024-04-11,2783.05,ACH
PAY-0000104,INV-000104,2025-03-13,10469.2,ACH
PAY-0000105,INV-000106,2025-04-11,6039.52,Wire
PAY-0000106,INV-000107,2025-06-11,11831.77,ACH
PAY-0000107,INV-000108,2025-07-05,7408.88,Wire
PAY-0000108,INV-000109,2024-12-01,3113.41,ACH
PAY-0000109,INV-000110,2025-02-11,7974.83,ACH
PAY-0000110,INV-000111,2025-07-04,3605.51,ACH
PAY-0000111,INV-000112,2025-09-01,4758.8,ACH
PAY-0000112,INV-000113,2025-06-09,7800.22,Check
PAY-0000113,INV-000114,2024-08-31,9366.2,ACH
PAY-0000114,INV-000115,2024-05-13,3708.67,ACH
PAY-0000115,INV-000116,2025-09-06,2325.07,Wire
PAY-0000116,INV-000117,2024-05-12,3258.57,ACH
PAY-0000117,INV-000118,2024-04-20,2045.7,ACH
PAY-0000118,INV-000119,2024-04-21,5064.23,ACH
PAY-0000119,INV-000120,2024-02-17,6249.34,Wire
PAY-0000120,INV-000121,2024-05-09,4094.58,ACH
PAY-0000121,INV-000122,2025-12-12,3412.24,ACH
PAY-0000122,INV-000124,2025-11-03,1063.83,ACH
PAY-0000123,INV-000124,2025-11-26,1292.2,Check
PAY-0000124,INV-000125,2024-02-21,5967.68,ACH
PAY-0000125,INV-000126,2025-12-02,7674.61,Wire
PAY-0000126,INV-000127,2025-01-31,4480.47,Wire
PAY-0000127,INV-000128,2025-07-03,5755.76,ACH
PAY-0000128,INV-000129,2025-07-31,4095.93,ACH
PAY-0000129,INV-000130,2024-06-22,2902.31,ACH
PAY-0000130,INV-000130,2024-07-05,2704.05,Check
PAY-0000131,INV-000131,2024-11-24,3964.08,Wire
PAY-0000132,INV-000132,2025-01-20,6024.32,ACH
PAY-0000133,INV-000133,2024-11-08,1885.05,Wire
PAY-0000134,INV-000134,2024-07-02,10574.27,ACH
PAY-0000135,INV-000135,2025-06-21,3926.87,Check
PAY-0000136,INV-000136,2024-07-06,4029.8,ACH
PAY-0000137,INV-000136,2024-07-24,2796.17,ACH
PAY-0000138,INV-000137,2024-07-30,6913.76,ACH
PAY-0000139,INV-000138,2024-12-21,8899.15,Wire
PAY-0000140,INV-000139,2025-11-25,6159.38,Check
PAY-0000141,INV-000140,2025-03-27,5084.67,Wire
PAY-0000142,INV-000140,2025-04-06,3589.43,ACH
PAY-0000143,INV-000141,2024-11-08,8418.3,ACH
PAY-0000144,INV-000142,2026-01-02,2006.23,ACH
PAY-0000145,INV-000143,2025-06-06,2645.65,Wire
PAY-0000146,INV-000144,2025-10-16,10717.86,ACH
PAY-0000147,INV-000145,2025-09-21,4948.0,ACH
PAY-0000148,INV-000146,2025-03-18,3994.21,ACH
PAY-0000149,INV-000147,2024-03-01,3368.97,ACH
PAY-0000150,INV-000147,2024-03-12,3825.85,ACH
PAY-0000151,INV-000148,2024-11-25,6505.3,Check
PAY-0000152,INV-000150,2026-01-11,5490.78,ACH
PAY-0000153,INV-000151,2025-02-09,4491.17,ACH
PAY-0000154,INV-000152,2025-11-25,9019.58,ACH
PAY-0000155,INV-000153,2024-06-10,3405.1,ACH
PAY-0000156,INV-000154,2024-03-18,3137.42,Check
PAY-0000157,INV-000154,2024-04-03,2820.12,ACH
PAY-0000158,INV-000155,2024-10-29,10784.17,ACH
PAY-0000159,INV-000156,2025-12-11,10950.24,Wire
PAY-0000160,INV-000157,2025-10-01,5949.25,ACH
PAY-0000161,INV-000158,2025-11-26,3264.15,ACH
PAY-0000162,INV-000159,2025-11-10,3917.58,ACH
PAY-0000163,INV-000160,2024-10-06,2988.63,ACH
PAY-0000164,INV-000162,2024-05-10,7573.06,ACH
PAY-0000165,INV-000163,2025-11-07,5353.04,ACH
PAY-0000166,INV-000164,2025-06-26,2234.28,ACH
PAY-0000167,INV-000166,2025-10-05,7356.73,Check
PAY-0000168,INV-000167,2025-05-21,8745.05,Wire
PAY-0000169,INV-000168,2024-02-27,5149.5,ACH
PAY-0000170,INV-000169,2025-12-31,3100.37,Wire
PAY-0000171,INV-000170,2024-04-24,8047.65,ACH
PAY-0000172,INV-000171,2025-06-08,5252.35,ACH
PAY-0000173,INV-000171,2025-06-28,3689.47,Wire
PAY-0000174,INV-000172,2025-12-29,6195.63,ACH
PAY-0000175,INV-000173,2025-02-21,10439.96,ACH
PAY-0000176,INV-000174,2024-07-22,10718.73,Wire
PAY-0000177,INV-000175,2025-03-22,5731.29,ACH
PAY-0000178,INV-000176,2024-12-27,10136.05,ACH
PAY-0000179,INV-000177,2024-12-26,9530.5,Wire
PAY-0000180,INV-000178,2025-05-24,2215.81,ACH
PAY-0000181,INV-000179,2025-11-13,4573.18,ACH
PAY-0000182,INV-000179,2025-11-29,6759.54,ACH
PAY-0000183,INV-000180,2025-06-27,9698.0,ACH
PAY-0000184,INV-000181,2025-05-02,11828.63,ACH
PAY-0000185,INV-000182,2024-10-14,8767.69,ACH
PAY-0000186,INV-000183,2024-09-06,8050.91,ACH
PAY-0000187,INV-000184,2025-06-01,5361.47,Check
PAY-0000188,INV-000185,2024-07-30,5869.62,ACH
PAY-0000189,INV-000186,2025-04-10,7998.96,Wire
PAY-0000190,INV-000187,2024-07-18,1947.65,Wire
PAY-0000191,INV-000188,2024-10-17,3067.0,ACH
PAY-0000192,INV-000190,2025-10-11,11531.01,ACH
PAY-0000193,INV-000192,2026-01-24,8185.03,Wire
PAY-0000194,INV-000194,2025-04-09,749.4,Check
PAY-0000195,INV-000195,2024-08-27,2814.8,Wire
PAY-0000196,INV-000197,2025-01-19,2686.32,ACH
PAY-0000197,INV-000198,2025-10-04,2753.66,ACH
PAY-0000198,INV-000199,2025-07-17,898.85,Wire
PAY-0000199,INV-000200,2025-07-03,653.07,ACH
PAY-0000200,INV-000201,2025-10-14,3800.77,ACH
PAY-0000201,INV-000202,2024-06-09,3355.81,ACH
PAY-0000202,INV-000203,2025-11-19,1820.96,Wire
PAY-0000203,INV-000203,2025-12-07,2103.43,Check
PAY-0000204,INV-000204,2025-05-06,877.8,ACH
PAY-0000205,INV-000205,2024-04-28,1698.34,ACH
PAY-0000206,INV-000206,2024-03-04,1030.49,ACH
PAY-0000207,INV-000208,2024-05-08,1178.84,Wire
PAY-0000208,INV-000209,2024-09-12,2652.42,ACH
PAY-0000209,INV-000210,2025-09-18,3439.87,ACH
PAY-0000210,INV-000211,2025-09-05,3146.93,ACH
PAY-0000211,INV-000212,2025-02-10,2751.78,ACH
PAY-0000212,INV-000213,2025-03-09,311.49,ACH
PAY-0000213,INV-000213,2025-04-01,290.26,Wire
PAY-0000214,INV-000214,2024-12-27,1289.04,ACH
PAY-0000215,INV-000215,2024-08-05,3387.67,Wire
PAY-0000216,INV-000216,2024-12-08,2976.88,ACH
PAY-0000217,INV-000217,2024-07-29,1325.5,Check
PAY-0000218,INV-000218,2024-05-24,2748.98,Check
PAY-0000219,INV-000219,2024-05-28,1843.42,Check
PAY-0000220,INV-000220,2025-10-05,584.67,Wire
PAY-0000221,INV-000221,2025-03-30,3484.55,ACH
PAY-0000222,INV-000223,2025-10-30,3230.75,Check
PAY-0000223,INV-000224,2025-07-31,546.91,ACH
PAY-0000224,INV-000225,2024-09-02,3254.94,ACH
PAY-0000225,INV-000226,2024-09-10,617.65,ACH
PAY-0000226,INV-000227,2025-10-29,642.79,ACH
PAY-0000227,INV-000227,2025-11-16,685.96,ACH
PAY-0000228,INV-000228,2024-02-15,1397.86,Check
PAY-0000229,INV-000229,2025-02-16,3885.75,ACH
PAY-0000230,INV-000231,2025-08-25,3510.49,ACH
PAY-0000231,INV-000232,2025-06-03,2104.05,ACH
PAY-0000232,INV-000233,2024-05-19,1767.27,Wire
PAY-0000233,INV-000233,2024-06-07,1749.68,Check
PAY-0000234,INV-000234,2024-09-27,3251.97,Wire
PAY-0000235,INV-000236,2025-12-05,1850.3,ACH
PAY-0000236,INV-000236,2025-12-24,2097.16,ACH
PAY-0000237,INV-000237,2025-12-06,2798.73,ACH
PAY-0000238,INV-000238,2024-10-28,2331.65,ACH
PAY-0000239,INV-000239,2025-08-09,1185.44,Wire
PAY-0000240,INV-000240,2025-03-07,5312.56,ACH
PAY-0000241,INV-000241,2025-07-16,10886.89,Check
PAY-0000242,INV-000242,2025-08-06,2735.26,Check
PAY-0000243,INV-000244,2025-06-29,2430.63,Wire
PAY-0000244,INV-000244,2025-07-18,3558.01,ACH
PAY-0000245,INV-000245,2025-11-20,11721.3,Wire
PAY-0000246,INV-000246,2025-02-24,6447.26,Wire
PAY-0000247,INV-000247,2025-10-18,2729.78,ACH
PAY-0000248,INV-000247,2025-10-29,2289.9,ACH
PAY-0000249,INV-000248,2025-01-17,9362.68,Wire
PAY-0000250,INV-000249,2024-11-27,2825.78,ACH
PAY-0000251,INV-000250,2025-12-02,3885.39,ACH
PAY-0000252,INV-000251,2024-07-10,3732.77,Wire
PAY-0000253,INV-000252,2024-10-01,4233.01,ACH
PAY-0000254,INV-000253,2025-08-22,6333.76,Wire
PAY-0000255,INV-000255,2024-06-04,6941.36,Wire
PAY-0000256,INV-000255,2024-06-24,4772.79,ACH
PAY-0000257,INV-000256,2025-11-08,4455.97,ACH
PAY-0000258,INV-000257,2025-05-21,4039.89,Wire
PAY-0000259,INV-000258,2024-04-04,2005.5,ACH
PAY-0000260,INV-000259,2025-11-02,3445.97,ACH
PAY-0000261,INV-000260,2025-09-10,9786.19,ACH
PAY-0000262,INV-000261,2024-09-26,11051.08,ACH
PAY-0000263,INV-000262,2025-01-17,6019.49,ACH
PAY-0000264,INV-000263,2025-03-25,7874.44,Wire
PAY-0000265,INV-000264,2025-01-27,2594.36,ACH
PAY-0000266,INV-000265,2025-01-26,9307.74,ACH
PAY-0000267,INV-000267,2024-05-16,6466.2,ACH
PAY-0000268,INV-000269,2025-01-20,6104.65,ACH
PAY-0000269,INV-000270,2025-08-13,4487.9,Wire
PAY-0000270,INV-000271,2025-03-12,8591.91,Wire
PAY-0000271,INV-000272,2025-09-15,11029.92,Check
PAY-0000272,INV-000273,2024-10-21,9074.63,ACH
PAY-0000273,INV-000274,2025-12-27,10651.78,ACH
PAY-0000274,INV-000275,2026-01-15,3655.25,Check
PAY-0000275,INV-000275,2026-02-08,4106.13,ACH
PAY-0000276,INV-000276,2024-08-30,5300.16,ACH
PAY-0000277,INV-000277,2025-08-14,10673.84,Wire
PAY-0000278,INV-000278,2025-01-28,2992.44,Check
PAY-0000279,INV-000279,2025-10-05,3516.99,Wire
PAY-0000280,INV-000279,2025-10-18,3848.76,Wire
PAY-0000281,INV-000280,2025-02-21,7196.61,Wire
PAY-0000282,INV-000281,2024-07-16,7582.3,ACH
PAY-0000283,INV-000282,2024-06-09,8908.65,ACH
PAY-0000284,INV-000283,2025-08-31,9500.02,ACH
PAY-0000285,INV-000284,2025-04-11,5551.68,ACH
PAY-0000286,INV-000285,2025-12-31,3787.87,Check
PAY-0000287,INV-000286,2025-02-20,4778.13,ACH
PAY-0000288,INV-000286,2025-03-11,6985.12,ACH
PAY-0000289,INV-000287,2024-11-01,9440.24,ACH
PAY-0000290,INV-000288,2024-06-15,4796.65,ACH
PAY-0000291,INV-000289,2024-04-13,11591.92,ACH
PAY-0000292,INV-000290,2024-12-12,7088.7,Wire
PAY-0000293,INV-000291,2024-05-31,3543.55,Wire
PAY-0000294,INV-000293,2024-06-07,10075.95,ACH
PAY-0000295,INV-000294,2025-12-07,8016.94,Wire
PAY-0000296,INV-000295,2025-12-04,2889.91,Wire
PAY-0000297,INV-000296,2025-12-04,9331.53,ACH
PAY-0000298,INV-000298,2025-09-13,7681.68,ACH
PAY-0000299,INV-000299,2026-02-19,11146.71,ACH
PAY-0000300,INV-000301,2024-03-28,11959.29,Wire
PAY-0000301,INV-000302,2024-07-10,4774.94,Wire
PAY-0000302,INV-000303,2024-06-29,6506.86,ACH
PAY-0000303,INV-000304,2024-11-17,5266.51,ACH
PAY-0000304,INV-000305,2024-03-04,1975.01,Wire
PAY-0000305,INV-000305,2024-03-14,1631.83,ACH
PAY-0000306,INV-000306,2025-11-12,9573.69,ACH
PAY-0000307,INV-000307,2025-07-18,3053.37,ACH
PAY-0000308,INV-000307,2025-08-10,3566.72,Wire
PAY-0000309,INV-000308,2025-12-10,8826.44,Wire
PAY-0000310,INV-000309,2025-12-10,6521.73,ACH
PAY-0000311,INV-000310,2024-11-17,2952.0,Wire
PAY-0000312,INV-000310,2024-11-27,2761.71,ACH
PAY-0000313,INV-000311,2025-04-06,1853.53,Wire
PAY-0000314,INV-000312,2024-03-15,5688.65,ACH
PAY-0000315,INV-000312,2024-04-05,4914.15,ACH
PAY-0000316,INV-000313,2024-03-22,9941.56,Wire
PAY-0000317,INV-000314,2024-02-07,6715.3,ACH
PAY-0000318,INV-000316,2026-02-03,8923.25,Check
PAY-0000319,INV-000317,2024-06-30,11274.32,ACH
PAY-0000320,INV-000318,2025-10-03,11025.6,Check
PAY-0000321,INV-000319,2025-03-22,2718.24,ACH
PAY-0000322,INV-000320,2024-10-08,8497.05,Check
PAY-0000323,INV-000321,2026-01-08,2606.33,ACH
PAY-0000324,INV-000322,2025-07-23,10591.11,ACH
PAY-0000325,INV-000323,2025-05-01,9559.46,Wire
PAY-0000326,INV-000324,2025-05-26,9170.21,ACH
PAY-0000327,INV-000325,2026-02-02,11273.48,ACH
PAY-0000328,INV-000326,2025-05-29,6415.62,ACH
PAY-0000329,INV-000327,2024-05-23,4620.75,ACH
PAY-0000330,INV-000327,2024-06-07,5090.41,Wire
PAY-0000331,INV-000328,2025-02-26,5843.25,ACH
PAY-0000332,INV-000329,2025-07-24,6373.0,ACH
PAY-0000333,INV-000330,2026-01-08,2109.73,Wire
PAY-0000334,INV-000330,2026-01-19,1698.23,ACH
PAY-0000335,INV-000331,2025-03-22,1684.3,ACH
PAY-0000336,INV-000332,2024-02-09,1514.21,ACH
PAY-0000337,INV-000333,2024-12-25,10212.51,ACH
PAY-0000338,INV-000334,2024-08-11,8956.42,ACH
PAY-0000339,INV-000335,2024-09-02,7613.19,Check
PAY-0000340,INV-000336,2025-07-30,9657.74,ACH
PAY-0000341,INV-000338,2025-05-11,8177.52,Check
PAY-0000342,INV-000339,2024-07-21,4550.3,Wire
PAY-0000343,INV-000340,2024-01-30,6721.78,ACH
PAY-0000344,INV-000342,2025-02-19,4384.39,ACH
PAY-0000345,INV-000343,2024-01-30,3240.37,ACH
PAY-0000346,INV-000344,2024-12-26,9828.0,ACH
PAY-0000347,INV-000346,2024-12-27,4225.19,Check
PAY-0000348,INV-000347,2024-10-11,10208.61,ACH
PAY-0000349,INV-000348,2025-05-24,11654.05,ACH
PAY-0000350,INV-000349,2025-04-01,8499.31,ACH
PAY-0000351,INV-000350,2025-06-06,1594.9,ACH
PAY-0000352,INV-000351,2024-08-14,4877.53,ACH
PAY-0000353,INV-000352,2025-01-08,6549.35,Check
PAY-0000354,INV-000353,2025-07-27,11929.18,Check
PAY-0000355,INV-000354,2025-10-15,6165.84,ACH
PAY-0000356,INV-000355,2024-06-25,5863.84,ACH
PAY-0000357,INV-000356,2024-10-17,10318.07,Wire
PAY-0000358,INV-000357,2025-08-29,7607.03,Wire
PAY-0000359,INV-000358,2024-07-27,5207.03,Wire
PAY-0000360,INV-000359,2024-04-18,6724.17,ACH
PAY-0000361,INV-000360,2025-08-07,3674.3,ACH
PAY-0000362,INV-000361,2024-11-15,10180.84,ACH
PAY-0000363,INV-000362,2025-04-06,7160.49,ACH
PAY-0000364,INV-000363,2025-12-10,1500.12,ACH
PAY-0000365,INV-000364,2025-10-03,2057.06,ACH
PAY-0000366,INV-000364,2025-10-15,2637.03,Wire
PAY-0000367,INV-000365,2024-07-17,10408.47,ACH
PAY-0000368,INV-000367,2025-07-29,3815.13,ACH
PAY-0000369,INV-000368,2024-08-14,1717.05,ACH
PAY-0000370,INV-000369,2025-06-15,5297.96,ACH
PAY-0000371,INV-000370,2024-10-01,6843.35,ACH
PAY-0000372,INV-000371,2025-04-04,6348.02,ACH
PAY-0000373,INV-000372,2025-03-23,9974.24,ACH
PAY-0000374,INV-000373,2024-12-27,8862.28,ACH
PAY-0000375,INV-000374,2024-05-06,9755.16,ACH
PAY-0000376,INV-000375,2024-04-15,8888.85,ACH
PAY-0000377,INV-000376,2024-07-22,2042.52,Check
PAY-0000378,INV-000377,2025-07-21,11500.9,ACH
PAY-0000379,INV-000378,2025-07-04,3549.95,Check
PAY-0000380,INV-000379,2025-10-15,3414.91,ACH
PAY-0000381,INV-000380,2025-08-12,1573.72,Wire
PAY-0000382,INV-000381,2024-04-03,739.24,ACH
PAY-0000383,INV-000383,2024-04-20,2850.18,ACH
PAY-0000384,INV-000384,2025-03-04,721.55,Check
PAY-0000385,INV-000384,2025-03-15,750.93,Check
PAY-0000386,INV-000385,2024-12-18,3926.35,ACH
PAY-0000387,INV-000386,2024-08-18,759.15,ACH
PAY-0000388,INV-000387,2025-09-04,1720.23,ACH
PAY-0000389,INV-000387,2025-09-19,1194.0,Wire
PAY-0000390,INV-000388,2025-03-04,2682.77,ACH
PAY-0000391,INV-000389,2024-11-03,2866.09,ACH
PAY-0000392,INV-000390,2024-10-10,3531.33,ACH
PAY-0000393,INV-000391,2025-08-12,523.39,ACH
PAY-0000394,INV-000392,2024-11-21,2540.24,Wire
PAY-0000395,INV-000394,2025-11-15,2243.14,Check
PAY-0000396,INV-000395,2025-02-26,1405.49,ACH
PAY-0000397,INV-000396,2024-03-21,2731.91,Wire
PAY-0000398,INV-000397,2024-05-16,1517.43,Wire
PAY-0000399,INV-000397,2024-06-04,1568.1,ACH
PAY-0000400,INV-000398,2025-07-17,784.02,ACH
PAY-0000401,INV-000399,2024-12-09,2404.89,Check
PAY-0000402,INV-000400,2025-12-18,3197.6,ACH
PAY-0000403,INV-000401,2025-12-21,3509.38,Wire
PAY-0000404,INV-000402,2026-02-06,2048.91,ACH
PAY-0000405,INV-000403,2025-06-22,2053.72,Check
PAY-0000406,INV-000404,2024-08-19,1483.63,ACH
PAY-0000407,INV-000405,2025-11-08,3252.83,Wire
PAY-0000408,INV-000406,2024-04-04,527.88,ACH
PAY-0000409,INV-000407,2024-12-28,768.23,Check
PAY-0000410,INV-000408,2025-07-26,2712.76,Check
PAY-0000411,INV-000409,2024-02-05,2436.8,Wire
PAY-0000412,INV-000410,2024-04-15,3505.67,ACH
PAY-0000413,INV-000411,2025-09-19,1127.39,ACH
PAY-0000414,INV-000412,2025-04-24,953.68,ACH
PAY-0000415,INV-000412,2025-05-13,1407.93,Wire
PAY-0000416,INV-000413,2025-10-22,1739.95,ACH
PAY-0000417,INV-000415,2025-09-06,3951.86,Wire
PAY-0000418,INV-000416,2024-07-22,3137.58,ACH
PAY-0000419,INV-000417,2024-09-24,903.88,Check
PAY-0000420,INV-000418,2024-03-24,1221.88,Check
PAY-0000421,INV-000419,2024-08-09,563.43,Wire
PAY-0000422,INV-000420,2025-05-29,24295.31,Wire
PAY-0000423,INV-000421,2025-08-17,28602.61,ACH
PAY-0000424,INV-000422,2025-03-01,12968.84,Wire
PAY-0000425,INV-000422,2025-03-13,14187.33,ACH
PAY-0000426,INV-000423,2024-10-05,6808.29,Wire
PAY-0000427,INV-000424,2024-07-23,22504.59,ACH
PAY-0000428,INV-000425,2024-11-06,20094.6,ACH
PAY-0000429,INV-000426,2025-10-22,15110.97,ACH
PAY-0000430,INV-000427,2024-05-27,27742.79,ACH
PAY-0000431,INV-000428,2025-05-12,20687.41,Wire
PAY-0000432,INV-000429,2025-08-11,8788.76,Wire
PAY-0000433,INV-000430,2024-11-02,15550.39,Wire
PAY-0000434,INV-000431,2025-07-29,20627.78,Wire
PAY-0000435,INV-000432,2025-09-06,10460.86,Wire
PAY-0000436,INV-000433,2026-01-05,18690.61,ACH
PAY-0000437,INV-000434,2026-01-12,30879.44,Check
PAY-0000438,INV-000435,2024-11-28,11076.13,ACH
PAY-0000439,INV-000436,2025-11-29,22873.16,Wire
PAY-0000440,INV-000437,2025-03-05,8606.1,ACH
PAY-0000441,INV-000437,2025-03-19,6339.27,ACH
PAY-0000442,INV-000438,2026-02-17,26161.85,Wire
PAY-0000443,INV-000439,2024-12-19,15112.1,ACH
PAY-0000444,INV-000439,2025-01-12,10084.03,Wire
PAY-0000445,INV-000440,2025-10-23,28166.63,Check
PAY-0000446,INV-000441,2025-06-30,14731.52,ACH
PAY-0000447,INV-000442,2024-09-16,3099.86,ACH
PAY-0000448,INV-000442,2024-09-28,2363.18,Check
PAY-0000449,INV-000444,2025-10-03,25431.71,ACH
PAY-0000450,INV-000445,2026-01-07,30086.77,ACH
PAY-0000451,INV-000446,2025-11-07,22536.74,Check
PAY-0000452,INV-000447,2024-10-02,23219.23,ACH
PAY-0000453,INV-000448,2025-05-29,22394.93,ACH
PAY-0000454,INV-000449,2024-12-11,16173.34,Wire
PAY-0000455,INV-000450,2026-01-10,6636.33,Wire
PAY-0000456,INV-000451,2024-07-22,23513.91,ACH
PAY-0000457,INV-000452,2025-06-11,20746.15,ACH
PAY-0000458,INV-000454,2025-09-27,18542.54,ACH
PAY-0000459,INV-000455,2025-08-18,8380.96,Check
PAY-0000460,INV-000456,2024-12-17,18090.61,Wire
PAY-0000461,INV-000456,2025-01-05,12310.27,Check
PAY-0000462,INV-000457,2025-08-02,15411.13,ACH
PAY-0000463,INV-000459,2025-12-25,9482.59,ACH
PAY-0000464,INV-000460,2025-10-18,8501.33,Check
PAY-0000465,INV-000461,2024-06-24,29252.43,ACH
PAY-0000466,INV-000462,2025-01-26,26702.73,ACH
PAY-0000467,INV-000464,2025-07-28,27204.29,ACH
PAY-0000468,INV-000465,2025-10-26,9787.5,ACH
PAY-0000469,INV-000465,2025-11-13,13227.23,Check
PAY-0000470,INV-000466,2024-11-15,10269.5,Wire
PAY-0000471,INV-000467,2025-02-18,8159.32,ACH
PAY-0000472,INV-000468,2025-07-28,10303.32,ACH
PAY-0000473,INV-000469,2024-12-20,22408.12,ACH
PAY-0000474,INV-000470,2024-10-05,20413.69,ACH
PAY-0000475,INV-000472,2024-06-06,15021.58,ACH
PAY-0000476,INV-000473,2024-09-21,24695.52,ACH
PAY-0000477,INV-000475,2025-10-07,28508.06,ACH
PAY-0000478,INV-000476,2025-02-19,12936.63,ACH
PAY-0000479,INV-000477,2025-07-15,26216.94,ACH
PAY-0000480,INV-000478,2024-04-14,25531.46,ACH
PAY-0000481,INV-000479,2024-07-18,17843.57,ACH
PAY-0000482,INV-000480,2026-01-08,9397.58,ACH
PAY-0000483,INV-000480,2026-01-21,13693.3,Check
PAY-0000484,INV-000481,2025-03-30,9338.35,ACH
PAY-0000485,INV-000482,2024-06-06,29903.92,Wire
PAY-0000486,INV-000483,2026-02-10,22590.92,Check
PAY-0000487,INV-000484,2025-05-13,14878.92,Wire
PAY-0000488,INV-000485,2024-11-08,16301.72,Check
PAY-0000489,INV-000486,2026-01-25,21126.9,Check
PAY-0000490,INV-000487,2025-06-10,18670.92,ACH
PAY-0000491,INV-000488,2025-01-09,19661.58,ACH
PAY-0000492,INV-000489,2026-02-19,16955.55,ACH
PAY-0000493,INV-000491,2025-01-07,9062.75,ACH
PAY-0000494,INV-000492,2025-12-30,22871.67,ACH
PAY-0000495,INV-000493,2024-10-09,25440.3,ACH
PAY-0000496,INV-000495,2024-08-04,13474.71,Check
PAY-0000497,INV-000496,2024-08-26,16608.86,ACH
PAY-0000498,INV-000497,2024-09-14,30647.29,ACH
PAY-0000499,INV-000498,2024-06-12,29365.15,ACH
PAY-0000500,INV-000500,2025-03-09,12641.52,ACH
PAY-0000501,INV-000500,2025-03-29,17810.28,Check
PAY-0000502,INV-000501,2024-11-10,6815.32,Wire
PAY-0000503,INV-000502,2024-07-15,7788.16,ACH
PAY-0000504,INV-000503,2025-11-22,4931.2,Wire
PAY-0000505,INV-000503,2025-12-08,7079.91,ACH
PAY-0000506,INV-000504,2025-12-03,21577.2,Wire
PAY-0000507,INV-000505,2024-04-16,17888.46,ACH
PAY-0000508,INV-000507,2025-03-30,9932.15,ACH
PAY-0000509,INV-000509,2024-11-02,21245.42,Wire
PAY-0000510,INV-000510,2024-08-30,13966.96,ACH
PAY-0000511,INV-000511,2024-04-16,25886.45,Check
PAY-0000512,INV-000512,2024-05-10,26996.12,ACH
PAY-0000513,INV-000513,2024-09-10,16155.66,ACH
PAY-0000514,INV-000514,2024-10-02,9219.66,ACH
PAY-0000515,INV-000515,2024-09-24,12083.26,Check
PAY-0000516,INV-000516,2024-08-20,12239.11,ACH
PAY-0000517,INV-000516,2024-08-31,9766.05,Wire
PAY-0000518,INV-000517,2024-09-18,22767.48,ACH
PAY-0000519,INV-000518,2024-08-19,11736.58,ACH
PAY-0000520,INV-000519,2025-06-15,12343.96,ACH
PAY-0000521,INV-000521,2025-08-23,31935.82,Check
PAY-0000522,INV-000523,2024-12-31,9326.09,Wire
PAY-0000523,INV-000524,2025-08-06,15613.81,ACH
PAY-0000524,INV-000525,2024-08-13,11344.85,ACH
PAY-0000525,INV-000526,2025-10-22,7143.98,Wire
PAY-0000526,INV-000526,2025-11-06,5354.44,Wire
PAY-0000527,INV-000527,2025-08-03,13273.69,ACH
PAY-0000528,INV-000528,2025-01-07,20283.93,ACH
PAY-0000529,INV-000529,2024-08-16,27473.82,Check
PAY-0000530,INV-000531,2026-01-20,10700.4,Wire
PAY-0000531,INV-000532,2024-11-12,23732.75,Wire
PAY-0000532,INV-000533,2025-01-09,9029.74,ACH
PAY-0000533,INV-000534,2024-04-29,15581.59,ACH
PAY-0000534,INV-000535,2026-02-17,29183.63,Wire
PAY-0000535,INV-000536,2025-03-18,14505.86,ACH
PAY-0000536,INV-000536,2025-04-02,12797.89,Wire
PAY-0000537,INV-000537,2025-01-22,7193.2,Wire
PAY-0000538,INV-000538,2025-04-17,25565.25,ACH
PAY-0000539,INV-000539,2024-08-15,8038.23,ACH
PAY-0000540,INV-000539,2024-09-04,8503.9,ACH
PAY-0000541,INV-000540,2024-03-29,21286.19,Check
PAY-0000542,INV-000541,2025-02-24,22606.51,ACH
PAY-0000543,INV-000543,2024-10-07,13756.89,ACH
PAY-0000544,INV-000545,2025-06-17,30462.67,ACH
PAY-0000545,INV-000547,2025-10-02,31916.55,ACH
PAY-0000546,INV-000548,2024-10-24,21813.77,ACH
PAY-0000547,INV-000549,2025-12-21,24554.87,ACH
PAY-0000548,INV-000550,2025-09-04,8770.98,ACH
PAY-0000549,INV-000550,2025-09-27,12213.47,Wire
PAY-0000550,INV-000551,2025-02-11,15977.94,Wire
PAY-0000551,INV-000552,2025-04-10,21347.99,ACH
PAY-0000552,INV-000553,2025-09-12,25421.03,ACH
PAY-0000553,INV-000555,2025-02-05,14253.73,ACH
PAY-0000554,INV-000556,2024-07-17,29145.16,ACH
PAY-0000555,INV-000557,2025-01-11,13713.62,Wire
PAY-0000556,INV-000558,2024-12-01,27237.37,Wire
PAY-0000557,INV-000559,2025-08-18,4830.38,Check
PAY-0000558,INV-000559,2025-09-04,6264.27,ACH
PAY-0000559,INV-000560,2024-05-18,28587.7,ACH
PAY-0000560,INV-000561,2024-09-04,15873.0,ACH
PAY-0000561,INV-000562,2024-10-17,8464.8,Wire
PAY-0000562,INV-000563,2024-11-27,18498.89,Wire
PAY-0000563,INV-000564,2025-08-07,16961.91,ACH
PAY-0000564,INV-000565,2025-12-15,17919.26,Wire
PAY-0000565,INV-000566,2025-06-04,20810.87,Check
PAY-0000566,INV-000567,2025-11-30,18449.51,ACH
PAY-0000567,INV-000568,2024-12-24,19708.85,ACH
PAY-0000568,INV-000571,2025-04-26,23956.9,Wire
PAY-0000569,INV-000572,2025-07-24,1795.09,Check
PAY-0000570,INV-000573,2025-07-21,3355.19,Wire
PAY-0000571,INV-000574,2025-01-12,872.18,Wire
PAY-0000572,INV-000575,2025-01-20,1855.46,ACH
PAY-0000573,INV-000577,2024-07-13,1131.81,ACH
PAY-0000574,INV-000578,2025-06-24,1068.88,ACH
PAY-0000575,INV-000579,2025-06-25,646.87,ACH
PAY-0000576,INV-000580,2025-10-24,2874.37,ACH
PAY-0000577,INV-000581,2025-08-11,3544.78,ACH
PAY-0000578,INV-000582,2025-11-16,1202.7,Wire
PAY-0000579,INV-000583,2025-12-19,1183.19,ACH
PAY-0000580,INV-000584,2025-08-30,2611.67,Check
PAY-0000581,INV-000585,2024-02-27,1021.99,ACH
PAY-0000582,INV-000586,2025-07-22,626.97,ACH
PAY-0000583,INV-000586,2025-08-07,854.2,Check
PAY-0000584,INV-000587,2025-03-23,1257.16,ACH
PAY-0000585,INV-000588,2024-08-11,1735.86,ACH
PAY-0000586,INV-000590,2025-12-04,1476.24,Wire
PAY-0000587,INV-000590,2025-12-18,1141.57,Wire
PAY-0000588,INV-000591,2025-05-23,1470.21,Wire
PAY-0000589,INV-000591,2025-06-14,1960.12,ACH
PAY-0000590,INV-000593,2024-04-04,745.39,ACH
PAY-0000591,INV-000593,2024-04-26,1094.35,Check
PAY-0000592,INV-000594,2024-02-08,2452.56,Check
PAY-0000593,INV-000595,2024-05-17,1197.56,ACH
PAY-0000594,INV-000595,2024-06-05,1561.94,Wire
PAY-0000595,INV-000596,2025-04-05,1026.86,ACH
PAY-0000596,INV-000596,2025-04-26,726.63,ACH
PAY-0000597,INV-000597,2025-04-13,1094.55,ACH
PAY-0000598,INV-000598,2025-05-21,577.76,Wire
PAY-0000599,INV-000599,2025-04-04,901.64,Wire
PAY-0000600,INV-000600,2024-04-03,1166.27,ACH
PAY-0000601,INV-000600,2024-04-23,1390.67,Wire
PAY-0000602,INV-000601,2024-12-28,2905.53,ACH
PAY-0000603,INV-000602,2026-01-23,1133.12,ACH
PAY-0000604,INV-000603,2025-07-19,3314.58,Wire
PAY-0000605,INV-000604,2024-07-16,1274.31,Wire
PAY-0000606,INV-000604,2024-08-07,1145.75,ACH
PAY-0000607,INV-000605,2024-09-21,3055.61,ACH
PAY-0000608,INV-000606,2025-12-23,1559.9,ACH
PAY-0000609,INV-000607,2025-05-06,1065.1,ACH
PAY-0000610,INV-000608,2024-12-18,588.2,ACH
PAY-0000611,INV-000609,2024-10-17,2485.87,ACH
PAY-0000612,INV-000610,2025-11-15,1414.67,ACH
PAY-0000613,INV-000611,2024-12-05,2236.84,ACH
PAY-0000614,INV-000612,2025-06-11,2508.48,ACH
PAY-0000615,INV-000613,2024-03-03,3638.01,ACH
PAY-0000616,INV-000614,2024-09-26,3335.56,ACH
PAY-0000617,INV-000615,2025-05-21,1440.79,ACH
PAY-0000618,INV-000616,2024-02-16,1992.75,Wire
PAY-0000619,INV-000617,2025-10-01,1901.09,ACH
PAY-0000620,INV-000618,2024-12-04,570.48,Wire
PAY-0000621,INV-000620,2025-01-09,525.6,ACH
PAY-0000622,INV-000620,2025-01-23,703.8,ACH
PAY-0000623,INV-000621,2024-07-22,2250.2,ACH
PAY-0000624,INV-000622,2025-09-07,1233.92,Wire
PAY-0000625,INV-000623,2024-05-12,1031.6,Wire
PAY-0000626,INV-000624,2024-05-27,3041.39,Wire
PAY-0000627,INV-000625,2026-02-04,1918.64,Wire
PAY-0000628,INV-000627,2025-10-09,589.49,ACH
PAY-0000629,INV-000628,2025-09-27,3330.89,Wire
PAY-0000630,INV-000629,2025-10-13,1013.43,ACH
PAY-0000631,INV-000630,2025-12-27,1201.79,ACH
PAY-0000632,INV-000630,2026-01-08,1558.25,Check
PAY-0000633,INV-000631,2024-05-26,2889.28,ACH
PAY-0000634,INV-000632,2024-04-13,3311.36,Wire
PAY-0000635,INV-000633,2024-10-08,301.85,Wire
PAY-0000636,INV-000633,2024-10-27,385.87,ACH
PAY-0000637,INV-000634,2025-12-30,1906.28,Wire
PAY-0000638,INV-000635,2024-09-25,3763.71,Wire
PAY-0000639,INV-000636,2025-03-31,996.98,Wire
PAY-0000640,INV-000637,2025-04-09,748.21,ACH
PAY-0000641,INV-000639,2026-01-13,987.39,ACH
PAY-0000642,INV-000640,2024-05-05,2042.33,ACH
PAY-0000643,INV-000641,2025-01-26,1374.91,ACH
PAY-0000644,INV-000642,2024-03-02,1184.99,ACH
PAY-0000645,INV-000643,2025-07-01,3132.4,Wire
PAY-0000646,INV-000644,2024-04-18,3722.42,ACH
PAY-0000647,INV-000645,2024-11-01,2438.38,ACH
PAY-0000648,INV-000646,2025-10-13,3034.1,ACH
PAY-0000649,INV-000647,2025-12-26,3104.1,ACH
PAY-0000650,INV-000648,2025-10-01,3125.91,Wire
PAY-0000651,INV-000649,2024-09-25,2864.55,ACH
PAY-0000652,INV-000651,2025-02-23,1478.06,ACH
PAY-0000653,INV-000653,2024-08-25,1680.66,ACH
PAY-0000654,INV-000654,2024-05-22,16560.19,Wire
PAY-0000655,INV-000655,2024-09-23,26812.37,ACH
PAY-0000656,INV-000656,2024-06-30,13047.79,Wire
PAY-0000657,INV-000657,2025-09-18,6904.46,ACH
PAY-0000658,INV-000658,2025-01-27,30797.1,ACH
PAY-0000659,INV-000659,2025-11-01,10549.34,Check
PAY-0000660,INV-000659,2025-11-15,8268.73,ACH
PAY-0000661,INV-000660,2024-08-06,15180.46,ACH
PAY-0000662,INV-000661,2024-06-09,18590.32,ACH
PAY-0000663,INV-000662,2024-04-23,7361.06,ACH
PAY-0000664,INV-000664,2024-05-08,8812.37,Wire
PAY-0000665,INV-000665,2024-07-27,25735.19,Check
PAY-0000666,INV-000666,2025-10-07,27300.4,ACH
PAY-0000667,INV-000667,2025-07-29,14610.86,ACH
PAY-0000668,INV-000668,2024-06-03,10310.58,Wire
PAY-0000669,INV-000669,2025-08-06,25501.39,ACH
PAY-0000670,INV-000670,2024-12-15,10204.38,ACH
PAY-0000671,INV-000670,2025-01-03,8762.54,Wire
PAY-0000672,INV-000671,2024-08-23,11501.7,ACH
PAY-0000673,INV-000672,2024-10-10,27920.94,ACH
PAY-0000674,INV-000673,2025-02-27,20702.23,ACH
PAY-0000675,INV-000674,2024-11-24,24679.48,Wire
PAY-0000676,INV-000675,2024-07-07,14210.86,ACH
PAY-0000677,INV-000675,2024-07-28,16494.83,ACH
PAY-0000678,INV-000676,2025-08-27,7351.95,ACH
PAY-0000679,INV-000677,2026-01-20,10139.1,Wire
PAY-0000680,INV-000678,2025-12-01,16709.75,ACH
PAY-0000681,INV-000679,2024-05-15,25023.94,ACH
PAY-0000682,INV-000680,2024-07-24,23191.42,ACH
PAY-0000683,INV-000681,2024-05-05,25232.97,ACH
PAY-0000684,INV-000682,2025-09-22,7865.39,ACH
PAY-0000685,INV-000683,2024-07-18,30976.76,ACH
PAY-0000686,INV-000684,2025-09-24,5596.32,ACH
PAY-0000687,INV-000685,2025-10-13,28138.04,ACH
PAY-0000688,INV-000686,2025-01-31,14224.31,ACH
PAY-0000689,INV-000687,2024-06-28,21581.6,Wire
PAY-0000690,INV-000688,2025-11-24,7275.14,ACH
PAY-0000691,INV-000689,2025-08-17,26303.62,ACH
PAY-0000692,INV-000690,2024-10-26,27586.33,Check
PAY-0000693,INV-000691,2024-03-10,12974.64,ACH
PAY-0000694,INV-000691,2024-04-02,10822.56,Wire
PAY-0000695,INV-000692,2025-08-23,9713.93,Wire
PAY-0000696,INV-000693,2025-12-01,8278.2,ACH
PAY-0000697,INV-000694,2025-12-11,18224.22,Wire
PAY-0000698,INV-000695,2024-06-20,10015.98,Wire
PAY-0000699,INV-000696,2026-02-12,8694.82,ACH
PAY-0000700,INV-000697,2025-04-22,27583.22,ACH
PAY-0000701,INV-000698,2025-12-16,21835.02,ACH
PAY-0000702,INV-000699,2025-04-14,17354.53,Wire
PAY-0000703,INV-000700,2025-01-02,10263.87,ACH
PAY-0000704,INV-000701,2024-04-21,6424.09,ACH
PAY-0000705,INV-000702,2024-10-15,6077.91,ACH
PAY-0000706,INV-000703,2025-10-03,7878.84,Wire
PAY-0000707,INV-000704,2024-10-08,28356.92,Wire
PAY-0000708,INV-000705,2024-11-28,10439.53,ACH
PAY-0000709,INV-000706,2025-08-11,29645.62,ACH
PAY-0000710,INV-000707,2025-11-03,20098.89,ACH
PAY-0000711,INV-000708,2025-07-24,21286.75,ACH
PAY-0000712,INV-000709,2024-07-28,20706.48,ACH
PAY-0000713,INV-000710,2024-08-14,8544.78,ACH
PAY-0000714,INV-000711,2026-02-07,17802.26,ACH
PAY-0000715,INV-000712,2024-10-20,8994.88,Wire
PAY-0000716,INV-000713,2024-05-05,27642.44,Wire
PAY-0000717,INV-000714,2025-05-11,7341.08,ACH
PAY-0000718,INV-000715,2025-09-11,30255.65,ACH
PAY-0000719,INV-000716,2025-05-04,12440.3,Check
PAY-0000720,INV-000717,2026-01-09,26545.95,ACH
PAY-0000721,INV-000719,2025-05-05,21979.57,ACH
PAY-0000722,INV-000720,2024-10-11,25417.19,ACH
PAY-0000723,INV-000721,2025-01-26,6578.37,Check
PAY-0000724,INV-000722,2026-01-15,28877.27,ACH
PAY-0000725,INV-000723,2024-04-28,7620.91,Check
PAY-0000726,INV-000723,2024-05-10,8468.84,ACH
PAY-0000727,INV-000724,2026-02-25,17605.71,ACH
PAY-0000728,INV-000725,2025-07-13,15423.38,Check
PAY-0000729,INV-000726,2025-11-24,6856.36,Wire
PAY-0000730,INV-000727,2024-05-18,6474.48,Wire
PAY-0000731,INV-000728,2025-04-16,21606.75,ACH
PAY-0000732,INV-000729,2024-03-03,5257.67,Check
PAY-0000733,INV-000730,2024-04-07,13889.23,Check
PAY-0000734,INV-000732,2024-05-17,9976.14,ACH
PAY-0000735,INV-000733,2026-01-06,17340.61,Wire
PAY-0000736,INV-000734,2024-10-07,26383.81,Wire
PAY-0000737,INV-000738,2024-03-18,15934.15,ACH
PAY-0000738,INV-000739,2024-07-29,16868.2,Wire
PAY-0000739,INV-000740,2024-08-30,31097.08,Wire
PAY-0000740,INV-000741,2025-07-18,26888.46,ACH
PAY-0000741,INV-000742,2024-04-05,5649.11,Check
PAY-0000742,INV-000743,2025-05-17,30807.76,Check
PAY-0000743,INV-000744,2026-02-05,6559.01,Wire
PAY-0000744,INV-000745,2024-07-24,7445.11,ACH
PAY-0000745,INV-000747,2025-04-24,20565.2,Wire
PAY-0000746,INV-000748,2025-08-31,12042.93,Wire
PAY-0000747,INV-000749,2024-05-28,28435.45,ACH
PAY-0000748,INV-000750,2025-07-21,20692.82,ACH
PAY-0000749,INV-000751,2024-08-03,29180.01,ACH
PAY-0000750,INV-000752,2024-08-04,12383.81,ACH
PAY-0000751,INV-000753,2024-07-09,7474.63,ACH
PAY-0000752,INV-000753,2024-07-20,6047.47,ACH
PAY-0000753,INV-000754,2024-07-05,31550.2,ACH
PAY-0000754,INV-000756,2024-08-22,10696.19,ACH
PAY-0000755,INV-000757,2025-07-26,8612.01,ACH
PAY-0000756,INV-000758,2024-11-19,19709.63,Wire
PAY-0000757,INV-000760,2025-06-26,26603.71,ACH
PAY-0000758,INV-000761,2025-07-13,25998.65,ACH
PAY-0000759,INV-000762,2024-10-25,6644.45,ACH
PAY-0000760,INV-000763,2025-09-15,16992.97,Wire
PAY-0000761,INV-000764,2024-05-22,27998.34,Check
PAY-0000762,INV-000765,2025-02-13,15713.31,ACH
PAY-0000763,INV-000766,2025-08-03,24499.83,ACH
PAY-0000764,INV-000767,2026-01-09,17130.24,ACH
PAY-0000765,INV-000768,2025-07-18,17527.61,ACH
PAY-0000766,INV-000769,2024-05-07,6573.11,Wire
PAY-0000767,INV-000769,2024-05-17,6575.49,ACH
PAY-0000768,INV-000770,2024-10-24,11798.78,ACH
PAY-0000769,INV-000772,2024-05-24,9410.57,Wire
PAY-0000770,INV-000773,2025-08-21,7881.22,ACH
PAY-0000771,INV-000774,2025-01-07,21781.01,ACH
PAY-0000772,INV-000775,2025-09-11,27544.29,Wire
PAY-0000773,INV-000776,2024-09-24,16792.46,ACH
PAY-0000774,INV-000777,2025-05-16,7023.92,ACH
PAY-0000775,INV-000778,2024-06-17,22450.37,Check
PAY-0000776,INV-000779,2025-06-29,20885.87,ACH
PAY-0000777,INV-000780,2025-10-12,28174.92,ACH
PAY-0000778,INV-000781,2024-05-20,6783.49,Wire
PAY-0000779,INV-000782,2025-02-09,24313.7,ACH
PAY-0000780,INV-000784,2024-09-30,17401.2,ACH
PAY-0000781,INV-000785,2025-02-20,27648.66,ACH
PAY-0000782,INV-000786,2024-10-06,29600.25,ACH
PAY-0000783,INV-000787,2025-07-07,14244.67,Wire
PAY-0000784,INV-000788,2024-08-02,10114.97,ACH
PAY-0000785,INV-000790,2025-07-14,14439.59,ACH
PAY-0000786,INV-000791,2024-12-17,24321.76,ACH
PAY-0000787,INV-000792,2025-08-15,25499.45,ACH
PAY-0000788,INV-000793,2024-06-01,21260.92,Wire
PAY-0000789,INV-000796,2025-12-11,30756.29,ACH
PAY-0000790,INV-000797,2025-07-01,6298.13,ACH
PAY-0000791,INV-000798,2024-04-30,25350.44,ACH
PAY-0000792,INV-000799,2026-02-24,7970.37,Check
PAY-0000793,INV-000799,2026-03-07,5385.12,ACH
PAY-0000794,INV-000800,2025-03-13,17360.73,Wire
PAY-0000795,INV-000801,2025-06-26,11023.33,ACH
PAY-0000796,INV-000802,2025-08-24,13200.85,ACH
PAY-0000797,INV-000803,2025-01-17,8817.36,ACH
PAY-0000798,INV-000804,2024-05-02,29940.75,ACH
PAY-0000799,INV-000805,2025-11-02,23432.12,ACH
PAY-0000800,INV-000807,2024-06-05,9952.44,Wire
PAY-0000801,INV-000808,2024-12-20,26078.88,ACH
PAY-0000802,INV-000809,2024-04-21,13380.01,Check
PAY-0000803,INV-000810,2026-02-24,2684.4,ACH
PAY-0000804,INV-000811,2025-06-05,1723.33,ACH
PAY-0000805,INV-000812,2025-06-02,834.46,ACH
PAY-0000806,INV-000813,2025-02-18,661.69,Check
PAY-0000807,INV-000815,2025-07-17,2260.06,ACH
PAY-0000808,INV-000816,2025-12-09,2326.07,ACH
PAY-0000809,INV-000817,2025-03-05,3934.84,ACH
PAY-0000810,INV-000818,2025-05-28,1485.17,ACH
PAY-0000811,INV-000819,2025-10-25,2190.97,Wire
PAY-0000812,INV-000820,2024-11-25,393.89,Wire
PAY-0000813,INV-000820,2024-12-10,353.55,Wire
PAY-0000814,INV-000821,2026-01-23,3618.58,ACH
PAY-0000815,INV-000823,2025-10-28,1708.43,Check
PAY-0000816,INV-000824,2024-11-13,1216.35,ACH
PAY-0000817,INV-000824,2024-12-06,1794.45,ACH
PAY-0000818,INV-000825,2025-12-26,3126.9,ACH
PAY-0000819,INV-000826,2025-11-20,1319.8,ACH
PAY-0000820,INV-000826,2025-12-14,1239.71,Wire
PAY-0000821,INV-000827,2026-01-08,2394.33,ACH
PAY-0000822,INV-000828,2025-08-14,2275.86,Wire
PAY-0000823,INV-000829,2026-01-20,502.62,ACH
PAY-0000824,INV-000831,2025-11-23,2710.41,ACH
PAY-0000825,INV-000832,2025-03-10,3222.95,Check
PAY-0000826,INV-000833,2024-08-15,1966.23,ACH
PAY-0000827,INV-000834,2025-06-23,3002.14,ACH
PAY-0000828,INV-000835,2025-10-11,2178.69,ACH
PAY-0000829,INV-000836,2024-06-23,586.34,Wire
PAY-0000830,INV-000837,2024-08-02,3459.75,ACH
PAY-0000831,INV-000838,2024-08-20,2958.42,Wire
PAY-0000832,INV-000839,2025-08-03,3176.5,ACH
PAY-0000833,INV-000840,2025-03-10,8049.31,ACH
PAY-0000834,INV-000841,2025-11-01,6580.71,ACH
PAY-0000835,INV-000842,2024-11-01,9808.76,Check
PAY-0000836,INV-000843,2024-04-18,2023.53,ACH
PAY-0000837,INV-000844,2024-06-05,6022.12,ACH
PAY-0000838,INV-000844,2024-06-18,5561.73,ACH
PAY-0000839,INV-000845,2024-03-07,6739.16,ACH
PAY-0000840,INV-000846,2025-12-25,3068.51,ACH
PAY-0000841,INV-000847,2025-02-18,3498.0,ACH
PAY-0000842,INV-000847,2025-03-03,4754.14,ACH
PAY-0000843,INV-000848,2025-05-29,9217.77,ACH
PAY-0000844,INV-000849,2025-01-09,4617.4,Wire
PAY-0000845,INV-000850,2025-04-18,7969.92,ACH
PAY-0000846,INV-000851,2024-10-03,4860.6,ACH
PAY-0000847,INV-000852,2024-04-13,4535.94,ACH
PAY-0000848,INV-000853,2025-04-19,2328.76,ACH
PAY-0000849,INV-000854,2024-07-21,10406.13,Wire
PAY-0000850,INV-000855,2025-08-16,7672.97,Wire
PAY-0000851,INV-000857,2025-01-22,11467.45,ACH
PAY-0000852,INV-000858,2024-02-19,4893.02,Wire
PAY-0000853,INV-000859,2024-09-26,4420.18,ACH
PAY-0000854,INV-000860,2025-10-05,8472.35,Check
PAY-0000855,INV-000861,2024-10-23,7625.98,ACH
PAY-0000856,INV-000862,2025-11-04,6003.29,ACH
PAY-0000857,INV-000865,2024-10-17,11885.82,ACH
PAY-0000858,INV-000866,2024-10-10,11994.34,ACH
PAY-0000859,INV-000867,2025-08-12,4489.08,ACH
PAY-0000860,INV-000868,2024-06-30,2574.49,ACH
PAY-0000861,INV-000869,2025-06-28,11801.53,ACH
PAY-0000862,INV-000870,2024-06-09,5738.07,ACH
PAY-0000863,INV-000871,2024-04-28,6806.21,ACH
PAY-0000864,INV-000872,2024-05-09,6681.54,ACH
PAY-0000865,INV-000873,2025-07-15,1916.63,ACH
PAY-0000866,INV-000873,2025-08-04,1732.92,ACH
PAY-0000867,INV-000874,2025-07-15,7033.58,Wire
PAY-0000868,INV-000875,2025-06-03,1284.59,ACH
PAY-0000869,INV-000875,2025-06-23,1436.89,ACH
PAY-0000870,INV-000878,2024-12-22,11528.16,Wire
PAY-0000871,INV-000879,2025-12-20,9556.43,ACH
PAY-0000872,INV-000880,2025-10-22,10831.9,Wire
PAY-0000873,INV-000881,2024-11-25,6962.04,Wire
PAY-0000874,INV-000882,2024-05-15,9998.38,Check
PAY-0000875,INV-000883,2025-03-17,5597.5,ACH
PAY-0000876,INV-000884,2024-10-18,10353.02,Wire
PAY-0000877,INV-000885,2025-05-30,2495.92,ACH
PAY-0000878,INV-000886,2024-08-02,9872.92,ACH
PAY-0000879,INV-000887,2025-08-04,1689.85,Wire
PAY-0000880,INV-000888,2025-03-10,6466.4,ACH
PAY-0000881,INV-000889,2025-11-26,5079.95,ACH
PAY-0000882,INV-000890,2024-10-18,10273.17,Wire
PAY-0000883,INV-000891,2024-10-02,7182.64,ACH
PAY-0000884,INV-000892,2025-08-15,2986.98,ACH
PAY-0000885,INV-000894,2024-11-23,4584.84,Wire
PAY-0000886,INV-000895,2024-02-22,1727.85,ACH
PAY-0000887,INV-000896,2025-08-13,7022.44,ACH
PAY-0000888,INV-000897,2024-02-19,5092.96,ACH
PAY-0000889,INV-000898,2024-06-08,6849.84,Wire
PAY-0000890,INV-000899,2024-09-29,5791.35,ACH
PAY-0000891,INV-000900,2024-08-04,6841.41,Wire
PAY-0000892,INV-000901,2024-10-24,4505.94,ACH
PAY-0000893,INV-000902,2024-05-30,10616.13,ACH
PAY-0000894,INV-000903,2025-04-15,1606.2,ACH
PAY-0000895,INV-000904,2024-09-29,11156.17,ACH
PAY-0000896,INV-000905,2024-07-19,8108.95,ACH
PAY-0000897,INV-000906,2024-11-16,11117.32,ACH
PAY-0000898,INV-000907,2024-05-09,7605.27,ACH
PAY-0000899,INV-000908,2025-02-16,4089.89,ACH
PAY-0000900,INV-000909,2024-06-09,7432.0,ACH
PAY-0000901,INV-000910,2024-09-03,4417.86,Wire
PAY-0000902,INV-000912,2024-09-08,10830.29,Wire
PAY-0000903,INV-000913,2025-04-29,10494.01,Wire
PAY-0000904,INV-000915,2025-04-11,2941.69,Check
PAY-0000905,INV-000916,2025-03-09,9736.26,ACH
PAY-0000906,INV-000917,2025-06-24,9633.85,Wire
PAY-0000907,INV-000918,2025-04-26,4323.05,Check
PAY-0000908,INV-000919,2024-05-24,6025.37,ACH
PAY-0000909,INV-000920,2024-12-27,6741.28,ACH
PAY-0000910,INV-000921,2025-07-05,11809.92,Wire
PAY-0000911,INV-000922,2024-06-04,7150.27,ACH
PAY-0000912,INV-000923,2024-11-09,8298.96,ACH
PAY-0000913,INV-000924,2024-09-17,2832.16,Check
PAY-0000914,INV-000925,2024-10-03,4319.3,ACH
PAY-0000915,INV-000926,2024-09-30,2479.99,Wire
PAY-0000916,INV-000926,2024-10-23,3101.09,ACH
PAY-0000917,INV-000927,2024-03-09,1877.64,Wire
PAY-0000918,INV-000928,2024-10-22,1170.13,ACH
PAY-0000919,INV-000928,2024-11-15,879.37,Wire
PAY-0000920,INV-000929,2025-08-08,7139.38,ACH
PAY-0000921,INV-000930,2025-10-17,11031.38,Wire
PAY-0000922,INV-000931,2024-12-17,10967.13,Wire
PAY-0000923,INV-000932,2025-12-29,2144.11,Check
PAY-0000924,INV-000933,2025-10-26,6949.73,ACH
PAY-0000925,INV-000934,2024-05-26,5178.46,Wire
PAY-0000926,INV-000934,2024-06-15,4199.39,ACH
PAY-0000927,INV-000935,2025-10-25,4473.8,ACH
PAY-0000928,INV-000936,2025-12-31,10096.84,ACH
PAY-0000929,INV-000937,2024-08-08,2324.35,ACH
PAY-0000930,INV-000938,2025-09-16,7473.67,ACH
PAY-0000931,INV-000939,2025-12-18,5808.19,ACH
PAY-0000932,INV-000940,2024-07-27,8798.76,ACH
PAY-0000933,INV-000941,2024-08-02,9575.63,ACH
PAY-0000934,INV-000942,2024-09-17,6961.42,Check
PAY-0000935,INV-000943,2025-09-05,1492.85,Wire
PAY-0000936,INV-000943,2025-09-22,2058.42,ACH
PAY-0000937,INV-000944,2024-05-17,6767.84,Wire
PAY-0000938,INV-000945,2024-09-20,10092.79,Wire
PAY-0000939,INV-000946,2025-05-25,5826.19,ACH
PAY-0000940,INV-000947,2026-02-09,11022.1,ACH
PAY-0000941,INV-000948,2025-04-18,8823.2,Wire
PAY-0000942,INV-000949,2024-07-17,10519.3,ACH
PAY-0000943,INV-000950,2024-05-19,5888.67,ACH
PAY-0000944,INV-000951,2025-04-03,6139.46,ACH
PAY-0000945,INV-000952,2025-03-26,9316.64,Wire
PAY-0000946,INV-000954,2026-02-15,4158.61,Wire
PAY-0000947,INV-000955,2024-08-06,4748.37,ACH
PAY-0000948,INV-000956,2024-08-15,9796.38,ACH
PAY-0000949,INV-000957,2024-03-28,8449.53,ACH
PAY-0000950,INV-000958,2025-01-03,3885.68,ACH
PAY-0000951,INV-000959,2025-02-19,3886.88,ACH
PAY-0000952,INV-000960,2024-08-13,5858.63,Wire
PAY-0000953,INV-000961,2025-06-26,10189.6,ACH
PAY-0000954,INV-000962,2025-03-12,5604.76,ACH
PAY-0000955,INV-000962,2025-03-26,5991.45,ACH
PAY-0000956,INV-000963,2025-10-17,3367.74,Wire
PAY-0000957,INV-000966,2025-11-05,2698.93,Wire
PAY-0000958,INV-000967,2024-08-06,11991.68,ACH
PAY-0000959,INV-000968,2024-08-15,7212.31,ACH
PAY-0000960,INV-000969,2025-09-09,6869.06,ACH
PAY-0000961,INV-000970,2025-04-26,1657.74,ACH
PAY-0000962,INV-000971,2024-12-03,9157.02,ACH
PAY-0000963,INV-000972,2025-01-10,4996.04,ACH
PAY-0000964,INV-000973,2025-08-16,4784.87,ACH
PAY-0000965,INV-000974,2024-06-16,7121.84,ACH
PAY-0000966,INV-000975,2025-01-06,3386.4,ACH
PAY-0000967,INV-000976,2025-01-20,2074.5,ACH
PAY-0000968,INV-000977,2025-06-19,11287.36,ACH
PAY-0000969,INV-000978,2024-06-10,1409.75,Check
PAY-0000970,INV-000978,2024-07-03,1396.81,ACH
PAY-0000971,INV-000979,2024-07-23,5349.7,ACH
PAY-0000972,INV-000980,2024-11-14,2772.13,ACH
PAY-0000973,INV-000981,2025-05-14,7789.62,ACH
PAY-0000974,INV-000982,2025-09-22,8093.57,ACH
PAY-0000975,INV-000983,2025-02-07,11556.55,ACH
PAY-0000976,INV-000984,2025-10-05,11558.78,ACH
PAY-0000977,INV-000985,2024-12-18,6521.98,Wire
PAY-0000978,INV-000986,2025-03-06,4877.71,ACH
PAY-0000979,INV-000987,2025-06-06,6569.98,ACH
PAY-0000980,INV-000988,2025-04-18,6575.72,ACH
PAY-0000981,INV-000989,2024-11-03,3595.5,Wire
PAY-0000982,INV-000991,2024-07-15,11233.54,Check
PAY-0000983,INV-000992,2024-04-14,10027.89,ACH
PAY-0000984,INV-000993,2024-09-17,8389.88,ACH
PAY-0000985,INV-000994,2025-06-18,3168.71,Wire
PAY-0000986,INV-000995,2025-06-16,1970.99,ACH
PAY-0000987,INV-000995,2025-07-03,2784.37,ACH
PAY-0000988,INV-000996,2025-12-30,8964.39,ACH
PAY-0000989,INV-000997,2024-02-29,6415.49,Wire
PAY-0000990,INV-000999,2025-09-08,10642.05,Wire
PAY-0000991,INV-001000,2024-09-15,2680.05,ACH
PAY-0000992,INV-001001,2025-10-03,3258.44,ACH
PAY-0000993,INV-001002,2024-04-25,11315.63,ACH
PAY-0000994,INV-001004,2024-07-04,2375.48,Wire
PAY-0000995,INV-001005,2025-06-27,8025.83,ACH
PAY-0000996,INV-001006,2025-07-01,10276.83,Wire
PAY-0000997,INV-001007,2024-08-09,7869.95,ACH
PAY-0000998,INV-001008,2024-04-18,3895.74,ACH
PAY-0000999,INV-001009,2025-11-09,1292.71,ACH
PAY-0001000,INV-001009,2025-12-02,1008.47,ACH
PAY-0001001,INV-001011,2024-10-12,10561.12,ACH
PAY-0001002,INV-001012,2026-02-14,2322.43,ACH
PAY-0001003,INV-001013,2025-03-24,4678.13,Wire
PAY-0001004,INV-001014,2024-03-10,7337.08,ACH
PAY-0001005,INV-001015,2024-10-03,2875.65,Check
PAY-0001006,INV-001016,2026-02-24,5333.0,ACH
PAY-0001007,INV-001017,2025-03-17,11172.21,ACH
PAY-0001008,INV-001018,2025-03-15,1845.95,ACH
PAY-0001009,INV-001019,2025-10-04,11193.85,ACH
PAY-0001010,INV-001021,2024-09-18,3614.69,ACH
PAY-0001011,INV-001022,2024-06-13,4069.82,ACH
PAY-0001012,INV-001023,2025-05-17,569.69,ACH
PAY-0001013,INV-001023,2025-06-08,484.89,ACH
PAY-0001014,INV-001024,2025-04-19,1935.08,ACH
PAY-0001015,INV-001025,2025-06-01,1489.34,ACH
PAY-0001016,INV-001026,2025-01-18,1191.07,ACH
PAY-0001017,INV-001027,2025-02-23,1426.86,ACH
PAY-0001018,INV-001028,2025-01-31,1571.69,ACH
PAY-0001019,INV-001029,2025-10-05,2279.85,Wire
PAY-0001020,INV-001030,2025-08-02,3525.89,ACH
PAY-0001021,INV-001031,2025-09-24,1418.46,Wire
PAY-0001022,INV-001033,2025-02-22,2096.35,Wire
PAY-0001023,INV-001034,2025-01-24,2199.24,ACH
PAY-0001024,INV-001035,2026-01-25,2459.62,Wire
PAY-0001025,INV-001037,2025-01-18,1791.56,ACH
PAY-0001026,INV-001038,2024-10-28,1384.68,Check
PAY-0001027,INV-001039,2024-03-06,1435.23,ACH
PAY-0001028,INV-001041,2024-04-21,960.48,ACH
PAY-0001029,INV-001042,2025-10-30,3816.0,ACH
PAY-0001030,INV-001043,2024-08-19,1684.94,ACH
PAY-0001031,INV-001044,2025-08-03,1601.38,ACH
PAY-0001032,INV-001044,2025-08-13,1627.06,Wire
PAY-0001033,INV-001045,2024-08-30,2040.78,ACH
PAY-0001034,INV-001046,2026-01-29,3937.47,ACH
PAY-0001035,INV-001047,2025-11-10,1930.78,ACH
PAY-0001036,INV-001050,2024-04-09,1358.19,ACH
PAY-0001037,INV-001050,2024-05-03,1814.42,Wire
PAY-0001038,INV-001051,2025-10-06,2407.09,Check
PAY-0001039,INV-001052,2025-10-04,724.88,ACH
PAY-0001040,INV-001053,2025-04-06,8213.56,Wire
PAY-0001041,INV-001054,2025-04-16,11094.14,ACH
PAY-0001042,INV-001055,2024-07-18,7029.25,Check
PAY-0001043,INV-001056,2024-06-10,8376.52,ACH
PAY-0001044,INV-001057,2025-05-16,8880.1,ACH
PAY-0001045,INV-001058,2024-04-26,3130.08,Check
PAY-0001046,INV-001058,2024-05-12,4391.58,Check
PAY-0001047,INV-001059,2025-05-17,7102.98,ACH
PAY-0001048,INV-001060,2024-12-23,4311.63,ACH
PAY-0001049,INV-001062,2024-06-21,11841.76,ACH
PAY-0001050,INV-001063,2025-04-02,7176.42,Wire
PAY-0001051,INV-001064,2025-05-15,3485.32,ACH
PAY-0001052,INV-001065,2024-08-20,2770.09,Wire
PAY-0001053,INV-001066,2025-08-14,3335.26,ACH
PAY-0001054,INV-001067,2025-05-05,11746.64,ACH
PAY-0001055,INV-001068,2026-01-14,2378.33,ACH
PAY-0001056,INV-001068,2026-01-24,2042.95,Wire
PAY-0001057,INV-001069,2024-02-19,6424.92,Check
PAY-0001058,INV-001070,2024-07-30,2247.39,Wire
PAY-0001059,INV-001071,2025-07-11,4735.08,ACH
PAY-0001060,INV-001071,2025-07-25,3987.98,ACH
PAY-0001061,INV-001072,2024-02-22,5865.64,ACH
PAY-0001062,INV-001073,2024-07-28,8881.41,ACH
PAY-0001063,INV-001074,2025-11-01,6964.79,ACH
PAY-0001064,INV-001076,2024-07-23,8933.45,ACH
PAY-0001065,INV-001077,2024-11-02,2790.13,Check
PAY-0001066,INV-001077,2024-11-15,3299.93,ACH
PAY-0001067,INV-001078,2024-06-22,11961.12,ACH
PAY-0001068,INV-001079,2025-01-04,10619.0,Wire
PAY-0001069,INV-001080,2026-01-05,4738.93,ACH
PAY-0001070,INV-001081,2025-12-28,5101.15,Wire
PAY-0001071,INV-001082,2024-10-28,11594.88,Wire
PAY-0001072,INV-001083,2025-11-18,7479.57,ACH
PAY-0001073,INV-001085,2024-07-03,2862.72,Wire
PAY-0001074,INV-001087,2025-06-14,11596.82,Wire
PAY-0001075,INV-001088,2025-10-30,4908.39,ACH
PAY-0001076,INV-001089,2025-05-24,4377.44,ACH
PAY-0001077,INV-001090,2024-08-18,6289.67,Wire
PAY-0001078,INV-001091,2025-05-12,10686.42,ACH
PAY-0001079,INV-001092,2024-05-17,4152.15,ACH
PAY-0001080,INV-001093,2024-11-16,7072.3,ACH
PAY-0001081,INV-001094,2025-05-15,1799.99,Check
PAY-0001082,INV-001095,2025-07-25,4385.38,ACH
PAY-0001083,INV-001096,2024-02-07,4629.41,Check
PAY-0001084,INV-001097,2025-04-19,9209.86,ACH
PAY-0001085,INV-001098,2024-02-05,3831.86,Wire
PAY-0001086,INV-001099,2025-07-10,10426.81,ACH
PAY-0001087,INV-001100,2024-02-20,9215.93,Check
PAY-0001088,INV-001101,2024-07-09,10326.64,ACH
PAY-0001089,INV-001102,2025-04-08,1782.51,ACH
PAY-0001090,INV-001102,2025-04-22,1595.32,Check
PAY-0001091,INV-001103,2025-01-06,3489.65,ACH
PAY-0001092,INV-001104,2025-08-13,5415.2,ACH
PAY-0001093,INV-001105,2024-02-19,3274.42,ACH
PAY-0001094,INV-001105,2024-03-06,3762.44,ACH
PAY-0001095,INV-001106,2024-06-15,6225.25,Wire
PAY-0001096,INV-001107,2026-02-19,1594.86,ACH
PAY-0001097,INV-001107,2026-03-08,1163.96,Wire
PAY-0001098,INV-001108,2025-05-18,3493.45,ACH
PAY-0001099,INV-001109,2026-01-27,10339.17,ACH
PAY-0001100,INV-001110,2024-11-04,10645.16,Check
PAY-0001101,INV-001111,2024-09-25,6935.11,ACH
PAY-0001102,INV-001112,2025-05-29,6280.4,Wire
PAY-0001103,INV-001112,2025-06-08,5063.88,ACH
PAY-0001104,INV-001113,2025-04-20,7479.97,Check
PAY-0001105,INV-001114,2025-10-17,10370.31,Wire
PAY-0001106,INV-001115,2025-10-13,7384.19,Wire
PAY-0001107,INV-001116,2026-01-20,1666.46,ACH
PAY-0001108,INV-001117,2024-07-12,3018.09,ACH
PAY-0001109,INV-001118,2024-02-14,3362.8,ACH
PAY-0001110,INV-001119,2025-09-30,8929.12,ACH
PAY-0001111,INV-001120,2024-12-28,10683.36,ACH
PAY-0001112,INV-001121,2025-11-03,8579.08,ACH
PAY-0001113,INV-001122,2025-06-03,1644.2,ACH
PAY-0001114,INV-001123,2025-05-15,6953.68,Wire
PAY-0001115,INV-001124,2025-10-16,1652.61,Wire
PAY-0001116,INV-001125,2025-07-25,7042.26,ACH
PAY-0001117,INV-001126,2025-09-27,4920.01,Wire
PAY-0001118,INV-001126,2025-10-09,5588.12,ACH
PAY-0001119,INV-001127,2024-06-16,6282.77,Wire
PAY-0001120,INV-001128,2025-02-28,1756.11,ACH
PAY-0001121,INV-001129,2024-12-28,3635.84,ACH
PAY-0001122,INV-001130,2024-07-07,9906.97,ACH
PAY-0001123,INV-001131,2025-01-07,10472.97,ACH
PAY-0001124,INV-001132,2025-03-05,6030.84,Wire
PAY-0001125,INV-001133,2024-09-17,7451.46,Wire
PAY-0001126,INV-001134,2024-04-10,11413.0,ACH
PAY-0001127,INV-001135,2025-06-14,10703.89,Wire
PAY-0001128,INV-001136,2025-02-12,10625.54,Wire
PAY-0001129,INV-001137,2026-01-15,3663.35,Wire
PAY-0001130,INV-001137,2026-02-08,4289.33,Wire
PAY-0001131,INV-001138,2025-05-10,6704.37,Wire
PAY-0001132,INV-001139,2025-06-14,2080.99,ACH
PAY-0001133,INV-001140,2025-01-24,3534.03,ACH
PAY-0001134,INV-001141,2024-11-17,10866.78,ACH
PAY-0001135,INV-001142,2024-09-28,5867.89,ACH
PAY-0001136,INV-001143,2025-03-05,5529.81,ACH
PAY-0001137,INV-001144,2024-08-09,6136.11,ACH
PAY-0001138,INV-001145,2025-07-15,10791.73,ACH
PAY-0001139,INV-001146,2025-09-18,4569.18,Wire
PAY-0001140,INV-001147,2025-07-07,2017.65,ACH
PAY-0001141,INV-001148,2025-02-25,11705.48,Wire
PAY-0001142,INV-001149,2025-05-23,2497.01,ACH
PAY-0001143,INV-001151,2026-01-13,6491.27,ACH
PAY-0001144,INV-001152,2025-05-07,2979.12,ACH
PAY-0001145,INV-001153,2025-11-16,2164.26,Check
PAY-0001146,INV-001154,2024-05-02,10231.53,ACH
PAY-0001147,INV-001155,2025-10-28,7782.21,Check
PAY-0001148,INV-001156,2024-05-19,4221.76,ACH
PAY-0001149,INV-001157,2025-09-07,8946.4,ACH
PAY-0001150,INV-001158,2024-12-15,9711.02,ACH
PAY-0001151,INV-001159,2025-05-10,11089.65,ACH
PAY-0001152,INV-001160,2024-08-31,4570.11,ACH
PAY-0001153,INV-001161,2024-06-30,2570.5,Wire
PAY-0001154,INV-001162,2025-10-30,10313.78,ACH
PAY-0001155,INV-001163,2024-08-16,6468.74,ACH
PAY-0001156,INV-001164,2025-03-21,9914.2,ACH
PAY-0001157,INV-001165,2024-05-30,7006.58,Wire
PAY-0001158,INV-001166,2025-05-17,9841.03,Check
PAY-0001159,INV-001167,2026-02-06,6297.86,ACH
PAY-0001160,INV-001168,2025-09-23,1827.34,Wire
PAY-0001161,INV-001169,2024-02-09,8351.09,ACH
PAY-0001162,INV-001170,2024-12-18,4199.74,ACH
PAY-0001163,INV-001171,2024-03-16,10112.91,Wire
PAY-0001164,INV-001172,2025-10-26,4977.69,ACH
PAY-0001165,INV-001173,2024-05-20,11490.15,Wire
PAY-0001166,INV-001174,2025-08-28,7069.97,Wire
PAY-0001167,INV-001175,2024-08-24,3918.6,ACH
PAY-0001168,INV-001176,2026-01-25,6127.93,ACH
PAY-0001169,INV-001177,2025-11-24,7846.0,Wire
PAY-0001170,INV-001178,2025-08-08,9758.07,ACH
PAY-0001171,INV-001179,2024-05-16,2125.31,ACH
PAY-0001172,INV-001179,2024-06-05,2419.56,Check
PAY-0001173,INV-001180,2024-03-31,1839.39,ACH
PAY-0001174,INV-001182,2025-11-21,5743.56,ACH
PAY-0001175,INV-001183,2024-05-19,8941.15,ACH
PAY-0001176,INV-001184,2024-06-30,2583.04,Wire
PAY-0001177,INV-001186,2024-11-11,6659.78,ACH
PAY-0001178,INV-001187,2025-03-06,2635.78,ACH
PAY-0001179,INV-001188,2025-10-19,8199.97,ACH
PAY-0001180,INV-001189,2025-12-16,1571.28,Check
PAY-0001181,INV-001190,2025-10-19,1721.15,Wire
PAY-0001182,INV-001190,2025-10-30,2309.31,ACH
PAY-0001183,INV-001191,2025-05-24,4144.26,ACH
PAY-0001184,INV-001191,2025-06-04,5311.96,ACH
PAY-0001185,INV-001192,2024-08-14,8472.78,ACH
PAY-0001186,INV-001194,2025-03-21,5353.48,Wire
PAY-0001187,INV-001195,2025-08-17,9945.2,ACH
PAY-0001188,INV-001196,2024-03-28,2820.92,ACH
PAY-0001189,INV-001197,2024-10-17,2517.63,ACH
PAY-0001190,INV-001198,2024-09-12,8956.82,Wire
PAY-0001191,INV-001200,2025-06-17,9019.56,ACH
PAY-0001192,INV-001201,2025-11-04,7943.93,ACH
PAY-0001193,INV-001202,2025-10-10,4858.74,Wire
PAY-0001194,INV-001203,2024-07-29,10062.62,Wire
PAY-0001195,INV-001204,2026-01-18,1853.32,Check
PAY-0001196,INV-001205,2025-12-15,9090.77,ACH
PAY-0001197,INV-001206,2025-07-06,4783.34,Wire
PAY-0001198,INV-001206,2025-07-27,6140.71,Wire
PAY-0001199,INV-001207,2025-12-06,8831.86,Wire
PAY-0001200,INV-001208,2025-08-30,2809.32,ACH
PAY-0001201,INV-001209,2026-01-02,7972.84,ACH
PAY-0001202,INV-001210,2024-12-04,2325.95,Wire
PAY-0001203,INV-001211,2024-04-10,7207.17,Check
PAY-0001204,INV-001212,2024-03-10,6378.12,ACH
PAY-0001205,INV-001213,2025-12-27,6355.8,ACH
PAY-0001206,INV-001215,2024-05-04,1973.43,Wire
PAY-0001207,INV-001216,2025-12-19,10258.46,Wire
PAY-0001208,INV-001217,2024-07-30,2042.7,ACH
PAY-0001209,INV-001218,2025-03-24,6929.77,ACH
PAY-0001210,INV-001219,2025-04-05,3141.48,ACH
PAY-0001211,INV-001220,2025-08-03,4412.14,ACH
PAY-0001212,INV-001221,2025-02-04,2200.16,ACH
PAY-0001213,INV-001222,2024-11-30,6438.9,Wire
PAY-0001214,INV-001223,2024-05-20,8893.1,Check
PAY-0001215,INV-001224,2025-08-15,4656.07,ACH
PAY-0001216,INV-001224,2025-08-30,5729.95,ACH
PAY-0001217,INV-001225,2024-08-11,11796.81,Wire
PAY-0001218,INV-001226,2024-02-06,7492.17,ACH
PAY-0001219,INV-001227,2024-02-22,1621.02,ACH
PAY-0001220,INV-001228,2024-08-20,2868.4,Check
PAY-0001221,INV-001229,2026-02-06,3514.28,ACH
PAY-0001222,INV-001230,2025-08-09,8367.24,Check
PAY-0001223,INV-001231,2024-08-17,2733.5,Wire
PAY-0001224,INV-001232,2024-06-16,11422.34,ACH
PAY-0001225,INV-001233,2025-05-21,11602.95,ACH
PAY-0001226,INV-001235,2024-12-05,3811.36,Wire
PAY-0001227,INV-001236,2026-01-28,3141.27,Check
PAY-0001228,INV-001236,2026-02-21,3845.74,ACH
PAY-0001229,INV-001237,2025-01-11,9540.51,ACH
PAY-0001230,INV-001238,2025-10-21,2917.9,ACH
PAY-0001231,INV-001239,2025-01-06,7333.98,ACH
PAY-0001232,INV-001240,2025-06-06,11708.41,ACH
PAY-0001233,INV-001241,2024-05-30,4808.71,ACH
PAY-0001234,INV-001241,2024-06-13,6382.06,Check
PAY-0001235,INV-001242,2025-07-09,10385.04,ACH
PAY-0001236,INV-001243,2025-06-24,1736.3,Check
PAY-0001237,INV-001244,2025-08-06,9767.16,Check
PAY-0001238,INV-001245,2025-08-28,10720.21,ACH
PAY-0001239,INV-001246,2025-08-31,5867.92,ACH
PAY-0001240,INV-001246,2025-09-23,4198.56,ACH
PAY-0001241,INV-001247,2024-10-25,5759.0,Wire
PAY-0001242,INV-001248,2024-12-24,5903.57,ACH
PAY-0001243,INV-001249,2024-10-11,10949.05,ACH
PAY-0001244,INV-001250,2025-06-26,4447.45,ACH
PAY-0001245,INV-001251,2024-08-27,3765.94,ACH
PAY-0001246,INV-001252,2024-04-17,2947.9,Wire
PAY-0001247,INV-001253,2024-10-14,9236.45,ACH
PAY-0001248,INV-001254,2025-07-03,5351.46,Wire
PAY-0001249,INV-001255,2024-10-19,10733.67,ACH
PAY-0001250,INV-001256,2025-11-16,5381.25,ACH
PAY-0001251,INV-001257,2025-09-05,11801.88,Check
PAY-0001252,INV-001258,2024-05-14,7614.75,ACH
PAY-0001253,INV-001259,2024-09-16,2900.82,ACH
PAY-0001254,INV-001259,2024-10-06,3119.36,ACH
PAY-0001255,INV-001260,2025-02-26,6801.19,ACH
PAY-0001256,INV-001261,2025-04-26,7130.02,ACH
PAY-0001257,INV-001262,2025-02-24,9563.65,ACH
PAY-0001258,INV-001264,2026-01-03,6054.1,Check
PAY-0001259,INV-001265,2025-12-05,3302.86,ACH
PAY-0001260,INV-001266,2025-06-26,7231.98,ACH
PAY-0001261,INV-001267,2024-12-24,11865.75,ACH
PAY-0001262,INV-001268,2024-05-05,7865.12,ACH
PAY-0001263,INV-001269,2024-04-11,1562.2,ACH
PAY-0001264,INV-001270,2024-09-19,10197.97,Check
PAY-0001265,INV-001271,2026-01-05,6783.8,Wire
PAY-0001266,INV-001272,2025-08-13,2700.81,Check
PAY-0001267,INV-001272,2025-08-26,3278.4,ACH
PAY-0001268,INV-001273,2024-11-09,10590.14,Wire
PAY-0001269,INV-001274,2024-02-10,3106.1,Check
PAY-0001270,INV-001275,2024-06-06,2339.82,ACH
PAY-0001271,INV-001276,2025-07-08,2066.29,ACH
PAY-0001272,INV-001277,2024-07-18,8932.75,Check
PAY-0001273,INV-001278,2025-05-24,3740.31,ACH
PAY-0001274,INV-001279,2025-07-13,9963.12,Wire
PAY-0001275,INV-001280,2025-11-10,4240.8,ACH
PAY-0001276,INV-001281,2025-07-06,7120.15,Wire
PAY-0001277,INV-001282,2025-04-20,3002.35,ACH
PAY-0001278,INV-001283,2025-10-16,2728.97,ACH
PAY-0001279,INV-001284,2024-09-08,5242.06,ACH
PAY-0001280,INV-001285,2024-04-28,9525.4,Wire
PAY-0001281,INV-001286,2024-02-17,5855.9,ACH
PAY-0001282,INV-001287,2025-09-02,5728.75,ACH
PAY-0001283,INV-001287,2025-09-14,4651.57,ACH
PAY-0001284,INV-001288,2025-07-19,11924.44,ACH
PAY-0001285,INV-001289,2024-11-10,4954.56,Wire
PAY-0001286,INV-001290,2024-12-12,9689.58,Check
PAY-0001287,INV-001291,2024-07-12,3198.5,ACH
PAY-0001288,INV-001291,2024-07-31,4323.25,Wire
PAY-0001289,INV-001292,2024-05-29,4493.31,ACH
PAY-0001290,INV-001292,2024-06-21,3859.13,Check
PAY-0001291,INV-001293,2025-07-11,7883.56,Wire
PAY-0001292,INV-001294,2025-06-18,1633.94,Wire
PAY-0001293,INV-001295,2025-06-21,2906.74,ACH
PAY-0001294,INV-001296,2024-09-20,4996.58,Check
PAY-0001295,INV-001297,2024-05-12,2359.06,ACH
PAY-0001296,INV-001297,2024-05-25,2497.29,ACH
PAY-0001297,INV-001298,2025-05-14,11794.94,ACH
PAY-0001298,INV-001299,2025-12-02,2288.48,ACH
PAY-0001299,INV-001300,2025-04-06,7870.56,Check
PAY-0001300,INV-001301,2024-10-31,3554.93,Wire
PAY-0001301,INV-001302,2024-12-25,9217.32,Wire
PAY-0001302,INV-001304,2024-06-15,3887.93,ACH
PAY-0001303,INV-001305,2026-01-04,8709.16,Wire
PAY-0001304,INV-001306,2024-02-20,10006.32,ACH
PAY-0001305,INV-001307,2024-04-19,4419.51,ACH
PAY-0001306,INV-001308,2025-08-28,1779.33,ACH
PAY-0001307,INV-001310,2024-06-10,9230.94,ACH
PAY-0001308,INV-001311,2025-07-14,3266.42,ACH
PAY-0001309,INV-001312,2024-08-16,8311.3,ACH
PAY-0001310,INV-001313,2025-12-13,8726.45,ACH
PAY-0001311,INV-001315,2025-03-27,7409.53,ACH
PAY-0001312,INV-001316,2025-06-04,4662.17,ACH
PAY-0001313,INV-001317,2025-08-21,8424.18,Wire
PAY-0001314,INV-001318,2024-06-16,4571.67,ACH
PAY-0001315,INV-001319,2024-04-11,10662.03,ACH
PAY-0001316,INV-001320,2024-07-25,4455.85,Wire
PAY-0001317,INV-001321,2025-05-03,7559.78,ACH
PAY-0001318,INV-001322,2024-10-26,4196.73,ACH
PAY-0001319,INV-001323,2024-02-21,6925.73,Check
PAY-0001320,INV-001324,2024-06-03,14660.19,Check
PAY-0001321,INV-001325,2024-04-30,26918.95,ACH
PAY-0001322,INV-001326,2024-08-05,30119.9,ACH
PAY-0001323,INV-001327,2025-03-29,8794.44,Wire
PAY-0001324,INV-001327,2025-04-13,6195.53,ACH
PAY-0001325,INV-001328,2025-03-30,25189.07,Check
PAY-0001326,INV-001329,2025-02-14,6117.11,Wire
PAY-0001327,INV-001330,2026-02-15,8235.27,ACH
PAY-0001328,INV-001331,2024-06-28,19112.73,Check
PAY-0001329,INV-001332,2025-03-23,26903.23,Wire
PAY-0001330,INV-001333,2025-11-11,13799.03,ACH
PAY-0001331,INV-001334,2024-12-27,29006.52,Wire
PAY-0001332,INV-001335,2024-12-12,16226.22,ACH
PAY-0001333,INV-001336,2026-01-30,19062.02,ACH
PAY-0001334,INV-001337,2024-12-25,17994.4,ACH
PAY-0001335,INV-001338,2025-08-10,14066.29,Wire
PAY-0001336,INV-001338,2025-08-29,10749.56,ACH
PAY-0001337,INV-001339,2025-09-04,27094.51,ACH
PAY-0001338,INV-001340,2024-06-29,15848.43,ACH
PAY-0001339,INV-001341,2024-05-31,12478.94,ACH
PAY-0001340,INV-001342,2024-03-21,5860.89,ACH
PAY-0001341,INV-001343,2025-05-02,20204.42,Wire
PAY-0001342,INV-001344,2025-01-07,31778.03,Check
PAY-0001343,INV-001345,2026-01-19,27765.8,ACH
PAY-0001344,INV-001346,2026-01-15,20405.16,ACH
PAY-0001345,INV-001347,2025-03-23,7054.29,ACH
PAY-0001346,INV-001348,2025-08-01,30433.77,ACH
PAY-0001347,INV-001349,2024-08-13,26326.91,ACH
PAY-0001348,INV-001350,2026-01-21,17188.01,ACH
PAY-0001349,INV-001351,2024-11-10,8309.75,ACH
PAY-0001350,INV-001352,2025-03-15,8414.97,Wire
PAY-0001351,INV-001353,2025-04-08,11398.47,ACH
PAY-0001352,INV-001354,2025-11-26,24358.33,ACH
PAY-0001353,INV-001355,2025-10-15,31717.04,Wire
PAY-0001354,INV-001356,2025-06-22,9823.9,ACH
PAY-0001355,INV-001357,2025-08-24,10929.71,Wire
PAY-0001356,INV-001358,2025-11-05,15168.19,Check
PAY-0001357,INV-001358,2025-11-28,16197.36,ACH
PAY-0001358,INV-001359,2024-03-06,27704.94,Wire
PAY-0001359,INV-001360,2025-04-01,19818.73,Wire
PAY-0001360,INV-001361,2024-05-05,30472.56,ACH
PAY-0001361,INV-001362,2024-06-09,9846.51,ACH
PAY-0001362,INV-001363,2025-11-26,14385.19,ACH
PAY-0001363,INV-001364,2025-01-28,30583.41,ACH
PAY-0001364,INV-001366,2024-07-08,10616.66,Check
PAY-0001365,INV-001367,2025-01-07,8719.6,ACH
PAY-0001366,INV-001368,2025-12-21,14284.05,ACH
PAY-0001367,INV-001369,2024-08-18,21313.55,ACH
PAY-0001368,INV-001370,2024-10-03,11167.04,Wire
PAY-0001369,INV-001371,2025-12-19,28067.34,Wire
PAY-0001370,INV-001372,2025-08-18,12691.02,ACH
PAY-0001371,INV-001373,2026-01-15,9922.63,Wire
PAY-0001372,INV-001373,2026-02-07,12160.16,Check
PAY-0001373,INV-001374,2024-04-25,9813.07,Wire
PAY-0001374,INV-001375,2026-02-09,26944.44,Check
PAY-0001375,INV-001376,2025-10-20,3712.74,ACH
PAY-0001376,INV-001376,2025-11-01,3831.75,Wire
PAY-0001377,INV-001377,2025-10-19,27720.92,ACH
PAY-0001378,INV-001378,2024-10-11,7345.3,ACH
PAY-0001379,INV-001379,2025-06-20,22317.62,Check
PAY-0001380,INV-001380,2025-08-15,20740.96,ACH
PAY-0001381,INV-001381,2024-11-26,27374.01,Check
PAY-0001382,INV-001382,2025-03-03,13001.4,ACH
PAY-0001383,INV-001383,2024-03-04,4068.99,ACH
PAY-0001384,INV-001383,2024-03-15,3752.03,ACH
PAY-0001385,INV-001384,2024-08-24,26402.29,ACH
PAY-0001386,INV-001385,2024-11-17,15265.26,ACH
PAY-0001387,INV-001387,2025-12-03,24482.57,Wire
PAY-0001388,INV-001388,2025-05-19,9554.94,Wire
PAY-0001389,INV-001389,2024-12-18,15088.14,Wire
PAY-0001390,INV-001390,2024-08-08,3720.79,ACH
PAY-0001391,INV-001390,2024-08-25,4151.15,Wire
PAY-0001392,INV-001391,2024-12-26,9837.85,Check
PAY-0001393,INV-001393,2024-03-12,19727.33,ACH
PAY-0001394,INV-001394,2026-01-29,19372.38,ACH
PAY-0001395,INV-001395,2024-03-25,24448.72,Check
PAY-0001396,INV-001396,2024-05-28,7582.47,Check
PAY-0001397,INV-001396,2024-06-13,5102.01,Check
PAY-0001398,INV-001397,2024-08-24,14804.58,Wire
PAY-0001399,INV-001398,2024-12-27,21015.21,ACH
PAY-0001400,INV-001399,2024-09-05,15637.66,ACH
PAY-0001401,INV-001400,2025-06-17,24800.76,ACH
PAY-0001402,INV-001401,2025-11-16,23821.46,ACH
PAY-0001403,INV-001402,2026-01-02,14187.42,ACH
PAY-0001404,INV-001403,2025-08-27,9208.78,Wire
PAY-0001405,INV-001405,2025-06-03,19785.52,ACH
PAY-0001406,INV-001406,2024-04-06,15977.33,ACH
PAY-0001407,INV-001407,2024-10-19,9139.0,ACH
PAY-0001408,INV-001408,2024-03-08,19039.95,Wire
PAY-0001409,INV-001409,2025-09-27,11583.75,Check
PAY-0001410,INV-001410,2025-12-09,31241.96,Wire
PAY-0001411,INV-001411,2025-08-28,16423.04,ACH
PAY-0001412,INV-001412,2024-08-08,26680.09,ACH
PAY-0001413,INV-001413,2024-07-19,23586.09,Check
PAY-0001414,INV-001415,2024-03-13,23033.96,Wire
PAY-0001415,INV-001416,2025-02-27,31653.53,ACH
PAY-0001416,INV-001417,2025-08-03,23875.87,ACH
PAY-0001417,INV-001418,2025-07-26,20126.52,ACH
PAY-0001418,INV-001419,2025-05-29,6282.98,ACH
PAY-0001419,INV-001420,2025-10-12,15474.71,ACH
PAY-0001420,INV-001421,2024-05-14,17865.21,Wire
PAY-0001421,INV-001422,2024-03-10,14096.17,ACH
PAY-0001422,INV-001422,2024-03-22,16887.28,ACH
PAY-0001423,INV-001423,2025-02-03,25713.84,ACH
PAY-0001424,INV-001424,2025-07-19,26079.78,ACH
PAY-0001425,INV-001425,2025-06-06,5071.07,ACH
PAY-0001426,INV-001426,2025-11-29,11113.6,ACH
PAY-0001427,INV-001427,2025-03-29,26411.28,ACH
PAY-0001428,INV-001428,2025-10-19,19976.88,Wire
PAY-0001429,INV-001429,2025-05-19,12085.61,ACH
PAY-0001430,INV-001429,2025-06-05,14053.61,ACH
PAY-0001431,INV-001430,2024-09-16,28000.98,Wire
PAY-0001432,INV-001431,2025-03-16,5973.01,Wire
PAY-0001433,INV-001432,2025-05-20,5799.87,Check
PAY-0001434,INV-001432,2025-06-09,5184.61,ACH
PAY-0001435,INV-001433,2025-12-12,22740.76,ACH
PAY-0001436,INV-001434,2025-10-02,25682.7,ACH
PAY-0001437,INV-001435,2024-09-23,19513.12,Check
PAY-0001438,INV-001436,2025-03-26,23782.3,ACH
PAY-0001439,INV-001437,2024-11-27,7128.09,Wire
PAY-0001440,INV-001438,2025-01-08,29995.3,Wire
PAY-0001441,INV-001439,2024-07-26,8532.74,ACH
PAY-0001442,INV-001440,2024-07-19,13179.3,ACH
PAY-0001443,INV-001440,2024-08-02,18453.02,Wire
PAY-0001444,INV-001441,2026-02-13,5598.23,Wire
PAY-0001445,INV-001442,2025-02-23,31850.15,Wire
PAY-0001446,INV-001443,2024-04-25,11727.71,ACH
PAY-0001447,INV-001444,2025-04-23,11613.74,ACH
PAY-0001448,INV-001445,2025-11-03,12682.9,ACH
PAY-0001449,INV-001445,2025-11-24,11493.67,ACH
PAY-0001450,INV-001447,2024-07-27,7120.23,ACH
PAY-0001451,INV-001448,2024-10-29,11772.42,Check
PAY-0001452,INV-001449,2024-12-27,9568.7,ACH
PAY-0001453,INV-001450,2025-06-28,6711.19,ACH
PAY-0001454,INV-001451,2024-03-31,7408.03,Wire
PAY-0001455,INV-001452,2024-04-28,7301.29,Wire
PAY-0001456,INV-001453,2026-02-18,2552.53,Wire
PAY-0001457,INV-001454,2024-03-04,5416.57,Check
PAY-0001458,INV-001455,2025-09-15,1502.53,Wire
PAY-0001459,INV-001456,2025-12-25,6240.71,Check
PAY-0001460,INV-001457,2024-12-28,4417.25,ACH
PAY-0001461,INV-001458,2025-08-14,6172.7,ACH
PAY-0001462,INV-001459,2024-07-02,10930.51,Wire
PAY-0001463,INV-001460,2024-04-06,4246.2,ACH
PAY-0001464,INV-001460,2024-04-19,5905.59,ACH
PAY-0001465,INV-001461,2025-03-17,7476.09,ACH
PAY-0001466,INV-001463,2025-01-12,11765.58,ACH
PAY-0001467,INV-001464,2025-11-24,9012.81,ACH
PAY-0001468,INV-001465,2024-04-26,11548.41,ACH
PAY-0001469,INV-001466,2025-06-14,2804.49,Wire
PAY-0001470,INV-001467,2026-01-31,1968.57,Check
PAY-0001471,INV-001467,2026-02-24,1841.42,Wire
PAY-0001472,INV-001468,2024-03-12,10923.84,Check
PAY-0001473,INV-001469,2026-01-13,11300.44,Wire
PAY-0001474,INV-001470,2025-10-04,8886.84,ACH
PAY-0001475,INV-001472,2025-04-14,3358.95,Wire
PAY-0001476,INV-001473,2024-10-02,3623.91,Wire
PAY-0001477,INV-001474,2024-10-19,2153.57,ACH
PAY-0001478,INV-001474,2024-10-31,1531.58,ACH
PAY-0001479,INV-001475,2025-01-20,6427.54,Wire
PAY-0001480,INV-001476,2024-05-14,6332.17,ACH
PAY-0001481,INV-001477,2025-01-02,7031.07,ACH
PAY-0001482,INV-001478,2024-10-18,3055.41,Wire
PAY-0001483,INV-001479,2025-07-16,11331.6,ACH
PAY-0001484,INV-001481,2024-11-03,1722.31,ACH
PAY-0001485,INV-001482,2024-05-18,5875.87,ACH
PAY-0001486,INV-001483,2024-12-03,10193.08,ACH
PAY-0001487,INV-001485,2025-01-02,3718.49,ACH
PAY-0001488,INV-001486,2025-09-04,4260.25,ACH
PAY-0001489,INV-001487,2024-11-29,5314.98,ACH
PAY-0001490,INV-001487,2024-12-22,4104.98,ACH
PAY-0001491,INV-001488,2025-06-27,8659.25,ACH
PAY-0001492,INV-001489,2024-12-09,8064.78,ACH
PAY-0001493,INV-001490,2024-07-14,11208.54,Wire
PAY-0001494,INV-001491,2024-08-12,10508.5,ACH
PAY-0001495,INV-001492,2026-02-23,9853.61,Wire
PAY-0001496,INV-001493,2025-09-10,6480.42,ACH
PAY-0001497,INV-001494,2025-09-22,10673.56,ACH
PAY-0001498,INV-001495,2026-02-28,10533.89,Wire
PAY-0001499,INV-001496,2025-11-17,5814.68,ACH
PAY-0001500,INV-001497,2024-04-12,5384.96,Wire
PAY-0001501,INV-001497,2024-04-25,5299.41,ACH
PAY-0001502,INV-001498,2025-09-03,9308.1,ACH
PAY-0001503,INV-001499,2025-11-01,4707.03,ACH
PAY-0001504,INV-001501,2025-07-27,8649.75,ACH
PAY-0001505,INV-001502,2024-08-07,8906.5,ACH
PAY-0001506,INV-001503,2024-02-29,8921.3,ACH
PAY-0001507,INV-001504,2025-10-18,4945.4,ACH
PAY-0001508,INV-001504,2025-11-05,5589.97,ACH
PAY-0001509,INV-001505,2025-04-29,4373.95,Check
PAY-0001510,INV-001506,2025-06-13,9375.64,ACH
PAY-0001511,INV-001507,2024-10-31,9826.59,Wire
PAY-0001512,INV-001508,2025-10-09,8656.02,ACH
PAY-0001513,INV-001509,2024-10-22,6446.37,ACH
PAY-0001514,INV-001510,2025-05-14,1265.75,Wire
PAY-0001515,INV-001510,2025-06-02,1164.9,Check
PAY-0001516,INV-001511,2026-01-19,11218.06,ACH
PAY-0001517,INV-001512,2025-12-27,8511.66,Wire
PAY-0001518,INV-001513,2025-05-22,5759.29,Check
PAY-0001519,INV-001513,2025-06-08,4360.26,ACH
PAY-0001520,INV-001514,2024-12-29,4801.65,ACH
PAY-0001521,INV-001514,2025-01-19,7176.46,Check
PAY-0001522,INV-001515,2024-03-06,11083.36,ACH
PAY-0001523,INV-001516,2024-10-26,8908.76,ACH
PAY-0001524,INV-001517,2025-02-16,3597.15,Wire
PAY-0001525,INV-001518,2025-06-18,7941.18,Wire
PAY-0001526,INV-001519,2024-04-19,11981.91,ACH
PAY-0001527,INV-001521,2024-03-12,6624.97,ACH
PAY-0001528,INV-001522,2025-03-13,9534.11,ACH
PAY-0001529,INV-001523,2025-07-04,8154.68,ACH
PAY-0001530,INV-001524,2024-05-17,5492.53,ACH
PAY-0001531,INV-001525,2025-10-27,7326.78,ACH
PAY-0001532,INV-001526,2024-08-01,4051.52,ACH
PAY-0001533,INV-001527,2026-01-11,10881.16,ACH
PAY-0001534,INV-001528,2024-03-03,3689.94,ACH
PAY-0001535,INV-001528,2024-03-20,3030.03,ACH
PAY-0001536,INV-001529,2024-10-07,4511.36,Check
PAY-0001537,INV-001530,2025-02-09,10086.85,Wire
PAY-0001538,INV-001531,2025-11-10,2260.43,ACH
PAY-0001539,INV-001532,2026-02-14,8248.9,ACH
PAY-0001540,INV-001533,2024-04-11,5134.17,ACH
PAY-0001541,INV-001535,2024-09-27,5313.49,Wire
PAY-0001542,INV-001537,2024-07-14,4284.14,Check
PAY-0001543,INV-001538,2024-09-02,7801.91,ACH
PAY-0001544,INV-001539,2025-01-26,3020.95,ACH
PAY-0001545,INV-001540,2024-10-23,6962.23,Wire
PAY-0001546,INV-001541,2025-01-09,6078.44,Wire
PAY-0001547,INV-001542,2025-07-18,11058.64,Wire
PAY-0001548,INV-001543,2025-07-29,9579.6,Wire
PAY-0001549,INV-001544,2024-09-18,8090.01,ACH
PAY-0001550,INV-001545,2024-03-02,7927.75,ACH
PAY-0001551,INV-001546,2025-05-15,1891.17,ACH
PAY-0001552,INV-001547,2025-09-13,8215.4,ACH
PAY-0001553,INV-001548,2024-07-15,1655.39,Wire
PAY-0001554,INV-001549,2025-11-09,3972.44,Wire
PAY-0001555,INV-001550,2024-03-15,607.74,ACH
PAY-0001556,INV-001551,2025-04-18,1675.25,ACH
PAY-0001557,INV-001552,2025-10-15,3185.47,ACH
PAY-0001558,INV-001553,2025-06-03,1836.94,ACH
PAY-0001559,INV-001554,2025-06-12,866.88,Check
PAY-0001560,INV-001556,2025-02-22,2403.78,ACH
PAY-0001561,INV-001557,2025-12-26,1739.93,Wire
PAY-0001562,INV-001559,2024-03-22,2354.21,Wire
PAY-0001563,INV-001560,2025-05-17,3218.69,ACH
PAY-0001564,INV-001561,2026-01-23,2417.09,ACH
PAY-0001565,INV-001562,2026-01-03,3689.4,ACH
PAY-0001566,INV-001563,2024-11-22,3540.65,ACH
PAY-0001567,INV-001564,2024-08-03,2289.54,ACH
PAY-0001568,INV-001565,2024-06-01,1517.6,ACH
PAY-0001569,INV-001566,2026-01-24,694.53,Wire
PAY-0001570,INV-001567,2024-10-09,3858.04,ACH
PAY-0001571,INV-001568,2024-09-07,1270.9,Wire
PAY-0001572,INV-001568,2024-09-18,926.79,Check
PAY-0001573,INV-001569,2024-07-14,3394.32,ACH
PAY-0001574,INV-001570,2026-01-14,2385.87,Wire
PAY-0001575,INV-001571,2026-01-13,2055.38,Wire
PAY-0001576,INV-001572,2024-03-10,2116.22,ACH
PAY-0001577,INV-001573,2024-05-01,3562.62,Check
PAY-0001578,INV-001574,2025-01-02,3736.22,Check
PAY-0001579,INV-001576,2025-04-13,2900.2,Check
PAY-0001580,INV-001577,2024-04-14,5373.23,ACH
PAY-0001581,INV-001578,2025-04-30,4825.85,ACH
PAY-0001582,INV-001579,2024-09-18,11476.9,ACH
PAY-0001583,INV-001580,2024-10-04,11966.91,ACH
PAY-0001584,INV-001581,2025-11-25,11799.52,ACH
PAY-0001585,INV-001582,2025-05-12,3704.28,ACH
PAY-0001586,INV-001583,2025-01-31,1114.07,ACH
PAY-0001587,INV-001583,2025-02-14,852.94,ACH
PAY-0001588,INV-001584,2024-04-06,7865.03,ACH
PAY-0001589,INV-001585,2025-08-12,5060.42,Wire
PAY-0001590,INV-001586,2026-01-13,9850.51,ACH
PAY-0001591,INV-001587,2024-10-26,8832.29,Wire
PAY-0001592,INV-001588,2024-09-01,9363.64,Check
PAY-0001593,INV-001589,2025-05-28,2872.5,ACH
PAY-0001594,INV-001589,2025-06-21,2415.35,ACH
PAY-0001595,INV-001590,2025-09-22,10103.0,ACH
PAY-0001596,INV-001591,2025-01-10,9518.29,Check
PAY-0001597,INV-001592,2025-07-06,11856.33,ACH
PAY-0001598,INV-001593,2025-01-02,8265.84,Check
PAY-0001599,INV-001594,2025-10-27,10842.22,ACH
PAY-0001600,INV-001595,2025-01-07,11523.69,ACH
PAY-0001601,INV-001596,2024-12-25,6186.5,ACH
PAY-0001602,INV-001596,2025-01-17,4257.79,ACH
PAY-0001603,INV-001597,2024-11-14,10844.28,Wire
PAY-0001604,INV-001598,2024-11-03,4561.56,Wire
PAY-0001605,INV-001599,2024-12-27,2063.1,ACH
PAY-0001606,INV-001600,2026-02-10,2598.7,Check
PAY-0001607,INV-001601,2025-08-06,2718.18,ACH
PAY-0001608,INV-001602,2024-06-03,10383.04,Wire
PAY-0001609,INV-001603,2025-10-02,4693.16,ACH
PAY-0001610,INV-001604,2024-03-15,2348.18,ACH
PAY-0001611,INV-001605,2024-05-01,9181.88,ACH
PAY-0001612,INV-001606,2024-03-28,4678.85,Wire
PAY-0001613,INV-001607,2024-08-25,8390.52,Check
PAY-0001614,INV-001608,2025-05-13,1560.07,ACH
PAY-0001615,INV-001609,2025-01-28,2132.31,ACH
PAY-0001616,INV-001610,2025-03-31,5851.7,Wire
PAY-0001617,INV-001611,2025-05-18,1836.19,Check
PAY-0001618,INV-001612,2024-10-05,10512.25,ACH
PAY-0001619,INV-001613,2025-04-01,11073.62,ACH
PAY-0001620,INV-001614,2025-01-23,2975.99,Wire
PAY-0001621,INV-001614,2025-02-12,2199.76,ACH
PAY-0001622,INV-001615,2025-09-02,7349.19,Wire
PAY-0001623,INV-001616,2025-10-08,5911.66,ACH
PAY-0001624,INV-001616,2025-10-18,4948.62,Check
PAY-0001625,INV-001617,2025-06-06,3166.96,Wire
PAY-0001626,INV-001618,2025-01-26,7478.02,ACH
PAY-0001627,INV-001619,2024-12-16,11014.02,Wire
PAY-0001628,INV-001620,2024-05-09,10416.8,Wire
PAY-0001629,INV-001621,2026-01-04,4200.36,ACH
PAY-0001630,INV-001622,2024-09-04,2049.66,Check
PAY-0001631,INV-001624,2025-07-10,6188.77,ACH
PAY-0001632,INV-001624,2025-07-23,4498.49,Check
PAY-0001633,INV-001625,2024-11-07,8915.24,ACH
PAY-0001634,INV-001626,2025-10-20,691.88,ACH
PAY-0001635,INV-001626,2025-11-10,833.89,Check
PAY-0001636,INV-001627,2024-11-07,7531.5,ACH
PAY-0001637,INV-001628,2026-01-02,5557.36,ACH
PAY-0001638,INV-001629,2024-09-21,2887.51,ACH
PAY-0001639,INV-001630,2024-09-13,4998.71,ACH
PAY-0001640,INV-001630,2024-09-27,4428.57,ACH
PAY-0001641,INV-001631,2025-07-12,7089.65,ACH
PAY-0001642,INV-001632,2025-08-09,7076.65,ACH
PAY-0001643,INV-001633,2025-04-23,4960.19,Check
PAY-0001644,INV-001635,2026-02-11,1920.14,ACH
PAY-0001645,INV-001636,2024-05-06,4319.74,Check
PAY-0001646,INV-001636,2024-05-18,4859.38,ACH
PAY-0001647,INV-001637,2025-09-26,8157.81,Check
PAY-0001648,INV-001638,2024-09-18,7479.87,Check
PAY-0001649,INV-001639,2025-02-16,6285.52,Wire
PAY-0001650,INV-001639,2025-02-26,5258.3,Check
PAY-0001651,INV-001640,2025-10-08,10438.46,Check
PAY-0001652,INV-001641,2024-12-02,3203.41,Wire
PAY-0001653,INV-001642,2024-07-24,2722.23,ACH
PAY-0001654,INV-001643,2024-03-19,9711.95,ACH
PAY-0001655,INV-001644,2024-09-21,3374.08,ACH
PAY-0001656,INV-001645,2024-06-18,10265.38,ACH
PAY-0001657,INV-001646,2024-05-14,6601.12,ACH
PAY-0001658,INV-001647,2024-10-19,21014.05,ACH
PAY-0001659,INV-001648,2025-04-16,15708.82,ACH
PAY-0001660,INV-001648,2025-05-04,13738.83,Wire
PAY-0001661,INV-001649,2025-05-15,9143.33,ACH
PAY-0001662,INV-001650,2024-09-17,26158.23,ACH
PAY-0001663,INV-001651,2024-05-23,31675.33,ACH
PAY-0001664,INV-001652,2025-01-31,22850.53,Check
PAY-0001665,INV-001653,2024-11-20,6771.96,ACH
PAY-0001666,INV-001654,2025-05-12,23970.93,Wire
PAY-0001667,INV-001655,2025-08-20,21948.78,Wire
PAY-0001668,INV-001656,2024-11-14,11236.09,ACH
PAY-0001669,INV-001657,2024-04-07,17808.06,Check
PAY-0001670,INV-001658,2024-10-19,29220.04,ACH
PAY-0001671,INV-001659,2025-07-15,29186.57,ACH
PAY-0001672,INV-001660,2024-04-05,29162.59,ACH
PAY-0001673,INV-001661,2024-03-10,7429.12,ACH
PAY-0001674,INV-001662,2024-09-19,11604.54,Check
PAY-0001675,INV-001663,2024-12-17,22110.76,ACH
PAY-0001676,INV-001664,2025-12-18,11836.19,ACH
PAY-0001677,INV-001664,2025-12-28,17589.52,ACH
PAY-0001678,INV-001665,2025-09-13,10779.42,ACH
PAY-0001679,INV-001666,2024-07-20,2690.24,ACH
PAY-0001680,INV-001666,2024-08-06,3690.31,Check
PAY-0001681,INV-001667,2024-06-11,27633.94,Wire
PAY-0001682,INV-001668,2025-02-27,20634.96,ACH
PAY-0001683,INV-001669,2024-04-25,8095.28,Wire
PAY-0001684,INV-001670,2025-01-07,14175.33,Wire
PAY-0001685,INV-001671,2024-07-31,29755.62,ACH
PAY-0001686,INV-001672,2024-12-08,30550.34,ACH
PAY-0001687,INV-001673,2026-01-30,15910.17,Wire
PAY-0001688,INV-001674,2025-01-30,25768.04,Check
PAY-0001689,INV-001675,2024-04-03,16331.15,ACH
PAY-0001690,INV-001676,2024-12-23,16723.9,ACH
PAY-0001691,INV-001677,2025-11-14,28448.49,Wire
PAY-0001692,INV-001678,2025-09-16,14443.86,ACH
PAY-0001693,INV-001679,2025-06-21,22618.23,Wire
PAY-0001694,INV-001681,2025-06-04,28792.33,ACH
PAY-0001695,INV-001682,2025-01-21,10535.43,Wire
PAY-0001696,INV-001682,2025-02-12,8126.12,ACH
PAY-0001697,INV-001683,2024-11-15,20674.02,ACH
PAY-0001698,INV-001684,2025-09-17,19312.39,Wire
PAY-0001699,INV-001685,2024-10-28,17122.45,Wire
PAY-0001700,INV-001686,2024-11-01,28946.48,ACH
PAY-0001701,INV-001687,2025-03-21,11045.23,ACH
PAY-0001702,INV-001688,2024-05-13,28267.89,Check
PAY-0001703,INV-001689,2025-09-30,14835.85,ACH
PAY-0001704,INV-001690,2024-12-04,13619.93,ACH
PAY-0001705,INV-001691,2025-08-01,10734.01,Wire
PAY-0001706,INV-001692,2025-01-08,23980.07,Wire
PAY-0001707,INV-001693,2024-10-04,12102.39,ACH
PAY-0001708,INV-001694,2024-11-30,25549.99,Wire
PAY-0001709,INV-001695,2026-01-07,19742.66,ACH
PAY-0001710,INV-001696,2025-08-19,13325.59,ACH
PAY-0001711,INV-001697,2024-08-30,16913.18,ACH
PAY-0001712,INV-001697,2024-09-21,11937.76,Wire
PAY-0001713,INV-001698,2025-03-20,15210.09,Wire
PAY-0001714,INV-001699,2025-08-06,10838.29,ACH
PAY-0001715,INV-001701,2025-08-11,8223.82,Check
PAY-0001716,INV-001702,2025-05-01,21040.83,ACH
PAY-0001717,INV-001703,2024-03-09,17166.83,Wire
PAY-0001718,INV-001704,2024-06-25,9867.83,ACH
PAY-0001719,INV-001705,2024-04-05,28245.12,ACH
PAY-0001720,INV-001706,2025-03-04,6255.39,ACH
PAY-0001721,INV-001707,2024-06-12,26826.33,Wire
PAY-0001722,INV-001708,2025-05-15,29770.5,ACH
PAY-0001723,INV-001709,2026-01-06,24307.85,Wire
PAY-0001724,INV-001710,2024-07-07,23325.26,Wire
PAY-0001725,INV-001711,2026-02-02,26518.67,ACH
PAY-0001726,INV-001712,2026-02-08,30648.79,Check
PAY-0001727,INV-001713,2024-11-24,7368.82,Check
PAY-0001728,INV-001714,2024-05-21,26216.12,ACH
PAY-0001729,INV-001715,2024-08-08,6845.89,ACH
PAY-0001730,INV-001715,2024-08-21,5553.57,ACH
PAY-0001731,INV-001716,2025-08-21,30081.56,ACH
PAY-0001732,INV-001717,2025-07-17,21570.23,Wire
PAY-0001733,INV-001718,2024-08-27,28909.14,ACH
PAY-0001734,INV-001719,2025-03-10,11807.84,ACH
PAY-0001735,INV-001720,2024-12-08,30657.67,Check
PAY-0001736,INV-001721,2025-01-05,26468.8,Check
PAY-0001737,INV-001722,2025-11-28,5571.42,ACH
PAY-0001738,INV-001723,2024-03-09,5573.28,ACH
PAY-0001739,INV-001723,2024-04-01,4079.14,ACH
PAY-0001740,INV-001724,2025-02-19,6587.49,ACH
PAY-0001741,INV-001725,2025-01-25,28348.71,Check
PAY-0001742,INV-001726,2025-07-04,31195.07,Wire
PAY-0001743,INV-001727,2025-10-26,15317.1,Wire
PAY-0001744,INV-001728,2025-12-16,19496.33,ACH
PAY-0001745,INV-001729,2024-06-24,11824.05,ACH
PAY-0001746,INV-001730,2024-08-24,20374.68,ACH
PAY-0001747,INV-001731,2024-08-27,18410.29,Wire
PAY-0001748,INV-001732,2025-09-10,28731.2,ACH
PAY-0001749,INV-001733,2025-01-20,6034.3,ACH
PAY-0001750,INV-001734,2024-09-13,5990.47,ACH
PAY-0001751,INV-001735,2026-01-21,13981.49,ACH
PAY-0001752,INV-001736,2024-08-13,11714.68,Wire
PAY-0001753,INV-001737,2025-07-17,5598.31,ACH
PAY-0001754,INV-001738,2025-04-09,15371.1,Wire
PAY-0001755,INV-001739,2024-10-15,28511.88,Wire
PAY-0001756,INV-001740,2025-12-12,23095.44,ACH
PAY-0001757,INV-001741,2024-07-12,23175.34,ACH
PAY-0001758,INV-001742,2024-09-29,11851.47,ACH
PAY-0001759,INV-001742,2024-10-19,17336.59,ACH
PAY-0001760,INV-001743,2024-12-23,10236.05,ACH
PAY-0001761,INV-001745,2025-06-23,16781.48,ACH
PAY-0001762,INV-001747,2025-04-05,29827.33,ACH
PAY-0001763,INV-001748,2025-12-20,7637.99,ACH
PAY-0001764,INV-001749,2024-06-30,5825.35,Wire
PAY-0001765,INV-001750,2025-01-06,30761.53,ACH
PAY-0001766,INV-001751,2024-05-11,12371.32,Check
PAY-0001767,INV-001752,2024-04-30,31694.24,ACH
PAY-0001768,INV-001753,2024-07-24,17269.06,Check
PAY-0001769,INV-001754,2025-03-29,12424.17,ACH
PAY-0001770,INV-001756,2025-02-02,13042.66,ACH
PAY-0001771,INV-001757,2024-07-28,18478.71,ACH
PAY-0001772,INV-001759,2025-12-09,16271.31,ACH
PAY-0001773,INV-001760,2025-03-09,5297.76,ACH
PAY-0001774,INV-001761,2024-06-22,8099.49,ACH
PAY-0001775,INV-001762,2025-03-23,3829.4,ACH
PAY-0001776,INV-001762,2025-04-04,3935.41,Wire
PAY-0001777,INV-001763,2025-12-31,7092.12,ACH
PAY-0001778,INV-001764,2025-12-28,29040.77,Wire
PAY-0001779,INV-001765,2024-04-21,14991.57,Wire
PAY-0001780,INV-001767,2024-10-28,10063.47,ACH
PAY-0001781,INV-001767,2024-11-07,13255.05,ACH
PAY-0001782,INV-001768,2024-09-03,26412.94,ACH
PAY-0001783,INV-001769,2025-11-13,13660.64,ACH
PAY-0001784,INV-001770,2024-05-21,17632.49,ACH
PAY-0001785,INV-001771,2025-09-22,20910.34,ACH
PAY-0001786,INV-001772,2024-07-03,27618.95,ACH
PAY-0001787,INV-001773,2024-05-02,6908.12,Wire
PAY-0001788,INV-001774,2024-12-02,7875.81,Check
PAY-0001789,INV-001775,2024-08-13,30046.35,ACH
PAY-0001790,INV-001776,2025-04-07,27591.19,Wire
PAY-0001791,INV-001777,2024-09-16,18773.74,ACH
PAY-0001792,INV-001778,2024-08-05,6485.11,Wire
PAY-0001793,INV-001778,2024-08-28,7659.24,ACH
PAY-0001794,INV-001779,2024-09-07,10313.33,Wire
PAY-0001795,INV-001780,2025-09-27,15692.66,ACH
PAY-0001796,INV-001781,2026-01-28,25438.86,ACH
PAY-0001797,INV-001782,2025-04-17,20239.93,ACH
PAY-0001798,INV-001784,2026-02-07,11639.24,ACH
PAY-0001799,INV-001785,2025-01-19,23120.04,Wire
PAY-0001800,INV-001786,2024-05-31,21940.85,ACH
PAY-0001801,INV-001787,2024-10-15,27924.91,Wire
PAY-0001802,INV-001788,2025-06-12,22803.78,ACH
PAY-0001803,INV-001789,2025-10-11,27884.25,Check
PAY-0001804,INV-001790,2025-10-12,24514.57,ACH
PAY-0001805,INV-001791,2025-10-27,26655.69,Wire
PAY-0001806,INV-001792,2025-01-11,31296.4,ACH
PAY-0001807,INV-001793,2025-12-20,17514.81,Wire
PAY-0001808,INV-001794,2024-04-02,14387.14,ACH
PAY-0001809,INV-001795,2025-03-26,17208.93,ACH
PAY-0001810,INV-001796,2024-09-01,26025.93,ACH
PAY-0001811,INV-001797,2024-12-04,10811.28,ACH
PAY-0001812,INV-001798,2025-03-04,21960.93,ACH
PAY-0001813,INV-001799,2024-07-11,17058.18,Wire
PAY-0001814,INV-001800,2024-04-28,23390.72,ACH
PAY-0001815,INV-001801,2024-12-19,6962.42,ACH
PAY-0001816,INV-001802,2025-01-05,1161.24,ACH
PAY-0001817,INV-001803,2024-08-05,1065.66,ACH
PAY-0001818,INV-001804,2024-02-18,3169.4,Wire
PAY-0001819,INV-001805,2024-12-14,1314.08,Wire
PAY-0001820,INV-001806,2024-02-25,2050.05,ACH
PAY-0001821,INV-001807,2025-09-24,756.76,ACH
PAY-0001822,INV-001808,2024-12-24,788.24,ACH
PAY-0001823,INV-001810,2025-08-05,1339.07,ACH
PAY-0001824,INV-001810,2025-08-29,1828.93,ACH
PAY-0001825,INV-001811,2024-10-02,3216.08,Wire
PAY-0001826,INV-001812,2024-11-16,1600.91,ACH
PAY-0001827,INV-001813,2025-06-03,1375.71,Wire
PAY-0001828,INV-001813,2025-06-13,1796.16,ACH
PAY-0001829,INV-001815,2024-06-09,773.11,ACH
PAY-0001830,INV-001816,2024-04-03,1255.95,Wire
PAY-0001831,INV-001817,2024-08-29,3230.59,ACH
PAY-0001832,INV-001819,2025-07-24,2218.74,ACH
PAY-0001833,INV-001821,2024-05-04,1647.82,Wire
PAY-0001834,INV-001822,2025-08-08,1812.69,Check
PAY-0001835,INV-001823,2024-05-04,2010.96,ACH
PAY-0001836,INV-001824,2025-01-20,3692.23,ACH
PAY-0001837,INV-001825,2025-01-28,1699.1,ACH
PAY-0001838,INV-001826,2024-10-22,30524.89,Wire
PAY-0001839,INV-001827,2024-11-03,6398.15,ACH
PAY-0001840,INV-001829,2025-12-05,17886.5,ACH
PAY-0001841,INV-001831,2025-08-08,25655.06,ACH
PAY-0001842,INV-001832,2025-07-13,6725.93,ACH
PAY-0001843,INV-001833,2024-12-12,19890.24,Check
PAY-0001844,INV-001834,2024-06-01,23434.08,ACH
PAY-0001845,INV-001835,2024-04-07,21203.35,ACH
PAY-0001846,INV-001838,2024-04-09,20263.17,ACH
PAY-0001847,INV-001839,2025-02-21,28035.1,ACH
PAY-0001848,INV-001840,2024-04-28,17581.1,ACH
PAY-0001849,INV-001841,2025-12-26,22439.75,ACH
PAY-0001850,INV-001842,2024-11-25,13205.32,ACH
PAY-0001851,INV-001843,2024-04-20,9189.31,ACH
PAY-0001852,INV-001844,2025-06-19,26358.95,ACH
PAY-0001853,INV-001845,2025-06-14,7317.74,Wire
PAY-0001854,INV-001846,2025-06-09,22373.74,ACH
PAY-0001855,INV-001847,2025-03-26,21345.81,Wire
PAY-0001856,INV-001848,2024-11-27,14435.09,ACH
PAY-0001857,INV-001849,2024-08-03,3004.95,Wire
PAY-0001858,INV-001849,2024-08-15,3743.9,ACH
PAY-0001859,INV-001850,2024-10-02,14069.67,ACH
PAY-0001860,INV-001851,2025-05-09,25668.46,Wire
PAY-0001861,INV-001852,2024-12-12,15145.5,ACH
PAY-0001862,INV-001853,2025-05-29,13676.51,Check
PAY-0001863,INV-001854,2025-03-01,31631.61,ACH
PAY-0001864,INV-001855,2024-09-02,6466.72,ACH
PAY-0001865,INV-001855,2024-09-15,5892.75,Check
PAY-0001866,INV-001856,2026-02-12,6449.82,ACH
PAY-0001867,INV-001857,2026-02-12,11891.24,ACH
PAY-0001868,INV-001858,2025-03-14,16208.9,Wire
PAY-0001869,INV-001860,2024-04-22,19337.08,Wire
PAY-0001870,INV-001861,2025-11-28,11715.09,Wire
PAY-0001871,INV-001862,2026-02-17,6607.21,ACH
PAY-0001872,INV-001863,2025-11-03,4262.73,ACH
PAY-0001873,INV-001863,2025-11-15,4024.57,Wire
PAY-0001874,INV-001864,2024-11-03,15295.39,ACH
PAY-0001875,INV-001865,2025-12-19,19411.79,ACH
PAY-0001876,INV-001866,2026-01-25,21890.02,ACH
PAY-0001877,INV-001867,2024-04-30,12489.15,ACH
PAY-0001878,INV-001868,2026-02-12,21168.52,ACH
PAY-0001879,INV-001870,2025-03-01,27313.2,Wire
PAY-0001880,INV-001871,2026-01-14,24520.2,ACH
PAY-0001881,INV-001872,2024-11-13,12746.4,Wire
PAY-0001882,INV-001873,2024-11-17,27752.76,Wire
PAY-0001883,INV-001874,2025-11-24,31782.02,Wire
PAY-0001884,INV-001875,2024-09-03,6877.08,Check
PAY-0001885,INV-001876,2025-05-03,15836.4,ACH
PAY-0001886,INV-001877,2025-07-06,7902.46,ACH
PAY-0001887,INV-001878,2025-01-15,15260.2,Wire
PAY-0001888,INV-001879,2025-05-08,9510.08,ACH
PAY-0001889,INV-001880,2024-04-29,21681.01,Wire
PAY-0001890,INV-001881,2024-12-03,23782.26,Check
PAY-0001891,INV-001882,2025-04-06,24788.9,ACH
PAY-0001892,INV-001883,2024-05-12,9886.27,ACH
PAY-0001893,INV-001884,2025-01-15,9212.8,Wire
PAY-0001894,INV-001884,2025-02-03,7575.79,Wire
PAY-0001895,INV-001885,2025-11-06,9656.13,ACH
PAY-0001896,INV-001887,2024-07-12,11983.29,Wire
PAY-0001897,INV-001888,2024-12-13,20733.48,ACH
PAY-0001898,INV-001889,2026-02-13,13682.88,Wire
PAY-0001899,INV-001890,2025-01-27,23085.5,ACH
PAY-0001900,INV-001891,2025-10-30,21558.65,ACH
PAY-0001901,INV-001892,2024-08-03,14697.43,ACH
PAY-0001902,INV-001893,2025-09-11,16323.53,ACH
PAY-0001903,INV-001894,2024-11-30,29226.63,Wire
PAY-0001904,INV-001895,2025-06-20,31568.49,ACH
PAY-0001905,INV-001897,2025-12-27,12438.72,ACH
PAY-0001906,INV-001898,2026-02-10,25093.99,ACH
PAY-0001907,INV-001899,2024-05-21,7116.45,ACH
PAY-0001908,INV-001899,2024-06-04,10652.23,Check
PAY-0001909,INV-001900,2025-10-10,16528.09,Wire
PAY-0001910,INV-001901,2025-05-03,10283.86,ACH
PAY-0001911,INV-001902,2025-05-30,9685.5,ACH
PAY-0001912,INV-001903,2024-10-18,15816.08,Wire
PAY-0001913,INV-001905,2024-09-03,7265.37,ACH
PAY-0001914,INV-001906,2025-04-21,10612.99,Wire
PAY-0001915,INV-001907,2025-10-22,30915.77,Wire
PAY-0001916,INV-001908,2025-09-23,20793.28,ACH
PAY-0001917,INV-001909,2025-07-17,30875.41,ACH
PAY-0001918,INV-001910,2025-09-06,18542.62,ACH
PAY-0001919,INV-001911,2024-10-13,7165.61,ACH
PAY-0001920,INV-001912,2025-02-02,24307.74,Wire
PAY-0001921,INV-001913,2024-10-23,7974.79,Wire
PAY-0001922,INV-001913,2024-11-06,6026.93,Wire
PAY-0001923,INV-001914,2025-01-13,26954.25,ACH
PAY-0001924,INV-001915,2025-08-06,8146.7,ACH
PAY-0001925,INV-001916,2026-01-05,18674.45,ACH
PAY-0001926,INV-001917,2024-05-10,14675.93,ACH
PAY-0001927,INV-001918,2024-09-18,27071.99,ACH
PAY-0001928,INV-001919,2025-09-06,6752.94,ACH
PAY-0001929,INV-001920,2024-07-12,10577.91,Wire
PAY-0001930,INV-001921,2025-12-21,21290.31,Wire
PAY-0001931,INV-001922,2025-05-10,14245.69,ACH
PAY-0001932,INV-001924,2025-09-12,11415.77,ACH
PAY-0001933,INV-001925,2025-04-19,9343.04,ACH
PAY-0001934,INV-001926,2024-05-04,6762.29,Check
PAY-0001935,INV-001927,2025-06-28,8190.2,ACH
PAY-0001936,INV-001928,2024-07-03,29854.96,ACH
PAY-0001937,INV-001929,2025-06-09,20446.04,ACH
PAY-0001938,INV-001930,2024-12-28,31474.59,ACH
PAY-0001939,INV-001931,2025-09-13,16197.78,ACH
PAY-0001940,INV-001933,2025-12-08,22047.52,ACH
PAY-0001941,INV-001934,2025-10-13,13233.24,ACH
PAY-0001942,INV-001935,2025-03-15,19508.04,ACH
PAY-0001943,INV-001936,2024-12-15,30746.45,ACH
PAY-0001944,INV-001937,2024-11-25,22785.56,ACH
PAY-0001945,INV-001938,2024-04-22,15022.19,ACH
PAY-0001946,INV-001940,2025-05-07,21237.16,ACH
PAY-0001947,INV-001941,2025-08-16,28830.59,Wire
PAY-0001948,INV-001942,2025-03-23,23703.1,ACH
PAY-0001949,INV-001943,2025-04-29,13016.64,Wire
PAY-0001950,INV-001944,2025-05-09,10199.55,ACH
PAY-0001951,INV-001945,2024-03-29,9431.09,ACH
PAY-0001952,INV-001946,2025-11-26,10423.51,ACH
PAY-0001953,INV-001947,2024-10-10,30566.19,ACH
PAY-0001954,INV-001948,2024-11-09,10303.66,ACH
PAY-0001955,INV-001949,2025-10-27,29608.53,ACH
PAY-0001956,INV-001950,2024-08-17,4737.79,Wire
PAY-0001957,INV-001950,2024-08-30,5729.13,Check
PAY-0001958,INV-001951,2025-04-18,11367.57,ACH
PAY-0001959,INV-001952,2024-06-12,19558.38,Wire
PAY-0001960,INV-001953,2024-09-14,5050.56,ACH
PAY-0001961,INV-001954,2024-05-18,10367.41,ACH
PAY-0001962,INV-001954,2024-06-06,11987.72,Check
PAY-0001963,INV-001955,2025-11-23,20884.47,Wire
PAY-0001964,INV-001956,2025-04-15,12798.05,ACH
PAY-0001965,INV-001957,2025-02-10,6240.11,ACH
PAY-0001966,INV-001959,2024-09-04,2464.84,Check
PAY-0001967,INV-001959,2024-09-14,2855.32,ACH
PAY-0001968,INV-001960,2024-11-28,5242.13,ACH
PAY-0001969,INV-001961,2024-11-14,3588.65,Wire
PAY-0001970,INV-001961,2024-12-05,4506.23,ACH
PAY-0001971,INV-001962,2024-10-09,6356.62,Wire
PAY-0001972,INV-001963,2024-07-06,11810.14,ACH
PAY-0001973,INV-001964,2024-08-16,9018.97,ACH
PAY-0001974,INV-001965,2025-10-27,1758.97,ACH
PAY-0001975,INV-001966,2025-09-24,11603.92,ACH
PAY-0001976,INV-001967,2024-10-27,8579.48,ACH
PAY-0001977,INV-001968,2025-03-12,6134.28,Wire
PAY-0001978,INV-001969,2025-06-28,5142.0,Wire
PAY-0001979,INV-001970,2024-03-12,4108.26,Wire
PAY-0001980,INV-001971,2026-02-08,11678.4,ACH
PAY-0001981,INV-001972,2025-11-24,5924.07,ACH
PAY-0001982,INV-001973,2026-01-28,7353.94,Wire
PAY-0001983,INV-001974,2025-04-03,3761.77,Check
PAY-0001984,INV-001974,2025-04-19,3329.64,Wire
PAY-0001985,INV-001975,2025-09-28,4788.19,Wire
PAY-0001986,INV-001976,2024-08-06,4254.88,ACH
PAY-0001987,INV-001977,2024-10-19,8627.89,ACH
PAY-0001988,INV-001978,2024-06-25,6536.14,Wire
PAY-0001989,INV-001979,2026-02-10,6197.49,Wire
PAY-0001990,INV-001980,2025-05-10,3418.3,Wire
PAY-0001991,INV-001981,2024-04-30,10491.93,ACH
PAY-0001992,INV-001982,2024-07-28,4738.42,ACH
PAY-0001993,INV-001983,2024-05-16,6022.52,Wire
PAY-0001994,INV-001984,2025-01-12,1713.58,ACH
PAY-0001995,INV-001985,2025-04-17,5239.75,Wire
PAY-0001996,INV-001986,2025-07-08,10030.23,ACH
PAY-0001997,INV-001987,2024-09-10,6308.05,Check
PAY-0001998,INV-001988,2024-12-21,2379.99,ACH
PAY-0001999,INV-001989,2024-07-03,7877.24,ACH
PAY-0002000,INV-001990,2026-01-22,3926.97,Wire
PAY-0002001,INV-001991,2024-12-03,9169.9,ACH
PAY-0002002,INV-001992,2024-10-27,7437.76,Wire
PAY-0002003,INV-001993,2025-06-18,8191.44,ACH
PAY-0002004,INV-001994,2024-10-15,6866.05,ACH
PAY-0002005,INV-001995,2024-04-16,4406.19,Wire
PAY-0002006,INV-001996,2025-07-24,8702.07,ACH
PAY-0002007,INV-001997,2024-07-03,11579.25,ACH
PAY-0002008,INV-001998,2026-02-13,9351.33,ACH
PAY-0002009,INV-001999,2025-01-11,6283.91,ACH
PAY-0002010,INV-002000,2024-09-06,2188.7,ACH
PAY-0002011,INV-002001,2025-08-29,3416.58,ACH
PAY-0002012,INV-002002,2025-11-27,10356.12,Check
PAY-0002013,INV-002003,2024-07-11,5005.34,ACH
PAY-0002014,INV-002004,2024-04-16,9831.14,ACH
PAY-0002015,INV-002005,2025-03-28,3991.8,Wire
PAY-0002016,INV-002006,2025-09-03,8978.61,Check
PAY-0002017,INV-002007,2024-08-25,3872.86,ACH
PAY-0002018,INV-002008,2024-04-18,7293.38,Wire
PAY-0002019,INV-002009,2024-05-12,9349.53,Check
PAY-0002020,INV-002011,2025-08-18,8862.92,ACH
PAY-0002021,INV-002013,2025-03-05,4799.31,ACH
PAY-0002022,INV-002013,2025-03-17,5781.13,Wire
PAY-0002023,INV-002014,2024-08-15,7616.79,ACH
PAY-0002024,INV-002015,2024-06-08,10018.53,ACH
PAY-0002025,INV-002016,2025-12-13,1852.9,ACH
PAY-0002026,INV-002017,2025-11-04,6005.0,ACH
PAY-0002027,INV-002018,2024-11-10,1812.7,ACH
PAY-0002028,INV-002019,2024-06-23,11670.96,Wire
PAY-0002029,INV-002020,2025-07-09,1003.32,Wire
PAY-0002030,INV-002020,2025-07-30,721.26,Check
PAY-0002031,INV-002021,2024-08-23,6297.39,ACH
PAY-0002032,INV-002022,2025-01-22,3216.03,ACH
PAY-0002033,INV-002022,2025-02-03,4270.24,ACH
PAY-0002034,INV-002023,2025-02-28,5941.65,Check
PAY-0002035,INV-002024,2024-10-22,9340.58,ACH
PAY-0002036,INV-002025,2024-07-23,10462.34,ACH
PAY-0002037,INV-002026,2024-03-22,6385.57,Check
PAY-0002038,INV-002026,2024-04-04,4488.76,Wire
PAY-0002039,INV-002027,2025-05-03,8902.68,ACH
PAY-0002040,INV-002028,2024-02-25,7353.48,ACH
PAY-0002041,INV-002029,2025-08-24,8658.87,ACH
PAY-0002042,INV-002030,2024-03-11,9095.27,ACH
PAY-0002043,INV-002031,2025-03-08,8721.62,ACH
PAY-0002044,INV-002032,2025-08-31,9458.74,Check
PAY-0002045,INV-002033,2025-08-22,2849.73,Check
PAY-0002046,INV-002034,2025-02-28,2048.56,ACH
PAY-0002047,INV-002035,2025-10-28,4555.06,Check
PAY-0002048,INV-002036,2025-04-02,8130.47,ACH
PAY-0002049,INV-002037,2025-12-11,11433.02,Wire
PAY-0002050,INV-002039,2025-10-19,11337.84,ACH
PAY-0002051,INV-002040,2025-04-24,4800.31,ACH
PAY-0002052,INV-002041,2024-05-24,6862.03,ACH
PAY-0002053,INV-002042,2024-05-07,11216.56,ACH
PAY-0002054,INV-002043,2026-01-19,2923.18,ACH
PAY-0002055,INV-002044,2025-04-10,8640.6,Wire
PAY-0002056,INV-002045,2024-09-13,2872.56,ACH
PAY-0002057,INV-002046,2024-10-10,3031.52,ACH
PAY-0002058,INV-002047,2024-06-13,9632.29,ACH
PAY-0002059,INV-002048,2026-01-21,6627.72,ACH
PAY-0002060,INV-002049,2024-04-17,10732.9,Wire
PAY-0002061,INV-002050,2025-06-11,3764.71,ACH
PAY-0002062,INV-002051,2024-05-23,2389.97,Check
PAY-0002063,INV-002052,2025-09-23,9502.8,Wire
PAY-0002064,INV-002053,2025-11-01,5187.94,ACH
PAY-0002065,INV-002053,2025-11-25,4801.45,ACH
PAY-0002066,INV-002054,2025-08-29,6036.54,ACH
PAY-0002067,INV-002055,2025-10-19,7684.91,Check
PAY-0002068,INV-002056,2025-05-24,5572.94,ACH
PAY-0002069,INV-002057,2025-05-05,2997.27,ACH
PAY-0002070,INV-002058,2025-04-30,7372.59,ACH
PAY-0002071,INV-002060,2025-08-19,1768.0,ACH
PAY-0002072,INV-002061,2024-07-25,7625.86,ACH
PAY-0002073,INV-002062,2024-07-28,10696.8,Check
PAY-0002074,INV-002063,2024-02-23,6266.87,ACH
PAY-0002075,INV-002063,2024-03-16,4523.56,Wire
PAY-0002076,INV-002064,2024-07-05,3490.93,ACH
PAY-0002077,INV-002064,2024-07-22,3446.4,Check
PAY-0002078,INV-002065,2025-09-02,6826.36,Wire
PAY-0002079,INV-002066,2025-05-06,1905.16,ACH
PAY-0002080,INV-002067,2025-04-02,2006.56,ACH
PAY-0002081,INV-002068,2026-02-08,6970.34,Check
PAY-0002082,INV-002070,2025-11-20,2639.54,Check
PAY-0002083,INV-002071,2025-10-26,3736.64,ACH
PAY-0002084,INV-002074,2024-05-25,10666.57,Wire
PAY-0002085,INV-002075,2025-09-07,4054.68,Check
PAY-0002086,INV-002076,2025-12-01,5987.86,ACH
PAY-0002087,INV-002077,2025-08-21,9764.56,ACH
PAY-0002088,INV-002078,2025-10-02,5182.54,ACH
PAY-0002089,INV-002079,2024-09-18,9088.64,ACH
PAY-0002090,INV-002080,2025-06-18,7224.98,ACH
PAY-0002091,INV-002081,2025-02-11,4987.82,Wire
PAY-0002092,INV-002082,2025-03-08,1972.64,ACH
PAY-0002093,INV-002082,2025-03-22,2507.74,Wire
PAY-0002094,INV-002083,2024-08-22,1785.63,ACH
PAY-0002095,INV-002084,2024-09-10,4926.53,Wire
PAY-0002096,INV-002084,2024-10-01,3419.19,Check
PAY-0002097,INV-002085,2025-12-15,11282.1,ACH
PAY-0002098,INV-002086,2025-01-09,7550.66,ACH
PAY-0002099,INV-002087,2024-08-17,7716.68,ACH
PAY-0002100,INV-002088,2024-07-24,6639.22,ACH
PAY-0002101,INV-002089,2025-02-02,7736.34,ACH
PAY-0002102,INV-002090,2024-03-17,7294.96,ACH
PAY-0002103,INV-002091,2024-03-30,8162.99,Wire
PAY-0002104,INV-002093,2025-10-17,10329.71,Wire
PAY-0002105,INV-002094,2024-08-14,4649.09,ACH
PAY-0002106,INV-002095,2024-06-20,7876.91,ACH
PAY-0002107,INV-002097,2024-10-06,9160.87,ACH
PAY-0002108,INV-002098,2025-10-08,9997.0,ACH
PAY-0002109,INV-002099,2025-04-30,11733.4,Wire
PAY-0002110,INV-002100,2025-12-02,9112.19,ACH
PAY-0002111,INV-002101,2024-07-09,3462.55,ACH
PAY-0002112,INV-002102,2025-11-24,11852.6,Wire
PAY-0002113,INV-002103,2026-02-13,3051.3,ACH
PAY-0002114,INV-002103,2026-03-02,3266.53,Wire
PAY-0002115,INV-002104,2025-01-12,3090.57,Wire
PAY-0002116,INV-002105,2025-10-16,3821.41,ACH
PAY-0002117,INV-002105,2025-11-02,2605.66,ACH
PAY-0002118,INV-002106,2024-08-20,5799.71,ACH
PAY-0002119,INV-002107,2024-10-26,8490.71,ACH
PAY-0002120,INV-002108,2024-05-04,4992.02,ACH
PAY-0002121,INV-002109,2025-11-15,10062.01,Wire
PAY-0002122,INV-002110,2024-04-29,6967.39,Check
PAY-0002123,INV-002111,2025-02-22,5145.25,Check
PAY-0002124,INV-002112,2024-11-12,8086.91,Wire
PAY-0002125,INV-002113,2025-02-02,8270.98,ACH
PAY-0002126,INV-002114,2025-07-27,7517.92,ACH
PAY-0002127,INV-002115,2025-02-10,5744.02,ACH
PAY-0002128,INV-002116,2025-12-01,5582.35,Wire
PAY-0002129,INV-002117,2026-01-07,8865.73,Wire
PAY-0002130,INV-002118,2024-05-06,6936.28,ACH
PAY-0002131,INV-002119,2024-09-23,11250.37,Wire
PAY-0002132,INV-002120,2026-01-21,9965.2,ACH
PAY-0002133,INV-002121,2024-08-23,1922.57,Wire
PAY-0002134,INV-002122,2024-04-20,6539.82,Wire
PAY-0002135,INV-002123,2024-12-29,10234.59,Wire
PAY-0002136,INV-002124,2024-06-05,3699.0,ACH
PAY-0002137,INV-002125,2024-06-12,5934.69,ACH
PAY-0002138,INV-002126,2025-09-10,9297.63,Wire
PAY-0002139,INV-002127,2025-12-25,7488.49,Wire
PAY-0002140,INV-002128,2025-10-12,1922.59,Wire
PAY-0002141,INV-002129,2024-05-16,1547.06,ACH
PAY-0002142,INV-002130,2025-07-25,3403.92,ACH
PAY-0002143,INV-002131,2025-12-16,3878.82,ACH
PAY-0002144,INV-002132,2025-05-03,1486.87,ACH
PAY-0002145,INV-002132,2025-05-15,1341.66,Wire
PAY-0002146,INV-002133,2025-11-28,5813.85,ACH
PAY-0002147,INV-002137,2024-05-11,7663.77,ACH
PAY-0002148,INV-002138,2024-04-20,9821.12,ACH
PAY-0002149,INV-002140,2025-09-04,7880.61,Check
PAY-0002150,INV-002141,2024-11-25,5040.58,Wire
PAY-0002151,INV-002141,2024-12-14,6561.21,Wire
PAY-0002152,INV-002142,2024-04-20,9742.49,ACH
PAY-0002153,INV-002143,2024-10-31,3670.07,ACH
PAY-0002154,INV-002144,2024-02-14,4692.74,ACH
PAY-0002155,INV-002145,2024-04-01,9620.62,ACH
PAY-0002156,INV-002146,2025-11-07,4252.38,ACH
PAY-0002157,INV-002147,2025-08-17,7910.31,ACH
PAY-0002158,INV-002149,2025-06-21,2118.87,ACH
PAY-0002159,INV-002149,2025-07-08,2399.43,ACH
PAY-0002160,INV-002150,2025-10-30,5054.1,ACH
PAY-0002161,INV-002151,2025-12-31,6043.88,ACH
PAY-0002162,INV-002152,2025-05-03,10282.11,ACH
PAY-0002163,INV-002153,2025-02-02,3266.0,Check
PAY-0002164,INV-002154,2025-06-05,7086.14,Wire
PAY-0002165,INV-002155,2025-01-04,9620.89,Wire
PAY-0002166,INV-002156,2024-07-15,11012.53,ACH
PAY-0002167,INV-002157,2025-09-04,10553.64,ACH
PAY-0002168,INV-002158,2026-01-10,1996.15,Check
PAY-0002169,INV-002158,2026-01-28,1738.78,ACH
PAY-0002170,INV-002159,2024-05-19,2605.58,ACH
PAY-0002171,INV-002160,2024-03-23,7975.66,ACH
PAY-0002172,INV-002161,2025-11-26,9391.59,ACH
PAY-0002173,INV-002162,2024-02-17,11020.17,Check
PAY-0002174,INV-002163,2024-02-23,3393.1,ACH
PAY-0002175,INV-002164,2025-01-02,11052.95,Wire
PAY-0002176,INV-002165,2025-05-26,6425.58,Wire
PAY-0002177,INV-002166,2025-11-26,9045.32,Wire
PAY-0002178,INV-002167,2025-07-03,2640.36,Wire
PAY-0002179,INV-002168,2024-06-10,1142.47,ACH
PAY-0002180,INV-002169,2025-11-06,1108.62,Wire
PAY-0002181,INV-002170,2024-10-22,2497.57,ACH
PAY-0002182,INV-002171,2024-09-16,3155.27,Wire
PAY-0002183,INV-002172,2025-05-31,3199.6,Wire
PAY-0002184,INV-002173,2025-05-15,2016.12,ACH
PAY-0002185,INV-002174,2024-09-06,2740.91,ACH
PAY-0002186,INV-002176,2025-04-30,3566.14,Check
PAY-0002187,INV-002177,2024-04-27,523.88,Wire
PAY-0002188,INV-002177,2024-05-13,629.15,ACH
PAY-0002189,INV-002178,2025-07-04,2980.47,ACH
PAY-0002190,INV-002179,2024-12-03,3598.3,ACH
PAY-0002191,INV-002180,2024-03-01,992.9,ACH
PAY-0002192,INV-002181,2025-07-07,919.44,ACH
PAY-0002193,INV-002182,2024-12-24,1145.87,Wire
PAY-0002194,INV-002183,2024-09-27,3189.44,Wire
PAY-0002195,INV-002184,2024-02-01,2652.19,Wire
PAY-0002196,INV-002185,2024-11-13,601.86,ACH
PAY-0002197,INV-002186,2025-10-20,979.86,ACH
PAY-0002198,INV-002187,2024-09-30,3564.79,ACH
PAY-0002199,INV-002188,2024-09-17,1704.97,ACH
PAY-0002200,INV-002188,2024-10-06,1472.68,Wire
PAY-0002201,INV-002190,2026-01-05,1052.3,ACH
PAY-0002202,INV-002191,2025-01-16,1840.38,ACH
PAY-0002203,INV-002192,2025-09-06,2507.83,ACH
PAY-0002204,INV-002193,2024-11-22,696.1,ACH
PAY-0002205,INV-002195,2024-08-03,3938.38,Wire
PAY-0002206,INV-002196,2026-02-16,2321.21,Check
PAY-0002207,INV-002197,2025-07-04,2868.58,ACH
PAY-0002208,INV-002198,2024-08-28,1680.95,ACH
PAY-0002209,INV-002200,2024-06-18,1934.46,Wire
PAY-0002210,INV-002201,2025-10-28,3394.48,Wire
PAY-0002211,INV-002203,2024-06-17,2432.94,Wire
PAY-0002212,INV-002204,2025-01-11,2299.73,Wire
PAY-0002213,INV-002206,2025-09-28,1846.49,ACH
PAY-0002214,INV-002207,2025-08-24,2379.53,Wire
PAY-0002215,INV-002210,2025-11-05,1392.48,ACH
PAY-0002216,INV-002210,2025-11-20,1266.67,Check
PAY-0002217,INV-002211,2025-10-17,843.08,ACH
PAY-0002218,INV-002212,2024-02-25,1527.55,ACH
PAY-0002219,INV-002213,2025-07-07,3279.98,Wire
PAY-0002220,INV-002214,2025-09-04,3313.14,ACH
PAY-0002221,INV-002215,2025-09-05,3757.48,ACH
PAY-0002222,INV-002216,2024-04-20,1362.3,Check
PAY-0002223,INV-002217,2025-05-05,1897.9,Wire
PAY-0002224,INV-002218,2025-02-13,3516.4,ACH
PAY-0002225,INV-002219,2025-12-28,2514.16,Check
PAY-0002226,INV-002220,2025-08-30,1606.36,ACH
PAY-0002227,INV-002221,2025-03-18,1197.69,ACH
PAY-0002228,INV-002222,2024-05-25,1704.6,ACH
PAY-0002229,INV-002223,2024-07-08,1475.92,ACH
PAY-0002230,INV-002224,2025-01-12,764.17,Check
PAY-0002231,INV-002225,2025-02-26,980.26,ACH
PAY-0002232,INV-002226,2024-03-02,2083.87,Check
PAY-0002233,INV-002227,2025-08-30,3088.43,ACH
PAY-0002234,INV-002228,2024-12-11,1026.51,ACH
PAY-0002235,INV-002228,2025-01-02,1255.55,Check
PAY-0002236,INV-002229,2024-08-30,1302.15,ACH
PAY-0002237,INV-002230,2025-02-21,3743.03,ACH
PAY-0002238,INV-002233,2025-09-12,2290.45,ACH
PAY-0002239,INV-002234,2024-03-12,1663.57,Wire
PAY-0002240,INV-002235,2025-05-19,1859.38,ACH
PAY-0002241,INV-002236,2026-01-05,3216.41,ACH
PAY-0002242,INV-002237,2024-05-18,3144.64,ACH
PAY-0002243,INV-002238,2025-05-29,1763.4,Check
PAY-0002244,INV-002239,2025-05-20,10337.91,ACH
PAY-0002245,INV-002240,2025-08-19,3993.42,ACH
PAY-0002246,INV-002241,2024-08-18,8671.1,Check
PAY-0002247,INV-002242,2025-09-15,3802.95,Wire
PAY-0002248,INV-002243,2024-05-22,1789.08,Wire
PAY-0002249,INV-002243,2024-06-01,1510.96,ACH
PAY-0002250,INV-002244,2024-03-07,8828.75,ACH
PAY-0002251,INV-002245,2025-07-31,4797.08,ACH
PAY-0002252,INV-002246,2025-04-20,8612.44,ACH
PAY-0002253,INV-002247,2024-07-06,10717.36,ACH
PAY-0002254,INV-002248,2024-04-23,8737.38,ACH
PAY-0002255,INV-002249,2024-10-04,1167.68,Wire
PAY-0002256,INV-002249,2024-10-15,1214.21,ACH
PAY-0002257,INV-002250,2024-01-29,2654.78,Wire
PAY-0002258,INV-002251,2024-07-19,8806.57,ACH
PAY-0002259,INV-002252,2025-08-06,1794.06,Check
PAY-0002260,INV-002253,2025-05-15,10770.72,ACH
PAY-0002261,INV-002254,2025-03-03,7324.26,ACH
PAY-0002262,INV-002255,2025-10-18,8380.92,ACH
PAY-0002263,INV-002257,2024-12-29,3457.26,ACH
PAY-0002264,INV-002258,2025-05-17,7621.57,ACH
PAY-0002265,INV-002259,2025-10-29,5805.16,ACH
PAY-0002266,INV-002259,2025-11-13,5371.66,ACH
PAY-0002267,INV-002260,2024-03-24,7899.96,ACH
PAY-0002268,INV-002262,2025-03-03,5296.39,ACH
PAY-0002269,INV-002262,2025-03-23,6350.71,Wire
PAY-0002270,INV-002263,2024-08-03,11806.9,ACH
PAY-0002271,INV-002264,2024-02-11,9497.65,ACH
PAY-0002272,INV-002265,2025-01-05,9300.22,ACH
PAY-0002273,INV-002266,2024-06-12,8654.77,ACH
PAY-0002274,INV-002267,2025-03-08,1997.17,Check
PAY-0002275,INV-002269,2025-12-26,4930.94,ACH
PAY-0002276,INV-002270,2024-09-02,4153.91,Wire
PAY-0002277,INV-002270,2024-09-12,5480.69,ACH
PAY-0002278,INV-002271,2025-02-15,3634.48,Wire
PAY-0002279,INV-002272,2026-01-27,11085.02,ACH
PAY-0002280,INV-002273,2025-11-30,3894.81,ACH
PAY-0002281,INV-002274,2025-10-08,11035.62,Wire
PAY-0002282,INV-002275,2024-03-13,3520.99,Check
PAY-0002283,INV-002276,2024-04-10,6381.05,Wire
PAY-0002284,INV-002277,2025-05-09,5942.05,ACH
PAY-0002285,INV-002278,2025-11-10,6945.07,ACH
PAY-0002286,INV-002278,2025-11-30,4653.26,Check
PAY-0002287,INV-002279,2025-08-05,3136.53,ACH
PAY-0002288,INV-002280,2024-07-23,1848.47,Check
PAY-0002289,INV-002281,2025-01-21,9721.38,ACH
PAY-0002290,INV-002282,2025-09-12,10301.67,ACH
PAY-0002291,INV-002283,2024-07-04,9849.16,Wire
PAY-0002292,INV-002284,2025-11-19,6603.04,Check
PAY-0002293,INV-002285,2025-05-20,11163.15,ACH
PAY-0002294,INV-002286,2025-04-22,9021.48,Wire
PAY-0002295,INV-002287,2024-11-03,4921.27,ACH
PAY-0002296,INV-002288,2025-05-14,11890.26,ACH
PAY-0002297,INV-002289,2024-09-25,11277.86,ACH
PAY-0002298,INV-002290,2025-05-09,4534.32,ACH
PAY-0002299,INV-002291,2025-06-29,8524.62,ACH
PAY-0002300,INV-002292,2025-02-20,7237.9,ACH
PAY-0002301,INV-002293,2025-01-10,4300.26,ACH
PAY-0002302,INV-002293,2025-01-26,4541.27,Wire
PAY-0002303,INV-002294,2024-03-07,1828.35,ACH
PAY-0002304,INV-002295,2026-01-07,11728.83,ACH
PAY-0002305,INV-002296,2025-03-31,8547.45,ACH
PAY-0002306,INV-002298,2024-10-15,1611.38,ACH
PAY-0002307,INV-002299,2025-05-26,9801.37,Wire
PAY-0002308,INV-002300,2025-12-01,3605.35,ACH
PAY-0002309,INV-002301,2025-02-11,10205.89,ACH
PAY-0002310,INV-002302,2024-08-17,4558.68,ACH
PAY-0002311,INV-002303,2024-07-17,6622.46,ACH
PAY-0002312,INV-002304,2024-07-09,6085.42,Wire
PAY-0002313,INV-002305,2024-09-07,10771.0,ACH
PAY-0002314,INV-002306,2024-02-02,6569.58,ACH
PAY-0002315,INV-002307,2025-10-17,8001.07,ACH
PAY-0002316,INV-002308,2025-09-13,1930.46,ACH
PAY-0002317,INV-002309,2024-11-04,5944.97,ACH
PAY-0002318,INV-002310,2026-01-07,21123.07,Check
PAY-0002319,INV-002311,2024-09-06,10438.88,ACH
PAY-0002320,INV-002312,2025-07-20,10120.49,Wire
PAY-0002321,INV-002313,2024-11-28,29547.78,ACH
PAY-0002322,INV-002314,2025-06-04,29568.1,ACH
PAY-0002323,INV-002315,2025-05-10,9972.87,ACH
PAY-0002324,INV-002316,2025-09-13,7410.59,Wire
PAY-0002325,INV-002317,2024-08-17,13922.08,ACH
PAY-0002326,INV-002318,2024-05-20,6586.12,Wire
PAY-0002327,INV-002318,2024-05-30,9414.64,ACH
PAY-0002328,INV-002319,2025-04-03,20912.41,ACH
PAY-0002329,INV-002320,2024-12-17,10025.57,ACH
PAY-0002330,INV-002321,2024-06-19,7335.75,Check
PAY-0002331,INV-002324,2025-12-09,7361.95,ACH
PAY-0002332,INV-002325,2025-03-24,22656.48,ACH
PAY-0002333,INV-002327,2024-03-19,11580.36,ACH
PAY-0002334,INV-002328,2025-11-19,29805.54,ACH
PAY-0002335,INV-002329,2025-06-25,26547.26,ACH
PAY-0002336,INV-002330,2025-08-30,9162.21,ACH
PAY-0002337,INV-002331,2024-03-08,4753.28,ACH
PAY-0002338,INV-002331,2024-03-26,4755.01,ACH
PAY-0002339,INV-002332,2024-05-24,28227.76,ACH
PAY-0002340,INV-002333,2024-04-26,22733.44,ACH
PAY-0002341,INV-002334,2025-07-23,20380.84,ACH
PAY-0002342,INV-002335,2024-08-06,6194.6,Wire
PAY-0002343,INV-002336,2025-04-27,31658.3,Wire
PAY-0002344,INV-002337,2025-09-08,19529.11,ACH
PAY-0002345,INV-002338,2025-08-09,27734.21,Wire
PAY-0002346,INV-002339,2024-04-22,14912.08,ACH
PAY-0002347,INV-002340,2025-08-13,20265.4,ACH
PAY-0002348,INV-002341,2025-04-26,10521.78,Wire
PAY-0002349,INV-002342,2024-09-22,12337.75,ACH
PAY-0002350,INV-002344,2024-09-14,12883.11,Wire
PAY-0002351,INV-002345,2024-05-16,5869.3,ACH
PAY-0002352,INV-002346,2025-05-31,27122.35,ACH
PAY-0002353,INV-002347,2024-11-18,13657.95,Wire
PAY-0002354,INV-002348,2024-08-20,21128.83,Wire
PAY-0002355,INV-002349,2024-05-11,22645.64,ACH
PAY-0002356,INV-002350,2024-12-02,13064.47,ACH
PAY-0002357,INV-002351,2024-11-16,6195.98,ACH
PAY-0002358,INV-002352,2024-12-25,28080.52,Wire
PAY-0002359,INV-002353,2024-05-30,3428.66,Wire
PAY-0002360,INV-002353,2024-06-23,3485.85,ACH
PAY-0002361,INV-002354,2024-12-03,9965.58,ACH
PAY-0002362,INV-002355,2025-04-07,6052.77,Wire
PAY-0002363,INV-002356,2024-07-10,23002.41,ACH
PAY-0002364,INV-002357,2025-11-06,6023.76,Check
PAY-0002365,INV-002358,2025-11-04,27596.39,Wire
PAY-0002366,INV-002359,2024-03-17,12900.1,ACH
PAY-0002367,INV-002360,2025-08-02,9630.03,Wire
PAY-0002368,INV-002360,2025-08-19,11996.29,ACH
PAY-0002369,INV-002361,2024-07-08,15963.99,ACH
PAY-0002370,INV-002361,2024-07-26,13790.24,ACH
PAY-0002371,INV-002362,2025-02-11,16785.16,Wire
PAY-0002372,INV-002363,2024-12-12,17380.82,ACH
PAY-0002373,INV-002364,2025-03-01,11608.5,ACH
PAY-0002374,INV-002365,2024-04-25,8023.27,ACH
PAY-0002375,INV-002366,2025-07-31,6442.25,Wire
PAY-0002376,INV-002367,2024-04-23,30254.24,Wire
PAY-0002377,INV-002368,2025-05-18,20515.34,Wire
PAY-0002378,INV-002369,2024-10-13,24730.58,ACH
PAY-0002379,INV-002371,2025-08-04,5578.84,ACH
PAY-0002380,INV-002371,2025-08-25,8144.56,ACH
PAY-0002381,INV-002372,2024-05-15,18338.74,ACH
PAY-0002382,INV-002374,2025-02-27,20879.01,ACH
PAY-0002383,INV-002375,2024-11-16,28610.0,ACH
PAY-0002384,INV-002376,2024-04-19,17402.35,ACH
PAY-0002385,INV-002377,2026-02-17,26529.08,ACH
PAY-0002386,INV-002378,2025-09-02,14430.15,ACH
PAY-0002387,INV-002379,2024-10-21,20875.3,ACH
PAY-0002388,INV-002380,2024-11-09,6931.55,ACH
PAY-0002389,INV-002381,2024-11-03,8526.85,Check
PAY-0002390,INV-002382,2025-11-21,25404.28,ACH
PAY-0002391,INV-002383,2025-09-10,9412.46,ACH
PAY-0002392,INV-002383,2025-10-02,11132.79,ACH
PAY-0002393,INV-002384,2025-02-15,12769.16,ACH
PAY-0002394,INV-002385,2024-03-11,8691.64,ACH
PAY-0002395,INV-002385,2024-03-29,9638.01,Wire
PAY-0002396,INV-002386,2024-03-24,16773.33,ACH
PAY-0002397,INV-002387,2025-05-28,4960.33,ACH
PAY-0002398,INV-002387,2025-06-17,6452.79,ACH
PAY-0002399,INV-002388,2024-06-27,30538.05,ACH
PAY-0002400,INV-002389,2026-02-27,24349.05,ACH
PAY-0002401,INV-002390,2024-10-01,12147.7,ACH
PAY-0002402,INV-002391,2025-09-17,5927.94,Wire
PAY-0002403,INV-002392,2025-07-26,21606.28,Wire
PAY-0002404,INV-002393,2025-04-20,13947.61,ACH
PAY-0002405,INV-002394,2025-03-24,15623.97,ACH
PAY-0002406,INV-002395,2024-09-24,24364.05,ACH
PAY-0002407,INV-002396,2024-05-01,3237.76,ACH
PAY-0002408,INV-002396,2024-05-24,2553.17,ACH
PAY-0002409,INV-002397,2024-04-10,23188.1,Check
PAY-0002410,INV-002398,2025-01-31,21796.28,ACH
PAY-0002411,INV-002399,2025-03-09,22618.21,ACH
PAY-0002412,INV-002400,2024-06-18,16281.11,ACH
PAY-0002413,INV-002401,2024-10-04,5827.81,ACH
PAY-0002414,INV-002402,2024-07-12,12006.18,Wire
PAY-0002415,INV-002403,2024-10-15,29315.98,Check
PAY-0002416,INV-002404,2025-03-25,14743.89,ACH
PAY-0002417,INV-002405,2025-09-02,10699.18,ACH
PAY-0002418,INV-002405,2025-09-13,12890.65,ACH
PAY-0002419,INV-002406,2025-12-11,28650.22,Check
PAY-0002420,INV-002407,2025-04-19,20030.78,ACH
PAY-0002421,INV-002408,2025-06-26,20443.53,ACH
PAY-0002422,INV-002409,2026-02-19,19625.01,ACH
PAY-0002423,INV-002410,2024-07-26,19252.6,ACH
PAY-0002424,INV-002411,2024-04-08,9894.88,ACH
PAY-0002425,INV-002411,2024-04-24,13025.4,ACH
PAY-0002426,INV-002412,2025-01-05,17606.9,ACH
PAY-0002427,INV-002413,2024-10-23,31002.1,ACH
PAY-0002428,INV-002414,2024-11-27,19493.92,ACH
PAY-0002429,INV-002415,2024-11-20,6537.73,ACH
PAY-0002430,INV-002416,2025-08-05,31034.0,ACH
PAY-0002431,INV-002417,2025-12-26,26202.96,ACH
PAY-0002432,INV-002418,2024-08-26,20274.65,ACH
PAY-0002433,INV-002419,2025-10-18,26003.34,ACH
PAY-0002434,INV-002420,2025-10-02,22189.67,ACH
PAY-0002435,INV-002421,2024-12-30,12213.98,ACH
PAY-0002436,INV-002422,2024-10-11,31645.27,ACH
PAY-0002437,INV-002423,2024-05-05,28861.52,Wire
PAY-0002438,INV-002425,2024-02-26,19508.62,ACH
PAY-0002439,INV-002426,2025-03-22,12254.23,ACH
PAY-0002440,INV-002428,2024-04-22,11607.83,ACH
PAY-0002441,INV-002429,2024-05-15,18632.05,ACH
PAY-0002442,INV-002430,2025-08-15,6234.62,Check
PAY-0002443,INV-002431,2025-11-03,9102.99,ACH
PAY-0002444,INV-002432,2024-12-12,17212.48,ACH
PAY-0002445,INV-002433,2025-02-20,31512.08,ACH
PAY-0002446,INV-002434,2024-09-28,16117.64,ACH
PAY-0002447,INV-002435,2025-10-01,13614.19,ACH
PAY-0002448,INV-002436,2025-11-17,15079.23,ACH
PAY-0002449,INV-002437,2025-02-05,20304.12,ACH
PAY-0002450,INV-002438,2024-10-17,28867.17,Wire
PAY-0002451,INV-002439,2026-02-06,22462.92,ACH
PAY-0002452,INV-002440,2025-10-10,10286.16,ACH
PAY-0002453,INV-002441,2024-04-29,29526.33,ACH
PAY-0002454,INV-002442,2024-09-13,14171.32,Wire
PAY-0002455,INV-002443,2024-07-28,26507.96,ACH
PAY-0002456,INV-002444,2025-07-10,13693.54,ACH
PAY-0002457,INV-002445,2025-02-14,14009.57,Check
PAY-0002458,INV-002445,2025-02-25,11868.48,ACH
PAY-0002459,INV-002446,2025-05-14,25154.41,Wire
PAY-0002460,INV-002447,2025-10-14,14981.97,Check
PAY-0002461,INV-002448,2025-03-30,13912.88,ACH
PAY-0002462,INV-002448,2025-04-09,11332.78,ACH
PAY-0002463,INV-002449,2025-03-11,17621.0,Wire
PAY-0002464,INV-002449,2025-04-03,13920.44,Wire
PAY-0002465,INV-002450,2024-06-30,30552.31,ACH
PAY-0002466,INV-002451,2025-11-12,25419.96,ACH
PAY-0002467,INV-002452,2025-09-29,19289.9,ACH
PAY-0002468,INV-002453,2026-02-22,28575.3,ACH
PAY-0002469,INV-002454,2025-08-25,11787.1,ACH
PAY-0002470,INV-002455,2026-02-20,17399.41,Wire
PAY-0002471,INV-002456,2025-11-15,16620.6,ACH
PAY-0002472,INV-002457,2025-09-14,18398.35,ACH
PAY-0002473,INV-002459,2025-09-29,24671.26,ACH
PAY-0002474,INV-002460,2024-08-24,19077.66,Wire
PAY-0002475,INV-002461,2024-06-23,12853.75,ACH
PAY-0002476,INV-002462,2026-02-09,24588.65,ACH
PAY-0002477,INV-002463,2024-10-16,28595.94,ACH
PAY-0002478,INV-002464,2025-09-10,16032.33,ACH
PAY-0002479,INV-002465,2025-09-07,23219.5,Wire
PAY-0002480,INV-002466,2025-03-22,9579.85,ACH
PAY-0002481,INV-002467,2024-12-26,24694.99,ACH
PAY-0002482,INV-002468,2026-01-16,27769.17,ACH
PAY-0002483,INV-002469,2025-09-28,6061.63,ACH
PAY-0002484,INV-002470,2025-09-01,10732.68,ACH
PAY-0002485,INV-002471,2025-09-18,30747.29,Wire
PAY-0002486,INV-002472,2024-11-07,24276.8,ACH
PAY-0002487,INV-002473,2025-04-24,14470.34,ACH
PAY-0002488,INV-002474,2024-09-21,18241.08,Wire
PAY-0002489,INV-002476,2025-11-10,22062.19,Wire
PAY-0002490,INV-002477,2025-08-16,22126.03,ACH
PAY-0002491,INV-002478,2025-02-19,17749.31,Wire
PAY-0002492,INV-002480,2025-03-05,19240.55,Wire
PAY-0002493,INV-002481,2024-08-07,24593.31,ACH
PAY-0002494,INV-002484,2025-01-13,30736.07,Wire
PAY-0002495,INV-002485,2025-01-17,9453.56,ACH
PAY-0002496,INV-002486,2024-11-11,27914.05,ACH
PAY-0002497,INV-002487,2025-06-14,11661.1,ACH
PAY-0002498,INV-002487,2025-07-02,15081.21,ACH
PAY-0002499,INV-002488,2025-05-24,15880.99,ACH
PAY-0002500,INV-002489,2024-08-30,21247.64,ACH
PAY-0002501,INV-002490,2025-03-15,20459.27,Wire
PAY-0002502,INV-002491,2025-05-11,20690.99,ACH
PAY-0002503,INV-002492,2025-07-14,22498.35,ACH
PAY-0002504,INV-002493,2025-08-07,5593.21,ACH
PAY-0002505,INV-002494,2025-08-09,28223.98,ACH
PAY-0002506,INV-002495,2025-03-01,21097.21,Wire
PAY-0002507,INV-002497,2026-01-02,18808.96,ACH
PAY-0002508,INV-002498,2025-01-28,22369.76,Wire
PAY-0002509,INV-002499,2026-01-14,14410.76,ACH
PAY-0002510,INV-002500,2025-10-03,18425.95,Check
PAY-0002511,INV-002501,2024-09-16,31580.45,ACH
PAY-0002512,INV-002502,2026-01-15,24692.33,Wire
PAY-0002513,INV-002503,2025-06-01,14210.3,ACH
PAY-0002514,INV-002504,2024-12-20,10568.16,ACH
PAY-0002515,INV-002505,2025-10-17,15093.68,ACH
PAY-0002516,INV-002506,2025-12-05,29736.08,ACH
PAY-0002517,INV-002507,2025-03-13,16915.4,Wire
PAY-0002518,INV-002508,2024-04-16,26681.52,ACH
PAY-0002519,INV-002509,2025-01-04,29316.94,ACH
PAY-0002520,INV-002510,2025-01-19,27492.34,ACH
PAY-0002521,INV-002511,2024-12-13,10892.67,Wire
PAY-0002522,INV-002512,2026-02-09,26819.21,ACH
PAY-0002523,INV-002513,2025-12-18,18269.05,ACH
PAY-0002524,INV-002513,2025-12-28,12990.87,ACH
PAY-0002525,INV-002514,2024-05-05,10817.24,ACH
PAY-0002526,INV-002515,2025-10-24,29153.07,ACH
PAY-0002527,INV-002516,2025-03-01,29523.79,Wire
PAY-0002528,INV-002517,2024-08-30,18457.93,Wire
PAY-0002529,INV-002518,2025-11-08,20757.53,ACH
PAY-0002530,INV-002519,2024-05-03,7072.7,Wire
PAY-0002531,INV-002520,2025-12-18,18199.65,Wire
PAY-0002532,INV-002521,2024-12-20,23408.14,ACH
PAY-0002533,INV-002522,2025-03-04,13966.03,ACH
PAY-0002534,INV-002523,2025-09-04,4458.89,Wire
PAY-0002535,INV-002523,2025-09-28,6049.34,ACH
PAY-0002536,INV-002524,2025-08-29,12604.55,ACH
PAY-0002537,INV-002526,2025-06-04,27265.05,Wire
PAY-0002538,INV-002527,2025-08-18,19315.99,Check
PAY-0002539,INV-002528,2025-12-27,16376.64,ACH
PAY-0002540,INV-002530,2024-05-14,7787.67,ACH
PAY-0002541,INV-002530,2024-05-30,7438.62,Check
PAY-0002542,INV-002531,2024-07-13,13035.61,ACH
PAY-0002543,INV-002531,2024-08-06,13757.81,Check
PAY-0002544,INV-002532,2025-12-02,26936.31,ACH
PAY-0002545,INV-002533,2024-06-24,20125.2,Wire
PAY-0002546,INV-002534,2024-04-26,27411.77,Check
PAY-0002547,INV-002535,2025-09-20,9592.2,Wire
PAY-0002548,INV-002536,2025-05-09,17679.98,Wire
PAY-0002549,INV-002537,2025-08-27,10390.81,Wire
PAY-0002550,INV-002538,2024-07-15,26456.35,Check
PAY-0002551,INV-002539,2024-03-30,11370.7,ACH
PAY-0002552,INV-002540,2025-11-26,15126.11,ACH
PAY-0002553,INV-002541,2025-09-08,31265.95,ACH
PAY-0002554,INV-002543,2026-02-21,30873.71,ACH
PAY-0002555,INV-002544,2024-11-20,17975.61,Wire
PAY-0002556,INV-002545,2025-12-03,17110.98,ACH
PAY-0002557,INV-002546,2024-05-01,20922.92,Check
PAY-0002558,INV-002547,2025-10-22,3228.86,Wire
PAY-0002559,INV-002547,2025-11-12,2849.19,Check
PAY-0002560,INV-002548,2024-07-29,21875.61,Wire
PAY-0002561,INV-002549,2024-11-25,6626.34,Wire
PAY-0002562,INV-002549,2024-12-14,5016.61,Wire
PAY-0002563,INV-002550,2025-06-09,10742.31,ACH
PAY-0002564,INV-002551,2025-05-23,5945.85,Wire
PAY-0002565,INV-002553,2025-10-09,21995.92,Wire
PAY-0002566,INV-002554,2025-07-13,22739.02,ACH
PAY-0002567,INV-002555,2024-09-23,26671.02,ACH
PAY-0002568,INV-002556,2025-10-09,27899.68,Wire
PAY-0002569,INV-002557,2025-12-23,22308.14,Wire
PAY-0002570,INV-002558,2025-12-09,20410.76,ACH
PAY-0002571,INV-002559,2024-04-24,10502.43,ACH
PAY-0002572,INV-002560,2026-01-10,11053.66,ACH
PAY-0002573,INV-002561,2025-08-24,8159.8,ACH
PAY-0002574,INV-002561,2025-09-16,11584.67,ACH
PAY-0002575,INV-002562,2024-06-29,11389.7,ACH
PAY-0002576,INV-002563,2024-07-30,22356.24,Wire
PAY-0002577,INV-002564,2025-01-25,19185.02,Check
PAY-0002578,INV-002565,2025-08-07,28259.09,ACH
PAY-0002579,INV-002566,2025-12-23,27449.24,ACH
PAY-0002580,INV-002567,2024-12-15,14784.49,ACH
PAY-0002581,INV-002567,2025-01-04,14855.78,Wire
PAY-0002582,INV-002568,2025-03-02,11776.27,Wire
PAY-0002583,INV-002569,2026-01-24,9585.15,ACH
PAY-0002584,INV-002570,2025-09-28,7632.53,ACH
PAY-0002585,INV-002570,2025-10-12,8439.89,Check
PAY-0002586,INV-002572,2024-10-15,16887.83,ACH
PAY-0002587,INV-002573,2025-02-19,5979.38,ACH
PAY-0002588,INV-002574,2026-01-06,14895.96,ACH
PAY-0002589,INV-002576,2025-01-23,9656.26,ACH
PAY-0002590,INV-002577,2025-02-15,31000.47,ACH
PAY-0002591,INV-002579,2024-07-30,23366.66,ACH
PAY-0002592,INV-002580,2025-07-14,5613.03,ACH
PAY-0002593,INV-002580,2025-08-07,6626.93,ACH
PAY-0002594,INV-002582,2025-03-15,9397.55,ACH
PAY-0002595,INV-002583,2024-12-02,28710.89,ACH
PAY-0002596,INV-002584,2025-07-30,25291.93,ACH
PAY-0002597,INV-002585,2024-05-26,5829.63,ACH
PAY-0002598,INV-002586,2025-11-07,20344.24,Wire
PAY-0002599,INV-002587,2025-04-20,24675.15,ACH
PAY-0002600,INV-002588,2024-04-12,20039.18,ACH
PAY-0002601,INV-002589,2026-01-25,21364.41,ACH
PAY-0002602,INV-002590,2025-08-29,8343.5,Wire
PAY-0002603,INV-002590,2025-09-09,5705.63,ACH
PAY-0002604,INV-002591,2024-07-23,25293.75,ACH
PAY-0002605,INV-002592,2025-08-13,13618.7,ACH
PAY-0002606,INV-002593,2025-12-01,11688.88,Wire
PAY-0002607,INV-002594,2026-01-05,14730.76,ACH
PAY-0002608,INV-002595,2025-05-17,18391.39,ACH
PAY-0002609,INV-002596,2025-08-06,10401.33,Wire
PAY-0002610,INV-002597,2026-02-16,17883.8,ACH
PAY-0002611,INV-002598,2025-05-29,25725.07,ACH
PAY-0002612,INV-002599,2025-09-02,22581.12,ACH
PAY-0002613,INV-002600,2025-09-30,8916.17,ACH
PAY-0002614,INV-002601,2024-04-23,18014.4,ACH
PAY-0002615,INV-002602,2025-12-21,10870.42,ACH
PAY-0002616,INV-002603,2025-12-16,24441.39,ACH
PAY-0002617,INV-002604,2024-05-08,16873.75,Wire
PAY-0002618,INV-002605,2024-04-17,9187.53,ACH
PAY-0002619,INV-002606,2024-03-11,22232.27,ACH
PAY-0002620,INV-002608,2024-12-12,13291.22,ACH
PAY-0002621,INV-002608,2024-12-23,11490.12,ACH
PAY-0002622,INV-002609,2024-12-01,17958.83,ACH
PAY-0002623,INV-002610,2024-10-23,18526.91,ACH
PAY-0002624,INV-002613,2024-07-06,16801.41,Wire
PAY-0002625,INV-002614,2025-07-15,23553.69,ACH
PAY-0002626,INV-002615,2025-02-08,16074.44,ACH
PAY-0002627,INV-002616,2024-08-15,8810.83,ACH
PAY-0002628,INV-002618,2024-10-10,13572.48,ACH
PAY-0002629,INV-002619,2024-07-06,9809.52,ACH
PAY-0002630,INV-002619,2024-07-18,9955.07,Wire
PAY-0002631,INV-002620,2024-08-12,30220.07,ACH
PAY-0002632,INV-002621,2024-05-16,10466.83,ACH
PAY-0002633,INV-002621,2024-06-09,15615.46,ACH
PAY-0002634,INV-002622,2025-03-09,9386.27,ACH
PAY-0002635,INV-002622,2025-03-27,10265.39,ACH
PAY-0002636,INV-002623,2024-05-09,6820.44,ACH
PAY-0002637,INV-002624,2025-07-07,14912.13,ACH
PAY-0002638,INV-002625,2025-01-21,10467.47,ACH
PAY-0002639,INV-002626,2025-05-18,28593.24,ACH
PAY-0002640,INV-002627,2026-01-19,15688.46,ACH
PAY-0002641,INV-002627,2026-01-31,11157.98,ACH
PAY-0002642,INV-002628,2024-11-09,20849.12,ACH
PAY-0002643,INV-002629,2024-08-30,21458.14,ACH
PAY-0002644,INV-002630,2026-01-02,8780.69,ACH
PAY-0002645,INV-002631,2024-07-19,6637.55,ACH
PAY-0002646,INV-002632,2024-12-12,23766.94,Wire
PAY-0002647,INV-002633,2025-05-03,26313.15,Check
PAY-0002648,INV-002634,2025-06-13,23738.77,Wire
PAY-0002649,INV-002635,2025-10-27,20728.39,ACH
PAY-0002650,INV-002636,2025-11-05,14055.11,ACH
PAY-0002651,INV-002637,2024-06-25,11795.34,ACH
PAY-0002652,INV-002638,2025-09-18,28208.11,Wire
PAY-0002653,INV-002639,2025-08-31,13656.25,ACH
PAY-0002654,INV-002639,2025-09-19,12510.69,Wire
PAY-0002655,INV-002641,2024-05-17,18531.5,ACH
PAY-0002656,INV-002642,2025-03-09,22612.62,ACH
PAY-0002657,INV-002643,2024-04-17,5289.03,Wire
PAY-0002658,INV-002643,2024-04-30,5902.58,Wire
PAY-0002659,INV-002644,2024-04-19,24058.94,ACH
PAY-0002660,INV-002645,2026-02-20,31629.11,Wire
PAY-0002661,INV-002646,2024-04-20,5487.8,Check
PAY-0002662,INV-002647,2025-04-24,11739.75,ACH
PAY-0002663,INV-002648,2024-06-15,30696.79,ACH
PAY-0002664,INV-002649,2024-08-08,18776.96,ACH
PAY-0002665,INV-002650,2026-02-20,10537.2,Check
PAY-0002666,INV-002651,2024-04-13,6240.98,ACH
PAY-0002667,INV-002652,2025-11-10,24516.15,ACH
PAY-0002668,INV-002653,2026-01-26,29684.25,Wire
PAY-0002669,INV-002654,2026-01-20,18666.59,ACH
PAY-0002670,INV-002655,2024-12-11,22503.45,ACH
PAY-0002671,INV-002656,2025-01-19,18115.02,ACH
PAY-0002672,INV-002658,2024-11-04,9932.6,ACH
PAY-0002673,INV-002660,2024-09-18,22327.15,ACH
PAY-0002674,INV-002661,2024-03-30,14233.43,ACH
PAY-0002675,INV-002662,2024-10-19,31717.84,ACH
PAY-0002676,INV-002663,2024-05-02,25893.3,ACH
PAY-0002677,INV-002664,2025-12-09,16767.33,ACH
PAY-0002678,INV-002665,2025-07-17,9752.89,ACH
PAY-0002679,INV-002666,2024-12-17,14261.64,ACH
PAY-0002680,INV-002667,2024-07-09,26275.2,ACH
PAY-0002681,INV-002668,2024-04-13,12119.85,Wire
PAY-0002682,INV-002669,2025-05-31,16220.12,ACH
PAY-0002683,INV-002670,2025-06-23,22299.8,Wire
PAY-0002684,INV-002671,2025-06-08,30691.31,Wire
PAY-0002685,INV-002672,2024-12-16,10172.58,Wire
PAY-0002686,INV-002672,2025-01-05,11430.19,ACH
PAY-0002687,INV-002673,2025-12-06,31851.04,ACH
PAY-0002688,INV-002674,2025-04-14,11008.95,Wire
PAY-0002689,INV-002675,2024-07-21,5675.98,ACH
PAY-0002690,INV-002676,2025-02-06,30472.54,ACH
PAY-0002691,INV-002677,2025-10-09,24088.92,Wire
PAY-0002692,INV-002678,2024-08-24,21387.53,Wire
PAY-0002693,INV-002679,2024-09-03,27068.35,Wire
PAY-0002694,INV-002680,2025-11-17,29434.46,ACH
PAY-0002695,INV-002681,2025-12-14,16573.43,ACH
PAY-0002696,INV-002683,2026-01-20,11820.73,Wire
PAY-0002697,INV-002684,2025-07-19,21564.9,ACH
PAY-0002698,INV-002685,2024-03-19,19788.32,ACH
PAY-0002699,INV-002686,2025-08-10,6675.22,Wire
PAY-0002700,INV-002687,2024-03-07,13528.85,ACH
PAY-0002701,INV-002687,2024-03-20,17323.42,ACH
PAY-0002702,INV-002688,2024-08-29,26099.0,ACH
PAY-0002703,INV-002689,2025-01-08,7108.89,ACH
PAY-0002704,INV-002689,2025-02-01,6476.46,ACH
PAY-0002705,INV-002690,2024-08-04,20460.67,ACH
PAY-0002706,INV-002691,2025-04-28,29386.58,ACH
PAY-0002707,INV-002692,2025-11-24,5501.0,Wire
PAY-0002708,INV-002693,2024-11-19,15306.91,Wire
PAY-0002709,INV-002693,2024-12-01,11529.13,ACH
PAY-0002710,INV-002695,2025-02-22,15277.9,Wire
PAY-0002711,INV-002696,2024-05-22,31040.4,ACH
PAY-0002712,INV-002697,2026-02-01,15644.53,ACH
PAY-0002713,INV-002698,2024-09-24,25546.01,Wire
PAY-0002714,INV-002699,2024-11-30,29955.33,ACH
PAY-0002715,INV-002700,2024-06-16,18277.9,ACH
PAY-0002716,INV-002702,2024-05-08,2981.98,Wire
PAY-0002717,INV-002702,2024-05-30,4183.01,ACH
PAY-0002718,INV-002703,2024-09-11,3286.55,ACH
PAY-0002719,INV-002705,2024-09-17,1783.19,Check
PAY-0002720,INV-002705,2024-09-27,1706.1,ACH
PAY-0002721,INV-002706,2024-04-16,5245.95,ACH
PAY-0002722,INV-002707,2024-07-29,9330.28,ACH
PAY-0002723,INV-002708,2024-10-20,2151.54,Check
PAY-0002724,INV-002709,2025-08-25,10812.81,ACH
PAY-0002725,INV-002710,2025-12-04,4008.09,Wire
PAY-0002726,INV-002710,2025-12-21,4063.5,Wire
PAY-0002727,INV-002711,2025-08-19,2059.46,Wire
PAY-0002728,INV-002711,2025-09-03,1560.54,ACH
PAY-0002729,INV-002712,2025-09-13,1822.91,ACH
PAY-0002730,INV-002713,2025-10-29,9323.99,ACH
PAY-0002731,INV-002715,2024-04-22,9239.62,Wire
PAY-0002732,INV-002716,2026-01-24,5875.91,ACH
PAY-0002733,INV-002717,2025-12-06,11435.45,Wire
PAY-0002734,INV-002718,2026-01-08,3073.0,ACH
PAY-0002735,INV-002719,2024-12-13,9951.73,ACH
PAY-0002736,INV-002720,2025-01-29,2514.41,ACH
PAY-0002737,INV-002720,2025-02-22,3540.19,ACH
PAY-0002738,INV-002721,2025-10-07,5486.08,ACH
PAY-0002739,INV-002722,2024-12-17,2394.75,Wire
PAY-0002740,INV-002723,2024-05-12,2324.44,ACH
PAY-0002741,INV-002724,2025-12-02,8709.93,Wire
PAY-0002742,INV-002725,2024-02-29,5808.21,Wire
PAY-0002743,INV-002726,2025-10-07,11837.64,ACH
PAY-0002744,INV-002727,2024-08-30,8023.25,Wire
PAY-0002745,INV-002728,2025-05-15,10919.87,Wire
PAY-0002746,INV-002729,2024-07-24,10733.84,Wire
PAY-0002747,INV-002731,2024-04-11,7475.27,ACH
PAY-0002748,INV-002732,2024-10-13,7461.49,Wire
PAY-0002749,INV-002733,2024-10-27,11153.92,ACH
PAY-0002750,INV-002734,2025-04-23,7437.61,ACH
PAY-0002751,INV-002735,2024-10-08,7534.45,Check
PAY-0002752,INV-002737,2024-06-08,5226.69,ACH
PAY-0002753,INV-002738,2025-09-09,4467.88,ACH
PAY-0002754,INV-002739,2025-10-22,3894.92,ACH
PAY-0002755,INV-002740,2025-07-23,3307.76,ACH
PAY-0002756,INV-002741,2025-08-23,9855.68,Wire
PAY-0002757,INV-002742,2025-02-24,3051.1,Wire
PAY-0002758,INV-002743,2024-01-30,4550.28,ACH
PAY-0002759,INV-002744,2024-02-10,11540.1,ACH
PAY-0002760,INV-002745,2025-11-25,4717.81,ACH
PAY-0002761,INV-002746,2024-09-05,6455.32,Wire
PAY-0002762,INV-002747,2025-08-30,3131.39,ACH
PAY-0002763,INV-002748,2025-09-28,3064.94,ACH
PAY-0002764,INV-002749,2025-12-21,1247.31,Wire
PAY-0002765,INV-002749,2026-01-03,849.53,ACH
PAY-0002766,INV-002750,2024-10-16,6232.23,ACH
PAY-0002767,INV-002751,2025-07-04,11554.85,ACH
PAY-0002768,INV-002752,2024-09-01,10638.44,ACH
PAY-0002769,INV-002753,2024-04-28,4517.49,ACH
PAY-0002770,INV-002754,2025-07-14,5647.24,ACH
PAY-0002771,INV-002755,2025-06-04,3598.99,ACH
PAY-0002772,INV-002756,2025-02-10,8407.4,ACH
PAY-0002773,INV-002757,2025-08-23,4628.47,ACH
PAY-0002774,INV-002758,2025-12-16,10017.28,Wire
PAY-0002775,INV-002759,2024-07-15,5396.0,ACH
PAY-0002776,INV-002759,2024-07-27,6146.21,ACH
PAY-0002777,INV-002760,2024-08-07,6021.73,ACH
PAY-0002778,INV-002760,2024-08-25,5425.39,ACH
PAY-0002779,INV-002761,2025-12-02,5873.18,ACH
PAY-0002780,INV-002761,2025-12-26,5514.62,Check
PAY-0002781,INV-002762,2025-03-25,4711.23,ACH
PAY-0002782,INV-002763,2025-07-03,6928.49,Wire
PAY-0002783,INV-002764,2025-12-10,4395.61,ACH
PAY-0002784,INV-002765,2024-02-17,1329.86,ACH
PAY-0002785,INV-002765,2024-02-27,1046.64,ACH
PAY-0002786,INV-002766,2025-08-08,1160.95,ACH
PAY-0002787,INV-002766,2025-08-28,870.83,Check
PAY-0002788,INV-002768,2024-11-17,9521.53,ACH
PAY-0002789,INV-002769,2024-12-01,6059.73,Wire
PAY-0002790,INV-002770,2025-02-03,7164.91,ACH
PAY-0002791,INV-002771,2024-12-06,4337.15,Wire
PAY-0002792,INV-002772,2024-04-12,10954.32,ACH
PAY-0002793,INV-002773,2025-02-18,7798.21,ACH
PAY-0002794,INV-002774,2024-11-20,11465.68,ACH
PAY-0002795,INV-002775,2025-06-08,4282.42,ACH
PAY-0002796,INV-002776,2024-04-07,9470.08,Check
PAY-0002797,INV-002777,2025-06-13,7445.01,Wire
PAY-0002798,INV-002778,2024-03-11,10759.86,ACH
PAY-0002799,INV-002779,2024-05-16,9626.59,ACH
PAY-0002800,INV-002781,2025-01-17,11660.45,ACH
PAY-0002801,INV-002783,2025-08-05,2426.46,ACH
PAY-0002802,INV-002784,2025-02-26,5976.52,Wire
PAY-0002803,INV-002785,2024-06-08,6337.79,Wire
PAY-0002804,INV-002786,2024-07-02,1933.3,ACH
PAY-0002805,INV-002787,2025-04-27,3183.77,Check
PAY-0002806,INV-002788,2024-08-23,7966.27,ACH
PAY-0002807,INV-002789,2025-06-16,952.82,Check
PAY-0002808,INV-002789,2025-06-28,1073.95,ACH
PAY-0002809,INV-002790,2024-07-07,11549.09,ACH
PAY-0002810,INV-002791,2026-02-20,2957.84,ACH
PAY-0002811,INV-002792,2024-09-10,10602.91,ACH
PAY-0002812,INV-002793,2025-11-05,8119.56,ACH
PAY-0002813,INV-002794,2025-09-03,9490.58,ACH
PAY-0002814,INV-002795,2025-02-02,3154.7,ACH
PAY-0002815,INV-002796,2026-01-14,1621.34,ACH
PAY-0002816,INV-002797,2025-02-09,3951.92,ACH
PAY-0002817,INV-002797,2025-03-01,4296.37,Check
PAY-0002818,INV-002798,2024-05-22,8538.95,ACH
PAY-0002819,INV-002799,2025-01-24,11457.43,ACH
PAY-0002820,INV-002800,2025-05-22,6602.68,ACH
PAY-0002821,INV-002801,2024-05-12,11107.97,ACH
PAY-0002822,INV-002802,2026-01-17,9349.45,Wire
PAY-0002823,INV-002803,2025-09-04,5529.28,ACH
PAY-0002824,INV-002804,2024-11-02,10059.66,Wire
PAY-0002825,INV-002805,2025-08-15,8049.08,ACH
PAY-0002826,INV-002806,2025-09-12,11405.49,ACH
PAY-0002827,INV-002808,2025-04-26,10836.87,ACH
PAY-0002828,INV-002809,2025-03-30,9509.03,Wire
PAY-0002829,INV-002810,2024-06-10,1119.41,Wire
PAY-0002830,INV-002810,2024-06-27,1341.88,ACH
PAY-0002831,INV-002811,2025-07-11,2141.12,ACH
PAY-0002832,INV-002811,2025-07-21,2049.43,ACH
PAY-0002833,INV-002812,2025-10-25,8625.32,ACH
PAY-0002834,INV-002813,2025-02-05,2249.99,Wire
PAY-0002835,INV-002814,2025-09-12,11826.6,Check
PAY-0002836,INV-002815,2026-01-12,9688.78,ACH
PAY-0002837,INV-002816,2025-04-24,9381.83,ACH
PAY-0002838,INV-002818,2025-02-18,4410.86,Check
PAY-0002839,INV-002820,2024-08-26,6387.9,ACH
PAY-0002840,INV-002821,2024-10-07,10503.1,Wire
PAY-0002841,INV-002822,2025-02-27,9251.74,Wire
PAY-0002842,INV-002823,2025-01-16,8857.06,Check
PAY-0002843,INV-002824,2025-10-24,4777.92,Wire
PAY-0002844,INV-002825,2025-02-04,3176.25,Wire
PAY-0002845,INV-002826,2024-06-19,9623.53,Wire
PAY-0002846,INV-002827,2025-11-28,7200.6,Wire
PAY-0002847,INV-002828,2025-07-09,4180.19,ACH
PAY-0002848,INV-002829,2024-05-02,6000.86,ACH
PAY-0002849,INV-002829,2024-05-16,4655.8,ACH
PAY-0002850,INV-002830,2025-05-04,2245.79,ACH
PAY-0002851,INV-002831,2025-05-14,2614.52,Wire
PAY-0002852,INV-002832,2024-05-13,6328.38,Wire
PAY-0002853,INV-002833,2024-06-19,9096.98,ACH
PAY-0002854,INV-002835,2024-03-29,3474.6,ACH
PAY-0002855,INV-002836,2025-10-10,1825.83,ACH
PAY-0002856,INV-002838,2025-05-27,7151.31,ACH
PAY-0002857,INV-002839,2024-12-05,2479.66,Wire
PAY-0002858,INV-002840,2024-08-07,10827.51,ACH
PAY-0002859,INV-002841,2024-03-13,7751.05,ACH
PAY-0002860,INV-002842,2024-10-28,5289.83,ACH
PAY-0002861,INV-002842,2024-11-07,3920.42,ACH
PAY-0002862,INV-002843,2025-10-13,8273.39,ACH
PAY-0002863,INV-002844,2024-04-28,6690.0,Wire
PAY-0002864,INV-002845,2024-03-22,4090.41,ACH
PAY-0002865,INV-002846,2024-07-28,7202.37,ACH
PAY-0002866,INV-002847,2024-09-02,9298.39,ACH
PAY-0002867,INV-002848,2024-05-22,7976.92,ACH
PAY-0002868,INV-002849,2024-12-18,9490.22,Check
PAY-0002869,INV-002850,2024-11-29,2499.22,ACH
PAY-0002870,INV-002851,2025-10-02,9037.21,ACH
PAY-0002871,INV-002852,2025-11-10,8758.02,ACH
PAY-0002872,INV-002853,2024-02-08,10434.77,ACH
PAY-0002873,INV-002854,2025-05-04,5770.78,ACH
PAY-0002874,INV-002855,2025-02-14,8894.76,ACH
PAY-0002875,INV-002856,2025-06-22,1506.42,ACH
PAY-0002876,INV-002857,2024-10-15,8347.16,ACH
PAY-0002877,INV-002858,2024-08-16,1658.63,Wire
PAY-0002878,INV-002859,2025-03-12,4223.49,Wire
PAY-0002879,INV-002860,2025-12-13,2334.66,ACH
PAY-0002880,INV-002861,2025-04-04,4346.92,ACH
PAY-0002881,INV-002861,2025-04-15,6455.03,ACH
PAY-0002882,INV-002862,2024-02-27,5904.76,ACH
PAY-0002883,INV-002863,2024-03-10,11855.83,Check
PAY-0002884,INV-002864,2024-04-17,11232.88,ACH
PAY-0002885,INV-002865,2024-03-10,9621.78,ACH
PAY-0002886,INV-002868,2024-10-05,11948.04,ACH
PAY-0002887,INV-002869,2025-04-12,10353.43,Wire
PAY-0002888,INV-002870,2024-11-11,4363.6,ACH
PAY-0002889,INV-002871,2024-03-28,8267.02,Wire
PAY-0002890,INV-002872,2025-12-01,11907.0,ACH
PAY-0002891,INV-002873,2025-10-14,10385.58,ACH
PAY-0002892,INV-002874,2024-09-18,4731.42,ACH
PAY-0002893,INV-002875,2024-04-13,11201.53,ACH
PAY-0002894,INV-002877,2024-11-16,5529.01,Wire
PAY-0002895,INV-002878,2024-12-12,3390.52,Wire
PAY-0002896,INV-002879,2025-03-13,11787.07,ACH
PAY-0002897,INV-002880,2025-05-10,4023.21,ACH
PAY-0002898,INV-002881,2025-05-08,4395.34,Check
PAY-0002899,INV-002882,2024-03-24,8668.57,Check
PAY-0002900,INV-002883,2025-12-21,11190.17,Wire
PAY-0002901,INV-002884,2024-09-21,7942.28,ACH
PAY-0002902,INV-002885,2024-12-11,4692.89,ACH
PAY-0002903,INV-002886,2025-05-17,2011.82,ACH
PAY-0002904,INV-002887,2024-07-24,6323.12,Wire
PAY-0002905,INV-002888,2024-03-28,5538.13,ACH
PAY-0002906,INV-002889,2024-05-11,6230.82,ACH
PAY-0002907,INV-002890,2025-03-10,7421.03,ACH
PAY-0002908,INV-002891,2024-05-26,9386.27,Wire
PAY-0002909,INV-002892,2025-08-30,3859.91,ACH
PAY-0002910,INV-002892,2025-09-14,3168.54,Wire
PAY-0002911,INV-002893,2024-09-08,2860.31,ACH
PAY-0002912,INV-002894,2025-09-11,5325.41,ACH
PAY-0002913,INV-002895,2024-06-27,11519.28,ACH
PAY-0002914,INV-002896,2024-06-01,9127.94,Wire
PAY-0002915,INV-002897,2024-11-25,1685.13,Wire
PAY-0002916,INV-002898,2025-02-27,2170.23,ACH
PAY-0002917,INV-002899,2024-11-01,1612.28,Wire
PAY-0002918,INV-002899,2024-11-25,1429.9,Check
PAY-0002919,INV-002900,2025-06-21,8772.64,ACH
PAY-0002920,INV-002901,2026-01-25,1960.39,ACH
PAY-0002921,INV-002902,2024-11-22,4928.94,ACH
PAY-0002922,INV-002903,2024-04-22,5108.42,Wire
PAY-0002923,INV-002904,2025-01-10,11789.7,ACH
PAY-0002924,INV-002905,2024-06-28,7595.95,ACH
PAY-0002925,INV-002906,2025-03-21,4223.5,Wire
PAY-0002926,INV-002907,2025-01-23,1649.0,ACH
PAY-0002927,INV-002908,2025-03-09,1776.71,ACH
PAY-0002928,INV-002909,2025-06-06,5653.79,ACH
PAY-0002929,INV-002910,2025-01-17,2167.0,Wire
PAY-0002930,INV-002911,2025-01-18,10084.08,ACH
PAY-0002931,INV-002912,2024-04-07,9913.78,ACH
PAY-0002932,INV-002914,2024-11-16,10126.68,ACH
PAY-0002933,INV-002915,2024-07-28,2110.61,ACH
PAY-0002934,INV-002916,2024-09-10,11560.19,ACH
PAY-0002935,INV-002917,2024-08-16,4974.57,ACH
PAY-0002936,INV-002918,2024-05-22,3078.82,Wire
PAY-0002937,INV-002919,2025-11-07,11476.04,Wire
PAY-0002938,INV-002920,2025-09-23,10861.52,Wire
PAY-0002939,INV-002921,2025-10-29,8320.31,ACH
PAY-0002940,INV-002922,2025-09-30,6338.53,Wire
PAY-0002941,INV-002923,2025-06-28,7467.81,ACH
PAY-0002942,INV-002924,2025-03-18,4484.37,ACH
PAY-0002943,INV-002925,2025-11-24,1436.17,ACH
PAY-0002944,INV-002925,2025-12-13,1502.88,ACH
PAY-0002945,INV-002926,2024-07-14,2400.81,ACH
PAY-0002946,INV-002927,2024-08-24,1785.19,ACH
PAY-0002947,INV-002928,2024-07-14,5565.84,ACH
PAY-0002948,INV-002929,2025-08-30,5532.16,Wire
PAY-0002949,INV-002930,2025-09-28,2328.48,Wire
PAY-0002950,INV-002931,2024-08-21,6782.03,ACH
PAY-0002951,INV-002932,2024-03-05,2529.99,ACH
PAY-0002952,INV-002934,2024-06-05,8558.53,ACH
PAY-0002953,INV-002935,2024-09-02,8388.08,ACH
PAY-0002954,INV-002936,2024-06-23,3690.36,Wire
PAY-0002955,INV-002937,2025-01-20,8351.62,ACH
PAY-0002956,INV-002938,2024-11-23,5210.85,ACH
PAY-0002957,INV-002939,2025-12-31,8652.12,Check
PAY-0002958,INV-002940,2025-02-03,1767.53,Wire
PAY-0002959,INV-002941,2025-09-08,4560.4,ACH
PAY-0002960,INV-002942,2025-02-09,8270.9,ACH
PAY-0002961,INV-002943,2025-02-24,11224.39,ACH
PAY-0002962,INV-002944,2025-04-08,7909.99,ACH
PAY-0002963,INV-002945,2025-10-17,10737.85,Wire
PAY-0002964,INV-002946,2025-08-11,9324.09,Wire
PAY-0002965,INV-002947,2025-05-13,4243.03,Wire
PAY-0002966,INV-002948,2025-11-16,11768.56,ACH
PAY-0002967,INV-002949,2024-07-07,1022.48,Wire
PAY-0002968,INV-002949,2024-07-30,1261.02,Wire
PAY-0002969,INV-002950,2024-12-09,29395.34,Wire
PAY-0002970,INV-002951,2024-09-08,6913.91,Wire
PAY-0002971,INV-002952,2025-12-10,10521.01,Wire
PAY-0002972,INV-002953,2024-12-16,4446.66,Wire
PAY-0002973,INV-002953,2024-12-26,4931.17,ACH
PAY-0002974,INV-002954,2025-08-01,16314.49,ACH
PAY-0002975,INV-002955,2025-03-29,18838.11,Wire
PAY-0002976,INV-002957,2025-04-27,18708.74,ACH
PAY-0002977,INV-002958,2026-01-21,13550.17,Wire
PAY-0002978,INV-002959,2024-04-20,29310.2,ACH
PAY-0002979,INV-002960,2025-05-05,15604.5,ACH
PAY-0002980,INV-002961,2024-11-27,9647.11,ACH
PAY-0002981,INV-002961,2024-12-10,14430.18,Wire
PAY-0002982,INV-002962,2024-11-15,11497.41,Wire
PAY-0002983,INV-002963,2024-06-25,8673.04,ACH
PAY-0002984,INV-002964,2025-10-08,11003.62,Check
PAY-0002985,INV-002965,2025-03-30,29539.62,Check
PAY-0002986,INV-002966,2025-07-25,6154.1,ACH
PAY-0002987,INV-002969,2026-01-01,9909.2,ACH
PAY-0002988,INV-002971,2025-11-25,7854.85,ACH
PAY-0002989,INV-002972,2025-07-15,12264.38,Wire
PAY-0002990,INV-002973,2025-08-08,9710.58,ACH
PAY-0002991,INV-002974,2025-03-18,24202.59,Wire
PAY-0002992,INV-002976,2024-12-14,31553.47,Check
PAY-0002993,INV-002977,2025-03-01,18332.76,Wire
PAY-0002994,INV-002978,2026-01-22,23238.97,ACH
PAY-0002995,INV-002979,2024-06-27,14864.16,ACH
PAY-0002996,INV-002980,2025-12-30,19050.59,ACH
PAY-0002997,INV-002981,2024-04-23,20451.27,ACH
PAY-0002998,INV-002982,2025-05-11,29261.75,ACH
PAY-0002999,INV-002983,2025-06-12,21385.21,ACH
PAY-0003000,INV-002984,2025-08-25,18127.63,Wire
PAY-0003001,INV-002986,2024-10-09,11731.58,ACH
PAY-0003002,INV-002987,2024-11-10,15707.62,Wire
PAY-0003003,INV-002988,2024-04-19,10070.74,ACH
PAY-0003004,INV-002989,2024-11-08,30461.32,ACH
PAY-0003005,INV-002990,2025-06-10,31749.55,ACH
PAY-0003006,INV-002991,2025-01-09,9256.12,ACH
PAY-0003007,INV-002992,2025-09-13,4137.82,Check
PAY-0003008,INV-002992,2025-10-02,3140.59,ACH
PAY-0003009,INV-002993,2024-10-05,16063.17,ACH
PAY-0003010,INV-002994,2026-02-06,7286.74,ACH
PAY-0003011,INV-002995,2025-08-08,10697.36,ACH
PAY-0003012,INV-002996,2025-08-12,18546.57,Wire
PAY-0003013,INV-002997,2025-02-21,29337.6,ACH
PAY-0003014,INV-002998,2024-06-12,21973.04,ACH
PAY-0003015,INV-002999,2024-09-14,6680.01,ACH
PAY-0003016,INV-003000,2024-06-21,8788.59,ACH
PAY-0003017,INV-003000,2024-07-04,10538.62,ACH
PAY-0003018,INV-003001,2026-02-03,9719.81,ACH
PAY-0003019,INV-003002,2026-01-08,20958.28,ACH
PAY-0003020,INV-003004,2025-07-11,23471.75,Check
PAY-0003021,INV-003005,2026-01-02,27219.66,ACH
PAY-0003022,INV-003007,2025-07-11,8653.35,Wire
PAY-0003023,INV-003008,2025-08-05,18557.46,ACH
PAY-0003024,INV-003009,2024-05-20,19909.28,ACH
PAY-0003025,INV-003010,2024-10-23,28165.01,ACH
PAY-0003026,INV-003011,2024-12-21,6892.96,Wire
PAY-0003027,INV-003012,2024-09-12,23055.32,Check
PAY-0003028,INV-003013,2024-07-18,11008.73,Check
PAY-0003029,INV-003013,2024-08-10,14493.01,ACH
PAY-0003030,INV-003014,2024-11-13,9981.82,Wire
PAY-0003031,INV-003015,2024-10-17,9414.48,ACH
PAY-0003032,INV-003015,2024-11-03,12624.12,Wire
PAY-0003033,INV-003016,2026-02-22,25028.95,Wire
PAY-0003034,INV-003017,2024-09-26,13815.35,ACH
PAY-0003035,INV-003018,2024-08-16,11302.68,ACH
PAY-0003036,INV-003019,2024-11-30,25404.12,ACH
PAY-0003037,INV-003020,2024-04-29,25305.27,ACH
PAY-0003038,INV-003021,2025-02-10,10284.26,Wire
PAY-0003039,INV-003023,2025-09-15,29455.11,ACH
PAY-0003040,INV-003024,2024-08-21,25871.86,ACH
PAY-0003041,INV-003025,2025-09-23,21054.16,Wire
PAY-0003042,INV-003026,2025-04-15,5926.95,Wire
PAY-0003043,INV-003027,2025-02-12,31064.41,ACH
PAY-0003044,INV-003028,2024-03-14,9668.01,ACH
PAY-0003045,INV-003028,2024-03-26,8820.17,ACH
PAY-0003046,INV-003029,2025-09-28,14105.59,ACH
PAY-0003047,INV-003029,2025-10-13,16447.29,Wire
PAY-0003048,INV-003030,2025-08-16,28823.39,ACH
PAY-0003049,INV-003031,2025-03-26,18481.51,ACH
PAY-0003050,INV-003032,2024-04-23,7109.28,ACH
PAY-0003051,INV-003033,2026-01-01,21378.8,Check
PAY-0003052,INV-003034,2024-03-29,11386.85,ACH
PAY-0003053,INV-003034,2024-04-12,16054.15,Check
PAY-0003054,INV-003035,2025-02-22,13685.47,Wire
PAY-0003055,INV-003036,2025-05-31,21230.49,ACH
PAY-0003056,INV-003037,2024-11-26,3879.09,ACH
PAY-0003057,INV-003037,2024-12-16,2629.89,ACH
PAY-0003058,INV-003038,2024-10-19,29615.48,ACH
PAY-0003059,INV-003039,2025-09-22,19976.32,Check
PAY-0003060,INV-003040,2024-12-07,2770.07,Check
PAY-0003061,INV-003040,2024-12-18,3456.0,ACH
PAY-0003062,INV-003041,2025-03-20,29624.82,ACH
PAY-0003063,INV-003042,2026-01-14,24871.32,ACH
PAY-0003064,INV-003043,2024-04-30,19407.86,ACH
PAY-0003065,INV-003044,2026-01-21,18162.93,ACH
PAY-0003066,INV-003045,2024-05-19,10187.86,Wire
PAY-0003067,INV-003046,2024-10-31,12622.7,ACH
PAY-0003068,INV-003047,2024-09-09,21789.25,ACH
PAY-0003069,INV-003048,2025-08-01,19459.0,Wire
PAY-0003070,INV-003049,2024-10-19,13299.22,ACH
PAY-0003071,INV-003050,2025-02-04,9100.93,ACH
PAY-0003072,INV-003051,2025-09-30,19326.34,ACH
PAY-0003073,INV-003052,2024-08-05,14068.24,ACH
PAY-0003074,INV-003052,2024-08-29,9790.74,ACH
PAY-0003075,INV-003054,2025-11-18,3593.75,Wire
PAY-0003076,INV-003054,2025-12-05,4463.35,ACH
PAY-0003077,INV-003055,2024-10-31,16826.41,Wire
PAY-0003078,INV-003056,2026-02-13,17764.97,ACH
PAY-0003079,INV-003057,2025-09-25,25245.24,Wire
PAY-0003080,INV-003058,2025-10-15,21359.46,Wire
PAY-0003081,INV-003059,2025-04-11,13186.74,Wire
PAY-0003082,INV-003061,2025-06-28,29754.43,ACH
PAY-0003083,INV-003062,2024-11-22,29002.27,ACH
PAY-0003084,INV-003063,2025-05-09,18582.19,ACH
PAY-0003085,INV-003064,2024-11-17,12849.82,Wire
PAY-0003086,INV-003066,2024-09-24,6050.1,ACH
PAY-0003087,INV-003066,2024-10-12,4477.88,ACH
PAY-0003088,INV-003067,2024-06-16,15888.8,ACH
PAY-0003089,INV-003067,2024-07-01,14673.92,Wire
PAY-0003090,INV-003068,2025-02-18,8086.8,ACH
PAY-0003091,INV-003069,2024-07-29,31721.71,ACH
PAY-0003092,INV-003070,2024-10-12,15126.59,ACH
PAY-0003093,INV-003071,2025-02-11,20291.61,ACH
PAY-0003094,INV-003072,2024-12-21,14717.26,ACH
PAY-0003095,INV-003073,2024-07-15,29840.43,Wire
PAY-0003096,INV-003074,2024-05-15,7336.38,ACH
PAY-0003097,INV-003075,2024-03-15,30722.85,ACH
PAY-0003098,INV-003076,2024-07-22,22809.78,ACH
PAY-0003099,INV-003077,2025-08-18,26342.99,ACH
PAY-0003100,INV-003078,2025-12-10,17009.69,ACH
PAY-0003101,INV-003079,2025-03-01,11729.43,ACH
PAY-0003102,INV-003079,2025-03-13,10375.85,ACH
PAY-0003103,INV-003080,2025-09-20,15308.04,ACH
PAY-0003104,INV-003081,2024-05-27,23103.87,ACH
PAY-0003105,INV-003082,2024-11-23,7013.49,ACH
PAY-0003106,INV-003083,2025-08-08,6304.25,ACH
PAY-0003107,INV-003084,2025-08-07,2744.54,ACH
PAY-0003108,INV-003085,2024-07-09,2716.61,ACH
PAY-0003109,INV-003086,2025-11-25,7866.63,ACH
PAY-0003110,INV-003087,2024-03-15,5505.96,Wire
PAY-0003111,INV-003088,2025-10-27,11234.86,Wire
PAY-0003112,INV-003089,2025-09-02,2878.55,ACH
PAY-0003113,INV-003090,2025-08-09,2601.69,Wire
PAY-0003114,INV-003091,2025-12-27,4135.56,ACH
PAY-0003115,INV-003092,2025-03-23,10510.22,ACH
PAY-0003116,INV-003093,2025-12-26,11955.69,Check
PAY-0003117,INV-003094,2024-07-13,7086.19,ACH
PAY-0003118,INV-003095,2024-10-23,3375.52,Wire
PAY-0003119,INV-003098,2024-12-18,1536.66,ACH
PAY-0003120,INV-003099,2025-07-10,4102.56,ACH
PAY-0003121,INV-003100,2024-09-30,9003.81,Check
PAY-0003122,INV-003101,2024-10-22,8646.55,ACH
PAY-0003123,INV-003102,2026-01-28,805.2,ACH
PAY-0003124,INV-003102,2026-02-21,831.57,Wire
PAY-0003125,INV-003103,2024-10-08,2962.42,Wire
PAY-0003126,INV-003104,2025-07-15,9517.64,Wire
PAY-0003127,INV-003105,2024-11-13,3251.53,ACH
PAY-0003128,INV-003106,2025-12-29,11691.84,ACH
PAY-0003129,INV-003107,2024-10-01,1673.49,ACH
PAY-0003130,INV-003108,2025-01-16,11003.99,ACH
PAY-0003131,INV-003109,2024-08-15,6092.31,ACH
PAY-0003132,INV-003111,2025-07-14,8982.95,ACH
PAY-0003133,INV-003112,2024-11-10,11698.6,ACH
PAY-0003134,INV-003113,2026-01-05,1281.73,Wire
PAY-0003135,INV-003113,2026-01-28,1468.76,ACH
PAY-0003136,INV-003114,2026-01-03,10037.27,ACH
PAY-0003137,INV-003116,2024-05-26,7150.02,Check
PAY-0003138,INV-003117,2025-09-10,6988.22,ACH
PAY-0003139,INV-003118,2024-08-30,10403.48,ACH
PAY-0003140,INV-003119,2024-04-14,4361.77,Wire
PAY-0003141,INV-003120,2024-12-29,6844.55,Wire
PAY-0003142,INV-003121,2024-08-21,5324.23,Check
PAY-0003143,INV-003121,2024-09-08,5049.45,ACH
PAY-0003144,INV-003122,2024-05-20,5180.36,Check
PAY-0003145,INV-003123,2025-10-27,11642.76,ACH
PAY-0003146,INV-003124,2026-02-01,6921.32,ACH
PAY-0003147,INV-003125,2024-05-21,6409.49,ACH
PAY-0003148,INV-003126,2025-07-29,10660.48,Wire
PAY-0003149,INV-003127,2025-05-12,6802.8,ACH
PAY-0003150,INV-003128,2025-09-24,4560.85,Wire
PAY-0003151,INV-003129,2024-11-11,10718.48,ACH
PAY-0003152,INV-003130,2024-04-26,10901.3,ACH
PAY-0003153,INV-003131,2025-08-31,5237.37,ACH
PAY-0003154,INV-003132,2024-10-09,5282.87,ACH
PAY-0003155,INV-003133,2026-01-19,3021.54,ACH
PAY-0003156,INV-003134,2025-05-01,5346.66,Check
PAY-0003157,INV-003135,2025-07-30,1641.24,Wire
PAY-0003158,INV-003135,2025-08-15,1634.01,Wire
PAY-0003159,INV-003136,2025-04-07,9713.05,Check
PAY-0003160,INV-003137,2024-03-07,3972.33,ACH
PAY-0003161,INV-003137,2024-03-29,4730.85,ACH
PAY-0003162,INV-003138,2024-12-08,8299.75,ACH
PAY-0003163,INV-003139,2024-06-13,2927.26,Wire
PAY-0003164,INV-003139,2024-07-02,2412.6,ACH
PAY-0003165,INV-003140,2024-05-22,10586.88,Wire
PAY-0003166,INV-003141,2025-01-05,10376.3,ACH
PAY-0003167,INV-003142,2024-04-03,5758.76,Wire
PAY-0003168,INV-003144,2025-02-08,11375.57,Wire
PAY-0003169,INV-003145,2025-10-31,1928.75,Check
PAY-0003170,INV-003146,2024-03-30,11245.47,Check
PAY-0003171,INV-003147,2024-12-29,2580.31,ACH
PAY-0003172,INV-003148,2026-01-29,3841.35,Wire
PAY-0003173,INV-003149,2025-03-03,4692.48,ACH
PAY-0003174,INV-003150,2025-05-05,3910.79,ACH
PAY-0003175,INV-003150,2025-05-20,2853.78,Wire
PAY-0003176,INV-003151,2025-08-04,2240.49,Wire
PAY-0003177,INV-003152,2025-05-13,10994.97,Wire
PAY-0003178,INV-003153,2025-02-22,30260.27,Wire
PAY-0003179,INV-003154,2024-04-07,18703.69,Wire
PAY-0003180,INV-003155,2025-06-02,30857.99,ACH
PAY-0003181,INV-003156,2025-02-03,28962.1,ACH
PAY-0003182,INV-003157,2025-05-24,18685.87,ACH
PAY-0003183,INV-003158,2024-07-28,31546.22,ACH
PAY-0003184,INV-003159,2025-07-22,31811.22,Wire
PAY-0003185,INV-003160,2025-11-16,26462.13,ACH
PAY-0003186,INV-003161,2024-12-12,7766.7,ACH
PAY-0003187,INV-003162,2025-04-26,31221.64,Check
PAY-0003188,INV-003163,2025-06-06,5840.24,ACH
PAY-0003189,INV-003164,2024-08-21,20204.02,ACH
PAY-0003190,INV-003165,2024-03-17,29651.89,ACH
PAY-0003191,INV-003166,2024-11-24,22479.2,ACH
PAY-0003192,INV-003167,2024-07-02,13468.84,Wire
PAY-0003193,INV-003168,2024-10-29,6984.72,ACH
PAY-0003194,INV-003169,2025-08-03,9226.87,ACH
PAY-0003195,INV-003170,2025-10-01,13100.71,Wire
PAY-0003196,INV-003172,2025-04-09,20892.4,Check
PAY-0003197,INV-003173,2025-12-02,5399.69,Wire
PAY-0003198,INV-003175,2026-01-04,7460.1,ACH
PAY-0003199,INV-003175,2026-01-20,7237.2,ACH
PAY-0003200,INV-003176,2025-05-22,28482.72,ACH
PAY-0003201,INV-003177,2025-07-11,7288.78,ACH
PAY-0003202,INV-003178,2025-01-07,31123.84,ACH
PAY-0003203,INV-003179,2025-09-24,8769.54,Wire
PAY-0003204,INV-003180,2026-01-17,11394.08,Check
PAY-0003205,INV-003181,2025-11-06,27589.25,Wire
PAY-0003206,INV-003182,2025-11-08,20652.69,ACH
PAY-0003207,INV-003183,2025-09-08,21316.59,ACH
PAY-0003208,INV-003184,2025-11-29,20763.61,ACH
PAY-0003209,INV-003185,2025-06-15,11666.76,ACH
PAY-0003210,INV-003185,2025-06-29,7784.7,ACH
PAY-0003211,INV-003186,2025-12-27,21680.39,ACH
PAY-0003212,INV-003187,2025-07-28,6579.27,ACH
PAY-0003213,INV-003188,2025-03-15,15448.72,Wire
PAY-0003214,INV-003189,2025-11-06,15460.84,ACH
PAY-0003215,INV-003189,2025-11-30,12313.81,ACH
PAY-0003216,INV-003190,2025-10-28,10637.56,ACH
PAY-0003217,INV-003190,2025-11-13,10657.09,Check
PAY-0003218,INV-003191,2025-02-09,5943.24,Wire
PAY-0003219,INV-003192,2024-10-01,11121.75,ACH
PAY-0003220,INV-003193,2024-06-22,17347.64,ACH
PAY-0003221,INV-003194,2026-02-22,9613.5,ACH
PAY-0003222,INV-003195,2024-08-06,13294.63,ACH
PAY-0003223,INV-003196,2024-05-30,9344.44,Wire
PAY-0003224,INV-003197,2024-11-09,14732.4,ACH
PAY-0003225,INV-003198,2025-10-02,25453.83,ACH
PAY-0003226,INV-003199,2024-05-19,20779.92,ACH
PAY-0003227,INV-003200,2024-09-20,16023.65,ACH
PAY-0003228,INV-003201,2024-04-06,10653.69,Wire
PAY-0003229,INV-003202,2025-10-06,26881.14,ACH
PAY-0003230,INV-003203,2025-01-24,7551.06,ACH
PAY-0003231,INV-003204,2025-08-22,5289.52,Wire
PAY-0003232,INV-003205,2025-04-23,18470.95,ACH
PAY-0003233,INV-003206,2025-05-15,14125.74,ACH
PAY-0003234,INV-003208,2025-05-01,30195.41,Wire
PAY-0003235,INV-003209,2024-03-10,25297.34,ACH
PAY-0003236,INV-003210,2025-04-09,7444.82,ACH
PAY-0003237,INV-003211,2025-07-16,12199.24,Wire
PAY-0003238,INV-003213,2025-11-10,13429.1,Wire
PAY-0003239,INV-003214,2026-02-19,13624.54,ACH
PAY-0003240,INV-003215,2025-12-13,8478.98,ACH
PAY-0003241,INV-003216,2025-05-19,6188.23,Check
PAY-0003242,INV-003217,2025-06-07,26722.63,Wire
PAY-0003243,INV-003219,2025-07-08,31061.15,ACH
PAY-0003244,INV-003220,2026-02-11,30816.5,ACH
PAY-0003245,INV-003221,2024-08-05,19816.16,ACH
PAY-0003246,INV-003222,2024-04-13,17231.18,Wire
PAY-0003247,INV-003223,2024-11-17,28950.64,ACH
PAY-0003248,INV-003224,2024-08-03,9031.13,ACH
PAY-0003249,INV-003225,2024-09-26,18975.17,Wire
PAY-0003250,INV-003226,2026-01-24,3064.42,ACH
PAY-0003251,INV-003226,2026-02-07,4308.01,ACH
PAY-0003252,INV-003227,2025-04-26,25120.94,Wire
PAY-0003253,INV-003228,2024-09-29,14239.38,ACH
PAY-0003254,INV-003228,2024-10-10,14011.34,ACH
PAY-0003255,INV-003229,2024-10-28,14481.76,ACH
PAY-0003256,INV-003229,2024-11-13,12970.22,Wire
PAY-0003257,INV-003230,2024-12-06,31460.57,Check
PAY-0003258,INV-003231,2024-10-28,30940.42,ACH
PAY-0003259,INV-003232,2024-10-08,15989.83,ACH
PAY-0003260,INV-003232,2024-10-23,10685.75,ACH
PAY-0003261,INV-003233,2024-12-08,10434.12,Check
PAY-0003262,INV-003234,2024-10-18,20073.8,Wire
PAY-0003263,INV-003235,2025-03-10,29777.74,ACH
PAY-0003264,INV-003236,2026-01-16,9501.25,ACH
PAY-0003265,INV-003237,2025-04-22,14921.41,Wire
PAY-0003266,INV-003238,2025-03-29,23418.77,Wire
PAY-0003267,INV-003239,2024-09-09,28934.54,ACH
PAY-0003268,INV-003240,2024-12-22,5694.01,Check
PAY-0003269,INV-003240,2025-01-02,5054.93,ACH
PAY-0003270,INV-003241,2025-07-25,13594.78,Check
PAY-0003271,INV-003242,2025-04-19,7358.4,ACH
PAY-0003272,INV-003243,2024-05-15,30746.5,Check
PAY-0003273,INV-003244,2025-12-20,23716.66,ACH
PAY-0003274,INV-003245,2024-11-03,8514.42,ACH
PAY-0003275,INV-003246,2025-04-20,14900.2,ACH
PAY-0003276,INV-003247,2024-04-24,28845.95,ACH
PAY-0003277,INV-003248,2025-04-17,31379.39,ACH
PAY-0003278,INV-003249,2024-09-30,27966.92,ACH
PAY-0003279,INV-003250,2024-12-16,28403.14,ACH
PAY-0003280,INV-003251,2025-09-11,18197.13,Wire
PAY-0003281,INV-003252,2025-06-29,19683.02,Wire
PAY-0003282,INV-003253,2024-10-25,16887.54,ACH
PAY-0003283,INV-003254,2024-12-20,9730.34,ACH
PAY-0003284,INV-003255,2025-12-03,11590.96,ACH
PAY-0003285,INV-003255,2025-12-15,10262.33,ACH
PAY-0003286,INV-003256,2024-06-20,10557.59,Check
PAY-0003287,INV-003256,2024-07-07,7143.11,ACH
PAY-0003288,INV-003257,2025-05-02,28514.36,ACH
PAY-0003289,INV-003258,2024-05-10,7646.84,Wire
PAY-0003290,INV-003260,2024-11-19,23766.29,ACH
PAY-0003291,INV-003261,2024-05-04,15541.2,ACH
PAY-0003292,INV-003262,2024-11-02,5221.51,ACH
PAY-0003293,INV-003262,2024-11-19,7730.32,ACH
PAY-0003294,INV-003263,2024-11-01,27862.71,Wire
PAY-0003295,INV-003264,2024-03-14,21952.54,ACH
PAY-0003296,INV-003265,2026-01-11,22280.93,ACH
PAY-0003297,INV-003266,2025-12-05,23069.96,ACH
PAY-0003298,INV-003267,2024-06-11,5708.45,ACH
PAY-0003299,INV-003268,2025-08-07,15105.11,Wire
PAY-0003300,INV-003269,2024-11-02,9289.01,Check
PAY-0003301,INV-003270,2025-09-07,30439.3,Wire
PAY-0003302,INV-003271,2024-08-17,11371.36,Wire
PAY-0003303,INV-003271,2024-09-03,11682.54,Wire
PAY-0003304,INV-003272,2024-04-04,27132.21,ACH
PAY-0003305,INV-003273,2026-02-22,30991.61,Wire
PAY-0003306,INV-003274,2025-08-14,16507.53,ACH
PAY-0003307,INV-003275,2025-03-28,8661.77,Wire
PAY-0003308,INV-003276,2025-04-23,25555.32,ACH
PAY-0003309,INV-003277,2025-12-23,27834.58,Check
PAY-0003310,INV-003278,2025-06-19,24465.53,ACH
PAY-0003311,INV-003279,2024-03-05,26225.86,Check
PAY-0003312,INV-003280,2024-04-01,31178.94,ACH
PAY-0003313,INV-003281,2024-10-30,7833.22,ACH
PAY-0003314,INV-003282,2024-07-03,16906.34,Wire
PAY-0003315,INV-003283,2025-06-16,21942.2,ACH
PAY-0003316,INV-003284,2026-01-23,19681.99,ACH
PAY-0003317,INV-003285,2024-12-19,17839.93,ACH
PAY-0003318,INV-003286,2025-11-27,21205.46,Check
PAY-0003319,INV-003287,2025-06-08,26815.4,ACH
PAY-0003320,INV-003288,2024-09-16,11813.77,Wire
PAY-0003321,INV-003289,2025-12-20,8283.53,ACH
PAY-0003322,INV-003290,2024-07-11,23955.73,Wire
PAY-0003323,INV-003291,2025-03-04,22220.75,ACH
PAY-0003324,INV-003292,2026-02-13,24396.21,ACH
PAY-0003325,INV-003293,2025-09-21,13759.11,ACH
PAY-0003326,INV-003293,2025-10-10,10851.35,ACH
PAY-0003327,INV-003294,2025-10-24,13686.89,Wire
PAY-0003328,INV-003296,2026-02-19,21694.45,ACH
PAY-0003329,INV-003297,2025-06-11,27364.81,ACH
PAY-0003330,INV-003298,2024-08-13,6282.67,ACH
PAY-0003331,INV-003298,2024-08-23,5739.63,Check
PAY-0003332,INV-003299,2024-03-20,4420.83,Check
PAY-0003333,INV-003300,2025-01-21,6971.34,ACH
PAY-0003334,INV-003301,2025-01-29,8835.35,ACH
PAY-0003335,INV-003303,2026-01-30,7090.41,ACH
PAY-0003336,INV-003304,2024-12-24,8375.01,ACH
PAY-0003337,INV-003305,2025-05-01,11829.5,Wire
PAY-0003338,INV-003306,2025-04-15,2568.54,Wire
PAY-0003339,INV-003307,2025-03-22,4053.26,ACH
PAY-0003340,INV-003311,2025-05-23,10978.89,ACH
PAY-0003341,INV-003312,2025-08-20,8722.45,ACH
PAY-0003342,INV-003313,2024-08-07,10398.29,ACH
PAY-0003343,INV-003314,2026-01-21,2950.63,Wire
PAY-0003344,INV-003315,2024-11-26,11031.48,ACH
PAY-0003345,INV-003317,2026-01-08,9971.52,ACH
PAY-0003346,INV-003319,2025-10-08,8244.78,ACH
PAY-0003347,INV-003320,2025-05-26,11234.33,Check
PAY-0003348,INV-003321,2024-08-07,6667.44,ACH
PAY-0003349,INV-003322,2025-01-27,4400.2,Wire
PAY-0003350,INV-003323,2025-07-09,5434.69,Wire
PAY-0003351,INV-003324,2025-04-29,6477.66,ACH
PAY-0003352,INV-003325,2025-10-17,8908.47,ACH
PAY-0003353,INV-003327,2025-09-29,5899.83,ACH
PAY-0003354,INV-003330,2024-05-22,11490.79,Wire
PAY-0003355,INV-003331,2025-07-26,8998.29,ACH
PAY-0003356,INV-003333,2025-02-08,11117.54,ACH
PAY-0003357,INV-003334,2026-01-06,7663.35,Check
PAY-0003358,INV-003335,2026-02-21,9784.61,ACH
PAY-0003359,INV-003336,2025-01-13,3584.67,Wire
PAY-0003360,INV-003337,2025-01-20,11542.01,ACH
PAY-0003361,INV-003339,2024-06-03,5960.81,Wire
PAY-0003362,INV-003340,2025-06-11,9047.82,ACH
PAY-0003363,INV-003341,2025-08-02,2364.31,Wire
PAY-0003364,INV-003342,2025-10-06,11267.51,Check
PAY-0003365,INV-003343,2024-10-16,4832.76,ACH
PAY-0003366,INV-003344,2024-06-05,9669.95,ACH
PAY-0003367,INV-003345,2025-10-29,5677.51,ACH
PAY-0003368,INV-003346,2024-03-16,4730.77,ACH
PAY-0003369,INV-003347,2024-10-25,1444.94,ACH
PAY-0003370,INV-003347,2024-11-07,1381.29,ACH
PAY-0003371,INV-003348,2025-10-19,11061.34,ACH
PAY-0003372,INV-003349,2024-05-13,6610.02,ACH
PAY-0003373,INV-003350,2024-02-27,4730.3,ACH
PAY-0003374,INV-003351,2025-11-20,9968.76,ACH
PAY-0003375,INV-003352,2026-01-07,10588.54,Wire
PAY-0003376,INV-003353,2024-04-03,10994.95,Wire
PAY-0003377,INV-003354,2024-05-12,3367.84,ACH
PAY-0003378,INV-003355,2024-11-24,4062.33,Wire
PAY-0003379,INV-003355,2024-12-12,4000.73,ACH
PAY-0003380,INV-003356,2025-07-22,4425.14,Wire
PAY-0003381,INV-003357,2024-06-09,4083.95,Wire
PAY-0003382,INV-003357,2024-06-23,5211.0,ACH
PAY-0003383,INV-003358,2025-07-12,4536.61,Wire
PAY-0003384,INV-003359,2025-01-19,3170.28,Wire
PAY-0003385,INV-003359,2025-02-02,2666.5,ACH
PAY-0003386,INV-003360,2025-01-13,11075.67,Wire
PAY-0003387,INV-003361,2024-03-26,8945.41,ACH
PAY-0003388,INV-003362,2024-10-24,1800.63,ACH
PAY-0003389,INV-003363,2024-01-30,2004.12,Wire
PAY-0003390,INV-003365,2026-01-18,10725.5,ACH
PAY-0003391,INV-003366,2024-11-21,5318.52,Wire
PAY-0003392,INV-003367,2025-09-16,9945.38,Wire
PAY-0003393,INV-003368,2025-07-06,10155.49,ACH
PAY-0003394,INV-003370,2024-04-30,8964.0,ACH
PAY-0003395,INV-003371,2025-08-31,1465.39,ACH
PAY-0003396,INV-003371,2025-09-14,997.67,Wire
PAY-0003397,INV-003372,2024-08-02,6897.55,Wire
PAY-0003398,INV-003373,2024-12-21,2105.34,ACH
PAY-0003399,INV-003373,2025-01-06,2872.54,ACH
PAY-0003400,INV-003374,2025-12-25,1653.55,Check
PAY-0003401,INV-003375,2024-10-26,8534.96,Wire
PAY-0003402,INV-003376,2024-08-04,2982.91,Check
PAY-0003403,INV-003377,2025-02-16,11041.55,ACH
PAY-0003404,INV-003379,2025-04-11,6392.81,ACH
PAY-0003405,INV-003380,2024-07-21,4528.64,ACH
PAY-0003406,INV-003381,2025-10-27,10040.9,ACH
PAY-0003407,INV-003382,2024-10-06,10202.55,Check
PAY-0003408,INV-003383,2024-10-11,2874.04,ACH
PAY-0003409,INV-003384,2026-01-21,2159.1,ACH
PAY-0003410,INV-003385,2026-01-10,11115.52,ACH
PAY-0003411,INV-003386,2025-05-17,11655.68,ACH
PAY-0003412,INV-003387,2025-11-26,10252.0,ACH
PAY-0003413,INV-003388,2025-01-15,2462.08,ACH
PAY-0003414,INV-003389,2025-12-30,2805.74,Wire
PAY-0003415,INV-003389,2026-01-16,2031.48,Check
PAY-0003416,INV-003390,2025-04-23,7832.07,ACH
PAY-0003417,INV-003392,2026-02-27,9608.1,Wire
PAY-0003418,INV-003393,2024-01-31,8865.79,Check
PAY-0003419,INV-003394,2024-07-12,11264.27,ACH
PAY-0003420,INV-003396,2024-03-18,4779.0,ACH
PAY-0003421,INV-003397,2025-10-01,2871.02,Check
PAY-0003422,INV-003398,2025-06-10,4317.02,Wire
PAY-0003423,INV-003399,2024-10-19,5956.59,ACH
PAY-0003424,INV-003401,2024-03-19,8015.8,ACH
PAY-0003425,INV-003402,2025-01-06,4865.35,ACH
PAY-0003426,INV-003403,2024-07-13,3848.59,Wire
PAY-0003427,INV-003404,2025-08-10,9367.58,ACH
PAY-0003428,INV-003405,2025-01-09,10356.64,Wire
PAY-0003429,INV-003406,2025-03-08,8855.0,Check
PAY-0003430,INV-003407,2025-01-25,10151.08,ACH
PAY-0003431,INV-003408,2025-02-27,5182.53,Check
PAY-0003432,INV-003409,2024-02-17,1715.02,Check
PAY-0003433,INV-003410,2024-12-01,10799.03,ACH
PAY-0003434,INV-003411,2025-07-06,2375.17,Wire
PAY-0003435,INV-003412,2025-05-25,3680.66,ACH
PAY-0003436,INV-003413,2025-06-18,3963.84,Wire
PAY-0003437,INV-003414,2025-12-26,8632.83,Check
PAY-0003438,INV-003415,2024-12-17,3407.23,Wire
PAY-0003439,INV-003418,2024-09-06,6681.32,ACH
PAY-0003440,INV-003419,2024-06-20,5670.94,ACH
PAY-0003441,INV-003420,2025-06-30,4024.71,ACH
PAY-0003442,INV-003421,2025-05-22,8747.73,ACH
PAY-0003443,INV-003422,2025-10-18,3110.13,ACH
PAY-0003444,INV-003422,2025-10-30,2129.94,ACH
PAY-0003445,INV-003423,2024-09-05,6979.04,ACH
PAY-0003446,INV-003424,2024-12-26,11532.08,ACH
PAY-0003447,INV-003425,2024-12-14,4774.82,ACH
PAY-0003448,INV-003426,2024-07-22,8670.85,Check
PAY-0003449,INV-003427,2024-08-27,5141.42,ACH
PAY-0003450,INV-003428,2026-02-22,5229.25,ACH
PAY-0003451,INV-003429,2024-09-10,10487.1,ACH
PAY-0003452,INV-003431,2024-07-30,1590.2,ACH
PAY-0003453,INV-003431,2024-08-17,1123.51,ACH
PAY-0003454,INV-003433,2025-04-30,7664.67,ACH
PAY-0003455,INV-003434,2025-01-17,8913.8,ACH
PAY-0003456,INV-003435,2024-05-19,6880.26,ACH
PAY-0003457,INV-003436,2024-07-22,5527.63,ACH
PAY-0003458,INV-003436,2024-08-11,4650.45,ACH
PAY-0003459,INV-003437,2025-01-21,2437.05,Check
PAY-0003460,INV-003438,2024-06-13,2538.9,Wire
PAY-0003461,INV-003440,2024-06-17,3530.23,Check
PAY-0003462,INV-003441,2025-07-05,4998.73,Wire
PAY-0003463,INV-003442,2024-05-26,8663.58,Check
PAY-0003464,INV-003443,2026-02-11,5704.25,ACH
PAY-0003465,INV-003444,2025-08-29,6192.85,ACH
PAY-0003466,INV-003445,2024-04-14,2875.8,Wire
PAY-0003467,INV-003446,2025-01-12,3631.2,Wire
PAY-0003468,INV-003447,2025-05-12,8538.21,ACH
PAY-0003469,INV-003448,2024-05-31,6932.85,ACH
PAY-0003470,INV-003449,2026-01-18,2326.79,ACH
PAY-0003471,INV-003449,2026-02-01,2377.75,ACH
PAY-0003472,INV-003450,2024-07-19,6831.93,ACH
PAY-0003473,INV-003451,2025-02-20,3081.3,ACH
PAY-0003474,INV-003452,2024-09-17,9700.82,Wire
PAY-0003475,INV-003453,2024-06-07,6402.74,Wire
PAY-0003476,INV-003454,2025-03-19,2515.7,ACH
PAY-0003477,INV-003455,2024-05-29,7594.51,ACH
PAY-0003478,INV-003456,2024-08-22,9637.76,ACH
PAY-0003479,INV-003457,2025-12-20,4814.2,Wire
PAY-0003480,INV-003458,2025-08-12,6073.92,ACH
PAY-0003481,INV-003459,2026-01-10,2489.39,Check
PAY-0003482,INV-003460,2025-07-01,3100.5,ACH
PAY-0003483,INV-003461,2025-09-10,8939.9,ACH
PAY-0003484,INV-003462,2024-10-25,4023.93,Check
PAY-0003485,INV-003464,2024-07-18,9520.51,Wire
PAY-0003486,INV-003465,2024-12-18,5041.84,ACH
PAY-0003487,INV-003466,2025-07-19,11346.74,ACH
PAY-0003488,INV-003467,2025-01-02,2712.3,Wire
PAY-0003489,INV-003468,2025-08-24,5286.94,ACH
PAY-0003490,INV-003469,2025-09-05,8946.32,ACH
PAY-0003491,INV-003470,2025-10-19,10727.67,ACH
PAY-0003492,INV-003471,2024-07-29,10397.92,Check
PAY-0003493,INV-003472,2025-12-29,3660.93,Wire
PAY-0003494,INV-003472,2026-01-16,2829.25,ACH
PAY-0003495,INV-003474,2025-04-16,4160.91,ACH
PAY-0003496,INV-003474,2025-05-07,3886.36,Wire
PAY-0003497,INV-003475,2025-03-31,9975.18,Wire
PAY-0003498,INV-003477,2025-10-13,4149.91,Check
PAY-0003499,INV-003478,2025-04-23,1537.97,Check
PAY-0003500,INV-003479,2025-02-22,9433.49,ACH
PAY-0003501,INV-003480,2024-09-28,9217.64,Wire
PAY-0003502,INV-003481,2024-11-04,3863.52,ACH
PAY-0003503,INV-003482,2025-09-05,6053.28,ACH
PAY-0003504,INV-003483,2024-06-29,3823.41,Check
PAY-0003505,INV-003484,2024-11-03,7509.23,ACH
PAY-0003506,INV-003485,2024-05-16,5106.03,Check
PAY-0003507,INV-003486,2024-12-27,4612.01,ACH
PAY-0003508,INV-003487,2025-08-26,10147.3,ACH
PAY-0003509,INV-003488,2025-09-04,9889.26,ACH
PAY-0003510,INV-003489,2025-05-01,5731.59,ACH
PAY-0003511,INV-003490,2025-06-22,10749.54,ACH
PAY-0003512,INV-003491,2024-04-29,10642.56,ACH
PAY-0003513,INV-003492,2025-07-02,9786.81,ACH
PAY-0003514,INV-003493,2025-07-28,5731.0,ACH
PAY-0003515,INV-003493,2025-08-10,4538.99,ACH
PAY-0003516,INV-003494,2025-03-25,8896.53,Wire
PAY-0003517,INV-003495,2024-10-07,1251.27,ACH
PAY-0003518,INV-003495,2024-10-17,1856.42,ACH
PAY-0003519,INV-003496,2025-12-13,1034.92,ACH
PAY-0003520,INV-003496,2026-01-04,1004.89,ACH
PAY-0003521,INV-003497,2025-03-29,2448.92,ACH
PAY-0003522,INV-003497,2025-04-11,2825.53,ACH
PAY-0003523,INV-003498,2025-07-25,8357.93,ACH
PAY-0003524,INV-003499,2024-10-06,11339.8,Wire
PAY-0003525,INV-003501,2026-02-13,4104.63,ACH
PAY-0003526,INV-003502,2025-04-23,1967.85,ACH
PAY-0003527,INV-003502,2025-05-13,1391.67,ACH
PAY-0003528,INV-003503,2026-02-09,11428.36,ACH
PAY-0003529,INV-003504,2024-10-29,10227.47,Wire
PAY-0003530,INV-003505,2025-07-18,5866.32,Wire
PAY-0003531,INV-003506,2025-09-28,1718.79,Wire
PAY-0003532,INV-003507,2025-12-15,3936.07,ACH
PAY-0003533,INV-003508,2024-11-07,8196.33,ACH
PAY-0003534,INV-003509,2025-03-26,2088.49,ACH
PAY-0003535,INV-003509,2025-04-13,1737.27,ACH
PAY-0003536,INV-003510,2025-08-10,2760.73,ACH
PAY-0003537,INV-003511,2026-02-02,6263.42,ACH
PAY-0003538,INV-003511,2026-02-20,4917.25,ACH
PAY-0003539,INV-003512,2024-10-27,8244.75,ACH
PAY-0003540,INV-003513,2025-01-15,9073.5,Check
PAY-0003541,INV-003514,2024-05-05,11655.64,Check
PAY-0003542,INV-003515,2024-04-06,11076.67,Wire
PAY-0003543,INV-003517,2024-05-27,2895.64,ACH
PAY-0003544,INV-003519,2024-07-21,7415.58,Wire
PAY-0003545,INV-003520,2025-09-05,7922.56,ACH
PAY-0003546,INV-003521,2025-01-27,6406.78,ACH
PAY-0003547,INV-003522,2024-04-22,770.57,ACH
PAY-0003548,INV-003522,2024-05-15,939.35,ACH
PAY-0003549,INV-003523,2024-11-26,4871.78,Wire
PAY-0003550,INV-003524,2025-04-11,3613.18,ACH
PAY-0003551,INV-003524,2025-04-24,4827.71,ACH
PAY-0003552,INV-003525,2024-10-26,8381.99,ACH
PAY-0003553,INV-003526,2024-05-27,8740.77,Wire
PAY-0003554,INV-003527,2025-10-25,7356.42,Check
PAY-0003555,INV-003528,2025-06-15,6211.28,ACH
PAY-0003556,INV-003529,2025-05-21,7469.4,ACH
PAY-0003557,INV-003531,2025-12-27,7387.33,ACH
PAY-0003558,INV-003533,2024-12-22,7360.07,ACH
PAY-0003559,INV-003535,2024-09-09,1497.27,Wire
PAY-0003560,INV-003535,2024-09-26,1630.86,ACH
PAY-0003561,INV-003536,2024-12-24,11918.72,Check
PAY-0003562,INV-003538,2025-12-23,5824.1,ACH
PAY-0003563,INV-003539,2025-05-29,3257.41,Wire
PAY-0003564,INV-003540,2025-12-30,3923.23,Wire
PAY-0003565,INV-003541,2025-07-21,11046.85,Wire
PAY-0003566,INV-003542,2025-06-12,3272.2,ACH
PAY-0003567,INV-003542,2025-06-28,3371.61,Wire
PAY-0003568,INV-003543,2024-03-24,3981.83,ACH
PAY-0003569,INV-003544,2025-07-18,2176.03,ACH
PAY-0003570,INV-003545,2024-04-12,8339.07,ACH
PAY-0003571,INV-003546,2025-08-17,4457.43,ACH
PAY-0003572,INV-003546,2025-09-07,3102.93,ACH
PAY-0003573,INV-003547,2024-12-31,8349.12,Wire
PAY-0003574,INV-003548,2024-07-04,4628.28,Wire
PAY-0003575,INV-003548,2024-07-15,6549.61,ACH
PAY-0003576,INV-003549,2025-03-06,7008.52,ACH
PAY-0003577,INV-003551,2025-03-19,4507.88,Wire
PAY-0003578,INV-003552,2024-08-24,4511.64,ACH
PAY-0003579,INV-003552,2024-09-03,4957.03,ACH
PAY-0003580,INV-003553,2024-11-07,6506.09,Wire
PAY-0003581,INV-003554,2024-12-17,3652.06,ACH
PAY-0003582,INV-003555,2024-02-14,5375.93,ACH
PAY-0003583,INV-003556,2025-01-16,4019.14,ACH
PAY-0003584,INV-003557,2025-01-25,2470.14,Check
PAY-0003585,INV-003558,2024-08-09,11242.12,ACH
PAY-0003586,INV-003559,2024-03-05,8219.42,Check
PAY-0003587,INV-003560,2025-03-16,11562.25,ACH
PAY-0003588,INV-003562,2024-05-07,8426.12,ACH
PAY-0003589,INV-003563,2026-01-28,11867.28,Wire
PAY-0003590,INV-003564,2026-01-06,5597.93,ACH
PAY-0003591,INV-003565,2024-05-04,6257.91,Wire
PAY-0003592,INV-003566,2025-02-05,2507.56,ACH
PAY-0003593,INV-003567,2025-04-14,6700.67,ACH
PAY-0003594,INV-003568,2024-10-21,5070.1,ACH
PAY-0003595,INV-003569,2025-01-20,3676.55,Wire
PAY-0003596,INV-003570,2025-07-14,6259.77,ACH
PAY-0003597,INV-003571,2025-10-05,3441.71,Wire
PAY-0003598,INV-003572,2024-06-08,5337.27,ACH
PAY-0003599,INV-003573,2025-01-08,6263.23,ACH
PAY-0003600,INV-003574,2024-09-12,5348.66,ACH
PAY-0003601,INV-003575,2024-08-05,6255.8,Wire
PAY-0003602,INV-003576,2024-06-20,10888.02,Wire
PAY-0003603,INV-003577,2025-08-17,5462.61,ACH
PAY-0003604,INV-003581,2024-07-01,6911.43,ACH
PAY-0003605,INV-003582,2024-05-19,7357.37,ACH
PAY-0003606,INV-003583,2025-03-29,6812.67,ACH
PAY-0003607,INV-003584,2025-05-24,8067.43,Wire
PAY-0003608,INV-003585,2026-02-07,7382.2,ACH
PAY-0003609,INV-003586,2025-09-25,3756.37,ACH
PAY-0003610,INV-003586,2025-10-19,4709.38,Check
PAY-0003611,INV-003588,2024-04-10,3556.43,ACH
PAY-0003612,INV-003589,2026-01-23,1542.9,Wire
PAY-0003613,INV-003590,2026-02-20,10589.43,Wire
PAY-0003614,INV-003592,2024-04-17,5808.65,ACH
PAY-0003615,INV-003593,2024-05-16,7074.03,Check
PAY-0003616,INV-003594,2025-01-25,1081.45,ACH
PAY-0003617,INV-003594,2025-02-15,1260.06,Check
PAY-0003618,INV-003595,2024-08-26,11940.87,ACH
PAY-0003619,INV-003596,2024-10-01,3939.13,ACH
PAY-0003620,INV-003597,2024-08-17,7345.56,ACH
PAY-0003621,INV-003598,2024-12-16,10156.38,Check
PAY-0003622,INV-003599,2026-02-10,9032.12,ACH
PAY-0003623,INV-003600,2025-09-28,3676.09,ACH
PAY-0003624,INV-003601,2025-02-12,8066.62,ACH
PAY-0003625,INV-003602,2024-05-16,4604.77,ACH
PAY-0003626,INV-003602,2024-06-09,4515.06,ACH
PAY-0003627,INV-003603,2026-02-24,7700.58,Wire
PAY-0003628,INV-003604,2025-11-20,9564.63,ACH
PAY-0003629,INV-003605,2025-01-01,9632.05,ACH
PAY-0003630,INV-003606,2025-12-24,7604.92,Wire
PAY-0003631,INV-003607,2024-04-14,5914.61,ACH
PAY-0003632,INV-003608,2025-01-01,9217.09,ACH
PAY-0003633,INV-003609,2024-09-29,5691.61,Wire
PAY-0003634,INV-003611,2025-06-19,9807.02,ACH
PAY-0003635,INV-003612,2024-06-06,5399.0,ACH
PAY-0003636,INV-003613,2025-03-14,5656.78,Wire
PAY-0003637,INV-003614,2025-09-14,10625.3,ACH
PAY-0003638,INV-003615,2024-03-18,5447.86,Check
PAY-0003639,INV-003616,2025-03-27,5574.51,Wire
PAY-0003640,INV-003617,2024-09-05,11280.96,ACH
PAY-0003641,INV-003618,2024-08-02,9086.11,Check
PAY-0003642,INV-003619,2024-04-23,2092.14,ACH
PAY-0003643,INV-003619,2024-05-08,2094.0,ACH
PAY-0003644,INV-003620,2024-06-09,10237.12,Wire
PAY-0003645,INV-003621,2025-01-30,10080.88,ACH
PAY-0003646,INV-003622,2025-01-16,4737.16,ACH
PAY-0003647,INV-003623,2025-01-29,11726.77,Wire
PAY-0003648,INV-003624,2025-09-24,9727.72,Check
PAY-0003649,INV-003625,2024-10-14,4735.33,Wire
PAY-0003650,INV-003627,2025-08-12,10690.7,ACH
PAY-0003651,INV-003628,2025-10-26,6984.0,Wire
PAY-0003652,INV-003629,2026-02-07,2891.63,Wire
PAY-0003653,INV-003629,2026-03-02,3265.22,ACH
PAY-0003654,INV-003630,2024-10-11,5240.13,ACH
PAY-0003655,INV-003632,2025-11-11,2663.23,ACH
PAY-0003656,INV-003634,2024-06-22,10520.48,ACH
PAY-0003657,INV-003635,2025-04-12,1678.83,Wire
PAY-0003658,INV-003636,2024-03-29,3898.83,Wire
PAY-0003659,INV-003637,2025-11-22,6088.3,Check
PAY-0003660,INV-003638,2025-11-28,4884.37,Check
PAY-0003661,INV-003639,2025-05-21,6594.46,Check
PAY-0003662,INV-003640,2024-06-18,5440.03,Wire
PAY-0003663,INV-003641,2024-06-25,4768.01,ACH
PAY-0003664,INV-003642,2024-12-19,1123.82,Wire
PAY-0003665,INV-003642,2025-01-04,1042.4,ACH
PAY-0003666,INV-003643,2025-10-04,6662.95,Check
PAY-0003667,INV-003644,2025-07-15,6514.34,ACH
PAY-0003668,INV-003645,2025-01-23,3858.87,Check
PAY-0003669,INV-003645,2025-02-13,4197.08,ACH
PAY-0003670,INV-003646,2025-09-04,9387.25,Wire
PAY-0003671,INV-003647,2026-02-02,2854.15,ACH
PAY-0003672,INV-003648,2025-12-11,7775.04,ACH
PAY-0003673,INV-003649,2025-07-04,6271.23,Check
PAY-0003674,INV-003650,2025-01-07,4209.2,ACH
PAY-0003675,INV-003651,2025-04-16,2005.78,ACH
PAY-0003676,INV-003652,2025-06-30,6570.03,Check
PAY-0003677,INV-003653,2024-07-26,2198.34,ACH
PAY-0003678,INV-003655,2025-06-24,3865.29,Wire
PAY-0003679,INV-003656,2024-06-29,7015.96,Wire
PAY-0003680,INV-003657,2024-10-23,2523.72,Wire
PAY-0003681,INV-003658,2024-04-03,3225.88,Check
PAY-0003682,INV-003659,2024-04-13,3039.94,ACH
PAY-0003683,INV-003660,2024-05-02,610.28,ACH
PAY-0003684,INV-003661,2025-02-23,1822.33,ACH
PAY-0003685,INV-003662,2024-12-18,915.64,ACH
PAY-0003686,INV-003663,2025-06-19,2956.89,Check
PAY-0003687,INV-003665,2024-04-22,2461.44,ACH
PAY-0003688,INV-003666,2025-10-11,850.27,Wire
PAY-0003689,INV-003667,2026-02-24,2546.73,ACH
PAY-0003690,INV-003668,2025-09-22,1081.1,ACH
PAY-0003691,INV-003668,2025-10-15,1376.11,ACH
PAY-0003692,INV-003669,2025-04-05,3068.3,ACH
PAY-0003693,INV-003670,2024-10-18,2327.02,ACH
PAY-0003694,INV-003671,2024-08-28,1720.53,ACH
PAY-0003695,INV-003672,2025-03-21,3372.25,Wire
PAY-0003696,INV-003673,2025-06-21,2471.32,ACH
PAY-0003697,INV-003674,2024-02-26,3270.88,ACH
PAY-0003698,INV-003675,2025-11-29,585.7,ACH
PAY-0003699,INV-003676,2025-09-14,3421.89,ACH
PAY-0003700,INV-003677,2024-03-09,1949.0,Wire
PAY-0003701,INV-003678,2024-09-29,3212.63,ACH
PAY-0003702,INV-003679,2024-04-18,2193.68,ACH
PAY-0003703,INV-003680,2025-12-30,3937.61,ACH
PAY-0003704,INV-003681,2025-04-24,1784.1,ACH
PAY-0003705,INV-003682,2025-09-01,2954.18,ACH
PAY-0003706,INV-003684,2025-08-11,2558.63,Wire
PAY-0003707,INV-003685,2024-06-14,2056.26,ACH
PAY-0003708,INV-003686,2025-01-06,2040.65,ACH
PAY-0003709,INV-003687,2025-08-07,2517.87,ACH
PAY-0003710,INV-003688,2024-03-08,3924.52,ACH
PAY-0003711,INV-003689,2025-11-05,1581.06,ACH
PAY-0003712,INV-003689,2025-11-20,1471.56,ACH
PAY-0003713,INV-003690,2026-01-23,1439.84,Check
PAY-0003714,INV-003691,2025-02-24,2524.57,ACH
PAY-0003715,INV-003692,2025-09-29,2132.27,Wire
PAY-0003716,INV-003693,2025-06-18,570.81,ACH
PAY-0003717,INV-003694,2024-07-02,2034.64,Wire
PAY-0003718,INV-003695,2024-06-17,984.37,Check
PAY-0003719,INV-003697,2024-08-30,1547.46,ACH
PAY-0003720,INV-003698,2024-07-09,3800.88,ACH
PAY-0003721,INV-003699,2025-04-19,2618.99,ACH
PAY-0003722,INV-003700,2025-06-23,2652.83,Check
PAY-0003723,INV-003701,2024-03-29,3655.29,ACH
PAY-0003724,INV-003702,2025-07-02,986.62,Wire
PAY-0003725,INV-003703,2024-07-11,1542.79,Wire
PAY-0003726,INV-003704,2024-11-10,350.11,Wire
PAY-0003727,INV-003704,2024-11-29,253.43,ACH
PAY-0003728,INV-003705,2024-06-19,2932.22,Wire
PAY-0003729,INV-003706,2025-11-04,2063.63,ACH
PAY-0003730,INV-003707,2024-08-18,3349.34,ACH
PAY-0003731,INV-003708,2025-02-17,1765.67,ACH
PAY-0003732,INV-003709,2024-03-30,3897.24,ACH
PAY-0003733,INV-003710,2026-01-15,3892.0,ACH
PAY-0003734,INV-003711,2025-02-26,3847.68,Wire
PAY-0003735,INV-003712,2025-08-26,3880.41,ACH
PAY-0003736,INV-003713,2024-11-06,2023.02,Check
PAY-0003737,INV-003713,2024-11-28,1825.1,Check
PAY-0003738,INV-003714,2025-05-27,1526.98,ACH
PAY-0003739,INV-003715,2024-11-28,1838.87,ACH
PAY-0003740,INV-003716,2024-12-29,1743.52,Wire
PAY-0003741,INV-003717,2024-11-11,1526.65,ACH
PAY-0003742,INV-003718,2024-09-15,538.91,ACH
PAY-0003743,INV-003719,2025-02-10,3703.1,Wire
PAY-0003744,INV-003720,2025-12-12,2952.45,Check
PAY-0003745,INV-003721,2024-08-20,729.78,ACH
PAY-0003746,INV-003722,2024-03-01,1643.18,ACH
PAY-0003747,INV-003722,2024-03-25,1637.87,ACH
PAY-0003748,INV-003723,2025-03-29,1345.19,ACH
PAY-0003749,INV-003724,2024-10-17,1933.14,Wire
PAY-0003750,INV-003725,2025-04-03,947.95,ACH
PAY-0003751,INV-003725,2025-04-20,1308.68,Wire
PAY-0003752,INV-003726,2025-10-05,1687.0,ACH
PAY-0003753,INV-003727,2024-11-19,2360.38,Wire
PAY-0003754,INV-003728,2024-05-14,1682.45,Check
PAY-0003755,INV-003729,2025-08-24,3580.81,Check
PAY-0003756,INV-003729,2025-09-12,3840.18,ACH
PAY-0003757,INV-003730,2024-10-29,2402.58,ACH
PAY-0003758,INV-003730,2024-11-08,2277.82,ACH
PAY-0003759,INV-003731,2025-07-05,7416.04,ACH
PAY-0003760,INV-003732,2024-02-05,11921.54,ACH
PAY-0003761,INV-003733,2025-03-12,1503.81,ACH
PAY-0003762,INV-003733,2025-03-25,2041.96,Wire
PAY-0003763,INV-003734,2025-07-07,11464.94,ACH
PAY-0003764,INV-003735,2025-02-17,10570.8,ACH
PAY-0003765,INV-003736,2024-10-23,8633.59,ACH
PAY-0003766,INV-003737,2025-09-11,9868.72,ACH
PAY-0003767,INV-003738,2024-05-29,4474.12,ACH
PAY-0003768,INV-003739,2024-11-26,4924.32,Wire
PAY-0003769,INV-003740,2024-10-03,5928.71,Wire
PAY-0003770,INV-003741,2025-04-30,2773.15,Wire
PAY-0003771,INV-003742,2024-04-09,5933.14,Check
PAY-0003772,INV-003742,2024-04-24,4059.27,Check
PAY-0003773,INV-003743,2024-05-18,6875.92,ACH
PAY-0003774,INV-003744,2025-04-28,2817.31,ACH
PAY-0003775,INV-003745,2024-06-08,8196.51,ACH
PAY-0003776,INV-003746,2024-09-25,6364.24,ACH
PAY-0003777,INV-003747,2024-07-26,8851.64,ACH
PAY-0003778,INV-003748,2024-05-29,3381.5,Wire
PAY-0003779,INV-003749,2025-05-12,3417.29,ACH
PAY-0003780,INV-003750,2024-12-15,6914.22,ACH
PAY-0003781,INV-003751,2025-12-02,3339.32,ACH
PAY-0003782,INV-003752,2025-10-01,6119.61,Wire
PAY-0003783,INV-003753,2024-09-17,3754.7,Check
PAY-0003784,INV-003754,2025-06-08,6466.4,Wire
PAY-0003785,INV-003754,2025-07-02,5360.56,ACH
PAY-0003786,INV-003755,2025-12-04,7200.12,ACH
PAY-0003787,INV-003756,2024-06-08,5411.08,ACH
PAY-0003788,INV-003757,2025-04-25,7223.01,ACH
PAY-0003789,INV-003758,2024-06-22,4851.64,ACH
PAY-0003790,INV-003759,2024-05-21,5027.98,ACH
PAY-0003791,INV-003759,2024-06-09,5610.74,Wire
PAY-0003792,INV-003760,2025-02-11,1646.73,Wire
PAY-0003793,INV-003760,2025-02-25,1852.29,Wire
PAY-0003794,INV-003761,2024-12-25,4453.22,Wire
PAY-0003795,INV-003762,2026-01-14,1580.6,ACH
PAY-0003796,INV-003763,2024-05-10,4685.52,ACH
PAY-0003797,INV-003763,2024-06-01,5287.74,Check
PAY-0003798,INV-003764,2024-11-19,10173.86,ACH
PAY-0003799,INV-003765,2025-02-12,2605.37,ACH
PAY-0003800,INV-003766,2025-09-02,5038.69,ACH
PAY-0003801,INV-003767,2025-05-15,4488.87,ACH
PAY-0003802,INV-003767,2025-06-04,3228.66,ACH
PAY-0003803,INV-003768,2024-11-18,5247.45,ACH
PAY-0003804,INV-003769,2026-02-06,6925.09,ACH
PAY-0003805,INV-003770,2024-05-09,7637.35,Wire
PAY-0003806,INV-003771,2025-03-16,10732.66,ACH
PAY-0003807,INV-003772,2026-01-13,1739.62,ACH
PAY-0003808,INV-003773,2025-02-11,9438.64,Wire
PAY-0003809,INV-003774,2024-02-24,10647.56,Wire
PAY-0003810,INV-003776,2024-07-30,5424.37,ACH
PAY-0003811,INV-003777,2025-05-17,1547.18,Wire
PAY-0003812,INV-003778,2025-11-28,8092.03,ACH
PAY-0003813,INV-003779,2024-12-06,2414.7,ACH
PAY-0003814,INV-003779,2024-12-25,1808.71,Wire
PAY-0003815,INV-003780,2025-02-03,2185.25,ACH
PAY-0003816,INV-003781,2024-10-31,6775.22,Wire
PAY-0003817,INV-003782,2025-10-30,11162.71,ACH
PAY-0003818,INV-003783,2024-04-15,4444.91,ACH
PAY-0003819,INV-003784,2025-11-23,3245.08,ACH
PAY-0003820,INV-003784,2025-12-04,4059.64,ACH
PAY-0003821,INV-003785,2024-03-07,11001.37,ACH
PAY-0003822,INV-003787,2025-07-30,2296.46,ACH
PAY-0003823,INV-003788,2026-01-10,1802.91,Wire
PAY-0003824,INV-003789,2025-07-19,2719.99,Check
PAY-0003825,INV-003790,2024-07-03,1737.5,ACH
PAY-0003826,INV-003790,2024-07-19,2455.1,ACH
PAY-0003827,INV-003791,2024-02-05,11375.09,ACH
PAY-0003828,INV-003792,2024-10-13,9772.77,ACH
PAY-0003829,INV-003793,2024-07-17,4328.33,ACH
PAY-0003830,INV-003794,2024-04-16,6918.18,Wire
PAY-0003831,INV-003795,2024-10-06,3847.21,ACH
PAY-0003832,INV-003796,2024-12-01,8925.66,Wire
PAY-0003833,INV-003797,2025-12-02,7141.83,Check
PAY-0003834,INV-003798,2026-01-23,3684.89,ACH
PAY-0003835,INV-003799,2025-04-10,10959.17,Wire
PAY-0003836,INV-003800,2024-05-23,7615.79,ACH
PAY-0003837,INV-003801,2024-08-02,8089.13,ACH
PAY-0003838,INV-003802,2025-11-08,5458.73,ACH
PAY-0003839,INV-003803,2024-09-09,10783.72,Wire
PAY-0003840,INV-003804,2025-03-17,11436.12,ACH
PAY-0003841,INV-003805,2025-10-16,11488.28,Wire
PAY-0003842,INV-003806,2024-05-22,4849.49,ACH
PAY-0003843,INV-003807,2025-02-07,8515.51,ACH
PAY-0003844,INV-003808,2025-01-08,3784.63,ACH
PAY-0003845,INV-003809,2024-06-11,2275.39,Wire
PAY-0003846,INV-003810,2025-09-11,3156.65,ACH
PAY-0003847,INV-003811,2024-09-19,10766.81,Wire
PAY-0003848,INV-003812,2024-04-01,6385.73,Wire
PAY-0003849,INV-003813,2025-01-06,2792.03,ACH
PAY-0003850,INV-003814,2024-10-16,4534.86,Wire
PAY-0003851,INV-003815,2025-10-23,6462.07,ACH
PAY-0003852,INV-003816,2024-03-06,5028.54,ACH
PAY-0003853,INV-003817,2025-01-06,8150.15,ACH
PAY-0003854,INV-003818,2026-01-11,4822.49,ACH
PAY-0003855,INV-003819,2025-09-30,6514.94,ACH
PAY-0003856,INV-003820,2025-09-14,2783.66,ACH
PAY-0003857,INV-003821,2024-06-24,2892.02,ACH
PAY-0003858,INV-003822,2024-12-03,4458.72,ACH
PAY-0003859,INV-003822,2024-12-14,4983.58,ACH
PAY-0003860,INV-003823,2025-12-02,8045.85,ACH
PAY-0003861,INV-003824,2025-07-02,5486.9,ACH
PAY-0003862,INV-003825,2024-07-20,3289.83,ACH
PAY-0003863,INV-003826,2025-10-15,10642.9,ACH
PAY-0003864,INV-003828,2025-07-20,4432.43,ACH
PAY-0003865,INV-003829,2025-02-25,9681.8,ACH
PAY-0003866,INV-003830,2024-05-02,9446.91,ACH
PAY-0003867,INV-003831,2025-03-30,4079.22,Wire
PAY-0003868,INV-003832,2025-05-15,976.09,Wire
PAY-0003869,INV-003833,2024-05-31,3248.45,ACH
PAY-0003870,INV-003834,2024-03-26,1630.98,ACH
PAY-0003871,INV-003834,2024-04-05,1338.67,Check
PAY-0003872,INV-003835,2024-06-24,2062.14,ACH
PAY-0003873,INV-003836,2025-12-21,3329.86,ACH
PAY-0003874,INV-003837,2024-09-02,1244.5,ACH
PAY-0003875,INV-003838,2024-02-13,3397.35,ACH
PAY-0003876,INV-003839,2025-08-13,2995.11,Wire
PAY-0003877,INV-003840,2024-03-10,3291.33,ACH
PAY-0003878,INV-003842,2026-01-07,2167.43,ACH
PAY-0003879,INV-003842,2026-01-28,1615.63,ACH
PAY-0003880,INV-003843,2024-11-28,1973.14,ACH
PAY-0003881,INV-003845,2024-09-30,2503.31,Wire
PAY-0003882,INV-003846,2025-06-20,2909.08,ACH
PAY-0003883,INV-003847,2024-02-17,618.13,Wire
PAY-0003884,INV-003848,2025-09-28,1203.89,ACH
PAY-0003885,INV-003849,2024-07-08,3963.73,ACH
PAY-0003886,INV-003850,2025-03-05,712.78,ACH
PAY-0003887,INV-003850,2025-03-15,726.32,Wire
PAY-0003888,INV-003851,2025-10-09,593.21,ACH
PAY-0003889,INV-003851,2025-11-01,668.15,ACH
PAY-0003890,INV-003853,2024-10-29,519.5,ACH
PAY-0003891,INV-003855,2025-07-02,3975.38,Wire
PAY-0003892,INV-003856,2025-06-08,2626.89,ACH
PAY-0003893,INV-003857,2025-05-01,2002.48,ACH
PAY-0003894,INV-003857,2025-05-23,1498.98,ACH
PAY-0003895,INV-003858,2024-07-07,813.25,ACH
PAY-0003896,INV-003859,2024-10-13,2110.34,ACH
PAY-0003897,INV-003860,2025-02-10,5894.98,ACH
PAY-0003898,INV-003861,2025-05-13,5918.66,ACH
PAY-0003899,INV-003862,2024-08-26,2001.81,ACH
PAY-0003900,INV-003863,2024-06-11,3996.9,ACH
PAY-0003901,INV-003864,2025-12-04,8647.21,ACH
PAY-0003902,INV-003865,2025-12-17,9179.44,Wire
PAY-0003903,INV-003866,2024-08-07,5051.1,ACH
PAY-0003904,INV-003867,2024-08-19,6479.47,ACH
PAY-0003905,INV-003868,2025-04-09,4396.32,ACH
PAY-0003906,INV-003869,2024-03-24,4901.65,Wire
PAY-0003907,INV-003870,2025-07-12,4962.41,Check
PAY-0003908,INV-003871,2025-12-17,3304.57,ACH
PAY-0003909,INV-003871,2026-01-02,4532.19,Check
PAY-0003910,INV-003872,2024-10-25,11980.37,ACH
PAY-0003911,INV-003873,2025-05-14,10978.53,Check
PAY-0003912,INV-003874,2026-01-28,9006.69,ACH
PAY-0003913,INV-003875,2024-04-12,8363.26,ACH
PAY-0003914,INV-003876,2025-04-19,2407.89,Wire
PAY-0003915,INV-003877,2024-09-30,4207.0,ACH
PAY-0003916,INV-003878,2025-07-20,4431.56,ACH
PAY-0003917,INV-003879,2025-09-28,6527.64,Wire
PAY-0003918,INV-003880,2025-04-27,2518.71,Check
PAY-0003919,INV-003881,2024-10-28,2148.58,ACH
PAY-0003920,INV-003881,2024-11-13,2598.12,ACH
PAY-0003921,INV-003882,2025-02-14,10983.43,Wire
PAY-0003922,INV-003883,2025-10-28,9741.86,ACH
PAY-0003923,INV-003884,2025-06-24,6939.05,ACH
PAY-0003924,INV-003885,2024-04-24,4617.11,ACH
PAY-0003925,INV-003886,2026-01-07,6671.37,ACH
PAY-0003926,INV-003887,2025-10-11,10061.17,Check
PAY-0003927,INV-003888,2024-12-09,4225.93,Wire
PAY-0003928,INV-003889,2024-06-24,2035.26,Check
PAY-0003929,INV-003890,2025-05-04,4396.94,Check
PAY-0003930,INV-003891,2024-03-09,9121.99,ACH
PAY-0003931,INV-003892,2024-04-08,11925.84,ACH
PAY-0003932,INV-003893,2025-06-23,10617.2,ACH
PAY-0003933,INV-003894,2024-03-11,3711.74,ACH
PAY-0003934,INV-003895,2024-11-25,2808.35,ACH
PAY-0003935,INV-003896,2024-12-01,8348.5,Wire
PAY-0003936,INV-003897,2025-01-10,5007.75,Check
PAY-0003937,INV-003897,2025-01-31,3938.14,ACH
PAY-0003938,INV-003898,2026-01-07,7346.5,ACH
PAY-0003939,INV-003899,2024-08-10,8578.67,ACH
PAY-0003940,INV-003900,2025-04-06,1605.0,ACH
PAY-0003941,INV-003901,2024-07-22,3657.32,Wire
PAY-0003942,INV-003902,2025-01-29,1797.27,Wire
PAY-0003943,INV-003903,2024-11-19,8575.83,ACH
PAY-0003944,INV-003904,2024-07-12,2255.62,Wire
PAY-0003945,INV-003905,2024-12-04,10391.78,ACH
PAY-0003946,INV-003906,2024-05-14,6724.65,Wire
PAY-0003947,INV-003907,2026-01-31,7723.64,ACH
PAY-0003948,INV-003908,2024-08-17,8630.94,ACH
PAY-0003949,INV-003909,2024-10-30,6692.29,Wire
PAY-0003950,INV-003910,2025-07-09,9406.3,Check
PAY-0003951,INV-003911,2025-01-07,1600.11,Wire
PAY-0003952,INV-003912,2025-02-17,3713.0,Wire
PAY-0003953,INV-003912,2025-02-28,3670.84,Wire
PAY-0003954,INV-003913,2025-08-02,5640.64,Wire
PAY-0003955,INV-003913,2025-08-20,6068.92,ACH
PAY-0003956,INV-003914,2025-08-07,6620.95,Check
PAY-0003957,INV-003915,2025-04-14,5640.68,ACH
PAY-0003958,INV-003918,2024-04-16,11388.75,ACH
PAY-0003959,INV-003919,2025-05-21,9169.69,ACH
PAY-0003960,INV-003920,2024-08-12,2599.14,ACH
PAY-0003961,INV-003920,2024-08-22,1896.71,ACH
PAY-0003962,INV-003921,2024-09-20,6247.44,ACH
PAY-0003963,INV-003921,2024-10-06,5579.86,ACH
PAY-0003964,INV-003922,2025-08-07,6749.17,Wire
PAY-0003965,INV-003923,2025-04-19,11611.35,ACH
PAY-0003966,INV-003924,2025-04-26,2262.92,ACH
PAY-0003967,INV-003926,2025-08-15,10270.69,ACH
PAY-0003968,INV-003927,2024-05-13,4663.0,ACH
PAY-0003969,INV-003928,2024-10-14,9210.89,ACH
PAY-0003970,INV-003929,2024-04-28,9342.43,ACH
PAY-0003971,INV-003930,2025-02-03,2301.99,ACH
PAY-0003972,INV-003931,2025-04-25,2846.23,ACH
PAY-0003973,INV-003932,2024-11-18,1968.61,Check
PAY-0003974,INV-003933,2024-04-21,558.22,ACH
PAY-0003975,INV-003934,2025-08-26,3873.79,Wire
PAY-0003976,INV-003935,2025-07-30,3452.48,Check
PAY-0003977,INV-003936,2024-10-23,2188.9,ACH
PAY-0003978,INV-003937,2025-12-18,1938.19,ACH
PAY-0003979,INV-003938,2024-03-06,1929.0,Check
PAY-0003980,INV-003939,2024-09-14,2293.16,ACH
PAY-0003981,INV-003940,2025-11-03,594.34,ACH
PAY-0003982,INV-003941,2025-03-14,1742.63,Wire
PAY-0003983,INV-003941,2025-04-04,1794.57,ACH
PAY-0003984,INV-003942,2025-05-10,864.13,Wire
PAY-0003985,INV-003943,2025-08-03,2695.48,ACH
PAY-0003986,INV-003944,2025-03-24,3606.35,ACH
PAY-0003987,INV-003946,2024-12-25,2111.88,Wire
PAY-0003988,INV-003947,2025-05-10,1307.68,ACH
PAY-0003989,INV-003948,2024-12-30,2037.66,ACH
PAY-0003990,INV-003949,2025-10-29,3771.19,ACH
PAY-0003991,INV-003950,2024-12-12,873.4,ACH
PAY-0003992,INV-003951,2025-07-28,2183.72,ACH
PAY-0003993,INV-003952,2025-08-11,1643.22,ACH
PAY-0003994,INV-003953,2025-08-13,2916.78,ACH
PAY-0003995,INV-003954,2025-09-29,1838.52,Wire
PAY-0003996,INV-003955,2025-02-17,1754.83,Check
PAY-0003997,INV-003956,2025-01-09,327.54,ACH
PAY-0003998,INV-003956,2025-01-23,374.41,ACH
PAY-0003999,INV-003957,2024-03-15,1937.4,ACH
PAY-0004000,INV-003958,2025-03-02,3064.68,ACH
PAY-0004001,INV-003959,2025-09-15,2574.05,ACH
PAY-0004002,INV-003960,2025-05-11,1426.75,ACH
PAY-0004003,INV-003961,2024-04-18,753.57,Check
PAY-0004004,INV-003961,2024-05-02,997.9,ACH
PAY-0004005,INV-003963,2025-05-12,2927.77,ACH
PAY-0004006,INV-003964,2024-06-08,3100.18,Wire
PAY-0004007,INV-003965,2024-06-30,3816.93,ACH
PAY-0004008,INV-003966,2025-07-02,3023.65,ACH
PAY-0004009,INV-003968,2024-09-02,1025.42,Wire
PAY-0004010,INV-003969,2025-06-19,1131.22,ACH
PAY-0004011,INV-003969,2025-07-08,933.67,ACH
PAY-0004012,INV-003970,2024-03-17,3201.52,ACH
PAY-0004013,INV-003971,2024-02-22,1705.34,Wire
PAY-0004014,INV-003972,2024-08-25,3910.96,ACH
PAY-0004015,INV-003973,2024-11-17,3175.49,Check
PAY-0004016,INV-003974,2025-09-24,1797.16,Check
PAY-0004017,INV-003974,2025-10-05,1563.9,Wire
PAY-0004018,INV-003975,2025-11-08,1743.32,ACH
PAY-0004019,INV-003976,2024-11-30,1818.5,Wire
PAY-0004020,INV-003977,2024-09-23,3030.82,ACH
PAY-0004021,INV-003978,2024-08-15,11490.59,Check
PAY-0004022,INV-003979,2025-04-18,6478.99,Wire
PAY-0004023,INV-003980,2024-12-01,1774.15,ACH
PAY-0004024,INV-003980,2024-12-20,2246.2,ACH
PAY-0004025,INV-003981,2025-04-13,5599.75,Wire
PAY-0004026,INV-003982,2025-04-30,4138.81,ACH
PAY-0004027,INV-003983,2025-01-22,8468.91,ACH
PAY-0004028,INV-003984,2025-12-24,3501.51,ACH
PAY-0004029,INV-003985,2026-01-29,8923.34,ACH
PAY-0004030,INV-003987,2024-06-08,5797.36,ACH
PAY-0004031,INV-003988,2024-07-23,3972.12,Wire
PAY-0004032,INV-003989,2025-12-14,3685.41,Check
PAY-0004033,INV-003990,2024-07-03,7732.84,ACH
PAY-0004034,INV-003992,2024-11-14,10156.73,Wire
PAY-0004035,INV-003993,2024-09-23,10773.42,ACH
PAY-0004036,INV-003994,2024-10-21,3237.86,Check
PAY-0004037,INV-003995,2025-11-16,2671.26,ACH
PAY-0004038,INV-003996,2025-03-18,7431.44,Wire
PAY-0004039,INV-003997,2025-08-03,8873.3,ACH
PAY-0004040,INV-003998,2024-08-02,6466.37,ACH
PAY-0004041,INV-004001,2024-11-18,7385.41,ACH
PAY-0004042,INV-004002,2024-12-16,10057.49,ACH
PAY-0004043,INV-004003,2025-04-02,5789.12,ACH
PAY-0004044,INV-004004,2025-02-11,2152.24,ACH
PAY-0004045,INV-004005,2024-08-24,8080.1,ACH
PAY-0004046,INV-004006,2025-05-12,4097.01,ACH
PAY-0004047,INV-004007,2024-10-16,11572.31,ACH
PAY-0004048,INV-004008,2024-08-26,6947.9,ACH
PAY-0004049,INV-004009,2025-12-08,4968.6,ACH
PAY-0004050,INV-004010,2024-08-31,9372.1,ACH
PAY-0004051,INV-004011,2025-01-27,3290.45,ACH
PAY-0004052,INV-004013,2025-06-06,2304.7,ACH
PAY-0004053,INV-004014,2024-11-09,10071.55,ACH
PAY-0004054,INV-004015,2025-07-28,2375.96,Wire
PAY-0004055,INV-004016,2024-05-02,7735.16,ACH
PAY-0004056,INV-004017,2025-05-03,11067.97,ACH
PAY-0004057,INV-004018,2025-01-10,7639.37,ACH
PAY-0004058,INV-004019,2025-12-30,6427.35,Check
PAY-0004059,INV-004020,2024-10-02,11287.07,Check
PAY-0004060,INV-004021,2025-07-22,7276.12,ACH
PAY-0004061,INV-004022,2025-10-20,6046.28,Wire
PAY-0004062,INV-004023,2025-11-26,11044.01,Wire
PAY-0004063,INV-004024,2024-09-17,4918.42,Wire
PAY-0004064,INV-004026,2026-01-08,7271.82,Wire
PAY-0004065,INV-004027,2025-05-23,9431.04,Wire
PAY-0004066,INV-004028,2024-04-28,7992.22,Wire
PAY-0004067,INV-004029,2024-02-28,3816.55,ACH
PAY-0004068,INV-004030,2024-10-13,4557.96,ACH
PAY-0004069,INV-004031,2026-02-22,1190.21,ACH
PAY-0004070,INV-004031,2026-03-14,1161.11,Wire
PAY-0004071,INV-004032,2024-08-19,8995.34,ACH
PAY-0004072,INV-004033,2024-05-31,2492.89,ACH
PAY-0004073,INV-004034,2024-10-26,4558.12,ACH
PAY-0004074,INV-004035,2025-09-22,8418.42,ACH
PAY-0004075,INV-004036,2026-01-24,2643.53,Check
PAY-0004076,INV-004037,2024-05-18,8556.39,Wire
PAY-0004077,INV-004038,2025-04-26,8900.42,ACH
PAY-0004078,INV-004040,2024-12-29,1947.81,Check
PAY-0004079,INV-004041,2025-01-16,880.92,ACH
PAY-0004080,INV-004041,2025-01-29,702.3,ACH
PAY-0004081,INV-004042,2025-06-29,4441.26,Check
PAY-0004082,INV-004043,2025-09-04,9780.64,ACH
PAY-0004083,INV-004044,2025-10-04,3895.23,ACH
PAY-0004084,INV-004044,2025-10-27,4078.83,ACH
PAY-0004085,INV-004045,2024-05-24,11150.23,ACH
PAY-0004086,INV-004046,2025-03-09,7179.89,ACH
PAY-0004087,INV-004047,2025-08-25,2978.15,Wire
PAY-0004088,INV-004048,2026-01-13,3261.89,ACH
PAY-0004089,INV-004049,2024-07-13,3432.45,ACH
PAY-0004090,INV-004049,2024-08-06,4387.76,Check
PAY-0004091,INV-004050,2025-12-17,11212.96,Wire
PAY-0004092,INV-004053,2024-06-20,2589.55,Wire
PAY-0004093,INV-004053,2024-07-06,2575.93,ACH
PAY-0004094,INV-004054,2025-07-23,6221.41,Wire
PAY-0004095,INV-004055,2025-11-14,5353.52,ACH
PAY-0004096,INV-004056,2025-05-20,9611.46,ACH
PAY-0004097,INV-004057,2025-06-10,5341.6,ACH
PAY-0004098,INV-004057,2025-06-28,5076.91,Wire
PAY-0004099,INV-004058,2024-05-21,1613.76,ACH
PAY-0004100,INV-004058,2024-06-08,1539.09,ACH
PAY-0004101,INV-004059,2026-02-02,6649.93,Wire
PAY-0004102,INV-004061,2026-02-21,7745.15,Wire
PAY-0004103,INV-004062,2025-02-16,2068.98,Wire
PAY-0004104,INV-004062,2025-02-26,2526.25,ACH
PAY-0004105,INV-004063,2025-12-06,11110.11,ACH
PAY-0004106,INV-004064,2026-02-08,5529.74,ACH
PAY-0004107,INV-004065,2025-08-22,11827.44,ACH
PAY-0004108,INV-004066,2025-08-24,10859.42,ACH
PAY-0004109,INV-004067,2024-05-28,5209.5,ACH
PAY-0004110,INV-004068,2025-11-12,8259.5,ACH
PAY-0004111,INV-004069,2025-08-28,1502.58,ACH
PAY-0004112,INV-004070,2024-11-30,10120.72,ACH
PAY-0004113,INV-004071,2024-03-25,7767.99,ACH
PAY-0004114,INV-004072,2026-01-28,3966.84,Wire
PAY-0004115,INV-004073,2024-07-22,7780.39,Wire
PAY-0004116,INV-004074,2025-04-07,8113.36,ACH
PAY-0004117,INV-004075,2025-05-05,8389.79,ACH
PAY-0004118,INV-004077,2024-09-24,7539.18,ACH
PAY-0004119,INV-004078,2024-06-17,5717.7,ACH
PAY-0004120,INV-004079,2024-09-25,3682.56,ACH
PAY-0004121,INV-004081,2024-05-06,10046.8,Wire
PAY-0004122,INV-004082,2024-08-24,9874.14,ACH
PAY-0004123,INV-004084,2025-06-05,1586.3,ACH
PAY-0004124,INV-004084,2025-06-23,2360.25,ACH
PAY-0004125,INV-004085,2024-05-04,5763.95,ACH
PAY-0004126,INV-004086,2024-07-26,5197.55,Check
PAY-0004127,INV-004088,2025-12-06,4725.7,ACH
PAY-0004128,INV-004088,2025-12-17,4186.67,Wire
PAY-0004129,INV-004089,2025-09-01,1802.56,Check
PAY-0004130,INV-004090,2025-01-01,3977.96,ACH
PAY-0004131,INV-004091,2025-01-07,10578.68,Check
PAY-0004132,INV-004092,2024-07-02,4384.93,ACH
PAY-0004133,INV-004093,2025-07-21,8144.45,ACH
PAY-0004134,INV-004094,2024-11-11,11262.96,Wire
PAY-0004135,INV-004095,2025-03-17,6573.86,ACH
PAY-0004136,INV-004096,2025-12-28,5113.14,ACH
PAY-0004137,INV-004097,2024-04-29,11654.74,Check
PAY-0004138,INV-004098,2025-12-10,4940.74,ACH
PAY-0004139,INV-004099,2024-04-09,10767.35,ACH
PAY-0004140,INV-004100,2024-12-11,5768.06,ACH
PAY-0004141,INV-004101,2024-09-07,11468.45,Wire
PAY-0004142,INV-004102,2024-11-06,10216.45,ACH
PAY-0004143,INV-004103,2025-05-20,4332.27,Check
PAY-0004144,INV-004103,2025-06-03,3455.65,Wire
PAY-0004145,INV-004104,2025-05-08,7360.69,Wire
PAY-0004146,INV-004105,2024-07-06,3064.12,Wire
PAY-0004147,INV-004107,2024-02-15,8298.1,Wire
PAY-0004148,INV-004109,2024-06-10,5747.04,ACH
PAY-0004149,INV-004110,2025-07-11,3168.53,Check
PAY-0004150,INV-004111,2025-03-31,7840.51,Wire
PAY-0004151,INV-004112,2026-02-12,4268.47,ACH
PAY-0004152,INV-004114,2025-11-12,3860.06,ACH
PAY-0004153,INV-004114,2025-11-25,4304.14,ACH
PAY-0004154,INV-004115,2024-02-24,9910.34,Check
PAY-0004155,INV-004116,2025-11-22,9674.95,Check
PAY-0004156,INV-004117,2025-04-11,1908.12,ACH
PAY-0004157,INV-004118,2024-08-04,7809.76,Check
PAY-0004158,INV-004119,2025-06-10,8142.01,ACH
PAY-0004159,INV-004120,2025-06-02,7277.79,ACH
PAY-0004160,INV-004121,2025-04-09,7840.65,ACH
PAY-0004161,INV-004122,2024-07-16,8864.41,ACH
PAY-0004162,INV-004123,2025-08-14,9151.02,Wire
PAY-0004163,INV-004124,2025-11-14,6534.02,ACH
PAY-0004164,INV-004125,2025-05-30,9136.75,ACH
PAY-0004165,INV-004126,2025-07-22,10579.73,ACH
PAY-0004166,INV-004128,2025-11-20,11624.61,Wire
PAY-0004167,INV-004129,2024-10-19,9656.84,Check
PAY-0004168,INV-004130,2024-12-24,7052.16,ACH
PAY-0004169,INV-004131,2026-01-23,5324.28,Wire
PAY-0004170,INV-004133,2024-02-22,6357.62,Check
PAY-0004171,INV-004135,2025-02-13,1912.46,ACH
PAY-0004172,INV-004137,2024-11-18,1474.17,Check
PAY-0004173,INV-004138,2024-05-18,2742.16,ACH
PAY-0004174,INV-004139,2024-10-22,3684.48,ACH
PAY-0004175,INV-004140,2024-03-09,1843.95,ACH
PAY-0004176,INV-004142,2025-10-03,1685.32,ACH
PAY-0004177,INV-004143,2025-04-17,3838.46,ACH
PAY-0004178,INV-004145,2025-01-16,3724.46,ACH
PAY-0004179,INV-004146,2024-10-01,2366.12,Check
PAY-0004180,INV-004147,2024-06-22,3126.51,Wire
PAY-0004181,INV-004149,2025-11-19,3795.39,Wire
PAY-0004182,INV-004150,2025-04-05,1915.69,Wire
PAY-0004183,INV-004151,2025-02-25,2865.6,ACH
PAY-0004184,INV-004152,2024-09-08,748.26,Check
PAY-0004185,INV-004153,2024-10-26,3604.76,ACH
PAY-0004186,INV-004154,2025-07-15,1957.37,Check
PAY-0004187,INV-004155,2025-07-12,1824.22,ACH
PAY-0004188,INV-004156,2025-05-18,1463.49,ACH
PAY-0004189,INV-004157,2026-01-05,1210.67,ACH
PAY-0004190,INV-004158,2024-06-23,2164.3,ACH
PAY-0004191,INV-004159,2026-01-20,1531.24,Wire
PAY-0004192,INV-004159,2026-02-07,1747.74,Wire
PAY-0004193,INV-004160,2024-08-20,3992.64,ACH
PAY-0004194,INV-004162,2025-12-31,488.13,ACH
PAY-0004195,INV-004162,2026-01-14,395.18,ACH
PAY-0004196,INV-004163,2025-08-27,1243.32,Wire
PAY-0004197,INV-004164,2024-12-24,3372.44,ACH
PAY-0004198,INV-004165,2024-08-09,3483.85,ACH
PAY-0004199,INV-004166,2025-12-26,1512.89,ACH
PAY-0004200,INV-004166,2026-01-16,1619.89,ACH
PAY-0004201,INV-004167,2026-02-04,3299.5,Wire
PAY-0004202,INV-004169,2024-09-15,1717.63,ACH
PAY-0004203,INV-004170,2024-06-12,1650.48,Wire
PAY-0004204,INV-004171,2025-09-08,1734.26,ACH
PAY-0004205,INV-004172,2025-04-03,1262.82,ACH
PAY-0004206,INV-004173,2024-07-23,3930.56,ACH
PAY-0004207,INV-004174,2025-11-12,1080.84,ACH
PAY-0004208,INV-004175,2024-06-08,1552.54,ACH
PAY-0004209,INV-004175,2024-06-24,1202.99,ACH
PAY-0004210,INV-004176,2025-02-18,1711.06,ACH
PAY-0004211,INV-004177,2024-09-22,3195.66,ACH
PAY-0004212,INV-004178,2024-09-09,627.3,Check
PAY-0004213,INV-004179,2025-05-28,650.41,ACH
PAY-0004214,INV-004179,2025-06-14,812.47,Check
PAY-0004215,INV-004180,2026-02-02,3916.9,Wire
PAY-0004216,INV-004181,2024-12-28,1395.89,Wire
PAY-0004217,INV-004182,2024-07-12,2335.4,ACH
PAY-0004218,INV-004183,2024-06-03,3299.24,ACH
PAY-0004219,INV-004184,2024-12-14,2183.75,Wire
PAY-0004220,INV-004185,2024-08-10,3550.8,Wire
PAY-0004221,INV-004186,2025-07-21,1532.36,Wire
PAY-0004222,INV-004186,2025-08-08,1823.68,ACH
PAY-0004223,INV-004187,2025-06-14,412.93,ACH
PAY-0004224,INV-004187,2025-07-08,494.05,ACH
PAY-0004225,INV-004188,2025-08-10,1050.32,Wire
PAY-0004226,INV-004189,2025-12-31,2803.22,ACH
PAY-0004227,INV-004191,2024-06-12,2040.52,ACH
PAY-0004228,INV-004192,2025-03-18,3771.73,ACH
PAY-0004229,INV-004193,2024-04-28,3642.93,ACH
PAY-0004230,INV-004194,2025-10-01,3390.36,ACH
PAY-0004231,INV-004195,2025-01-30,1950.42,ACH
PAY-0004232,INV-004196,2024-10-23,3748.18,ACH
PAY-0004233,INV-004197,2024-08-23,1634.9,Wire
PAY-0004234,INV-004198,2024-02-24,935.08,ACH
PAY-0004235,INV-004199,2025-05-08,3903.95,Wire
PAY-0004236,INV-004201,2024-07-13,2722.45,Wire
PAY-0004237,INV-004202,2025-03-23,1167.03,ACH
PAY-0004238,INV-004203,2024-07-16,873.5,ACH
PAY-0004239,INV-004203,2024-07-28,982.35,ACH
PAY-0004240,INV-004204,2024-07-15,1297.27,ACH
PAY-0004241,INV-004205,2025-05-02,3675.15,ACH
PAY-0004242,INV-004206,2024-09-08,1008.41,ACH
PAY-0004243,INV-004207,2024-04-06,626.45,ACH
PAY-0004244,INV-004207,2024-04-26,652.52,ACH
PAY-0004245,INV-004208,2024-04-29,2613.07,ACH
PAY-0004246,INV-004209,2024-07-15,2300.88,ACH
PAY-0004247,INV-004210,2024-09-05,2566.34,ACH
PAY-0004248,INV-004211,2025-06-20,1081.29,Wire
PAY-0004249,INV-004211,2025-07-08,1030.39,ACH
PAY-0004250,INV-004212,2024-10-03,3646.32,ACH
PAY-0004251,INV-004213,2024-03-06,2745.76,ACH
PAY-0004252,INV-004214,2024-05-27,1328.13,Wire
PAY-0004253,INV-004215,2024-09-19,568.82,ACH
PAY-0004254,INV-004216,2026-01-19,1507.62,ACH
PAY-0004255,INV-004218,2024-08-05,1117.77,ACH
PAY-0004256,INV-004219,2025-07-12,2888.22,ACH
PAY-0004257,INV-004220,2024-08-31,1427.42,ACH
PAY-0004258,INV-004222,2025-12-15,1417.11,ACH
PAY-0004259,INV-004223,2024-07-28,3311.6,Wire
PAY-0004260,INV-004224,2025-02-27,2200.36,Wire
PAY-0004261,INV-004225,2026-01-22,886.56,ACH
PAY-0004262,INV-004226,2024-05-19,2727.09,ACH
PAY-0004263,INV-004227,2025-10-18,1500.54,ACH
PAY-0004264,INV-004228,2024-03-22,865.05,Wire
PAY-0004265,INV-004229,2025-02-01,1249.17,Wire
PAY-0004266,INV-004229,2025-02-17,1864.16,ACH
PAY-0004267,INV-004230,2025-12-10,3686.18,ACH
PAY-0004268,INV-004231,2024-03-29,2268.99,Wire
PAY-0004269,INV-004232,2025-11-23,655.55,ACH
PAY-0004270,INV-004233,2025-12-02,2452.6,ACH
PAY-0004271,INV-004234,2025-09-28,3340.94,Check
PAY-0004272,INV-004235,2024-08-18,9172.84,ACH
PAY-0004273,INV-004236,2024-05-05,6632.92,ACH
PAY-0004274,INV-004237,2025-01-04,4573.19,ACH
PAY-0004275,INV-004237,2025-01-14,6701.02,ACH
PAY-0004276,INV-004238,2025-04-20,7145.98,ACH
PAY-0004277,INV-004239,2024-06-15,10186.93,ACH
PAY-0004278,INV-004240,2025-02-19,9814.19,ACH
PAY-0004279,INV-004241,2024-08-21,6298.79,Wire
PAY-0004280,INV-004242,2024-11-15,10504.17,Wire
PAY-0004281,INV-004243,2025-09-16,9331.74,ACH
PAY-0004282,INV-004244,2024-05-06,5739.55,Wire
PAY-0004283,INV-004245,2024-06-03,10868.98,Wire
PAY-0004284,INV-004246,2024-04-24,5040.23,ACH
PAY-0004285,INV-004247,2025-02-01,9923.55,ACH
PAY-0004286,INV-004248,2025-05-13,9627.05,Wire
PAY-0004287,INV-004249,2024-10-01,7870.29,ACH
PAY-0004288,INV-004250,2024-04-11,8994.8,ACH
PAY-0004289,INV-004251,2025-12-27,6158.98,Wire
PAY-0004290,INV-004252,2024-05-28,3875.76,ACH
PAY-0004291,INV-004253,2024-08-28,6792.81,ACH
PAY-0004292,INV-004255,2025-08-26,6867.65,ACH
PAY-0004293,INV-004256,2025-11-07,8357.01,Check
PAY-0004294,INV-004257,2024-06-08,2663.52,ACH
PAY-0004295,INV-004258,2025-06-30,10523.3,ACH
PAY-0004296,INV-004259,2025-09-17,3870.53,ACH
PAY-0004297,INV-004259,2025-10-07,3662.2,ACH
PAY-0004298,INV-004260,2024-02-21,5463.03,ACH
PAY-0004299,INV-004261,2024-06-10,1872.9,ACH
PAY-0004300,INV-004261,2024-07-03,2443.97,ACH
PAY-0004301,INV-004262,2024-08-15,6811.39,ACH
PAY-0004302,INV-004264,2025-06-28,10905.08,ACH
PAY-0004303,INV-004265,2024-02-15,7933.01,ACH
PAY-0004304,INV-004266,2025-08-21,11951.55,ACH
PAY-0004305,INV-004267,2025-01-16,2710.21,Wire
PAY-0004306,INV-004268,2025-06-13,6969.69,ACH
PAY-0004307,INV-004270,2024-07-31,4859.06,ACH
PAY-0004308,INV-004271,2025-02-22,10337.13,Wire
PAY-0004309,INV-004272,2024-06-19,11229.1,ACH
PAY-0004310,INV-004273,2024-03-29,2640.99,ACH
PAY-0004311,INV-004274,2025-03-20,5108.88,Wire
PAY-0004312,INV-004275,2024-09-26,6659.41,Wire
PAY-0004313,INV-004276,2025-01-23,4340.42,ACH
PAY-0004314,INV-004277,2025-10-01,9927.79,ACH
PAY-0004315,INV-004278,2025-03-08,6013.5,Check
PAY-0004316,INV-004279,2025-11-01,4259.71,ACH
PAY-0004317,INV-004279,2025-11-11,3587.9,ACH
PAY-0004318,INV-004280,2025-02-12,1839.43,Wire
PAY-0004319,INV-004281,2025-02-05,5386.86,Check
PAY-0004320,INV-004282,2024-05-13,11231.08,ACH
PAY-0004321,INV-004283,2025-06-17,5874.29,ACH
PAY-0004322,INV-004284,2024-08-18,6277.62,ACH
PAY-0004323,INV-004285,2025-08-16,9447.45,ACH
PAY-0004324,INV-004286,2025-05-06,4505.84,ACH
PAY-0004325,INV-004287,2024-05-23,8011.44,ACH
PAY-0004326,INV-004288,2024-08-11,5210.53,ACH
PAY-0004327,INV-004289,2025-09-18,10140.05,ACH
PAY-0004328,INV-004290,2024-08-01,7296.46,Wire
PAY-0004329,INV-004291,2024-04-10,10223.88,Wire
PAY-0004330,INV-004292,2024-03-13,1782.49,ACH
PAY-0004331,INV-004293,2025-08-24,5476.43,ACH
PAY-0004332,INV-004294,2024-09-11,11182.14,ACH
PAY-0004333,INV-004295,2025-05-29,2590.18,ACH
PAY-0004334,INV-004296,2025-08-24,3459.37,Wire
PAY-0004335,INV-004297,2024-09-21,5724.86,Wire
PAY-0004336,INV-004299,2025-05-28,5788.21,ACH
PAY-0004337,INV-004301,2025-08-31,7788.28,ACH
PAY-0004338,INV-004302,2026-01-09,4382.93,Check
PAY-0004339,INV-004304,2025-03-08,3426.76,Wire
PAY-0004340,INV-004305,2024-03-20,2538.45,ACH
PAY-0004341,INV-004306,2025-03-07,11758.07,ACH
PAY-0004342,INV-004307,2025-10-01,1519.98,Check
PAY-0004343,INV-004308,2024-09-17,3997.34,Wire
PAY-0004344,INV-004309,2024-07-04,4362.23,ACH
PAY-0004345,INV-004310,2024-12-18,10172.68,ACH
PAY-0004346,INV-004311,2024-07-30,4931.39,Wire
PAY-0004347,INV-004313,2024-02-05,4351.02,Wire
PAY-0004348,INV-004314,2025-01-21,8236.13,ACH
PAY-0004349,INV-004315,2025-08-04,9155.58,ACH
PAY-0004350,INV-004316,2024-10-27,4157.85,ACH
PAY-0004351,INV-004317,2025-08-13,6070.27,ACH
PAY-0004352,INV-004318,2024-10-21,3744.71,Wire
PAY-0004353,INV-004319,2024-04-03,9868.91,ACH
PAY-0004354,INV-004321,2025-11-03,3405.38,ACH
PAY-0004355,INV-004322,2025-02-03,8443.99,Check
PAY-0004356,INV-004323,2024-04-28,3111.09,Check
PAY-0004357,INV-004324,2025-10-18,1689.37,ACH
PAY-0004358,INV-004324,2025-11-02,1329.7,ACH
PAY-0004359,INV-004325,2024-07-20,5395.59,ACH
PAY-0004360,INV-004326,2024-06-01,10547.81,ACH
PAY-0004361,INV-004327,2025-06-22,8727.86,ACH
PAY-0004362,INV-004328,2024-09-05,6648.11,ACH
PAY-0004363,INV-004329,2025-07-07,6576.16,ACH
PAY-0004364,INV-004330,2024-03-24,8188.86,Wire
PAY-0004365,INV-004331,2024-10-13,10520.94,ACH
PAY-0004366,INV-004332,2025-10-02,8975.41,Wire
PAY-0004367,INV-004333,2025-04-27,7239.05,ACH
PAY-0004368,INV-004334,2025-05-16,5557.05,ACH
PAY-0004369,INV-004335,2024-12-11,1950.35,Wire
PAY-0004370,INV-004335,2024-12-29,2417.9,Check
PAY-0004371,INV-004336,2024-12-14,6396.39,Wire
PAY-0004372,INV-004337,2024-02-14,10986.27,ACH
PAY-0004373,INV-004338,2025-02-19,10583.77,ACH
PAY-0004374,INV-004339,2025-12-25,10476.56,ACH
PAY-0004375,INV-004340,2025-05-12,3110.58,Wire
PAY-0004376,INV-004340,2025-06-02,4090.04,Wire
PAY-0004377,INV-004341,2025-09-19,6545.87,ACH
PAY-0004378,INV-004342,2026-02-04,6252.46,ACH
PAY-0004379,INV-004343,2024-04-22,11237.19,Wire
PAY-0004380,INV-004344,2025-11-10,4168.69,ACH
PAY-0004381,INV-004344,2025-11-27,3891.44,ACH
PAY-0004382,INV-004345,2024-05-06,2325.0,Check
PAY-0004383,INV-004346,2025-06-09,11436.04,Wire
PAY-0004384,INV-004347,2025-11-13,5357.88,ACH
PAY-0004385,INV-004348,2026-01-04,3415.18,Wire
PAY-0004386,INV-004349,2025-02-01,5184.44,ACH
PAY-0004387,INV-004349,2025-02-24,3583.35,ACH
PAY-0004388,INV-004351,2025-04-14,6745.66,ACH
PAY-0004389,INV-004352,2024-03-15,2130.54,Check
PAY-0004390,INV-004354,2025-12-16,11034.06,Wire
PAY-0004391,INV-004355,2025-02-01,5320.21,ACH
PAY-0004392,INV-004357,2024-10-28,2798.19,Wire
PAY-0004393,INV-004358,2025-08-27,4250.04,ACH
PAY-0004394,INV-004359,2025-11-25,8519.46,ACH
PAY-0004395,INV-004360,2024-11-19,5749.47,ACH
PAY-0004396,INV-004361,2024-08-03,7593.39,ACH
PAY-0004397,INV-004362,2024-05-01,4064.68,ACH
PAY-0004398,INV-004363,2025-02-03,9809.08,ACH
PAY-0004399,INV-004364,2025-12-16,1986.87,ACH
PAY-0004400,INV-004365,2025-11-09,9256.96,Wire
PAY-0004401,INV-004366,2024-08-13,11536.32,ACH
PAY-0004402,INV-004367,2024-11-20,9008.92,ACH
PAY-0004403,INV-004368,2025-03-25,4906.28,ACH
PAY-0004404,INV-004369,2024-01-29,7712.18,Check
PAY-0004405,INV-004371,2025-05-10,6334.35,Wire
PAY-0004406,INV-004372,2024-08-28,4698.88,Check
PAY-0004407,INV-004373,2024-03-15,11233.37,Check
PAY-0004408,INV-004374,2024-10-31,2954.55,ACH
PAY-0004409,INV-004375,2024-03-09,10348.52,ACH
PAY-0004410,INV-004376,2024-09-30,5020.51,ACH
PAY-0004411,INV-004377,2025-06-21,7774.31,ACH
PAY-0004412,INV-004378,2025-11-20,7957.72,ACH
PAY-0004413,INV-004379,2025-04-30,8401.29,ACH
PAY-0004414,INV-004380,2024-09-20,11820.16,Check
PAY-0004415,INV-004381,2024-05-14,7975.62,Wire
PAY-0004416,INV-004382,2025-02-14,8779.51,ACH
PAY-0004417,INV-004383,2024-12-01,4972.1,ACH
PAY-0004418,INV-004384,2025-09-04,9368.69,ACH
PAY-0004419,INV-004385,2025-09-14,8286.46,Check
PAY-0004420,INV-004386,2025-01-21,10613.19,Wire
PAY-0004421,INV-004388,2024-08-28,9740.52,ACH
PAY-0004422,INV-004389,2025-03-03,9887.87,Check
PAY-0004423,INV-004390,2024-05-27,2069.83,ACH
PAY-0004424,INV-004391,2024-08-10,6589.38,Wire
PAY-0004425,INV-004392,2024-10-21,7677.02,ACH
PAY-0004426,INV-004393,2024-12-25,10916.21,Wire
PAY-0004427,INV-004394,2024-04-09,2064.91,ACH
PAY-0004428,INV-004396,2025-10-23,11267.0,ACH
PAY-0004429,INV-004397,2025-02-21,3485.39,Check
PAY-0004430,INV-004397,2025-03-14,4490.47,Check
PAY-0004431,INV-004398,2024-12-30,4896.55,Wire
PAY-0004432,INV-004399,2025-06-15,5206.82,Check
PAY-0004433,INV-004400,2025-12-25,2776.52,ACH
PAY-0004434,INV-004401,2025-03-04,3610.84,ACH
PAY-0004435,INV-004402,2025-11-29,6654.68,Wire
PAY-0004436,INV-004403,2025-06-01,2270.9,ACH
PAY-0004437,INV-004404,2025-06-11,3686.78,Check
PAY-0004438,INV-004405,2025-09-26,4953.3,Wire
PAY-0004439,INV-004406,2024-11-03,7185.79,ACH
PAY-0004440,INV-004407,2025-05-06,7085.85,ACH
PAY-0004441,INV-004408,2025-01-23,3671.45,ACH
PAY-0004442,INV-004409,2025-06-10,9412.95,ACH
PAY-0004443,INV-004410,2024-06-24,4090.49,ACH
PAY-0004444,INV-004411,2024-12-15,4909.7,ACH
PAY-0004445,INV-004412,2024-07-31,4323.97,ACH
PAY-0004446,INV-004412,2024-08-20,3948.5,ACH
PAY-0004447,INV-004413,2024-08-23,3888.22,ACH
PAY-0004448,INV-004413,2024-09-04,5335.09,ACH
PAY-0004449,INV-004414,2025-07-05,5803.03,Check
PAY-0004450,INV-004415,2024-12-07,11285.52,ACH
PAY-0004451,INV-004416,2025-03-04,6623.9,ACH
PAY-0004452,INV-004417,2025-01-31,6855.32,ACH
PAY-0004453,INV-004418,2025-03-22,8051.41,ACH
PAY-0004454,INV-004419,2024-03-31,2804.5,ACH
PAY-0004455,INV-004420,2025-05-30,5545.17,ACH
PAY-0004456,INV-004421,2025-08-10,2230.12,Wire
PAY-0004457,INV-004422,2025-08-07,4234.81,Wire
PAY-0004458,INV-004424,2026-01-06,5825.52,ACH
PAY-0004459,INV-004425,2024-09-27,3460.47,Check
PAY-0004460,INV-004425,2024-10-17,3574.94,ACH
PAY-0004461,INV-004426,2025-07-26,5391.33,ACH
PAY-0004462,INV-004427,2025-03-20,4517.28,ACH
PAY-0004463,INV-004428,2024-11-11,3866.12,ACH
PAY-0004464,INV-004429,2025-12-02,2784.58,ACH
PAY-0004465,INV-004430,2025-01-11,6846.27,ACH
PAY-0004466,INV-004432,2025-07-16,4999.61,ACH
PAY-0004467,INV-004433,2026-01-13,1199.88,Check
PAY-0004468,INV-004433,2026-02-02,1266.41,ACH
PAY-0004469,INV-004434,2024-06-01,5876.72,ACH
PAY-0004470,INV-004435,2024-08-03,9560.07,ACH
PAY-0004471,INV-004436,2025-01-06,2681.97,ACH
PAY-0004472,INV-004437,2025-05-17,7526.19,ACH
PAY-0004473,INV-004438,2025-05-27,4364.16,ACH
PAY-0004474,INV-004439,2024-05-14,9312.3,ACH
PAY-0004475,INV-004440,2025-08-13,1824.48,ACH
PAY-0004476,INV-004441,2025-06-16,2873.13,ACH
PAY-0004477,INV-004441,2025-07-02,4155.66,Wire
PAY-0004478,INV-004442,2024-07-21,6678.72,ACH
PAY-0004479,INV-004443,2024-07-17,2809.8,Wire
PAY-0004480,INV-004444,2025-03-25,2102.25,ACH
PAY-0004481,INV-004444,2025-04-04,2200.75,ACH
PAY-0004482,INV-004445,2025-07-28,5607.64,Wire
PAY-0004483,INV-004446,2025-11-14,4356.41,ACH
PAY-0004484,INV-004447,2024-04-03,4941.47,ACH
PAY-0004485,INV-004449,2025-02-14,8311.24,ACH
PAY-0004486,INV-004450,2024-04-05,7092.43,ACH
PAY-0004487,INV-004451,2024-07-15,11855.26,ACH
PAY-0004488,INV-004452,2026-01-29,3865.69,ACH
PAY-0004489,INV-004453,2024-05-03,9251.65,Wire
PAY-0004490,INV-004454,2025-12-04,9334.43,Wire
PAY-0004491,INV-004455,2024-03-10,6763.09,ACH
PAY-0004492,INV-004456,2024-08-18,9271.81,ACH
PAY-0004493,INV-004457,2025-02-26,10341.66,Wire
PAY-0004494,INV-004458,2024-12-17,10731.89,Wire
PAY-0004495,INV-004459,2025-12-08,2364.66,Check
PAY-0004496,INV-004460,2025-09-10,7263.85,Wire
PAY-0004497,INV-004461,2025-10-24,4757.65,Wire
PAY-0004498,INV-004462,2024-12-19,2267.97,ACH
PAY-0004499,INV-004463,2025-10-17,11778.6,ACH
PAY-0004500,INV-004464,2024-04-18,6255.46,ACH
PAY-0004501,INV-004465,2024-04-03,10056.41,ACH
PAY-0004502,INV-004466,2025-09-25,3048.49,ACH
PAY-0004503,INV-004467,2025-05-30,9714.8,Check
PAY-0004504,INV-004468,2024-08-27,4656.51,ACH
PAY-0004505,INV-004468,2024-09-13,3393.62,Wire
PAY-0004506,INV-004469,2024-11-30,3543.06,ACH
PAY-0004507,INV-004469,2024-12-19,3762.02,Wire
PAY-0004508,INV-004470,2025-07-14,8622.51,ACH
PAY-0004509,INV-004471,2024-12-01,8678.06,ACH
PAY-0004510,INV-004472,2025-03-06,8577.71,ACH
PAY-0004511,INV-004473,2025-04-10,6693.12,ACH
PAY-0004512,INV-004474,2025-03-23,626.6,Wire
PAY-0004513,INV-004474,2025-04-02,894.25,ACH
PAY-0004514,INV-004475,2025-04-10,6002.69,ACH
PAY-0004515,INV-004476,2025-07-28,5896.07,Wire
PAY-0004516,INV-004477,2024-04-10,3028.06,ACH
PAY-0004517,INV-004478,2026-01-06,4469.97,Check
PAY-0004518,INV-004479,2024-04-26,4292.54,ACH
PAY-0004519,INV-004480,2025-08-25,2322.73,ACH
PAY-0004520,INV-004481,2024-10-17,8318.78,ACH
PAY-0004521,INV-004482,2025-08-23,6605.42,ACH
PAY-0004522,INV-004483,2025-05-01,10118.1,ACH
PAY-0004523,INV-004484,2024-05-31,1467.4,ACH
PAY-0004524,INV-004484,2024-06-16,1580.68,Wire
PAY-0004525,INV-004485,2026-02-07,2897.11,ACH
PAY-0004526,INV-004486,2026-01-02,4131.27,ACH
PAY-0004527,INV-004488,2025-06-03,11878.33,ACH
PAY-0004528,INV-004489,2025-12-30,2225.12,ACH
PAY-0004529,INV-004490,2025-12-12,1507.07,ACH
PAY-0004530,INV-004490,2025-12-27,1166.21,ACH
PAY-0004531,INV-004491,2024-09-15,1720.34,ACH
PAY-0004532,INV-004492,2024-07-05,1744.87,ACH
PAY-0004533,INV-004493,2024-03-16,1664.82,Wire
PAY-0004534,INV-004494,2025-03-22,1656.3,ACH
PAY-0004535,INV-004495,2025-07-18,3727.54,ACH
PAY-0004536,INV-004496,2024-07-26,1757.39,Wire
PAY-0004537,INV-004497,2025-01-29,2736.34,ACH
PAY-0004538,INV-004498,2025-11-16,3045.57,ACH
PAY-0004539,INV-004500,2024-07-12,1908.43,ACH
PAY-0004540,INV-004500,2024-08-01,1903.05,ACH
PAY-0004541,INV-004501,2025-01-24,1825.28,Wire
PAY-0004542,INV-004502,2025-05-01,2503.58,ACH
PAY-0004543,INV-004503,2024-02-22,2415.38,ACH
PAY-0004544,INV-004504,2025-04-17,1918.83,ACH
PAY-0004545,INV-004505,2025-05-30,2541.16,ACH
PAY-0004546,INV-004506,2025-02-26,3015.9,ACH
PAY-0004547,INV-004507,2025-10-05,1416.84,ACH
PAY-0004548,INV-004507,2025-10-21,1122.53,ACH
PAY-0004549,INV-004508,2024-04-09,2121.11,Check
PAY-0004550,INV-004509,2025-06-22,1458.21,Check
PAY-0004551,INV-004510,2024-09-23,2808.74,ACH
PAY-0004552,INV-004513,2024-08-16,3131.88,ACH
PAY-0004553,INV-004514,2024-10-28,2834.76,ACH
PAY-0004554,INV-004515,2024-03-07,11265.27,ACH
PAY-0004555,INV-004516,2025-08-03,4836.91,ACH
PAY-0004556,INV-004517,2025-11-08,2828.9,Wire
PAY-0004557,INV-004517,2025-11-26,4137.34,Wire
PAY-0004558,INV-004518,2025-12-14,6031.71,ACH
PAY-0004559,INV-004519,2024-04-21,3445.39,Wire
PAY-0004560,INV-004520,2025-04-05,6303.89,ACH
PAY-0004561,INV-004521,2024-07-09,1918.98,ACH
PAY-0004562,INV-004522,2024-09-10,4678.5,ACH
PAY-0004563,INV-004523,2024-07-27,3749.6,ACH
PAY-0004564,INV-004524,2025-01-26,4245.02,Wire
PAY-0004565,INV-004525,2024-11-14,3415.8,ACH
PAY-0004566,INV-004526,2024-12-19,8659.73,Wire
PAY-0004567,INV-004527,2024-08-24,4605.79,Wire
PAY-0004568,INV-004527,2024-09-10,4022.09,Wire
PAY-0004569,INV-004528,2026-01-29,4534.1,ACH
PAY-0004570,INV-004529,2024-07-26,11510.21,Wire
PAY-0004571,INV-004530,2024-03-26,6831.42,ACH
PAY-0004572,INV-004531,2024-12-13,5028.45,ACH
PAY-0004573,INV-004532,2024-08-02,8948.92,ACH
PAY-0004574,INV-004533,2025-05-21,2828.48,Wire
PAY-0004575,INV-004534,2024-07-27,9482.22,ACH
PAY-0004576,INV-004535,2025-04-27,7322.19,Wire
PAY-0004577,INV-004536,2025-11-02,9211.31,ACH
PAY-0004578,INV-004538,2025-09-01,11015.4,Wire
PAY-0004579,INV-004539,2025-03-10,4051.0,ACH
PAY-0004580,INV-004540,2024-03-25,1821.76,ACH
PAY-0004581,INV-004540,2024-04-09,2401.15,ACH
PAY-0004582,INV-004541,2025-02-21,8510.87,ACH
PAY-0004583,INV-004542,2024-08-19,4392.26,Wire
PAY-0004584,INV-004543,2025-07-08,1630.52,ACH
PAY-0004585,INV-004544,2024-11-22,6880.73,Wire
PAY-0004586,INV-004545,2025-03-04,9730.09,Wire
PAY-0004587,INV-004546,2025-07-09,3327.45,ACH
PAY-0004588,INV-004547,2025-09-25,5189.83,ACH
PAY-0004589,INV-004548,2025-09-19,1931.29,ACH
PAY-0004590,INV-004548,2025-10-08,1832.04,Wire
PAY-0004591,INV-004549,2025-11-30,11648.72,ACH
PAY-0004592,INV-004550,2025-07-23,5230.25,Wire
PAY-0004593,INV-004551,2025-03-13,4564.76,ACH
PAY-0004594,INV-004552,2024-10-14,2450.97,Check
PAY-0004595,INV-004553,2025-01-01,2368.43,ACH
PAY-0004596,INV-004553,2025-01-23,2563.73,ACH
PAY-0004597,INV-004554,2024-07-23,11627.23,ACH
PAY-0004598,INV-004555,2024-12-26,9471.74,Wire
PAY-0004599,INV-004556,2026-01-23,4151.08,ACH
PAY-0004600,INV-004557,2024-03-28,8684.35,ACH
PAY-0004601,INV-004558,2025-08-09,1324.43,ACH
PAY-0004602,INV-004558,2025-09-01,904.23,Wire
PAY-0004603,INV-004559,2024-08-02,11697.65,Check
PAY-0004604,INV-004560,2025-01-05,6877.76,Wire
PAY-0004605,INV-004561,2025-01-07,7611.32,Check
PAY-0004606,INV-004563,2024-04-30,7390.91,ACH
PAY-0004607,INV-004564,2025-04-02,4779.8,ACH
PAY-0004608,INV-004565,2024-11-08,9686.2,ACH
PAY-0004609,INV-004567,2024-11-19,10220.6,Check
PAY-0004610,INV-004568,2024-10-13,4291.38,Wire
PAY-0004611,INV-004569,2025-12-08,10658.78,ACH
PAY-0004612,INV-004571,2024-06-24,6567.37,Wire
PAY-0004613,INV-004572,2024-04-27,7327.89,ACH
PAY-0004614,INV-004573,2025-02-21,4961.52,ACH
PAY-0004615,INV-004574,2024-07-25,4748.41,Check
PAY-0004616,INV-004575,2025-12-02,2600.16,ACH
PAY-0004617,INV-004575,2025-12-16,2133.95,Wire
PAY-0004618,INV-004576,2024-06-13,5823.35,Wire
PAY-0004619,INV-004577,2024-12-30,2318.44,ACH
PAY-0004620,INV-004577,2025-01-12,1897.13,ACH
PAY-0004621,INV-004578,2024-12-11,10184.45,ACH
PAY-0004622,INV-004579,2024-08-15,6001.12,ACH
PAY-0004623,INV-004580,2024-08-04,6705.82,Wire
PAY-0004624,INV-004581,2025-01-20,10443.08,ACH
PAY-0004625,INV-004582,2024-07-13,5685.77,ACH
PAY-0004626,INV-004584,2025-04-12,10035.49,Wire
PAY-0004627,INV-004585,2025-08-08,5524.0,Wire
PAY-0004628,INV-004585,2025-08-21,4867.84,ACH
PAY-0004629,INV-004586,2025-03-24,10162.02,Wire
PAY-0004630,INV-004587,2024-03-09,2536.06,ACH
PAY-0004631,INV-004588,2025-07-27,9521.75,ACH
PAY-0004632,INV-004589,2024-10-25,11990.83,ACH
PAY-0004633,INV-004590,2024-06-28,2142.37,ACH
PAY-0004634,INV-004592,2026-01-03,10895.86,ACH
PAY-0004635,INV-004593,2024-10-13,2157.91,ACH
PAY-0004636,INV-004594,2025-12-26,2216.74,ACH
PAY-0004637,INV-004595,2025-04-08,11952.81,ACH
PAY-0004638,INV-004596,2024-10-27,4232.25,ACH
PAY-0004639,INV-004597,2024-06-20,10281.74,ACH
PAY-0004640,INV-004598,2025-02-01,6156.96,ACH
PAY-0004641,INV-004599,2025-01-14,4298.52,Wire
PAY-0004642,INV-004600,2025-02-01,7315.18,ACH
PAY-0004643,INV-004601,2025-10-13,9775.88,ACH
PAY-0004644,INV-004602,2025-10-03,5780.18,ACH
PAY-0004645,INV-004602,2025-10-26,5659.68,Check
PAY-0004646,INV-004603,2024-09-04,11234.63,Wire
PAY-0004647,INV-004606,2024-05-12,4520.86,ACH
PAY-0004648,INV-004606,2024-05-24,3824.73,Wire
PAY-0004649,INV-004607,2024-04-17,3825.44,ACH
PAY-0004650,INV-004608,2025-09-30,7064.89,Wire
PAY-0004651,INV-004609,2025-09-25,3455.64,ACH
PAY-0004652,INV-004610,2025-08-09,1606.51,ACH
PAY-0004653,INV-004611,2024-09-14,9583.78,ACH
PAY-0004654,INV-004612,2025-01-28,10304.26,ACH
PAY-0004655,INV-004614,2026-01-05,4485.41,Check
PAY-0004656,INV-004615,2025-03-12,8277.38,Wire
PAY-0004657,INV-004616,2025-01-25,1516.86,Wire
PAY-0004658,INV-004617,2025-01-30,2596.32,ACH
PAY-0004659,INV-004618,2025-03-25,4304.71,ACH
PAY-0004660,INV-004618,2025-04-15,3249.93,ACH
PAY-0004661,INV-004619,2026-02-10,9807.48,ACH
PAY-0004662,INV-004621,2024-09-20,6598.27,ACH
PAY-0004663,INV-004622,2025-06-21,10107.92,ACH
PAY-0004664,INV-004623,2024-07-14,8048.5,ACH
PAY-0004665,INV-004624,2024-05-29,8545.31,ACH
PAY-0004666,INV-004625,2024-02-28,7298.39,ACH
PAY-0004667,INV-004626,2025-02-22,5127.09,Wire
PAY-0004668,INV-004626,2025-03-05,4092.08,ACH
PAY-0004669,INV-004627,2024-10-31,5536.84,ACH
PAY-0004670,INV-004628,2024-09-03,8806.32,Wire
PAY-0004671,INV-004629,2024-10-06,2252.85,ACH
PAY-0004672,INV-004631,2025-10-18,9613.22,Wire
PAY-0004673,INV-004632,2024-06-18,11631.92,ACH
PAY-0004674,INV-004633,2024-12-12,4297.17,ACH
PAY-0004675,INV-004633,2024-12-22,5103.93,ACH
PAY-0004676,INV-004634,2024-11-11,11438.33,Wire
PAY-0004677,INV-004635,2024-05-24,5094.43,ACH
PAY-0004678,INV-004636,2024-07-21,10102.49,Check
PAY-0004679,INV-004637,2026-01-09,6593.69,Check
PAY-0004680,INV-004638,2025-02-07,7632.24,ACH
PAY-0004681,INV-004640,2025-12-16,7165.74,Wire
PAY-0004682,INV-004641,2024-02-12,5899.19,ACH
PAY-0004683,INV-004642,2024-06-02,6952.47,Wire
PAY-0004684,INV-004643,2024-08-12,4068.87,ACH
PAY-0004685,INV-004644,2024-10-04,5346.42,Check
PAY-0004686,INV-004645,2026-02-20,10874.57,ACH
PAY-0004687,INV-004646,2024-03-08,7239.61,Wire
PAY-0004688,INV-004647,2025-10-19,10638.21,ACH
PAY-0004689,INV-004648,2024-03-08,11278.9,Check
PAY-0004690,INV-004649,2024-06-08,6805.68,ACH
PAY-0004691,INV-004650,2024-09-09,6959.12,Wire
PAY-0004692,INV-004651,2024-03-16,7158.28,Wire
PAY-0004693,INV-004653,2025-03-22,8037.71,ACH
PAY-0004694,INV-004655,2025-10-03,3880.53,ACH
PAY-0004695,INV-004656,2024-11-11,5315.03,ACH
PAY-0004696,INV-004657,2025-01-07,10286.49,Wire
PAY-0004697,INV-004658,2025-07-08,6336.7,ACH
PAY-0004698,INV-004659,2025-07-11,10752.58,ACH
PAY-0004699,INV-004660,2025-01-15,8194.94,ACH
PAY-0004700,INV-004661,2024-10-17,4819.87,ACH
PAY-0004701,INV-004661,2024-11-06,3948.2,ACH
PAY-0004702,INV-004663,2025-10-26,5391.09,ACH
PAY-0004703,INV-004664,2024-10-07,11770.52,ACH
PAY-0004704,INV-004665,2024-06-25,10532.87,Wire
PAY-0004705,INV-004666,2024-10-23,11558.85,ACH
PAY-0004706,INV-004667,2024-12-17,7005.02,ACH
PAY-0004707,INV-004668,2025-07-04,3260.21,Wire
PAY-0004708,INV-004669,2025-08-10,4727.29,ACH
PAY-0004709,INV-004670,2024-12-31,3883.39,ACH
PAY-0004710,INV-004671,2025-11-25,5965.75,ACH
PAY-0004711,INV-004672,2026-01-02,4068.78,Wire
PAY-0004712,INV-004673,2024-02-26,9492.75,ACH
PAY-0004713,INV-004674,2024-08-20,8681.28,ACH
PAY-0004714,INV-004675,2026-02-08,5015.61,Wire
PAY-0004715,INV-004676,2026-01-13,10868.01,ACH
PAY-0004716,INV-004677,2026-01-09,10367.59,Wire
PAY-0004717,INV-004678,2025-03-02,9118.7,ACH
PAY-0004718,INV-004679,2025-12-02,6445.79,Wire
PAY-0004719,INV-004680,2025-01-16,7832.22,ACH
PAY-0004720,INV-004681,2024-07-11,3140.98,ACH
PAY-0004721,INV-004682,2024-08-01,8496.58,ACH
PAY-0004722,INV-004683,2025-12-15,11449.56,ACH
PAY-0004723,INV-004684,2025-04-02,2616.85,Wire
PAY-0004724,INV-004685,2024-12-18,5792.72,Check
PAY-0004725,INV-004686,2024-03-25,2585.3,ACH
PAY-0004726,INV-004687,2024-06-19,5498.07,ACH
PAY-0004727,INV-004688,2024-04-24,7877.37,ACH
PAY-0004728,INV-004689,2025-10-30,1644.65,ACH
PAY-0004729,INV-004690,2025-06-21,7542.44,ACH
PAY-0004730,INV-004691,2025-04-01,4145.27,ACH
PAY-0004731,INV-004692,2026-01-16,4487.86,ACH
PAY-0004732,INV-004693,2024-06-21,3824.02,Wire
PAY-0004733,INV-004694,2025-09-26,1882.09,Wire
PAY-0004734,INV-004695,2024-05-10,7634.92,ACH
PAY-0004735,INV-004696,2024-12-13,2561.53,Wire
PAY-0004736,INV-004697,2026-01-31,7291.56,ACH
PAY-0004737,INV-004698,2024-07-19,7699.2,Wire
PAY-0004738,INV-004699,2025-06-15,11976.3,ACH
PAY-0004739,INV-004700,2025-12-15,4811.44,ACH
PAY-0004740,INV-004700,2025-12-31,6864.82,Wire
PAY-0004741,INV-004701,2025-03-06,9821.01,ACH
PAY-0004742,INV-004702,2024-05-08,6754.51,ACH
PAY-0004743,INV-004703,2025-03-14,3549.68,Wire
PAY-0004744,INV-004704,2025-10-10,1063.69,Wire
PAY-0004745,INV-004704,2025-10-29,1031.4,Wire
PAY-0004746,INV-004705,2024-08-21,11627.63,Wire
PAY-0004747,INV-004706,2025-05-07,5119.68,Wire
PAY-0004748,INV-004706,2025-05-25,4287.6,ACH
PAY-0004749,INV-004707,2024-09-24,5846.9,Wire
PAY-0004750,INV-004708,2026-02-26,7865.0,Check
PAY-0004751,INV-004709,2024-12-19,2037.24,ACH
PAY-0004752,INV-004710,2024-05-30,7031.43,ACH
PAY-0004753,INV-004711,2024-07-25,4431.81,ACH
PAY-0004754,INV-004712,2026-02-25,8129.43,ACH
PAY-0004755,INV-004713,2025-03-11,5115.36,ACH
PAY-0004756,INV-004713,2025-03-30,4573.72,ACH
PAY-0004757,INV-004714,2024-08-14,8153.21,Check
PAY-0004758,INV-004715,2025-03-10,9380.15,ACH
PAY-0004759,INV-004716,2024-09-10,5552.29,Wire
PAY-0004760,INV-004719,2024-05-14,2771.32,ACH
PAY-0004761,INV-004720,2025-12-07,3036.78,Wire
PAY-0004762,INV-004721,2024-05-12,1742.16,ACH
PAY-0004763,INV-004722,2025-10-25,2900.02,ACH
PAY-0004764,INV-004723,2025-11-05,2662.05,ACH
PAY-0004765,INV-004724,2025-10-27,2657.57,Check
PAY-0004766,INV-004725,2025-05-07,3451.55,Wire
PAY-0004767,INV-004726,2024-09-11,3515.7,ACH
PAY-0004768,INV-004728,2024-10-29,3296.74,Wire
PAY-0004769,INV-004729,2024-12-17,2035.9,ACH
PAY-0004770,INV-004730,2025-02-11,2506.77,Wire
PAY-0004771,INV-004731,2026-01-08,3210.27,ACH
PAY-0004772,INV-004732,2024-05-13,2424.19,ACH
PAY-0004773,INV-004733,2024-06-03,860.45,ACH
PAY-0004774,INV-004733,2024-06-18,1273.62,Wire
PAY-0004775,INV-004734,2024-12-17,1468.54,Wire
PAY-0004776,INV-004734,2025-01-05,2126.19,Wire
PAY-0004777,INV-004735,2025-02-26,3939.56,Wire
PAY-0004778,INV-004736,2026-02-22,2581.33,ACH
PAY-0004779,INV-004737,2025-07-10,3174.37,ACH
PAY-0004780,INV-004738,2025-11-16,1264.57,Wire
PAY-0004781,INV-004739,2024-10-03,3080.36,Check
PAY-0004782,INV-004740,2024-05-31,2726.17,ACH
PAY-0004783,INV-004741,2024-06-10,1244.85,ACH
PAY-0004784,INV-004742,2024-11-20,3150.64,Check
PAY-0004785,INV-004743,2025-10-03,842.92,Check
PAY-0004786,INV-004744,2024-04-30,1325.0,Wire
PAY-0004787,INV-004745,2024-07-05,555.77,ACH
PAY-0004788,INV-004745,2024-07-24,376.09,ACH
PAY-0004789,INV-004746,2025-08-18,1100.63,Wire
PAY-0004790,INV-004747,2024-07-30,920.47,Wire
PAY-0004791,INV-004747,2024-08-19,1052.45,ACH
PAY-0004792,INV-004748,2025-12-14,8772.16,ACH
PAY-0004793,INV-004749,2025-02-12,5773.81,ACH
PAY-0004794,INV-004750,2025-02-22,11996.82,Wire
PAY-0004795,INV-004751,2025-07-09,9438.43,ACH
PAY-0004796,INV-004752,2024-03-14,9558.78,Check
PAY-0004797,INV-004753,2024-03-09,10993.52,Wire
PAY-0004798,INV-004754,2024-10-23,6276.93,ACH
PAY-0004799,INV-004755,2025-11-03,10298.13,ACH
PAY-0004800,INV-004756,2025-02-14,3451.8,Wire
PAY-0004801,INV-004756,2025-03-07,4769.53,ACH
PAY-0004802,INV-004757,2024-12-13,6657.59,ACH
PAY-0004803,INV-004758,2025-12-21,2904.23,Check
PAY-0004804,INV-004758,2026-01-06,2928.37,Check
PAY-0004805,INV-004759,2025-01-28,11008.57,Wire
PAY-0004806,INV-004760,2025-07-07,4988.61,ACH
PAY-0004807,INV-004761,2025-01-11,8789.14,ACH
PAY-0004808,INV-004764,2024-07-10,8174.23,ACH
PAY-0004809,INV-004765,2024-08-28,2282.01,Wire
PAY-0004810,INV-004766,2024-12-08,10171.57,Wire
PAY-0004811,INV-004767,2025-02-27,11883.32,ACH
PAY-0004812,INV-004768,2024-11-25,5023.6,Check
PAY-0004813,INV-004768,2024-12-13,6557.47,ACH
PAY-0004814,INV-004769,2025-08-10,11531.36,ACH
PAY-0004815,INV-004770,2025-01-05,10338.84,ACH
PAY-0004816,INV-004771,2025-08-01,6195.33,ACH
PAY-0004817,INV-004772,2025-12-14,2980.6,ACH
PAY-0004818,INV-004772,2025-12-29,4038.37,ACH
PAY-0004819,INV-004773,2025-02-23,11652.73,ACH
PAY-0004820,INV-004774,2026-02-15,1615.88,Wire
PAY-0004821,INV-004775,2025-11-15,6966.1,ACH
PAY-0004822,INV-004776,2024-09-11,1446.7,ACH
PAY-0004823,INV-004776,2024-09-24,1030.36,ACH
PAY-0004824,INV-004777,2025-10-31,6140.53,Wire
PAY-0004825,INV-004778,2024-05-10,1875.94,ACH
PAY-0004826,INV-004779,2024-05-23,4533.07,Wire
PAY-0004827,INV-004780,2024-05-08,11439.05,Wire
PAY-0004828,INV-004781,2025-11-05,7714.5,ACH
PAY-0004829,INV-004782,2024-09-03,3922.2,Check
PAY-0004830,INV-004783,2024-04-15,6578.77,Check
PAY-0004831,INV-004785,2025-12-25,2045.05,ACH
PAY-0004832,INV-004786,2025-03-12,4787.72,ACH
PAY-0004833,INV-004787,2024-08-28,8048.76,Wire
PAY-0004834,INV-004788,2025-12-03,5894.35,ACH
PAY-0004835,INV-004789,2025-12-20,3690.07,Wire
PAY-0004836,INV-004789,2025-12-30,3511.57,ACH
PAY-0004837,INV-004790,2024-03-28,5762.91,ACH
PAY-0004838,INV-004791,2024-08-25,6554.71,ACH
PAY-0004839,INV-004792,2024-10-29,3827.46,ACH
PAY-0004840,INV-004792,2024-11-13,4518.67,ACH
PAY-0004841,INV-004793,2024-10-25,2410.1,ACH
PAY-0004842,INV-004794,2024-07-19,5152.12,ACH
PAY-0004843,INV-004794,2024-07-29,6367.73,ACH
PAY-0004844,INV-004795,2024-12-21,8713.39,ACH
PAY-0004845,INV-004796,2024-06-07,9820.6,Wire
PAY-0004846,INV-004797,2025-01-18,6774.33,Wire
PAY-0004847,INV-004798,2026-01-22,2727.24,ACH
PAY-0004848,INV-004799,2025-06-21,4666.84,ACH
PAY-0004849,INV-004800,2024-08-05,3039.64,ACH
PAY-0004850,INV-004801,2024-06-13,6443.85,Check
PAY-0004851,INV-004802,2024-03-26,2413.46,ACH
PAY-0004852,INV-004803,2025-06-22,5698.23,Check
PAY-0004853,INV-004803,2025-07-10,4124.09,ACH
PAY-0004854,INV-004804,2025-05-30,2989.48,ACH
PAY-0004855,INV-004805,2025-09-05,11135.36,Wire
PAY-0004856,INV-004806,2024-12-30,4758.61,ACH
PAY-0004857,INV-004806,2025-01-18,6788.88,ACH
PAY-0004858,INV-004807,2025-02-21,3375.74,Wire
PAY-0004859,INV-004808,2024-08-07,7122.83,ACH
PAY-0004860,INV-004809,2024-10-07,11708.34,Wire
PAY-0004861,INV-004810,2025-07-15,3550.37,ACH
PAY-0004862,INV-004810,2025-07-29,3802.61,ACH
PAY-0004863,INV-004811,2024-12-14,10343.66,ACH
PAY-0004864,INV-004812,2024-08-01,5876.66,ACH
PAY-0004865,INV-004814,2025-06-26,5301.51,ACH
PAY-0004866,INV-004815,2024-12-13,1757.35,ACH
PAY-0004867,INV-004815,2025-01-04,2398.45,Check
PAY-0004868,INV-004816,2024-06-18,9297.72,Check
PAY-0004869,INV-004817,2026-02-01,3354.66,ACH
PAY-0004870,INV-004818,2025-03-31,10213.11,ACH
PAY-0004871,INV-004819,2024-08-26,6574.1,ACH
PAY-0004872,INV-004820,2024-03-11,10408.01,ACH
PAY-0004873,INV-004821,2024-08-22,1609.38,ACH
PAY-0004874,INV-004822,2024-10-13,11132.01,ACH
PAY-0004875,INV-004823,2024-02-29,8493.25,ACH
PAY-0004876,INV-004824,2024-10-12,3825.63,Wire
PAY-0004877,INV-004824,2024-10-22,4920.54,Check
PAY-0004878,INV-004826,2025-04-18,9438.11,ACH
PAY-0004879,INV-004827,2024-07-09,6799.18,ACH
PAY-0004880,INV-004828,2024-10-23,5859.6,ACH
PAY-0004881,INV-004829,2025-12-23,11140.64,Wire
PAY-0004882,INV-004830,2025-06-27,1487.06,Wire
PAY-0004883,INV-004830,2025-07-09,1085.21,ACH
PAY-0004884,INV-004831,2024-07-04,10146.31,ACH
PAY-0004885,INV-004832,2025-08-18,4132.65,Wire
PAY-0004886,INV-004834,2024-10-18,3225.56,ACH
PAY-0004887,INV-004834,2024-11-05,2424.61,Wire
PAY-0004888,INV-004835,2026-02-02,2864.13,Wire
PAY-0004889,INV-004836,2024-10-30,11071.77,Check
PAY-0004890,INV-004837,2024-10-25,6223.71,ACH
PAY-0004891,INV-004838,2024-08-21,10851.79,ACH
PAY-0004892,INV-004839,2024-11-28,11068.08,ACH
PAY-0004893,INV-004841,2025-07-04,8323.03,ACH
PAY-0004894,INV-004842,2024-05-10,7563.87,ACH
PAY-0004895,INV-004843,2024-11-14,2946.86,Wire
PAY-0004896,INV-004844,2026-01-26,5124.3,ACH
PAY-0004897,INV-004845,2026-01-02,10861.65,ACH
PAY-0004898,INV-004846,2024-04-19,3764.17,ACH
PAY-0004899,INV-004846,2024-04-29,4073.37,ACH
PAY-0004900,INV-004848,2025-06-23,2544.66,Wire
PAY-0004901,INV-004849,2025-04-05,8361.98,ACH
PAY-0004902,INV-004850,2024-02-16,2138.2,ACH
PAY-0004903,INV-004851,2025-02-19,10115.0,ACH
PAY-0004904,INV-004852,2024-11-02,4178.77,ACH
PAY-0004905,INV-004853,2024-05-09,9413.28,ACH
PAY-0004906,INV-004854,2025-08-23,10850.69,Wire
PAY-0004907,INV-004855,2025-07-08,8831.39,ACH
PAY-0004908,INV-004856,2024-04-30,11934.83,ACH
PAY-0004909,INV-004857,2024-11-28,5352.24,ACH
PAY-0004910,INV-004858,2026-01-28,4507.25,ACH
PAY-0004911,INV-004859,2024-08-17,4121.25,Wire
PAY-0004912,INV-004859,2024-09-04,5771.62,ACH
PAY-0004913,INV-004860,2024-12-24,2016.02,ACH
PAY-0004914,INV-004861,2025-12-17,4536.3,ACH
PAY-0004915,INV-004861,2026-01-05,3615.65,Wire
PAY-0004916,INV-004863,2025-07-09,11034.46,ACH
PAY-0004917,INV-004864,2025-01-29,2655.12,Wire
PAY-0004918,INV-004864,2025-02-16,2106.84,ACH
PAY-0004919,INV-004865,2024-06-20,10386.19,Wire
PAY-0004920,INV-004867,2025-10-02,7679.67,ACH
PAY-0004921,INV-004868,2025-07-07,3297.91,ACH
PAY-0004922,INV-004869,2024-02-25,8466.9,ACH
PAY-0004923,INV-004870,2024-08-22,10046.4,ACH
PAY-0004924,INV-004871,2024-10-10,9616.99,Wire
PAY-0004925,INV-004872,2024-05-15,7323.32,Wire
PAY-0004926,INV-004873,2025-05-21,4413.92,ACH
PAY-0004927,INV-004874,2024-05-16,986.86,ACH
PAY-0004928,INV-004874,2024-06-02,1347.97,ACH
PAY-0004929,INV-004875,2024-05-18,10389.6,Wire
PAY-0004930,INV-004877,2024-09-04,8595.2,ACH
PAY-0004931,INV-004878,2025-07-12,3799.73,ACH
PAY-0004932,INV-004879,2024-10-02,2631.67,Wire
PAY-0004933,INV-004880,2024-10-19,7893.16,ACH
PAY-0004934,INV-004881,2025-09-10,3778.51,ACH
PAY-0004935,INV-004882,2025-06-28,6479.6,ACH
PAY-0004936,INV-004883,2025-12-06,6308.61,Wire
PAY-0004937,INV-004884,2025-03-30,1147.94,ACH
PAY-0004938,INV-004884,2025-04-12,1313.16,ACH
PAY-0004939,INV-004885,2024-12-02,7348.63,ACH
PAY-0004940,INV-004886,2025-11-17,3253.64,ACH
PAY-0004941,INV-004887,2026-02-20,9911.1,ACH
PAY-0004942,INV-004888,2025-10-16,10113.97,Wire
PAY-0004943,INV-004889,2025-04-29,1735.04,Check
PAY-0004944,INV-004890,2025-06-09,4244.5,ACH
PAY-0004945,INV-004891,2024-09-06,2449.52,Wire
PAY-0004946,INV-004892,2025-05-08,637.28,ACH
PAY-0004947,INV-004893,2025-02-06,1432.46,ACH
PAY-0004948,INV-004894,2024-12-10,1201.74,ACH
PAY-0004949,INV-004895,2025-10-21,504.09,ACH
PAY-0004950,INV-004896,2025-08-17,605.72,Check
PAY-0004951,INV-004897,2024-10-26,3085.49,ACH
PAY-0004952,INV-004898,2024-04-16,3307.49,ACH
PAY-0004953,INV-004899,2024-05-26,543.98,Wire
PAY-0004954,INV-004900,2025-07-05,700.26,ACH
PAY-0004955,INV-004901,2025-09-09,1660.19,Check
PAY-0004956,INV-004903,2024-09-04,2576.52,Check
PAY-0004957,INV-004904,2024-06-01,1213.05,Wire
PAY-0004958,INV-004904,2024-06-15,866.26,ACH
PAY-0004959,INV-004905,2024-05-02,2450.27,Wire
PAY-0004960,INV-004906,2025-05-19,3657.93,Wire
PAY-0004961,INV-004907,2024-09-22,2335.07,ACH
PAY-0004962,INV-004908,2025-08-25,2593.23,Check
PAY-0004963,INV-004909,2025-02-15,3476.74,ACH
PAY-0004964,INV-004910,2024-09-13,1486.12,ACH
PAY-0004965,INV-004911,2025-01-30,1155.25,ACH
PAY-0004966,INV-004912,2025-05-08,2823.18,Check
PAY-0004967,INV-004913,2025-11-10,2838.59,Wire
PAY-0004968,INV-004914,2026-01-28,1817.94,ACH
PAY-0004969,INV-004914,2026-02-17,1794.81,ACH
PAY-0004970,INV-004915,2025-06-21,1427.61,ACH
PAY-0004971,INV-004915,2025-07-08,1225.32,Wire
PAY-0004972,INV-004917,2025-07-19,3785.56,Wire
PAY-0004973,INV-004918,2025-06-14,2433.0,ACH
PAY-0004974,INV-004919,2025-11-27,2776.06,ACH
PAY-0004975,INV-004920,2026-01-13,1656.1,ACH
PAY-0004976,INV-004921,2024-10-15,11682.15,ACH
PAY-0004977,INV-004922,2025-11-21,8379.91,Wire
PAY-0004978,INV-004923,2025-04-01,4518.98,Wire
PAY-0004979,INV-004924,2024-10-08,2318.11,Check
PAY-0004980,INV-004924,2024-10-29,2092.94,ACH
PAY-0004981,INV-004925,2024-03-05,3939.51,ACH
PAY-0004982,INV-004926,2025-10-07,2187.43,ACH
PAY-0004983,INV-004928,2025-11-22,7570.84,Wire
PAY-0004984,INV-004929,2025-06-25,1840.58,Wire
PAY-0004985,INV-004930,2024-08-02,10463.42,Wire
PAY-0004986,INV-004931,2026-02-09,6504.88,ACH
PAY-0004987,INV-004933,2024-11-14,4006.82,Wire
PAY-0004988,INV-004934,2025-08-06,8662.87,ACH
PAY-0004989,INV-004935,2024-07-07,6849.09,ACH
PAY-0004990,INV-004936,2025-05-14,1519.88,ACH
PAY-0004991,INV-004936,2025-06-06,1334.14,ACH
PAY-0004992,INV-004937,2026-01-10,8338.17,Wire
PAY-0004993,INV-004938,2024-08-15,10046.22,ACH
PAY-0004994,INV-004939,2025-11-22,8227.04,Check
PAY-0004995,INV-004940,2024-04-28,4864.96,ACH
PAY-0004996,INV-004940,2024-05-18,6152.53,Wire
PAY-0004997,INV-004941,2024-06-03,3607.0,Check
PAY-0004998,INV-004941,2024-06-18,3264.66,ACH
PAY-0004999,INV-004942,2025-10-28,11660.62,ACH
PAY-0005000,INV-004943,2024-09-20,1207.94,Wire
PAY-0005001,INV-004943,2024-10-01,1009.67,Check
PAY-0005002,INV-004944,2025-08-27,3334.34,ACH
PAY-0005003,INV-004944,2025-09-15,4976.18,ACH
PAY-0005004,INV-004945,2025-12-11,9605.57,ACH
PAY-0005005,INV-004946,2025-06-04,9525.28,ACH
PAY-0005006,INV-004947,2024-11-25,11590.25,ACH
PAY-0005007,INV-004948,2025-05-28,2770.55,ACH
PAY-0005008,INV-004949,2024-03-21,7033.81,ACH
PAY-0005009,INV-004950,2025-07-16,8585.28,ACH
PAY-0005010,INV-004951,2025-11-03,3161.06,ACH
PAY-0005011,INV-004952,2026-01-09,7754.16,ACH
PAY-0005012,INV-004953,2025-11-17,8123.49,ACH
PAY-0005013,INV-004954,2024-04-22,6932.86,ACH
PAY-0005014,INV-004955,2025-10-04,8121.85,ACH
PAY-0005015,INV-004956,2024-05-22,11058.2,ACH
PAY-0005016,INV-004957,2024-08-25,11891.67,ACH
PAY-0005017,INV-004958,2025-05-21,4828.03,ACH
PAY-0005018,INV-004959,2024-12-24,4407.31,ACH
PAY-0005019,INV-004960,2025-04-03,5612.78,ACH
PAY-0005020,INV-004961,2024-10-18,4633.94,Wire
PAY-0005021,INV-004962,2024-07-12,7377.32,Check
PAY-0005022,INV-004963,2025-12-15,9697.62,ACH
PAY-0005023,INV-004964,2024-10-03,6726.78,ACH
PAY-0005024,INV-004965,2025-10-19,11709.34,ACH
PAY-0005025,INV-004967,2024-12-31,4997.25,ACH
PAY-0005026,INV-004968,2024-12-20,1299.13,ACH
PAY-0005027,INV-004968,2025-01-10,1757.31,ACH
PAY-0005028,INV-004969,2025-08-21,9455.11,ACH
PAY-0005029,INV-004970,2024-05-03,1972.17,ACH
PAY-0005030,INV-004972,2024-09-12,4803.41,Wire
PAY-0005031,INV-004973,2024-08-23,4151.76,ACH
PAY-0005032,INV-004974,2026-02-04,2454.94,ACH
PAY-0005033,INV-004975,2024-09-01,4848.07,Wire
PAY-0005034,INV-004976,2024-12-10,5815.48,ACH
PAY-0005035,INV-004977,2026-01-19,5604.49,ACH
PAY-0005036,INV-004978,2025-12-20,8260.38,ACH
PAY-0005037,INV-004979,2025-06-13,8458.85,ACH
PAY-0005038,INV-004980,2024-04-03,5504.05,Wire
PAY-0005039,INV-004981,2024-10-17,3743.51,ACH
PAY-0005040,INV-004981,2024-10-28,3576.31,ACH
PAY-0005041,INV-004982,2024-08-09,4496.47,ACH
PAY-0005042,INV-004983,2024-08-08,1501.07,ACH
PAY-0005043,INV-004984,2024-07-01,11402.49,ACH
PAY-0005044,INV-004985,2026-02-01,5158.33,ACH
PAY-0005045,INV-004986,2025-05-01,2660.52,ACH
PAY-0005046,INV-004987,2024-04-27,10967.15,Wire
PAY-0005047,INV-004988,2024-03-08,9257.94,Wire
PAY-0005048,INV-004989,2024-02-28,4047.18,ACH
PAY-0005049,INV-004990,2025-02-19,7113.8,Wire
PAY-0005050,INV-004991,2025-05-03,3464.89,ACH
PAY-0005051,INV-004992,2025-10-03,3198.12,ACH
PAY-0005052,INV-004993,2024-12-16,8346.26,Check
PAY-0005053,INV-004994,2024-08-11,4858.85,ACH
PAY-0005054,INV-004994,2024-08-21,6400.19,ACH
PAY-0005055,INV-004995,2025-06-16,6204.45,ACH
PAY-0005056,INV-004996,2024-09-02,2303.35,ACH
PAY-0005057,INV-004997,2025-07-10,4082.93,ACH
PAY-0005058,INV-004998,2025-11-02,4097.97,ACH
PAY-0005059,INV-004999,2025-04-27,4945.58,ACH
PAY-0005060,INV-005000,2024-11-22,9804.81,ACH
PAY-0005061,INV-005002,2025-08-30,9730.06,Wire
PAY-0005062,INV-005003,2024-12-11,11307.07,ACH
PAY-0005063,INV-005006,2026-01-04,8015.83,ACH
PAY-0005064,INV-005007,2025-06-28,4951.43,ACH
PAY-0005065,INV-005008,2025-05-04,7351.38,ACH
PAY-0005066,INV-005009,2024-03-05,3557.08,ACH
PAY-0005067,INV-005010,2024-10-07,6406.54,ACH
PAY-0005068,INV-005011,2025-12-26,5334.0,Check
PAY-0005069,INV-005012,2025-09-18,7636.51,ACH
PAY-0005070,INV-005013,2025-08-03,4057.43,ACH
PAY-0005071,INV-005014,2025-04-08,9930.55,Wire
PAY-0005072,INV-005015,2024-04-12,9187.92,Wire
PAY-0005073,INV-005016,2025-04-25,5018.55,Check
PAY-0005074,INV-005017,2025-12-30,11321.91,ACH
PAY-0005075,INV-005018,2025-01-30,2272.3,Wire
PAY-0005076,INV-005019,2024-08-20,4678.59,ACH
PAY-0005077,INV-005020,2026-02-22,7627.12,ACH
PAY-0005078,INV-005021,2025-10-09,8462.45,ACH
PAY-0005079,INV-005022,2024-05-17,7883.89,ACH
PAY-0005080,INV-005023,2026-01-17,7469.34,Wire
PAY-0005081,INV-005024,2024-06-20,10729.84,Check
PAY-0005082,INV-005025,2024-06-19,8710.34,ACH
PAY-0005083,INV-005026,2024-12-24,11292.42,Wire
PAY-0005084,INV-005027,2024-07-08,11529.66,ACH
PAY-0005085,INV-005029,2024-07-27,11983.04,ACH
PAY-0005086,INV-005031,2025-10-07,4392.57,ACH
PAY-0005087,INV-005032,2024-06-11,9917.58,ACH
PAY-0005088,INV-005033,2025-10-21,11339.72,ACH
PAY-0005089,INV-005034,2024-08-25,3061.71,Check
PAY-0005090,INV-005034,2024-09-17,3717.22,Wire
PAY-0005091,INV-005035,2025-08-05,9553.76,ACH
PAY-0005092,INV-005036,2024-11-24,7406.11,ACH
PAY-0005093,INV-005037,2024-05-06,7846.0,Wire
PAY-0005094,INV-005038,2024-05-09,2866.64,ACH
PAY-0005095,INV-005038,2024-05-23,2287.58,ACH
PAY-0005096,INV-005039,2025-01-02,7198.39,Check
PAY-0005097,INV-005040,2025-07-28,9442.31,Wire
PAY-0005098,INV-005041,2025-09-12,8061.58,ACH
PAY-0005099,INV-005042,2024-08-01,9061.86,Check
PAY-0005100,INV-005043,2025-04-18,8315.23,Check
PAY-0005101,INV-005044,2024-04-13,2534.43,Check
PAY-0005102,INV-005045,2024-08-10,1565.76,ACH
PAY-0005103,INV-005045,2024-08-29,1838.57,ACH
PAY-0005104,INV-005046,2026-01-30,7727.59,Wire
PAY-0005105,INV-005047,2025-03-19,5550.01,ACH
PAY-0005106,INV-005048,2025-11-21,7734.79,ACH
PAY-0005107,INV-005050,2025-03-19,2969.08,ACH
PAY-0005108,INV-005051,2024-06-16,4654.45,ACH
PAY-0005109,INV-005051,2024-07-07,5848.24,ACH
PAY-0005110,INV-005052,2024-11-27,10384.09,ACH
PAY-0005111,INV-005053,2025-04-14,9426.45,Wire
PAY-0005112,INV-005055,2024-08-07,10761.74,ACH
PAY-0005113,INV-005056,2025-07-18,4229.23,ACH
PAY-0005114,INV-005058,2024-04-08,5885.36,ACH
PAY-0005115,INV-005059,2026-02-24,4561.79,ACH
PAY-0005116,INV-005060,2025-03-22,2567.94,ACH
PAY-0005117,INV-005061,2024-10-09,11933.53,ACH
PAY-0005118,INV-005062,2025-03-31,7370.43,Wire
PAY-0005119,INV-005063,2024-03-07,1762.2,ACH
PAY-0005120,INV-005064,2024-09-01,2168.19,ACH
PAY-0005121,INV-005065,2025-11-21,8375.81,ACH
PAY-0005122,INV-005066,2025-11-19,4880.3,ACH
PAY-0005123,INV-005068,2025-02-11,1305.98,Wire
PAY-0005124,INV-005068,2025-03-01,1836.86,Wire
PAY-0005125,INV-005069,2025-03-18,7947.66,Wire
PAY-0005126,INV-005070,2025-08-20,5292.88,ACH
PAY-0005127,INV-005071,2024-05-11,10191.33,ACH
PAY-0005128,INV-005072,2025-09-12,11903.89,ACH
PAY-0005129,INV-005073,2024-11-02,5459.46,ACH
PAY-0005130,INV-005074,2024-05-16,6648.78,ACH
PAY-0005131,INV-005074,2024-06-05,4683.96,ACH
PAY-0005132,INV-005075,2025-10-18,10528.01,ACH
PAY-0005133,INV-005076,2024-03-09,9550.75,ACH
PAY-0005134,INV-005077,2024-12-10,2767.43,ACH
PAY-0005135,INV-005078,2025-02-12,11347.0,ACH
PAY-0005136,INV-005079,2025-03-27,2474.81,Wire
PAY-0005137,INV-005081,2024-04-27,6882.04,Wire
PAY-0005138,INV-005082,2025-02-02,7374.54,Check
PAY-0005139,INV-005083,2025-03-27,3381.14,ACH
PAY-0005140,INV-005083,2025-04-20,4014.7,ACH
PAY-0005141,INV-005084,2024-08-10,1949.43,ACH
PAY-0005142,INV-005084,2024-08-24,2888.33,ACH
PAY-0005143,INV-005085,2025-05-14,6086.13,ACH
PAY-0005144,INV-005085,2025-06-07,4211.18,ACH
PAY-0005145,INV-005087,2025-05-13,4184.92,Wire
PAY-0005146,INV-005087,2025-05-29,4047.95,ACH
PAY-0005147,INV-005088,2024-12-24,6673.74,ACH
PAY-0005148,INV-005089,2024-06-02,9372.7,Wire
PAY-0005149,INV-005090,2024-06-08,9200.81,ACH
PAY-0005150,INV-005092,2025-07-24,4348.82,ACH
PAY-0005151,INV-005092,2025-08-09,5457.19,Wire
PAY-0005152,INV-005093,2024-12-05,3523.58,ACH
PAY-0005153,INV-005094,2025-06-27,3550.39,ACH
PAY-0005154,INV-005095,2025-12-18,3192.13,ACH
PAY-0005155,INV-005096,2025-03-09,10827.6,Wire
PAY-0005156,INV-005097,2025-05-26,2029.45,Check
PAY-0005157,INV-005098,2024-11-29,2761.44,ACH
PAY-0005158,INV-005099,2024-03-29,6903.44,Wire
PAY-0005159,INV-005100,2024-05-28,11506.54,ACH
PAY-0005160,INV-005101,2024-04-12,11952.4,Wire
PAY-0005161,INV-005102,2026-02-23,11772.1,Wire
PAY-0005162,INV-005103,2024-05-09,10432.13,ACH
PAY-0005163,INV-005104,2024-05-05,10527.98,ACH
PAY-0005164,INV-005105,2024-12-30,624.8,Wire
PAY-0005165,INV-005105,2025-01-15,904.18,ACH
PAY-0005166,INV-005106,2024-05-19,3378.6,Check
PAY-0005167,INV-005107,2025-05-28,10999.72,Wire
PAY-0005168,INV-005108,2024-09-21,8738.72,ACH
PAY-0005169,INV-005109,2025-01-09,6010.73,ACH
PAY-0005170,INV-005110,2025-07-28,5358.4,ACH
PAY-0005171,INV-005111,2026-02-09,3408.87,Check
PAY-0005172,INV-005112,2026-01-04,2744.45,Check
PAY-0005173,INV-005113,2024-12-28,6349.26,ACH
PAY-0005174,INV-005114,2025-11-17,9382.27,Wire
PAY-0005175,INV-005115,2024-09-21,9731.66,Check
PAY-0005176,INV-005116,2024-03-09,9594.84,ACH
PAY-0005177,INV-005117,2025-08-01,2408.2,ACH
PAY-0005178,INV-005118,2026-01-08,9233.81,Wire
PAY-0005179,INV-005119,2025-12-10,8251.42,ACH
PAY-0005180,INV-005120,2025-02-27,9049.08,Wire
PAY-0005181,INV-005121,2025-09-06,7705.31,ACH
PAY-0005182,INV-005122,2025-05-02,5133.02,ACH
PAY-0005183,INV-005123,2025-12-12,11464.03,Wire
PAY-0005184,INV-005124,2025-09-13,1918.5,ACH
PAY-0005185,INV-005125,2025-09-24,2933.65,ACH
PAY-0005186,INV-005126,2025-05-23,11117.29,ACH
PAY-0005187,INV-005127,2025-01-30,2307.1,ACH
PAY-0005188,INV-005127,2025-02-20,2237.8,ACH
PAY-0005189,INV-005128,2024-12-14,5565.15,Wire
PAY-0005190,INV-005128,2025-01-02,5608.18,Check
PAY-0005191,INV-005129,2025-08-05,11784.87,ACH
PAY-0005192,INV-005130,2025-02-19,2250.95,ACH
PAY-0005193,INV-005131,2025-11-13,5293.26,ACH
PAY-0005194,INV-005132,2025-08-05,8398.31,Check
PAY-0005195,INV-005133,2026-02-24,9160.78,ACH
PAY-0005196,INV-005134,2024-08-20,7442.96,Wire
PAY-0005197,INV-005135,2024-05-09,7329.87,Wire
PAY-0005198,INV-005136,2025-07-21,2249.99,ACH
PAY-0005199,INV-005137,2024-05-13,8464.65,ACH
PAY-0005200,INV-005138,2025-06-23,4407.41,ACH
PAY-0005201,INV-005138,2025-07-11,3777.79,Wire
PAY-0005202,INV-005139,2024-04-18,7202.81,ACH
PAY-0005203,INV-005140,2024-03-24,5001.58,ACH
PAY-0005204,INV-005141,2025-08-14,4626.38,ACH
PAY-0005205,INV-005142,2025-07-10,9505.4,ACH
PAY-0005206,INV-005143,2025-07-06,10506.89,Check
PAY-0005207,INV-005144,2025-04-11,5670.3,ACH
PAY-0005208,INV-005145,2024-05-04,7743.79,ACH
PAY-0005209,INV-005146,2025-04-29,8896.93,ACH
PAY-0005210,INV-005147,2025-02-03,10230.49,ACH
PAY-0005211,INV-005148,2025-09-30,8533.85,Wire
PAY-0005212,INV-005149,2025-06-23,2525.92,Wire
PAY-0005213,INV-005149,2025-07-09,2230.56,ACH
PAY-0005214,INV-005151,2025-04-22,3273.53,ACH
PAY-0005215,INV-005151,2025-05-15,3665.97,Check
PAY-0005216,INV-005152,2025-05-13,5364.4,Wire
PAY-0005217,INV-005153,2026-02-25,2494.63,ACH
PAY-0005218,INV-005154,2025-06-08,3012.5,ACH
PAY-0005219,INV-005155,2024-06-07,7213.79,ACH
PAY-0005220,INV-005156,2024-02-04,6112.95,ACH
PAY-0005221,INV-005157,2025-08-04,2908.13,Check
PAY-0005222,INV-005158,2024-03-07,2472.72,ACH
PAY-0005223,INV-005159,2024-10-27,6775.87,ACH
PAY-0005224,INV-005160,2024-05-14,5464.25,Wire
PAY-0005225,INV-005161,2025-10-03,9447.77,ACH
PAY-0005226,INV-005162,2025-11-08,5040.55,ACH
PAY-0005227,INV-005163,2024-06-07,2477.02,Check
PAY-0005228,INV-005164,2025-11-26,10539.4,ACH
PAY-0005229,INV-005165,2025-05-03,4690.46,ACH
PAY-0005230,INV-005166,2024-06-02,8911.76,Wire
PAY-0005231,INV-005167,2025-04-20,4487.49,ACH
PAY-0005232,INV-005168,2025-01-30,9927.29,Check
PAY-0005233,INV-005169,2025-01-02,6225.5,Check
PAY-0005234,INV-005170,2024-07-18,9422.16,ACH
PAY-0005235,INV-005171,2024-12-05,9755.07,ACH
PAY-0005236,INV-005172,2025-03-22,11276.95,ACH
PAY-0005237,INV-005173,2025-12-19,6745.04,Wire
PAY-0005238,INV-005174,2025-01-05,6714.87,ACH
PAY-0005239,INV-005175,2024-10-30,10860.58,ACH
PAY-0005240,INV-005176,2026-01-23,4297.86,Check
PAY-0005241,INV-005177,2024-05-16,5592.53,ACH
PAY-0005242,INV-005178,2025-03-05,5291.78,ACH
PAY-0005243,INV-005178,2025-03-27,5700.88,Wire
PAY-0005244,INV-005179,2024-05-23,8874.59,ACH
PAY-0005245,INV-005180,2025-04-17,3061.51,ACH
PAY-0005246,INV-005181,2025-07-03,2884.25,ACH
PAY-0005247,INV-005182,2024-10-12,11448.01,ACH
PAY-0005248,INV-005183,2025-06-10,3060.07,ACH
PAY-0005249,INV-005184,2024-10-15,7431.7,ACH
PAY-0005250,INV-005185,2026-01-31,3194.36,ACH
PAY-0005251,INV-005186,2025-03-02,2093.33,ACH
PAY-0005252,INV-005187,2024-03-13,8845.94,ACH
PAY-0005253,INV-005188,2025-05-01,3207.65,ACH
PAY-0005254,INV-005189,2025-03-10,4720.11,ACH
PAY-0005255,INV-005190,2025-10-06,9686.39,Wire
PAY-0005256,INV-005191,2025-10-11,3547.16,ACH
PAY-0005257,INV-005192,2024-06-23,4591.27,Check
PAY-0005258,INV-005193,2025-07-16,1478.13,ACH
PAY-0005259,INV-005193,2025-08-08,1646.56,ACH
PAY-0005260,INV-005194,2024-08-25,9221.49,Wire
PAY-0005261,INV-005195,2024-06-30,8657.09,Wire
PAY-0005262,INV-005196,2025-11-21,6683.12,ACH
PAY-0005263,INV-005197,2025-08-24,7271.21,ACH
PAY-0005264,INV-005198,2025-04-23,3320.25,ACH
PAY-0005265,INV-005199,2025-11-26,4402.39,ACH
PAY-0005266,INV-005199,2025-12-10,3848.6,Wire
PAY-0005267,INV-005200,2026-01-12,5087.58,ACH
PAY-0005268,INV-005201,2024-11-06,1695.04,ACH
PAY-0005269,INV-005203,2025-10-14,8155.66,Wire
PAY-0005270,INV-005204,2025-01-22,4284.74,Wire
PAY-0005271,INV-005205,2024-07-23,2958.06,Wire
PAY-0005272,INV-005206,2024-04-11,5161.09,ACH
PAY-0005273,INV-005207,2024-06-19,10403.77,ACH
PAY-0005274,INV-005208,2025-05-07,3463.68,ACH
PAY-0005275,INV-005208,2025-05-27,3202.6,ACH
PAY-0005276,INV-005209,2025-05-13,6615.02,ACH
PAY-0005277,INV-005210,2025-05-19,1513.13,Check
PAY-0005278,INV-005211,2025-10-10,9738.17,ACH
PAY-0005279,INV-005212,2025-11-27,8063.53,ACH
PAY-0005280,INV-005213,2025-01-01,8114.88,ACH
PAY-0005281,INV-005214,2025-10-28,2160.63,Wire
PAY-0005282,INV-005215,2025-06-17,4458.4,ACH
PAY-0005283,INV-005216,2025-07-12,2177.99,ACH
PAY-0005284,INV-005217,2024-04-26,10713.7,ACH
PAY-0005285,INV-005218,2024-05-03,3041.17,ACH
PAY-0005286,INV-005218,2024-05-21,4519.0,Wire
PAY-0005287,INV-005219,2024-04-28,11957.28,Wire
PAY-0005288,INV-005220,2024-12-18,2601.02,ACH
PAY-0005289,INV-005221,2025-02-10,2543.98,ACH
PAY-0005290,INV-005221,2025-03-01,3043.93,Wire
PAY-0005291,INV-005222,2025-01-06,9599.79,Wire
PAY-0005292,INV-005223,2024-06-13,10448.78,Check
PAY-0005293,INV-005224,2024-09-21,5580.8,ACH
PAY-0005294,INV-005225,2025-01-23,6069.81,Check
PAY-0005295,INV-005227,2024-12-13,6497.82,Wire
PAY-0005296,INV-005228,2024-09-02,2400.56,ACH
PAY-0005297,INV-005229,2024-03-03,2287.01,ACH
PAY-0005298,INV-005230,2025-02-23,7806.91,ACH
PAY-0005299,INV-005231,2025-09-03,4367.05,Wire
PAY-0005300,INV-005232,2025-12-13,8245.9,Wire
PAY-0005301,INV-005234,2024-08-27,8576.7,ACH
PAY-0005302,INV-005235,2025-01-31,7530.47,Check
PAY-0005303,INV-005237,2024-07-08,2957.63,ACH
PAY-0005304,INV-005238,2024-06-04,1996.53,ACH
PAY-0005305,INV-005239,2024-05-24,4995.25,ACH
PAY-0005306,INV-005240,2024-12-10,8647.67,Wire
PAY-0005307,INV-005241,2025-06-21,5190.31,Wire
PAY-0005308,INV-005242,2025-11-20,11554.85,ACH
PAY-0005309,INV-005243,2025-06-14,9091.33,Check
PAY-0005310,INV-005244,2025-06-17,4380.69,ACH
PAY-0005311,INV-005244,2025-07-08,6455.29,Check
PAY-0005312,INV-005245,2024-07-01,1623.9,Wire
PAY-0005313,INV-005246,2025-07-06,6266.31,ACH
PAY-0005314,INV-005248,2025-06-28,11081.53,ACH
PAY-0005315,INV-005249,2024-12-28,3765.03,ACH
PAY-0005316,INV-005250,2025-04-10,7709.42,ACH
PAY-0005317,INV-005251,2025-11-09,8346.21,Check
PAY-0005318,INV-005252,2024-07-08,10295.51,ACH
PAY-0005319,INV-005253,2025-09-27,11753.81,Wire
PAY-0005320,INV-005254,2025-02-01,9477.74,ACH
PAY-0005321,INV-005255,2024-11-26,5620.73,ACH
PAY-0005322,INV-005256,2025-05-27,6487.79,ACH
PAY-0005323,INV-005257,2025-11-21,3448.34,ACH
PAY-0005324,INV-005257,2025-12-04,3830.46,Wire
PAY-0005325,INV-005258,2025-06-15,2338.56,Wire
PAY-0005326,INV-005258,2025-07-06,1846.58,Wire
PAY-0005327,INV-005259,2025-08-16,9198.04,ACH
PAY-0005328,INV-005260,2024-09-17,4318.86,Check
PAY-0005329,INV-005261,2024-03-05,10331.95,ACH
PAY-0005330,INV-005262,2025-04-17,3824.93,ACH
PAY-0005331,INV-005263,2024-10-22,8548.13,ACH
PAY-0005332,INV-005264,2025-02-16,3834.46,ACH
PAY-0005333,INV-005264,2025-03-08,5367.31,ACH
PAY-0005334,INV-005265,2024-04-04,4382.09,Check
PAY-0005335,INV-005266,2025-06-18,9722.66,ACH
PAY-0005336,INV-005268,2024-09-07,6186.01,Wire
PAY-0005337,INV-005269,2024-12-16,7892.94,ACH
PAY-0005338,INV-005270,2024-12-27,2860.75,ACH
PAY-0005339,INV-005271,2024-10-12,11787.92,Wire
PAY-0005340,INV-005272,2025-11-23,3045.82,ACH
PAY-0005341,INV-005273,2024-12-05,2087.89,ACH
PAY-0005342,INV-005274,2024-04-08,7706.62,ACH
PAY-0005343,INV-005275,2024-04-18,11042.02,ACH
PAY-0005344,INV-005276,2025-01-03,6881.33,ACH
PAY-0005345,INV-005277,2025-11-11,917.08,ACH
PAY-0005346,INV-005277,2025-11-22,1059.92,ACH
PAY-0005347,INV-005278,2024-06-13,9502.97,ACH
PAY-0005348,INV-005279,2024-02-20,6120.94,ACH
PAY-0005349,INV-005280,2025-05-16,5089.27,ACH
PAY-0005350,INV-005281,2025-12-10,6640.03,ACH
PAY-0005351,INV-005282,2025-12-27,11709.2,ACH
PAY-0005352,INV-005283,2024-02-15,2517.38,ACH
PAY-0005353,INV-005284,2024-05-20,5054.38,ACH
PAY-0005354,INV-005285,2026-01-20,6641.49,ACH
PAY-0005355,INV-005288,2026-01-07,8599.14,Wire
PAY-0005356,INV-005289,2024-03-18,1599.96,ACH
PAY-0005357,INV-005290,2024-02-19,2993.55,ACH
PAY-0005358,INV-005291,2025-07-01,10519.96,ACH
PAY-0005359,INV-005292,2025-07-05,9287.04,Check
PAY-0005360,INV-005293,2025-06-19,3182.17,ACH
PAY-0005361,INV-005293,2025-06-30,3726.56,Wire
PAY-0005362,INV-005294,2025-04-24,5535.68,ACH
PAY-0005363,INV-005295,2024-10-12,2620.79,Check
PAY-0005364,INV-005296,2025-06-05,9163.41,ACH
PAY-0005365,INV-005297,2025-05-06,3220.51,ACH
PAY-0005366,INV-005298,2025-01-30,1561.12,ACH
PAY-0005367,INV-005299,2025-03-30,8537.13,ACH
PAY-0005368,INV-005300,2024-11-13,10658.41,Wire
PAY-0005369,INV-005301,2024-07-15,4115.77,Check
PAY-0005370,INV-005302,2025-03-11,2635.88,Wire
PAY-0005371,INV-005303,2024-03-06,4999.44,Wire
PAY-0005372,INV-005304,2024-03-12,9090.7,Wire
PAY-0005373,INV-005305,2024-04-16,4797.89,ACH
PAY-0005374,INV-005306,2025-12-02,2687.04,ACH
PAY-0005375,INV-005306,2025-12-21,3134.86,ACH
PAY-0005376,INV-005307,2024-03-16,6650.7,ACH
PAY-0005377,INV-005309,2024-11-14,11505.68,Wire
PAY-0005378,INV-005310,2025-03-02,6179.91,ACH
PAY-0005379,INV-005311,2025-09-18,11254.26,Wire
PAY-0005380,INV-005313,2025-03-11,2379.05,ACH
PAY-0005381,INV-005314,2024-10-10,1666.51,Check
PAY-0005382,INV-005315,2025-06-15,301.59,ACH
PAY-0005383,INV-005315,2025-06-26,254.78,Wire
PAY-0005384,INV-005316,2025-11-02,1959.89,ACH
PAY-0005385,INV-005317,2024-08-30,2147.95,Wire
PAY-0005386,INV-005318,2024-11-14,519.24,Check
PAY-0005387,INV-005320,2024-05-29,2644.39,ACH
PAY-0005388,INV-005321,2025-05-29,2212.18,ACH
PAY-0005389,INV-005322,2025-01-26,1498.15,ACH
PAY-0005390,INV-005322,2025-02-06,2076.21,ACH
PAY-0005391,INV-005323,2025-01-03,2130.91,ACH
PAY-0005392,INV-005324,2025-10-08,554.64,ACH
PAY-0005393,INV-005325,2025-12-08,2840.31,ACH
PAY-0005394,INV-005326,2025-10-24,2199.15,ACH
PAY-0005395,INV-005327,2025-03-12,2005.86,ACH
PAY-0005396,INV-005329,2026-01-17,1539.49,ACH
PAY-0005397,INV-005329,2026-02-08,1261.32,ACH
PAY-0005398,INV-005330,2024-10-11,1090.33,ACH
PAY-0005399,INV-005331,2025-07-20,1669.96,ACH
PAY-0005400,INV-005332,2025-05-31,1769.49,ACH
PAY-0005401,INV-005333,2025-05-07,848.29,ACH
PAY-0005402,INV-005333,2025-05-29,733.97,ACH
PAY-0005403,INV-005334,2024-09-15,1475.11,ACH
PAY-0005404,INV-005335,2024-08-05,9584.02,ACH
PAY-0005405,INV-005337,2025-01-21,2091.16,ACH
PAY-0005406,INV-005338,2025-04-30,2948.9,Wire
PAY-0005407,INV-005338,2025-05-15,2125.73,Wire
PAY-0005408,INV-005339,2024-10-25,3471.45,Wire
PAY-0005409,INV-005340,2025-09-20,6826.47,Wire
PAY-0005410,INV-005341,2024-03-04,11109.04,ACH
PAY-0005411,INV-005342,2026-01-04,7958.35,ACH
PAY-0005412,INV-005343,2025-08-16,7386.01,ACH
PAY-0005413,INV-005344,2025-01-02,4670.48,ACH
PAY-0005414,INV-005345,2025-10-12,7979.04,Check
PAY-0005415,INV-005346,2024-03-07,4481.5,ACH
PAY-0005416,INV-005347,2024-11-20,4170.58,ACH
PAY-0005417,INV-005347,2024-12-03,5355.79,Wire
PAY-0005418,INV-005348,2025-12-15,6767.94,Check
PAY-0005419,INV-005349,2024-10-15,10051.5,ACH
PAY-0005420,INV-005350,2024-04-11,5334.16,ACH
PAY-0005421,INV-005351,2024-05-24,9435.93,ACH
PAY-0005422,INV-005352,2024-08-21,7474.08,Wire
PAY-0005423,INV-005353,2025-11-28,2103.37,ACH
PAY-0005424,INV-005353,2025-12-22,2761.99,ACH
PAY-0005425,INV-005354,2024-09-14,3713.42,ACH
PAY-0005426,INV-005355,2025-11-30,4886.11,ACH
PAY-0005427,INV-005356,2024-08-08,7671.56,Wire
PAY-0005428,INV-005357,2024-05-13,2281.94,Check
PAY-0005429,INV-005359,2025-05-22,1535.37,ACH
PAY-0005430,INV-005359,2025-06-15,1403.62,Wire
PAY-0005431,INV-005360,2024-02-21,1770.19,ACH
PAY-0005432,INV-005361,2025-06-02,4930.01,ACH
PAY-0005433,INV-005361,2025-06-23,4707.26,ACH
PAY-0005434,INV-005362,2025-09-28,4817.64,Wire
PAY-0005435,INV-005363,2025-01-01,9196.07,Wire
PAY-0005436,INV-005364,2024-05-05,5221.3,ACH
PAY-0005437,INV-005365,2025-05-31,11305.78,ACH
PAY-0005438,INV-005366,2024-04-12,3552.07,ACH
PAY-0005439,INV-005367,2024-06-14,10232.07,ACH
PAY-0005440,INV-005368,2024-10-15,3540.76,ACH
PAY-0005441,INV-005369,2025-09-13,11444.36,ACH
PAY-0005442,INV-005370,2024-10-31,10292.88,ACH
PAY-0005443,INV-005371,2024-09-05,3530.44,ACH
PAY-0005444,INV-005373,2024-05-04,5595.33,ACH
PAY-0005445,INV-005373,2024-05-28,3806.63,ACH
PAY-0005446,INV-005374,2024-11-26,8002.65,Wire
PAY-0005447,INV-005375,2024-05-10,2464.88,Check
PAY-0005448,INV-005376,2025-12-18,6477.77,ACH
PAY-0005449,INV-005377,2025-04-27,5123.66,ACH
PAY-0005450,INV-005378,2025-05-06,9558.85,Wire
PAY-0005451,INV-005379,2025-03-24,7627.65,ACH
PAY-0005452,INV-005380,2025-12-11,3030.93,Wire
PAY-0005453,INV-005381,2024-02-20,11585.44,ACH
PAY-0005454,INV-005382,2024-09-12,10197.66,ACH
PAY-0005455,INV-005383,2025-10-09,7521.45,Wire
PAY-0005456,INV-005384,2025-12-27,4712.87,Wire
PAY-0005457,INV-005386,2024-06-24,9370.13,Wire
PAY-0005458,INV-005387,2025-07-21,5892.76,Wire
PAY-0005459,INV-005388,2024-07-22,8345.32,ACH
PAY-0005460,INV-005391,2025-11-07,10825.17,Check
PAY-0005461,INV-005392,2025-12-30,9198.41,ACH
PAY-0005462,INV-005393,2025-02-12,3490.11,ACH
PAY-0005463,INV-005394,2025-09-23,4387.5,Wire
PAY-0005464,INV-005395,2024-10-21,10083.83,ACH
PAY-0005465,INV-005396,2024-03-28,6069.85,ACH
PAY-0005466,INV-005397,2025-12-22,3328.08,Wire
PAY-0005467,INV-005397,2026-01-01,4382.6,ACH
PAY-0005468,INV-005398,2025-12-23,9188.7,ACH
PAY-0005469,INV-005399,2025-11-05,9659.67,Check
PAY-0005470,INV-005400,2024-11-30,9714.1,ACH
PAY-0005471,INV-005401,2024-06-24,4105.31,ACH
PAY-0005472,INV-005402,2025-12-11,4129.9,ACH
PAY-0005473,INV-005403,2024-06-04,8312.81,Check
PAY-0005474,INV-005405,2025-12-14,6193.56,ACH
PAY-0005475,INV-005406,2025-04-05,10839.95,Wire
PAY-0005476,INV-005407,2026-01-23,11217.22,ACH
PAY-0005477,INV-005408,2025-01-06,8908.69,Wire
PAY-0005478,INV-005409,2025-05-21,11481.58,Wire
PAY-0005479,INV-005410,2025-09-05,10295.99,ACH
PAY-0005480,INV-005411,2024-03-10,5285.94,Check
PAY-0005481,INV-005413,2024-05-17,870.33,Check
PAY-0005482,INV-005413,2024-05-31,808.41,ACH
PAY-0005483,INV-005414,2024-07-01,3119.79,ACH
PAY-0005484,INV-005415,2024-09-20,8490.36,ACH
PAY-0005485,INV-005416,2024-02-12,3170.91,ACH
PAY-0005486,INV-005416,2024-02-25,2596.49,ACH
PAY-0005487,INV-005417,2025-01-21,3582.98,ACH
PAY-0005488,INV-005418,2024-03-14,7081.85,ACH
PAY-0005489,INV-005419,2025-08-03,4153.16,Wire
PAY-0005490,INV-005419,2025-08-20,5398.86,Wire
PAY-0005491,INV-005420,2025-08-08,2599.67,ACH
PAY-0005492,INV-005420,2025-08-25,2405.3,ACH
PAY-0005493,INV-005421,2025-08-12,7510.89,ACH
PAY-0005494,INV-005422,2024-06-06,11806.96,ACH
PAY-0005495,INV-005423,2025-01-02,5991.49,ACH
PAY-0005496,INV-005424,2024-10-07,9966.4,ACH
PAY-0005497,INV-005425,2025-06-29,11806.19,Check
PAY-0005498,INV-005426,2024-04-10,3266.15,ACH
PAY-0005499,INV-005426,2024-04-20,2511.32,ACH
PAY-0005500,INV-005427,2024-11-11,10903.27,ACH
PAY-0005501,INV-005428,2024-02-02,7825.93,ACH
PAY-0005502,INV-005429,2024-04-21,6768.55,ACH
PAY-0005503,INV-005430,2025-11-27,5078.63,ACH
PAY-0005504,INV-005431,2025-11-21,5778.77,ACH
PAY-0005505,INV-005432,2025-02-03,9679.35,ACH
PAY-0005506,INV-005433,2025-04-18,4163.91,ACH
PAY-0005507,INV-005434,2024-09-20,2184.11,ACH
PAY-0005508,INV-005434,2024-09-30,2580.43,ACH
PAY-0005509,INV-005435,2024-05-24,7117.18,ACH
PAY-0005510,INV-005436,2024-11-08,2143.4,ACH
PAY-0005511,INV-005437,2025-06-30,7805.33,ACH
PAY-0005512,INV-005438,2024-09-28,3791.22,ACH
PAY-0005513,INV-005439,2025-06-02,8693.78,ACH
PAY-0005514,INV-005440,2025-10-17,6447.34,Check
PAY-0005515,INV-005441,2024-09-26,5024.06,ACH
PAY-0005516,INV-005442,2025-12-18,10279.19,Wire
PAY-0005517,INV-005443,2025-09-01,3486.75,ACH
PAY-0005518,INV-005443,2025-09-18,3483.17,ACH
PAY-0005519,INV-005444,2025-03-28,4230.98,ACH
PAY-0005520,INV-005446,2026-01-18,2092.19,Wire
PAY-0005521,INV-005446,2026-02-05,2631.68,ACH
PAY-0005522,INV-005447,2025-03-11,9290.18,ACH
PAY-0005523,INV-005448,2026-02-20,11019.44,ACH
PAY-0005524,INV-005449,2026-01-12,11230.52,ACH
PAY-0005525,INV-005450,2024-10-11,6528.25,ACH
PAY-0005526,INV-005451,2024-09-29,11802.68,Wire
PAY-0005527,INV-005452,2025-11-27,4237.43,ACH
PAY-0005528,INV-005453,2025-12-07,10360.16,ACH
PAY-0005529,INV-005454,2025-09-11,2957.96,ACH
PAY-0005530,INV-005454,2025-10-01,2343.87,ACH
PAY-0005531,INV-005455,2025-05-30,2178.27,Wire
PAY-0005532,INV-005455,2025-06-17,1961.37,ACH
PAY-0005533,INV-005456,2025-04-19,1955.07,ACH
PAY-0005534,INV-005457,2025-03-13,6484.63,Wire
PAY-0005535,INV-005458,2025-08-11,742.02,ACH
PAY-0005536,INV-005458,2025-09-01,971.33,Wire
PAY-0005537,INV-005459,2024-03-19,6352.08,ACH
PAY-0005538,INV-005461,2025-12-05,3104.77,ACH
PAY-0005539,INV-005462,2025-10-12,10832.57,ACH
PAY-0005540,INV-005463,2024-07-06,3461.49,ACH
PAY-0005541,INV-005464,2024-07-17,7063.17,ACH
PAY-0005542,INV-005465,2025-07-28,6439.59,Check
PAY-0005543,INV-005466,2025-09-17,10680.88,ACH
PAY-0005544,INV-005467,2024-03-27,9704.23,ACH
PAY-0005545,INV-005468,2024-06-04,7255.39,ACH
PAY-0005546,INV-005469,2025-07-12,5024.01,Wire
PAY-0005547,INV-005470,2024-06-20,10362.85,Wire
PAY-0005548,INV-005471,2025-10-01,6929.53,Check
PAY-0005549,INV-005472,2024-06-14,1519.63,ACH
PAY-0005550,INV-005473,2025-08-23,4467.71,Wire
PAY-0005551,INV-005474,2025-11-02,3144.05,ACH
PAY-0005552,INV-005475,2024-08-22,10862.8,Check
PAY-0005553,INV-005476,2024-12-11,9140.41,ACH
PAY-0005554,INV-005477,2025-12-30,9738.51,ACH
PAY-0005555,INV-005478,2024-09-28,7812.68,ACH
PAY-0005556,INV-005479,2026-01-13,5893.21,ACH
PAY-0005557,INV-005480,2025-02-16,3208.11,ACH
PAY-0005558,INV-005482,2026-02-12,2269.53,Wire
PAY-0005559,INV-005483,2024-10-19,7122.26,Wire
PAY-0005560,INV-005484,2025-12-31,2599.27,ACH
PAY-0005561,INV-005485,2025-10-07,4297.2,ACH
PAY-0005562,INV-005486,2025-08-17,9515.75,Check
PAY-0005563,INV-005487,2024-06-14,2456.73,Wire
PAY-0005564,INV-005488,2025-01-28,9401.55,Wire
PAY-0005565,INV-005489,2024-09-20,2424.86,Wire
PAY-0005566,INV-005489,2024-10-11,2598.56,ACH
PAY-0005567,INV-005490,2025-04-08,2407.59,ACH
PAY-0005568,INV-005491,2024-04-08,6922.98,Wire
PAY-0005569,INV-005492,2024-04-06,1707.71,ACH
PAY-0005570,INV-005493,2026-02-07,9561.2,ACH
PAY-0005571,INV-005494,2024-06-06,7856.23,Wire
PAY-0005572,INV-005495,2025-10-30,5925.71,Check
PAY-0005573,INV-005496,2024-10-11,2522.34,ACH
PAY-0005574,INV-005497,2025-06-12,1784.22,ACH
PAY-0005575,INV-005499,2024-07-03,9806.13,ACH
PAY-0005576,INV-005500,2025-05-23,2953.46,Check
PAY-0005577,INV-005501,2025-12-16,9725.59,Wire
PAY-0005578,INV-005502,2024-12-15,1820.73,Wire
PAY-0005579,INV-005503,2025-08-29,10606.65,ACH
PAY-0005580,INV-005504,2024-06-18,7250.56,ACH
PAY-0005581,INV-005505,2024-05-27,10798.89,Wire
PAY-0005582,INV-005506,2025-06-19,5466.84,ACH
PAY-0005583,INV-005507,2024-12-06,10807.29,ACH
PAY-0005584,INV-005508,2024-06-22,10185.58,ACH
PAY-0005585,INV-005509,2024-02-29,11416.03,ACH
PAY-0005586,INV-005510,2024-04-25,10204.02,ACH
PAY-0005587,INV-005511,2024-12-11,6356.04,ACH
PAY-0005588,INV-005512,2025-12-10,8049.47,Wire
PAY-0005589,INV-005513,2024-11-11,3276.07,ACH
PAY-0005590,INV-005515,2024-04-01,8797.6,ACH
PAY-0005591,INV-005516,2024-09-12,2917.97,ACH
PAY-0005592,INV-005517,2024-06-02,8312.82,Check
PAY-0005593,INV-005518,2025-03-11,10143.15,ACH
PAY-0005594,INV-005519,2024-11-29,11813.05,ACH
PAY-0005595,INV-005520,2025-12-18,1749.51,ACH
PAY-0005596,INV-005521,2025-07-28,4816.66,Wire
PAY-0005597,INV-005522,2024-10-29,1719.77,ACH
PAY-0005598,INV-005523,2024-10-14,4951.32,ACH
PAY-0005599,INV-005524,2025-02-13,8884.74,Wire
PAY-0005600,INV-005525,2026-02-16,861.54,Check
PAY-0005601,INV-005525,2026-03-04,915.29,ACH
PAY-0005602,INV-005526,2025-09-04,10541.51,ACH
PAY-0005603,INV-005527,2026-01-16,9471.9,Check
PAY-0005604,INV-005528,2024-09-23,4415.13,ACH
PAY-0005605,INV-005529,2024-06-07,1548.15,ACH
PAY-0005606,INV-005529,2024-06-19,2287.73,ACH
PAY-0005607,INV-005530,2025-09-21,3346.24,ACH
PAY-0005608,INV-005531,2024-12-19,4344.4,Wire
PAY-0005609,INV-005532,2024-12-07,2616.95,ACH
PAY-0005610,INV-005533,2024-04-23,8992.8,Check
PAY-0005611,INV-005534,2024-05-18,5854.13,Wire
PAY-0005612,INV-005535,2024-10-22,3738.02,ACH
PAY-0005613,INV-005536,2024-07-08,9375.39,ACH
PAY-0005614,INV-005537,2026-02-25,5606.59,ACH
PAY-0005615,INV-005538,2024-05-15,4723.76,Wire
PAY-0005616,INV-005539,2024-10-24,4046.02,ACH
PAY-0005617,INV-005540,2024-09-18,4934.65,ACH
PAY-0005618,INV-005542,2025-07-07,10100.29,Wire
PAY-0005619,INV-005543,2025-02-12,4879.53,Wire
PAY-0005620,INV-005544,2025-11-18,6205.18,ACH
PAY-0005621,INV-005545,2025-05-12,8794.28,ACH
PAY-0005622,INV-005546,2025-02-01,3308.29,ACH
PAY-0005623,INV-005547,2024-07-31,5324.2,Check
PAY-0005624,INV-005548,2025-10-08,3320.1,ACH
PAY-0005625,INV-005548,2025-10-29,2279.87,ACH
PAY-0005626,INV-005549,2025-06-03,3250.77,ACH
PAY-0005627,INV-005550,2025-06-18,735.57,ACH
PAY-0005628,INV-005550,2025-07-02,1051.65,ACH
PAY-0005629,INV-005551,2025-08-27,2808.09,Wire
PAY-0005630,INV-005552,2024-04-03,1209.8,ACH
PAY-0005631,INV-005553,2025-08-28,3893.56,ACH
PAY-0005632,INV-005554,2024-03-15,1835.35,Check
PAY-0005633,INV-005555,2025-06-19,3722.6,ACH
PAY-0005634,INV-005556,2024-05-29,1054.87,ACH
PAY-0005635,INV-005558,2024-12-31,1213.47,Check
PAY-0005636,INV-005559,2025-01-20,631.56,ACH
PAY-0005637,INV-005560,2025-10-28,2398.78,Wire
PAY-0005638,INV-005561,2024-05-29,3153.18,ACH
PAY-0005639,INV-005562,2025-08-27,2882.43,ACH
PAY-0005640,INV-005563,2024-06-24,1415.86,ACH
PAY-0005641,INV-005564,2024-03-28,860.76,Wire
PAY-0005642,INV-005565,2025-11-06,2674.85,ACH
PAY-0005643,INV-005566,2024-10-15,1979.82,ACH
PAY-0005644,INV-005567,2024-05-10,619.14,ACH
PAY-0005645,INV-005568,2025-07-27,598.72,ACH
PAY-0005646,INV-005569,2025-01-17,1240.93,Wire
PAY-0005647,INV-005569,2025-02-01,1537.37,ACH
PAY-0005648,INV-005570,2024-12-03,3327.02,ACH
PAY-0005649,INV-005571,2025-05-04,3572.54,ACH
PAY-0005650,INV-005572,2024-08-01,2416.53,ACH
PAY-0005651,INV-005574,2025-04-24,2531.68,ACH
PAY-0005652,INV-005575,2025-01-18,2810.5,ACH
PAY-0005653,INV-005576,2025-06-06,1903.34,ACH
PAY-0005654,INV-005577,2024-10-28,2125.79,ACH
PAY-0005655,INV-005578,2024-12-21,1952.41,ACH
PAY-0005656,INV-005579,2024-12-24,1727.4,ACH
PAY-0005657,INV-005580,2024-02-18,1970.49,ACH
PAY-0005658,INV-005581,2024-06-29,2225.98,ACH
PAY-0005659,INV-005582,2024-06-20,3943.75,ACH
PAY-0005660,INV-005583,2024-02-10,3043.84,ACH
PAY-0005661,INV-005584,2025-08-21,3932.39,ACH
PAY-0005662,INV-005585,2026-02-12,1461.07,ACH
PAY-0005663,INV-005586,2025-04-24,967.59,Check
PAY-0005664,INV-005587,2025-05-29,3921.39,Wire
PAY-0005665,INV-005588,2024-05-12,2978.32,Wire
PAY-0005666,INV-005589,2024-06-14,2093.36,Wire
PAY-0005667,INV-005590,2024-06-14,3328.52,Wire
PAY-0005668,INV-005591,2024-10-22,5973.97,Wire
PAY-0005669,INV-005592,2025-03-12,10842.66,ACH
PAY-0005670,INV-005593,2024-12-10,2190.15,ACH
PAY-0005671,INV-005593,2025-01-01,2318.67,ACH
PAY-0005672,INV-005594,2024-10-23,1513.01,ACH
PAY-0005673,INV-005595,2025-11-01,2269.95,ACH
PAY-0005674,INV-005596,2025-01-02,3469.62,ACH
PAY-0005675,INV-005596,2025-01-26,5041.47,ACH
PAY-0005676,INV-005597,2024-08-22,4145.13,ACH
PAY-0005677,INV-005598,2025-09-18,11533.27,Wire
PAY-0005678,INV-005599,2025-08-11,3958.72,ACH
PAY-0005679,INV-005600,2024-11-19,1475.2,ACH
PAY-0005680,INV-005600,2024-11-30,1623.11,ACH
PAY-0005681,INV-005601,2025-01-09,5219.88,Wire
PAY-0005682,INV-005602,2024-06-11,7353.03,Check
PAY-0005683,INV-005603,2024-09-17,10876.75,ACH
PAY-0005684,INV-005604,2025-08-26,3279.08,ACH
PAY-0005685,INV-005604,2025-09-09,3101.02,Wire
PAY-0005686,INV-005605,2024-05-24,8740.78,Wire
PAY-0005687,INV-005607,2026-01-25,2509.32,ACH
PAY-0005688,INV-005608,2024-09-02,3096.17,ACH
PAY-0005689,INV-005609,2024-11-15,7465.22,ACH
PAY-0005690,INV-005610,2025-05-25,5953.51,ACH
PAY-0005691,INV-005611,2024-05-16,10831.26,ACH
PAY-0005692,INV-005612,2025-06-26,5512.6,ACH
PAY-0005693,INV-005613,2024-03-30,2605.18,Wire
PAY-0005694,INV-005614,2024-05-11,8003.2,ACH
PAY-0005695,INV-005615,2025-03-21,9377.52,ACH
PAY-0005696,INV-005616,2025-05-25,10795.15,ACH
PAY-0005697,INV-005617,2024-07-08,10763.17,ACH
PAY-0005698,INV-005618,2024-09-15,3516.42,ACH
PAY-0005699,INV-005618,2024-10-02,3329.89,Wire
PAY-0005700,INV-005619,2025-05-05,8001.3,Wire
PAY-0005701,INV-005620,2026-01-27,3314.15,Check
PAY-0005702,INV-005621,2024-10-05,7081.32,Wire
PAY-0005703,INV-005622,2025-01-04,8344.43,ACH
PAY-0005704,INV-005623,2025-03-06,3915.13,Wire
PAY-0005705,INV-005624,2025-12-16,5691.81,Wire
PAY-0005706,INV-005625,2025-10-08,4288.59,ACH
PAY-0005707,INV-005625,2025-10-18,5599.31,ACH
PAY-0005708,INV-005626,2024-04-08,9570.26,ACH
PAY-0005709,INV-005627,2024-03-12,10206.87,ACH
PAY-0005710,INV-005628,2025-08-19,4809.82,Check
PAY-0005711,INV-005629,2025-03-27,10998.96,ACH
PAY-0005712,INV-005630,2024-02-28,11877.39,ACH
PAY-0005713,INV-005631,2024-02-08,10323.06,ACH
PAY-0005714,INV-005632,2024-06-30,6495.56,Check
PAY-0005715,INV-005633,2025-05-13,9460.33,ACH
PAY-0005716,INV-005634,2025-08-24,7896.05,ACH
PAY-0005717,INV-005635,2024-01-30,2324.35,Wire
PAY-0005718,INV-005636,2024-04-16,2847.49,ACH
PAY-0005719,INV-005637,2024-02-17,2063.33,ACH
PAY-0005720,INV-005638,2025-11-22,7419.73,Check
PAY-0005721,INV-005639,2024-03-11,3944.35,ACH
PAY-0005722,INV-005639,2024-03-25,4543.88,ACH
PAY-0005723,INV-005640,2024-05-23,3346.23,ACH
PAY-0005724,INV-005640,2024-06-03,3833.34,ACH
PAY-0005725,INV-005641,2024-11-08,9820.5,Check
PAY-0005726,INV-005642,2025-05-19,8618.45,Wire
PAY-0005727,INV-005643,2024-08-03,8909.58,ACH
PAY-0005728,INV-005644,2024-11-03,5447.2,Wire
PAY-0005729,INV-005645,2026-01-21,9539.14,Wire
PAY-0005730,INV-005647,2025-09-25,2564.12,ACH
PAY-0005731,INV-005648,2024-11-29,7800.77,ACH
PAY-0005732,INV-005649,2024-08-06,6242.17,Wire
PAY-0005733,INV-005650,2026-01-24,2009.34,ACH
PAY-0005734,INV-005651,2025-01-20,1732.73,ACH
PAY-0005735,INV-005652,2024-07-12,8272.81,ACH
PAY-0005736,INV-005653,2026-01-02,2027.71,Check
PAY-0005737,INV-005654,2025-04-06,3980.31,ACH
PAY-0005738,INV-005655,2025-12-31,2829.47,Wire
PAY-0005739,INV-005656,2024-04-20,3235.53,ACH
PAY-0005740,INV-005657,2025-11-02,5765.94,ACH
PAY-0005741,INV-005658,2025-03-21,10576.01,ACH
PAY-0005742,INV-005659,2025-07-20,1847.28,Check
PAY-0005743,INV-005660,2026-01-23,7476.18,Wire
PAY-0005744,INV-005661,2025-12-18,7353.62,ACH
PAY-0005745,INV-005662,2024-06-20,6358.89,ACH
PAY-0005746,INV-005663,2025-04-26,10857.0,Wire
PAY-0005747,INV-005664,2025-03-04,11333.41,ACH
PAY-0005748,INV-005665,2024-07-23,8548.63,ACH
PAY-0005749,INV-005666,2025-08-03,5459.83,Wire
PAY-0005750,INV-005667,2024-03-22,7037.26,ACH
PAY-0005751,INV-005668,2025-11-02,5249.59,Wire
PAY-0005752,INV-005669,2025-01-20,20280.52,Wire
PAY-0005753,INV-005670,2025-08-01,9810.14,Wire
PAY-0005754,INV-005671,2024-12-15,27517.12,Wire
PAY-0005755,INV-005672,2024-05-14,24867.13,Check
PAY-0005756,INV-005673,2025-11-15,14205.07,ACH
PAY-0005757,INV-005673,2025-11-28,11553.38,ACH
PAY-0005758,INV-005674,2025-01-04,25495.12,ACH
PAY-0005759,INV-005675,2025-08-29,28040.57,ACH
PAY-0005760,INV-005676,2025-12-18,8899.4,ACH
PAY-0005761,INV-005677,2024-10-10,7519.07,ACH
PAY-0005762,INV-005677,2024-10-28,9759.41,ACH
PAY-0005763,INV-005678,2025-06-08,6268.92,ACH
PAY-0005764,INV-005679,2025-09-05,22208.76,ACH
PAY-0005765,INV-005680,2025-05-04,19971.85,ACH
PAY-0005766,INV-005681,2024-09-15,16029.18,ACH
PAY-0005767,INV-005682,2025-11-02,10771.1,ACH
PAY-0005768,INV-005683,2026-02-02,14331.12,Check
PAY-0005769,INV-005684,2025-12-19,9017.17,ACH
PAY-0005770,INV-005685,2024-04-12,9985.37,ACH
PAY-0005771,INV-005686,2024-04-22,13589.99,ACH
PAY-0005772,INV-005687,2024-05-11,12568.09,Wire
PAY-0005773,INV-005688,2024-06-06,23718.98,ACH
PAY-0005774,INV-005689,2024-06-04,10884.48,Wire
PAY-0005775,INV-005690,2025-06-01,30525.63,ACH
PAY-0005776,INV-005691,2026-01-13,13117.51,Wire
PAY-0005777,INV-005691,2026-01-28,14450.69,ACH
PAY-0005778,INV-005693,2024-04-20,9077.1,ACH
PAY-0005779,INV-005694,2025-02-14,9124.32,ACH
PAY-0005780,INV-005695,2026-01-16,22838.2,Check
PAY-0005781,INV-005696,2025-08-28,22403.47,ACH
PAY-0005782,INV-005697,2025-06-26,9344.88,Wire
PAY-0005783,INV-005698,2025-02-19,20525.68,Check
PAY-0005784,INV-005699,2024-12-15,20054.49,Check
PAY-0005785,INV-005700,2025-09-13,18307.44,ACH
PAY-0005786,INV-005701,2025-09-20,19487.97,ACH
PAY-0005787,INV-005703,2024-11-23,21294.82,ACH
PAY-0005788,INV-005704,2025-07-25,19184.55,ACH
PAY-0005789,INV-005705,2025-02-28,24662.31,ACH
PAY-0005790,INV-005706,2025-07-13,10677.38,ACH
PAY-0005791,INV-005707,2025-10-26,20641.77,ACH
PAY-0005792,INV-005708,2025-10-03,28233.67,Wire
PAY-0005793,INV-005709,2024-03-18,29190.01,Wire
PAY-0005794,INV-005710,2024-08-03,12000.82,Wire
PAY-0005795,INV-005710,2024-08-15,8476.68,ACH
PAY-0005796,INV-005711,2025-01-21,26201.59,ACH
PAY-0005797,INV-005712,2024-12-19,11232.7,ACH
PAY-0005798,INV-005714,2025-07-26,14053.25,Wire
PAY-0005799,INV-005715,2024-12-11,17774.32,ACH
PAY-0005800,INV-005716,2024-05-19,20791.91,ACH
PAY-0005801,INV-005717,2025-01-08,6413.05,Wire
PAY-0005802,INV-005718,2024-05-23,26830.57,ACH
PAY-0005803,INV-005719,2025-08-07,22980.04,ACH
PAY-0005804,INV-005720,2025-10-18,9645.11,ACH
PAY-0005805,INV-005720,2025-10-30,9447.15,ACH
PAY-0005806,INV-005721,2024-03-12,17981.76,ACH
PAY-0005807,INV-005723,2025-11-09,11497.68,ACH
PAY-0005808,INV-005723,2025-11-24,11500.7,ACH
PAY-0005809,INV-005724,2024-12-01,20189.98,ACH
PAY-0005810,INV-005725,2025-04-23,24888.77,ACH
PAY-0005811,INV-005726,2025-08-15,10639.93,ACH
PAY-0005812,INV-005726,2025-08-27,11505.04,Check
PAY-0005813,INV-005727,2025-03-31,15768.88,ACH
PAY-0005814,INV-005728,2024-11-14,13568.42,ACH
PAY-0005815,INV-005729,2025-04-14,17985.78,ACH
PAY-0005816,INV-005730,2025-08-30,23957.39,Check
PAY-0005817,INV-005731,2024-06-04,30590.13,Check
PAY-0005818,INV-005732,2024-05-05,28912.26,Check
PAY-0005819,INV-005733,2024-04-19,7360.55,Wire
PAY-0005820,INV-005734,2025-01-11,7857.96,ACH
PAY-0005821,INV-005735,2024-07-01,23727.32,ACH
PAY-0005822,INV-005736,2025-07-17,8466.2,ACH
PAY-0005823,INV-005737,2024-08-06,10904.35,Check
PAY-0005824,INV-005738,2025-02-12,30788.92,ACH
PAY-0005825,INV-005739,2026-01-02,31077.0,ACH
PAY-0005826,INV-005740,2025-10-26,18029.44,ACH
PAY-0005827,INV-005741,2024-04-13,15316.79,ACH
PAY-0005828,INV-005742,2024-10-06,28593.26,ACH
PAY-0005829,INV-005743,2026-01-06,25807.3,ACH
PAY-0005830,INV-005745,2024-10-13,17552.61,ACH
PAY-0005831,INV-005746,2025-08-11,2724.64,Wire
PAY-0005832,INV-005746,2025-08-31,2655.5,ACH
PAY-0005833,INV-005747,2024-11-07,22771.07,ACH
PAY-0005834,INV-005748,2025-04-14,15434.07,ACH
PAY-0005835,INV-005749,2024-11-08,12235.4,ACH
PAY-0005836,INV-005749,2024-11-27,17249.35,ACH
PAY-0005837,INV-005750,2024-07-16,27147.81,ACH
PAY-0005838,INV-005751,2024-04-17,18113.86,ACH
PAY-0005839,INV-005752,2025-03-04,22320.31,Wire
PAY-0005840,INV-005753,2025-11-09,19734.82,ACH
PAY-0005841,INV-005754,2025-08-12,7346.03,ACH
PAY-0005842,INV-005755,2024-05-16,6670.53,ACH
PAY-0005843,INV-005756,2025-08-21,27585.19,ACH
PAY-0005844,INV-005758,2024-07-25,6846.12,ACH
PAY-0005845,INV-005759,2024-12-11,8609.85,ACH
PAY-0005846,INV-005760,2025-06-17,16036.72,ACH
PAY-0005847,INV-005761,2024-03-12,5675.57,ACH
PAY-0005848,INV-005762,2025-11-30,30266.88,Wire
PAY-0005849,INV-005763,2026-02-03,25277.01,ACH
PAY-0005850,INV-005764,2025-08-22,6737.27,Wire
PAY-0005851,INV-005764,2025-09-11,6321.71,Wire
PAY-0005852,INV-005765,2025-09-15,20862.12,ACH
PAY-0005853,INV-005766,2024-09-08,6117.43,ACH
PAY-0005854,INV-005767,2024-08-14,18109.18,ACH
PAY-0005855,INV-005768,2026-02-14,13773.83,Check
PAY-0005856,INV-005769,2025-02-03,11099.02,Wire
PAY-0005857,INV-005770,2024-11-09,8985.57,ACH
PAY-0005858,INV-005771,2024-07-06,22312.54,ACH
PAY-0005859,INV-005772,2024-10-02,12099.01,ACH
PAY-0005860,INV-005773,2024-09-13,13385.55,ACH
PAY-0005861,INV-005773,2024-09-29,12540.71,ACH
PAY-0005862,INV-005774,2025-01-02,27039.64,Wire
PAY-0005863,INV-005775,2025-06-13,27971.08,ACH
PAY-0005864,INV-005776,2026-01-12,5778.1,ACH
PAY-0005865,INV-005777,2024-07-18,21851.99,Wire
PAY-0005866,INV-005778,2024-09-15,8328.82,ACH
PAY-0005867,INV-005779,2024-08-14,24529.6,ACH
PAY-0005868,INV-005780,2024-09-21,18950.51,ACH
PAY-0005869,INV-005781,2025-08-24,15816.14,ACH
PAY-0005870,INV-005782,2024-05-15,6089.59,ACH
PAY-0005871,INV-005783,2025-06-12,26689.6,ACH
PAY-0005872,INV-005784,2024-07-28,13650.71,ACH
PAY-0005873,INV-005785,2024-10-22,22825.08,ACH
PAY-0005874,INV-005786,2025-04-05,22069.21,Wire
PAY-0005875,INV-005787,2025-01-01,19882.32,ACH
PAY-0005876,INV-005788,2024-07-11,31391.1,Wire
PAY-0005877,INV-005790,2025-07-04,30815.95,Check
PAY-0005878,INV-005791,2024-12-01,13610.87,ACH
PAY-0005879,INV-005792,2025-11-20,5987.53,ACH
PAY-0005880,INV-005793,2024-03-02,11848.18,Check
PAY-0005881,INV-005795,2025-07-28,11359.14,Wire
PAY-0005882,INV-005796,2025-06-06,23425.58,Wire
PAY-0005883,INV-005797,2025-09-11,18509.78,ACH
PAY-0005884,INV-005798,2025-09-07,11504.94,Wire
PAY-0005885,INV-005799,2025-03-18,7025.27,ACH
PAY-0005886,INV-005800,2025-08-15,10688.9,ACH
PAY-0005887,INV-005801,2026-02-23,10162.93,ACH
PAY-0005888,INV-005801,2026-03-11,8628.46,ACH
PAY-0005889,INV-005802,2024-11-25,21505.31,ACH
PAY-0005890,INV-005803,2025-03-13,29858.98,Check
PAY-0005891,INV-005804,2026-02-05,14111.35,ACH
PAY-0005892,INV-005805,2024-07-24,19668.04,Wire
PAY-0005893,INV-005806,2024-08-25,21889.57,Check
PAY-0005894,INV-005807,2024-03-29,7051.76,ACH
PAY-0005895,INV-005808,2025-10-26,21452.59,Wire
PAY-0005896,INV-005810,2025-09-19,15088.54,ACH
PAY-0005897,INV-005811,2025-02-24,9118.37,Wire
PAY-0005898,INV-005812,2024-08-19,31164.09,Wire
PAY-0005899,INV-005813,2025-08-05,10788.91,Check
PAY-0005900,INV-005814,2025-07-26,7197.94,ACH
PAY-0005901,INV-005815,2025-06-06,5212.01,Check
PAY-0005902,INV-005816,2024-05-13,18919.78,ACH
PAY-0005903,INV-005817,2025-02-21,6056.04,ACH
PAY-0005904,INV-005818,2025-12-30,22314.18,ACH
PAY-0005905,INV-005819,2026-01-06,18076.47,ACH
PAY-0005906,INV-005820,2025-06-15,12514.87,ACH
PAY-0005907,INV-005821,2025-12-01,24226.39,Wire
PAY-0005908,INV-005822,2025-11-01,4118.6,ACH
PAY-0005909,INV-005822,2025-11-16,4377.79,ACH
PAY-0005910,INV-005823,2025-08-11,9279.93,ACH
PAY-0005911,INV-005823,2025-08-30,6351.58,ACH
PAY-0005912,INV-005824,2025-07-14,21311.74,Wire
PAY-0005913,INV-005826,2024-10-24,18535.55,ACH
PAY-0005914,INV-005827,2025-11-15,19670.61,ACH
PAY-0005915,INV-005828,2024-12-04,15942.3,ACH
PAY-0005916,INV-005829,2024-06-09,16378.98,ACH
PAY-0005917,INV-005830,2024-10-10,12353.41,Wire
PAY-0005918,INV-005831,2025-02-04,9814.69,ACH
PAY-0005919,INV-005832,2024-04-02,21314.19,Wire
PAY-0005920,INV-005833,2024-04-02,9314.88,ACH
PAY-0005921,INV-005833,2024-04-17,6400.43,ACH
PAY-0005922,INV-005834,2025-08-26,12785.52,ACH
PAY-0005923,INV-005835,2024-10-02,27592.8,Wire
PAY-0005924,INV-005836,2025-05-25,20160.08,ACH
PAY-0005925,INV-005837,2026-01-29,22582.07,Check
PAY-0005926,INV-005838,2025-04-29,5738.49,Check
PAY-0005927,INV-005838,2025-05-13,6750.26,ACH
PAY-0005928,INV-005839,2025-04-13,8877.91,ACH
PAY-0005929,INV-005840,2026-01-09,14960.5,ACH
PAY-0005930,INV-005841,2025-01-12,30061.78,Check
PAY-0005931,INV-005843,2025-03-24,12936.8,ACH
PAY-0005932,INV-005843,2025-04-14,9448.91,Wire
PAY-0005933,INV-005844,2024-04-08,22079.86,Wire
PAY-0005934,INV-005845,2025-10-27,6862.84,ACH
PAY-0005935,INV-005846,2025-08-18,23751.24,ACH
PAY-0005936,INV-005847,2024-09-29,9768.37,ACH
PAY-0005937,INV-005847,2024-10-20,10664.92,ACH
PAY-0005938,INV-005848,2025-10-02,6921.37,Wire
PAY-0005939,INV-005849,2024-03-28,25037.75,Wire
PAY-0005940,INV-005850,2024-07-26,17863.62,Check
PAY-0005941,INV-005851,2024-02-26,21422.14,Wire
PAY-0005942,INV-005852,2024-03-30,14346.05,Check
PAY-0005943,INV-005853,2024-05-15,20015.51,Wire
PAY-0005944,INV-005855,2025-05-05,25343.07,Check
PAY-0005945,INV-005856,2024-12-03,6381.66,ACH
PAY-0005946,INV-005857,2025-12-25,13785.81,Wire
PAY-0005947,INV-005858,2025-03-31,18209.1,Wire
PAY-0005948,INV-005859,2025-10-23,5391.47,Wire
PAY-0005949,INV-005860,2025-08-06,14216.18,ACH
PAY-0005950,INV-005861,2025-03-05,5663.54,ACH
PAY-0005951,INV-005862,2024-11-10,5066.44,ACH
PAY-0005952,INV-005862,2024-11-30,3451.21,ACH
PAY-0005953,INV-005864,2025-09-28,30861.29,Check
PAY-0005954,INV-005865,2025-07-18,6254.62,ACH
PAY-0005955,INV-005866,2025-09-16,27367.71,ACH
PAY-0005956,INV-005867,2025-11-30,11380.37,ACH
PAY-0005957,INV-005868,2025-12-19,9673.56,ACH
PAY-0005958,INV-005869,2025-05-30,12036.51,ACH
PAY-0005959,INV-005870,2025-04-26,18179.75,ACH
PAY-0005960,INV-005871,2025-11-17,26756.56,ACH
PAY-0005961,INV-005872,2025-03-26,30802.17,Wire
PAY-0005962,INV-005873,2025-05-30,22722.15,Wire
PAY-0005963,INV-005874,2026-02-08,15991.35,Check
PAY-0005964,INV-005875,2024-09-04,13576.83,ACH
PAY-0005965,INV-005876,2024-08-28,16103.44,ACH
PAY-0005966,INV-005877,2024-07-01,23443.09,ACH
PAY-0005967,INV-005878,2025-03-16,23689.78,Wire
PAY-0005968,INV-005879,2025-12-31,5504.62,Wire
PAY-0005969,INV-005880,2025-12-09,10513.82,ACH
PAY-0005970,INV-005881,2025-04-06,19978.89,ACH
PAY-0005971,INV-005883,2025-04-21,26958.75,Check
PAY-0005972,INV-005884,2024-09-28,13157.9,Wire
PAY-0005973,INV-005885,2025-04-21,18850.28,Wire
PAY-0005974,INV-005886,2025-12-04,3980.94,Check
PAY-0005975,INV-005886,2025-12-21,4236.94,ACH
PAY-0005976,INV-005887,2024-09-18,16614.45,Wire
PAY-0005977,INV-005888,2024-09-13,18271.7,ACH
PAY-0005978,INV-005889,2024-11-08,29742.18,ACH
PAY-0005979,INV-005891,2025-01-13,23223.95,Wire
PAY-0005980,INV-005892,2024-07-19,22325.78,Wire
PAY-0005981,INV-005893,2024-05-24,23360.07,Wire
PAY-0005982,INV-005894,2025-10-05,18747.25,ACH
PAY-0005983,INV-005895,2024-04-02,18326.56,ACH
PAY-0005984,INV-005896,2025-06-21,24076.98,ACH
PAY-0005985,INV-005897,2025-11-23,13490.19,Wire
PAY-0005986,INV-005898,2024-08-06,11785.34,ACH
PAY-0005987,INV-005899,2025-04-25,13627.45,ACH
PAY-0005988,INV-005899,2025-05-08,15160.1,ACH
PAY-0005989,INV-005900,2025-03-20,24458.06,Wire
PAY-0005990,INV-005901,2025-10-01,19944.08,Wire
PAY-0005991,INV-005902,2025-10-14,6603.71,ACH
PAY-0005992,INV-005903,2026-02-12,22927.68,ACH
PAY-0005993,INV-005904,2025-04-10,30575.34,ACH
PAY-0005994,INV-005905,2024-03-13,20196.68,Wire
PAY-0005995,INV-005906,2024-06-21,20754.03,Wire
PAY-0005996,INV-005907,2024-06-30,8508.0,ACH
PAY-0005997,INV-005908,2024-06-20,19365.41,ACH
PAY-0005998,INV-005909,2025-07-30,27987.87,Check
PAY-0005999,INV-005911,2024-11-18,7704.04,ACH
PAY-0006000,INV-005912,2025-11-26,31277.49,ACH
PAY-0006001,INV-005913,2025-12-29,18301.67,Wire
PAY-0006002,INV-005914,2025-05-19,26331.41,ACH
PAY-0006003,INV-005915,2026-01-14,21873.88,ACH
PAY-0006004,INV-005916,2024-05-25,22789.35,ACH
PAY-0006005,INV-005917,2024-11-25,17502.9,ACH
PAY-0006006,INV-005918,2024-05-23,5644.91,ACH
PAY-0006007,INV-005919,2025-07-20,12483.68,Wire
PAY-0006008,INV-005920,2024-04-04,30930.85,ACH
PAY-0006009,INV-005921,2025-08-14,26075.53,ACH
PAY-0006010,INV-005922,2025-08-13,20650.0,Wire
PAY-0006011,INV-005923,2025-03-17,9190.75,ACH
PAY-0006012,INV-005924,2026-01-16,8546.65,ACH
PAY-0006013,INV-005925,2024-08-01,8221.66,Check
PAY-0006014,INV-005926,2025-07-27,10404.29,ACH
PAY-0006015,INV-005927,2024-07-13,14219.67,ACH
PAY-0006016,INV-005928,2026-02-17,21183.23,Wire
PAY-0006017,INV-005929,2025-10-15,21761.58,Check
PAY-0006018,INV-005930,2025-09-14,8596.46,ACH
PAY-0006019,INV-005931,2025-09-06,27649.39,ACH
PAY-0006020,INV-005932,2024-03-06,22077.67,Check
PAY-0006021,INV-005933,2025-11-03,26256.56,Check
PAY-0006022,INV-005934,2026-02-07,6609.92,ACH
PAY-0006023,INV-005935,2024-07-15,10289.65,ACH
PAY-0006024,INV-005935,2024-07-29,11433.45,Wire
PAY-0006025,INV-005936,2025-04-01,17798.7,Wire
PAY-0006026,INV-005937,2025-09-14,22502.3,ACH
PAY-0006027,INV-005938,2024-05-28,24916.92,ACH
PAY-0006028,INV-005939,2025-10-09,8721.83,ACH
PAY-0006029,INV-005940,2025-05-17,26598.55,ACH
PAY-0006030,INV-005941,2024-05-06,10528.9,ACH
PAY-0006031,INV-005942,2024-07-22,11726.52,ACH
PAY-0006032,INV-005943,2025-04-07,12502.2,Wire
PAY-0006033,INV-005944,2025-01-07,27820.47,ACH
PAY-0006034,INV-005945,2025-09-10,30087.71,ACH
PAY-0006035,INV-005946,2024-07-26,8052.27,Check
PAY-0006036,INV-005947,2025-12-27,7996.09,ACH
PAY-0006037,INV-005948,2025-09-03,14705.14,ACH
PAY-0006038,INV-005949,2024-04-24,5888.57,ACH
PAY-0006039,INV-005950,2024-06-09,4944.92,Wire
PAY-0006040,INV-005950,2024-06-26,6267.89,ACH
PAY-0006041,INV-005951,2024-06-17,23846.53,ACH
PAY-0006042,INV-005952,2025-02-13,17662.66,ACH
PAY-0006043,INV-005953,2025-06-20,5442.89,ACH
PAY-0006044,INV-005954,2025-08-30,27444.12,ACH
PAY-0006045,INV-005955,2025-10-25,6891.53,ACH
PAY-0006046,INV-005956,2025-11-07,12889.16,ACH
PAY-0006047,INV-005957,2025-02-27,12115.63,ACH
PAY-0006048,INV-005958,2024-09-24,24765.69,Check
PAY-0006049,INV-005959,2024-04-11,13397.09,ACH
PAY-0006050,INV-005960,2025-06-29,12932.05,Wire
PAY-0006051,INV-005961,2024-03-23,27346.91,ACH
PAY-0006052,INV-005962,2025-01-07,24499.23,ACH
PAY-0006053,INV-005963,2024-06-02,20127.65,ACH
PAY-0006054,INV-005964,2024-03-02,22181.93,ACH
PAY-0006055,INV-005965,2026-01-11,5247.01,Wire
PAY-0006056,INV-005966,2025-08-31,21899.08,ACH
PAY-0006057,INV-005967,2024-11-03,8557.6,Wire
PAY-0006058,INV-005968,2025-03-12,9343.09,Wire
PAY-0006059,INV-005969,2024-05-25,8171.29,ACH
PAY-0006060,INV-005969,2024-06-04,10113.16,ACH
PAY-0006061,INV-005970,2026-02-28,31661.14,ACH
PAY-0006062,INV-005971,2024-04-08,20137.54,ACH
PAY-0006063,INV-005972,2024-12-12,11630.28,ACH
PAY-0006064,INV-005972,2025-01-05,12755.8,Wire
PAY-0006065,INV-005973,2025-01-11,29195.81,ACH
PAY-0006066,INV-005974,2024-09-30,21316.53,ACH
PAY-0006067,INV-005975,2025-11-07,17162.28,Wire
PAY-0006068,INV-005976,2025-05-04,23320.93,Wire
PAY-0006069,INV-005977,2024-05-26,28341.41,ACH
PAY-0006070,INV-005978,2025-03-27,5437.17,Wire
PAY-0006071,INV-005979,2025-03-11,6000.81,Wire
PAY-0006072,INV-005980,2025-03-16,22029.27,ACH
PAY-0006073,INV-005981,2024-09-15,30579.75,ACH
PAY-0006074,INV-005982,2025-12-17,22960.07,Wire
PAY-0006075,INV-005983,2024-08-30,22314.14,Check
PAY-0006076,INV-005984,2024-08-03,15011.63,ACH
PAY-0006077,INV-005985,2024-11-19,27904.57,ACH
PAY-0006078,INV-005987,2025-11-16,13026.15,Wire
PAY-0006079,INV-005988,2025-05-15,8101.56,ACH
PAY-0006080,INV-005989,2024-10-25,20997.29,ACH
PAY-0006081,INV-005990,2024-03-09,23880.95,ACH
PAY-0006082,INV-005991,2024-04-27,5466.93,ACH
PAY-0006083,INV-005992,2024-07-27,19893.84,Wire
PAY-0006084,INV-005993,2024-10-13,31128.32,Check
PAY-0006085,INV-005994,2025-12-25,19922.85,ACH
PAY-0006086,INV-005995,2026-02-02,12469.46,ACH
PAY-0006087,INV-005996,2025-06-08,19498.39,ACH
PAY-0006088,INV-005997,2024-08-22,12401.71,ACH
PAY-0006089,INV-005998,2025-05-07,5694.36,ACH
PAY-0006090,INV-005999,2025-03-07,5105.27,Wire
PAY-0006091,INV-006001,2024-07-04,8720.78,Wire
PAY-0006092,INV-006002,2025-12-08,6971.06,ACH
PAY-0006093,INV-006003,2024-11-08,8899.73,Check
PAY-0006094,INV-006004,2024-03-12,10548.44,ACH
PAY-0006095,INV-006005,2024-10-19,17336.08,ACH
PAY-0006096,INV-006007,2026-02-04,20654.33,ACH
PAY-0006097,INV-006008,2025-08-25,31657.01,Wire
PAY-0006098,INV-006009,2025-08-04,13913.99,ACH
PAY-0006099,INV-006010,2024-06-03,28015.62,Wire
PAY-0006100,INV-006011,2025-03-30,8974.56,ACH
PAY-0006101,INV-006012,2025-05-30,28989.43,Check
PAY-0006102,INV-006013,2024-07-20,24282.9,ACH
PAY-0006103,INV-006014,2025-03-30,10802.6,ACH
PAY-0006104,INV-006015,2025-09-27,13960.61,ACH
PAY-0006105,INV-006016,2025-03-25,5946.72,Wire
PAY-0006106,INV-006017,2025-11-06,14736.01,ACH
PAY-0006107,INV-006018,2025-05-29,18493.45,Check
PAY-0006108,INV-006019,2025-06-26,27668.68,ACH
PAY-0006109,INV-006020,2025-09-02,8618.52,ACH
PAY-0006110,INV-006021,2024-08-29,29853.08,Wire
PAY-0006111,INV-006022,2025-08-30,5626.47,ACH
PAY-0006112,INV-006023,2025-06-24,11490.47,Wire
PAY-0006113,INV-006023,2025-07-12,16996.0,ACH
PAY-0006114,INV-006024,2025-04-11,18739.55,Wire
PAY-0006115,INV-006025,2025-06-04,26776.51,ACH
PAY-0006116,INV-006026,2024-11-15,30399.54,Check
PAY-0006117,INV-006027,2024-09-18,25168.17,Check
PAY-0006118,INV-006028,2024-04-04,22605.06,ACH
PAY-0006119,INV-006029,2024-08-22,22971.67,ACH
PAY-0006120,INV-006030,2025-09-17,11538.27,ACH
PAY-0006121,INV-006031,2025-07-25,6064.37,ACH
PAY-0006122,INV-006031,2025-08-17,4239.64,ACH
PAY-0006123,INV-006032,2024-03-27,6260.17,Wire
PAY-0006124,INV-006033,2024-11-19,18260.44,Check
PAY-0006125,INV-006034,2026-01-05,30739.21,Wire
PAY-0006126,INV-006036,2025-02-21,8454.88,ACH
PAY-0006127,INV-006036,2025-03-12,11148.04,Wire
PAY-0006128,INV-006037,2025-10-22,10110.18,Wire
PAY-0006129,INV-006039,2024-11-12,23128.04,ACH
PAY-0006130,INV-006040,2024-09-05,20803.2,Wire
PAY-0006131,INV-006041,2026-02-10,9116.48,Wire
PAY-0006132,INV-006042,2024-04-12,12742.76,ACH
PAY-0006133,INV-006043,2024-12-19,29076.46,Wire
PAY-0006134,INV-006044,2025-10-15,10701.14,ACH
PAY-0006135,INV-006044,2025-11-02,15809.91,ACH
PAY-0006136,INV-006045,2024-12-03,20404.83,ACH
PAY-0006137,INV-006046,2025-08-04,18077.58,ACH
PAY-0006138,INV-006047,2024-12-18,10729.7,ACH
PAY-0006139,INV-006048,2024-03-02,17896.22,ACH
PAY-0006140,INV-006049,2024-03-21,11945.37,ACH
PAY-0006141,INV-006050,2025-09-11,6480.87,ACH
PAY-0006142,INV-006051,2025-03-12,8382.08,ACH
PAY-0006143,INV-006052,2025-12-24,22528.09,Wire
PAY-0006144,INV-006053,2024-12-04,16729.2,ACH
PAY-0006145,INV-006054,2025-06-15,25024.89,ACH
PAY-0006146,INV-006055,2024-09-04,24237.29,Wire
PAY-0006147,INV-006056,2024-12-15,5458.49,ACH
PAY-0006148,INV-006057,2025-02-02,8411.01,ACH
PAY-0006149,INV-006058,2026-02-20,11752.84,Check
PAY-0006150,INV-006059,2025-11-21,12642.31,ACH
PAY-0006151,INV-006059,2025-12-14,14890.17,Wire
PAY-0006152,INV-006061,2025-11-07,17243.81,Wire
PAY-0006153,INV-006062,2025-10-05,26236.35,Wire
PAY-0006154,INV-006063,2025-09-01,18039.41,ACH
PAY-0006155,INV-006064,2024-08-25,25674.74,Wire
PAY-0006156,INV-006065,2024-12-22,29316.85,Wire
PAY-0006157,INV-006066,2025-11-18,18768.52,ACH
PAY-0006158,INV-006067,2025-11-05,28900.18,ACH
PAY-0006159,INV-006068,2026-01-23,28227.1,ACH
PAY-0006160,INV-006069,2024-07-28,7898.43,ACH
PAY-0006161,INV-006070,2025-10-12,6980.87,Wire
PAY-0006162,INV-006071,2024-08-21,30319.43,ACH
PAY-0006163,INV-006072,2025-02-13,5761.63,ACH
PAY-0006164,INV-006073,2025-11-09,5649.53,Check
PAY-0006165,INV-006074,2024-07-08,5962.76,ACH
PAY-0006166,INV-006075,2024-09-30,12866.13,ACH
PAY-0006167,INV-006078,2025-08-11,18513.83,Wire
PAY-0006168,INV-006079,2025-03-27,9995.26,Wire
PAY-0006169,INV-006080,2026-01-22,22708.34,ACH
PAY-0006170,INV-006082,2025-01-03,7559.38,ACH
PAY-0006171,INV-006083,2024-09-04,8016.32,Check
PAY-0006172,INV-006083,2024-09-18,6023.39,ACH
PAY-0006173,INV-006084,2025-02-25,11738.64,ACH
PAY-0006174,INV-006084,2025-03-15,11105.54,ACH
PAY-0006175,INV-006085,2024-09-29,25975.76,ACH
PAY-0006176,INV-006086,2025-01-28,20097.02,ACH
PAY-0006177,INV-006087,2025-01-07,16726.63,ACH
PAY-0006178,INV-006088,2025-09-28,11541.07,ACH
PAY-0006179,INV-006089,2024-07-22,19934.77,ACH
PAY-0006180,INV-006090,2025-04-15,7507.84,Wire
PAY-0006181,INV-006091,2025-01-31,26070.43,Wire
PAY-0006182,INV-006092,2025-06-22,25512.01,ACH
PAY-0006183,INV-006093,2024-08-30,15785.74,ACH
PAY-0006184,INV-006094,2024-03-25,17976.62,ACH
PAY-0006185,INV-006095,2024-11-27,13107.47,ACH
PAY-0006186,INV-006096,2024-11-10,19494.12,ACH
PAY-0006187,INV-006097,2024-11-21,23579.58,ACH
PAY-0006188,INV-006098,2024-03-17,19855.25,Check
PAY-0006189,INV-006099,2024-07-28,23913.59,ACH
PAY-0006190,INV-006100,2024-11-21,24563.99,ACH
PAY-0006191,INV-006101,2024-06-05,12423.1,ACH
PAY-0006192,INV-006101,2024-06-26,12126.81,ACH
PAY-0006193,INV-006102,2025-09-27,30025.48,Wire
PAY-0006194,INV-006103,2025-07-17,25581.61,Check
PAY-0006195,INV-006104,2025-02-23,6258.53,Wire
PAY-0006196,INV-006104,2025-03-07,8988.02,ACH
PAY-0006197,INV-006105,2025-06-03,10774.14,ACH
PAY-0006198,INV-006108,2024-04-10,31252.54,ACH
PAY-0006199,INV-006109,2025-06-06,17088.02,Wire
PAY-0006200,INV-006109,2025-06-18,13726.71,Check
PAY-0006201,INV-006110,2026-02-05,29612.39,Check
PAY-0006202,INV-006111,2025-10-14,8590.55,ACH
PAY-0006203,INV-006112,2025-06-21,10374.43,ACH
PAY-0006204,INV-006113,2024-09-23,29041.01,Wire
PAY-0006205,INV-006114,2024-09-26,27959.58,Check
PAY-0006206,INV-006115,2024-11-26,5447.59,Wire
PAY-0006207,INV-006116,2024-09-27,10283.63,Wire
PAY-0006208,INV-006118,2024-05-08,18912.06,ACH
PAY-0006209,INV-006120,2025-10-02,16209.84,Wire
PAY-0006210,INV-006121,2025-08-19,6473.94,ACH
PAY-0006211,INV-006121,2025-09-01,9563.55,Wire
PAY-0006212,INV-006122,2024-09-10,6665.07,ACH
PAY-0006213,INV-006124,2025-10-09,12343.78,ACH
PAY-0006214,INV-006125,2024-09-23,29208.73,ACH
PAY-0006215,INV-006126,2024-06-11,19418.19,ACH
PAY-0006216,INV-006127,2025-08-02,10057.02,ACH
PAY-0006217,INV-006128,2025-06-08,26754.36,Wire
PAY-0006218,INV-006129,2024-05-02,8432.06,Wire
PAY-0006219,INV-006130,2026-02-20,21577.66,ACH
PAY-0006220,INV-006131,2025-07-05,6895.06,Wire
PAY-0006221,INV-006133,2025-02-15,2627.72,Wire
PAY-0006222,INV-006133,2025-03-06,3056.95,ACH
PAY-0006223,INV-006134,2024-05-09,10913.61,Check
PAY-0006224,INV-006135,2024-10-26,30334.96,Check
PAY-0006225,INV-006136,2025-12-13,7425.48,ACH
PAY-0006226,INV-006137,2025-03-16,16520.8,ACH
PAY-0006227,INV-006138,2024-12-01,27424.64,ACH
PAY-0006228,INV-006139,2025-09-29,31063.52,ACH
PAY-0006229,INV-006140,2025-11-24,12919.39,Wire
PAY-0006230,INV-006141,2024-12-05,24555.33,ACH
PAY-0006231,INV-006142,2025-12-09,6821.02,ACH
PAY-0006232,INV-006143,2024-07-24,16791.33,ACH
PAY-0006233,INV-006144,2024-10-30,28614.97,ACH
PAY-0006234,INV-006146,2025-11-21,21484.88,Wire
PAY-0006235,INV-006147,2024-12-26,18663.71,ACH
PAY-0006236,INV-006148,2025-03-05,10616.19,ACH
PAY-0006237,INV-006149,2025-03-02,24886.98,ACH
PAY-0006238,INV-006150,2026-01-22,5574.95,Wire
PAY-0006239,INV-006152,2026-02-13,14493.22,Wire
PAY-0006240,INV-006154,2026-02-26,29586.19,ACH
PAY-0006241,INV-006155,2025-08-05,8214.52,ACH
PAY-0006242,INV-006156,2024-09-14,15281.66,Check
PAY-0006243,INV-006157,2025-02-03,17996.19,ACH
PAY-0006244,INV-006158,2025-11-26,19037.52,ACH
PAY-0006245,INV-006159,2026-02-22,20707.91,ACH
PAY-0006246,INV-006160,2024-07-19,29545.42,Wire
PAY-0006247,INV-006161,2024-09-24,29374.1,Wire
PAY-0006248,INV-006162,2025-05-30,15649.69,Wire
PAY-0006249,INV-006163,2026-01-20,9503.19,ACH
PAY-0006250,INV-006163,2026-02-08,8965.5,Check
PAY-0006251,INV-006164,2024-09-14,11865.6,Wire
PAY-0006252,INV-006164,2024-10-02,14669.71,Wire
PAY-0006253,INV-006165,2025-04-07,20675.82,Wire
PAY-0006254,INV-006166,2025-02-13,30558.64,ACH
PAY-0006255,INV-006167,2025-05-15,15517.55,ACH
PAY-0006256,INV-006168,2024-10-20,16304.65,Wire
PAY-0006257,INV-006169,2025-11-07,13928.38,ACH
PAY-0006258,INV-006170,2024-09-21,26458.13,ACH
PAY-0006259,INV-006171,2024-05-31,28868.11,Wire
PAY-0006260,INV-006172,2025-05-15,19559.89,ACH
PAY-0006261,INV-006173,2025-12-19,21933.29,ACH
PAY-0006262,INV-006174,2024-11-09,16557.62,ACH
PAY-0006263,INV-006175,2025-11-29,12168.01,Wire
PAY-0006264,INV-006176,2025-04-18,20749.42,ACH
PAY-0006265,INV-006178,2025-02-23,30359.32,ACH
PAY-0006266,INV-006179,2026-01-03,19612.77,ACH
PAY-0006267,INV-006180,2024-11-23,20455.85,ACH
PAY-0006268,INV-006181,2026-01-10,6494.54,ACH
PAY-0006269,INV-006183,2025-09-13,6793.23,Wire
PAY-0006270,INV-006183,2025-09-28,9945.88,ACH
PAY-0006271,INV-006184,2025-07-29,17337.73,ACH
PAY-0006272,INV-006185,2024-11-17,10757.24,ACH
PAY-0006273,INV-006186,2025-11-25,27458.09,Wire
PAY-0006274,INV-006187,2025-10-01,13848.2,ACH
PAY-0006275,INV-006188,2025-07-29,27877.12,ACH
PAY-0006276,INV-006189,2025-04-24,24084.65,ACH
PAY-0006277,INV-006190,2025-01-04,28016.55,ACH
PAY-0006278,INV-006191,2025-07-31,9063.41,ACH
PAY-0006279,INV-006192,2025-01-11,26896.26,Check
PAY-0006280,INV-006193,2025-06-04,25033.99,ACH
PAY-0006281,INV-006194,2025-08-27,12557.81,ACH
PAY-0006282,INV-006195,2025-03-16,9749.5,Check
PAY-0006283,INV-006195,2025-04-01,11480.26,Wire
PAY-0006284,INV-006197,2025-08-04,29158.01,ACH
PAY-0006285,INV-006198,2024-07-18,19680.45,ACH
PAY-0006286,INV-006200,2024-04-07,12824.83,Wire
PAY-0006287,INV-006200,2024-04-19,12460.43,ACH
PAY-0006288,INV-006201,2024-05-14,7677.06,Wire
PAY-0006289,INV-006202,2025-05-08,21803.03,ACH
PAY-0006290,INV-006203,2024-06-06,20641.25,ACH
PAY-0006291,INV-006204,2024-11-17,18798.35,ACH
PAY-0006292,INV-006205,2024-09-01,9017.18,ACH
PAY-0006293,INV-006206,2026-02-25,6282.29,Wire
PAY-0006294,INV-006206,2026-03-16,4741.09,ACH
PAY-0006295,INV-006207,2025-05-27,6286.13,ACH
PAY-0006296,INV-006208,2024-06-11,25877.82,ACH
PAY-0006297,INV-006209,2025-10-05,6314.05,ACH
PAY-0006298,INV-006210,2024-09-27,7148.55,ACH
PAY-0006299,INV-006210,2024-10-15,9478.87,ACH
PAY-0006300,INV-006211,2026-01-05,25401.72,Wire
PAY-0006301,INV-006212,2024-05-27,9442.41,Check
PAY-0006302,INV-006212,2024-06-16,10888.21,Wire
PAY-0006303,INV-006213,2024-09-06,17864.21,Wire
PAY-0006304,INV-006214,2025-08-22,10777.22,ACH
PAY-0006305,INV-006216,2026-01-22,14579.62,ACH
PAY-0006306,INV-006217,2025-04-30,26378.55,ACH
PAY-0006307,INV-006218,2025-01-02,21624.93,ACH
PAY-0006308,INV-006221,2024-04-16,25190.16,ACH
PAY-0006309,INV-006222,2026-02-17,12843.16,Check
PAY-0006310,INV-006223,2024-11-25,10783.86,ACH
PAY-0006311,INV-006224,2024-09-23,22414.94,ACH
PAY-0006312,INV-006225,2024-04-06,25985.0,ACH
PAY-0006313,INV-006226,2024-10-24,26111.1,ACH
PAY-0006314,INV-006227,2024-08-10,12501.53,Check
PAY-0006315,INV-006229,2025-02-02,12900.19,ACH
PAY-0006316,INV-006230,2024-09-13,30283.66,ACH
PAY-0006317,INV-006231,2024-10-16,28726.32,ACH
PAY-0006318,INV-006232,2024-05-07,15779.57,ACH
PAY-0006319,INV-006233,2025-05-27,11823.87,ACH
PAY-0006320,INV-006234,2024-10-18,26149.0,ACH
PAY-0006321,INV-006235,2024-09-17,24173.46,ACH
PAY-0006322,INV-006236,2025-12-25,8347.17,ACH
PAY-0006323,INV-006237,2025-04-05,6638.04,ACH
PAY-0006324,INV-006238,2025-09-15,30694.06,Check
PAY-0006325,INV-006239,2026-02-13,23592.82,Check
PAY-0006326,INV-006240,2026-02-26,6476.2,Wire
PAY-0006327,INV-006242,2024-06-03,18227.94,ACH
PAY-0006328,INV-006243,2025-03-27,31730.91,ACH
PAY-0006329,INV-006244,2025-02-22,11555.36,Check
PAY-0006330,INV-006245,2024-10-17,17485.17,ACH
PAY-0006331,INV-006246,2025-05-21,8511.55,ACH
PAY-0006332,INV-006247,2026-01-30,7586.64,ACH
PAY-0006333,INV-006248,2024-08-15,13291.35,ACH
PAY-0006334,INV-006249,2025-04-07,14772.13,Check
PAY-0006335,INV-006251,2024-04-01,31240.56,ACH
PAY-0006336,INV-006252,2025-10-11,20885.88,ACH
PAY-0006337,INV-006253,2024-07-01,11018.52,ACH
PAY-0006338,INV-006254,2025-01-15,5363.54,ACH
PAY-0006339,INV-006255,2024-12-14,14420.04,ACH
PAY-0006340,INV-006256,2024-10-22,18737.62,ACH
PAY-0006341,INV-006257,2026-01-27,12542.51,Wire
PAY-0006342,INV-006258,2024-10-23,21782.4,ACH
PAY-0006343,INV-006259,2024-04-06,22594.37,Wire
PAY-0006344,INV-006260,2025-06-10,10738.56,ACH
PAY-0006345,INV-006261,2024-07-16,13632.74,Wire
PAY-0006346,INV-006262,2025-10-22,26526.63,ACH
PAY-0006347,INV-006263,2025-07-08,7653.03,ACH
PAY-0006348,INV-006264,2024-08-14,8325.59,ACH
PAY-0006349,INV-006265,2025-10-02,27189.86,ACH
PAY-0006350,INV-006266,2024-08-07,2232.58,Check
PAY-0006351,INV-006266,2024-08-19,3035.64,ACH
PAY-0006352,INV-006267,2025-06-11,13284.7,ACH
PAY-0006353,INV-006268,2024-04-15,21218.46,Check
PAY-0006354,INV-006269,2024-08-21,19174.07,ACH
PAY-0006355,INV-006270,2024-05-26,15508.35,ACH
PAY-0006356,INV-006271,2025-03-12,17212.0,ACH
PAY-0006357,INV-006273,2025-05-04,12419.76,ACH
PAY-0006358,INV-006274,2024-10-08,24761.35,ACH
PAY-0006359,INV-006276,2025-11-12,25902.65,ACH
PAY-0006360,INV-006277,2024-09-22,29029.07,Wire
PAY-0006361,INV-006278,2025-05-18,31403.39,ACH
PAY-0006362,INV-006279,2024-12-04,5060.49,Wire
PAY-0006363,INV-006280,2025-02-26,11038.46,ACH
PAY-0006364,INV-006281,2025-07-04,21120.01,ACH
PAY-0006365,INV-006282,2025-01-20,17399.98,ACH
PAY-0006366,INV-006284,2024-04-09,12743.76,ACH
PAY-0006367,INV-006285,2025-03-05,30497.26,ACH
PAY-0006368,INV-006286,2025-10-07,31972.58,ACH
PAY-0006369,INV-006288,2025-06-04,18681.97,ACH
PAY-0006370,INV-006289,2024-04-28,30154.53,Wire
PAY-0006371,INV-006291,2024-09-02,23285.97,Wire
PAY-0006372,INV-006293,2024-06-13,6761.66,Wire
PAY-0006373,INV-006294,2025-03-04,27937.4,ACH
PAY-0006374,INV-006295,2025-04-15,14761.86,ACH
PAY-0006375,INV-006296,2025-03-09,25610.83,Check
PAY-0006376,INV-006297,2025-10-11,15892.53,Wire
PAY-0006377,INV-006298,2024-10-15,22257.37,Wire
PAY-0006378,INV-006299,2025-03-02,7721.3,ACH
PAY-0006379,INV-006300,2025-10-24,31159.45,Wire
PAY-0006380,INV-006301,2024-05-20,31675.66,ACH
PAY-0006381,INV-006302,2025-04-29,7951.66,ACH
PAY-0006382,INV-006303,2024-04-18,27630.0,ACH
PAY-0006383,INV-006304,2024-09-14,13115.7,Wire
PAY-0006384,INV-006306,2025-03-26,9885.8,Check
PAY-0006385,INV-006306,2025-04-09,10065.18,Wire
PAY-0006386,INV-006307,2024-05-23,25544.13,ACH
PAY-0006387,INV-006308,2024-09-14,14896.13,Wire
PAY-0006388,INV-006309,2024-08-02,10743.22,ACH
PAY-0006389,INV-006310,2025-07-26,5991.01,Wire
PAY-0006390,INV-006311,2026-01-24,2585.07,ACH
PAY-0006391,INV-006311,2026-02-13,3794.35,Wire
PAY-0006392,INV-006312,2025-05-27,8886.6,Wire
PAY-0006393,INV-006313,2025-04-09,20492.97,ACH
PAY-0006394,INV-006314,2024-08-12,25532.11,ACH
PAY-0006395,INV-006315,2024-03-31,7665.99,ACH
PAY-0006396,INV-006316,2025-11-20,27569.16,Wire
PAY-0006397,INV-006317,2025-05-18,31210.96,Check
PAY-0006398,INV-006318,2025-09-04,24686.64,Wire
PAY-0006399,INV-006319,2025-12-14,28366.4,ACH
PAY-0006400,INV-006320,2025-10-31,17450.11,ACH
PAY-0006401,INV-006321,2024-08-29,15893.47,ACH
PAY-0006402,INV-006323,2024-06-16,20243.53,ACH
PAY-0006403,INV-006324,2024-07-11,28713.51,ACH
PAY-0006404,INV-006325,2026-01-28,24137.82,ACH
PAY-0006405,INV-006326,2024-05-13,21624.16,ACH
PAY-0006406,INV-006327,2025-09-18,28237.66,ACH
PAY-0006407,INV-006328,2024-04-21,29037.77,Wire
PAY-0006408,INV-006329,2024-06-06,26623.1,ACH
PAY-0006409,INV-006330,2026-02-14,21536.33,Wire
PAY-0006410,INV-006332,2024-12-11,26521.47,ACH
PAY-0006411,INV-006333,2025-12-04,28854.07,Wire
PAY-0006412,INV-006334,2025-01-12,5090.81,ACH
PAY-0006413,INV-006335,2026-01-21,26010.16,Check
PAY-0006414,INV-006336,2025-10-21,12096.85,ACH
PAY-0006415,INV-006337,2025-05-25,22682.5,Wire
PAY-0006416,INV-006338,2024-04-16,29622.46,Check
PAY-0006417,INV-006339,2026-02-18,20389.42,ACH
PAY-0006418,INV-006340,2025-03-14,25987.27,ACH
PAY-0006419,INV-006341,2025-10-30,26495.35,Wire
PAY-0006420,INV-006342,2025-12-21,5302.55,ACH
PAY-0006421,INV-006343,2024-06-11,19614.37,Wire
PAY-0006422,INV-006344,2025-04-10,10476.77,ACH
PAY-0006423,INV-006345,2024-11-17,28731.82,ACH
PAY-0006424,INV-006346,2026-02-04,14894.09,ACH
PAY-0006425,INV-006347,2024-11-04,23732.03,Check
PAY-0006426,INV-006348,2025-07-01,17434.09,ACH
PAY-0006427,INV-006349,2026-02-28,9737.29,ACH
PAY-0006428,INV-006351,2025-09-21,23685.59,ACH
PAY-0006429,INV-006352,2024-07-11,15243.01,ACH
PAY-0006430,INV-006353,2025-12-21,18474.73,Wire
PAY-0006431,INV-006354,2024-09-16,18769.14,Check
PAY-0006432,INV-006355,2025-11-04,30610.18,ACH
PAY-0006433,INV-006356,2025-08-08,20943.76,Wire
PAY-0006434,INV-006357,2025-01-18,17798.13,Wire
PAY-0006435,INV-006359,2024-10-12,13242.49,ACH
PAY-0006436,INV-006359,2024-11-04,14513.51,ACH
PAY-0006437,INV-006360,2025-12-12,14720.15,ACH
PAY-0006438,INV-006361,2024-04-30,16010.27,ACH
PAY-0006439,INV-006362,2025-05-26,16548.41,Wire
PAY-0006440,INV-006363,2025-12-09,6561.58,Check
PAY-0006441,INV-006363,2025-12-21,4839.07,ACH
PAY-0006442,INV-006364,2025-12-20,20065.97,ACH
PAY-0006443,INV-006365,2025-08-14,2204.91,ACH
PAY-0006444,INV-006365,2025-08-25,3004.36,Wire
PAY-0006445,INV-006366,2025-03-25,24750.01,ACH
PAY-0006446,INV-006367,2025-01-28,13554.19,ACH
PAY-0006447,INV-006367,2025-02-18,11901.74,ACH
PAY-0006448,INV-006368,2026-01-16,28461.9,ACH
PAY-0006449,INV-006370,2025-11-02,23653.49,Check
PAY-0006450,INV-006371,2025-06-26,3828.84,Wire
PAY-0006451,INV-006371,2025-07-08,3792.8,ACH
PAY-0006452,INV-006373,2025-09-24,11190.17,ACH
PAY-0006453,INV-006374,2024-05-30,26403.42,Wire
PAY-0006454,INV-006375,2024-12-19,30867.86,ACH
PAY-0006455,INV-006376,2024-05-16,29022.02,ACH
PAY-0006456,INV-006378,2025-05-23,8049.99,ACH
PAY-0006457,INV-006379,2024-05-13,25737.34,ACH
PAY-0006458,INV-006380,2024-06-05,10673.18,ACH
PAY-0006459,INV-006380,2024-06-25,12780.27,ACH
PAY-0006460,INV-006381,2025-07-14,12019.24,ACH
PAY-0006461,INV-006382,2025-01-24,8925.0,Wire
PAY-0006462,INV-006383,2026-01-25,22891.83,ACH
PAY-0006463,INV-006384,2024-11-18,6221.08,ACH
PAY-0006464,INV-006385,2025-03-23,6951.59,ACH
PAY-0006465,INV-006386,2025-01-17,26671.19,Check
PAY-0006466,INV-006387,2024-09-15,2797.72,Wire
PAY-0006467,INV-006388,2025-05-30,2594.37,ACH
PAY-0006468,INV-006389,2025-12-28,2210.23,ACH
PAY-0006469,INV-006391,2025-11-24,3031.13,Wire
PAY-0006470,INV-006392,2024-06-30,646.88,Wire
PAY-0006471,INV-006392,2024-07-20,788.27,ACH
PAY-0006472,INV-006393,2025-12-11,3286.49,ACH
PAY-0006473,INV-006394,2025-03-25,3532.97,ACH
PAY-0006474,INV-006395,2024-10-31,3883.86,ACH
PAY-0006475,INV-006396,2025-01-24,2775.39,Wire
PAY-0006476,INV-006397,2025-11-19,3127.76,Wire
PAY-0006477,INV-006398,2025-12-31,3713.62,ACH
PAY-0006478,INV-006399,2025-03-13,1124.72,Check
PAY-0006479,INV-006400,2024-04-01,3252.62,ACH
PAY-0006480,INV-006401,2025-08-14,688.42,ACH
PAY-0006481,INV-006402,2024-07-01,1188.88,ACH
PAY-0006482,INV-006403,2026-01-02,1195.49,ACH
PAY-0006483,INV-006404,2025-01-20,2348.49,ACH
PAY-0006484,INV-006405,2025-11-24,583.98,ACH
PAY-0006485,INV-006405,2025-12-10,666.12,ACH
PAY-0006486,INV-006406,2024-06-24,3720.92,ACH
PAY-0006487,INV-006407,2025-09-26,1836.89,ACH
PAY-0006488,INV-006408,2025-07-05,3109.76,ACH
PAY-0006489,INV-006409,2025-01-26,2451.91,ACH
PAY-0006490,INV-006412,2025-03-26,2245.73,ACH
PAY-0006491,INV-006413,2024-10-10,2614.31,ACH
PAY-0006492,INV-006414,2025-12-10,604.77,Wire
PAY-0006493,INV-006415,2025-03-13,1220.71,Wire
PAY-0006494,INV-006415,2025-04-03,1506.74,ACH
PAY-0006495,INV-006416,2025-02-20,603.27,ACH
PAY-0006496,INV-006417,2024-11-13,2041.68,Wire
PAY-0006497,INV-006418,2024-05-26,3909.34,ACH
PAY-0006498,INV-006419,2024-10-21,1245.12,Wire
PAY-0006499,INV-006420,2024-07-12,3908.92,ACH
PAY-0006500,INV-006421,2025-01-17,1391.77,Wire
PAY-0006501,INV-006421,2025-01-31,928.86,ACH
PAY-0006502,INV-006422,2024-08-15,889.51,ACH
PAY-0006503,INV-006422,2024-08-31,1304.86,ACH
PAY-0006504,INV-006423,2024-06-05,2965.4,ACH
PAY-0006505,INV-006424,2024-07-07,943.99,ACH
PAY-0006506,INV-006424,2024-07-30,633.02,ACH
PAY-0006507,INV-006425,2025-01-30,1821.42,ACH
PAY-0006508,INV-006425,2025-02-21,1260.03,ACH
PAY-0006509,INV-006426,2026-01-20,714.92,ACH
PAY-0006510,INV-006428,2025-12-31,2207.83,Wire
PAY-0006511,INV-006429,2024-09-08,1957.74,ACH
PAY-0006512,INV-006430,2024-06-06,2023.49,Wire
PAY-0006513,INV-006431,2024-06-02,7946.21,ACH
PAY-0006514,INV-006432,2025-09-14,3105.3,ACH
PAY-0006515,INV-006433,2024-03-03,4555.51,Wire
PAY-0006516,INV-006434,2025-07-22,5826.64,ACH
PAY-0006517,INV-006435,2024-08-12,8679.32,ACH
PAY-0006518,INV-006436,2024-08-15,8734.68,Check
PAY-0006519,INV-006437,2024-08-02,5086.11,ACH
PAY-0006520,INV-006438,2025-04-29,6987.92,Wire
PAY-0006521,INV-006439,2024-07-09,6400.46,ACH
PAY-0006522,INV-006440,2025-03-24,5422.9,Wire
PAY-0006523,INV-006441,2024-03-11,9446.19,ACH
PAY-0006524,INV-006442,2025-05-29,2978.01,Wire
PAY-0006525,INV-006443,2025-05-11,5280.21,Check
PAY-0006526,INV-006444,2024-12-13,11937.54,ACH
PAY-0006527,INV-006445,2025-10-08,6726.39,ACH
PAY-0006528,INV-006446,2024-03-15,10934.78,ACH
PAY-0006529,INV-006447,2024-03-04,5916.95,Wire
PAY-0006530,INV-006448,2024-10-22,2119.4,ACH
PAY-0006531,INV-006449,2025-11-17,2602.41,Wire
PAY-0006532,INV-006450,2024-07-28,7473.07,ACH
PAY-0006533,INV-006451,2025-12-21,7593.03,ACH
PAY-0006534,INV-006452,2024-06-01,2407.01,ACH
PAY-0006535,INV-006453,2024-07-31,7728.76,ACH
PAY-0006536,INV-006454,2024-07-14,8927.93,ACH
PAY-0006537,INV-006455,2024-04-27,7853.38,Wire
PAY-0006538,INV-006456,2026-01-17,3361.53,Wire
PAY-0006539,INV-006456,2026-02-02,3394.18,ACH
PAY-0006540,INV-006457,2025-09-23,3606.73,ACH
PAY-0006541,INV-006458,2025-04-19,2457.23,ACH
PAY-0006542,INV-006459,2025-05-10,11308.49,Check
PAY-0006543,INV-006460,2024-12-21,3992.91,Wire
PAY-0006544,INV-006461,2024-07-30,11778.94,ACH
PAY-0006545,INV-006462,2025-02-22,2237.39,ACH
PAY-0006546,INV-006463,2025-01-30,2368.56,Check
PAY-0006547,INV-006464,2025-01-01,9956.11,ACH
PAY-0006548,INV-006465,2024-09-13,7641.44,Wire
PAY-0006549,INV-006466,2024-07-29,11968.1,ACH
PAY-0006550,INV-006467,2025-04-02,9217.98,ACH
PAY-0006551,INV-006468,2025-03-05,5535.04,ACH
PAY-0006552,INV-006469,2025-05-16,6555.73,Check
PAY-0006553,INV-006470,2024-06-20,2129.03,ACH
PAY-0006554,INV-006471,2025-12-02,2041.29,ACH
PAY-0006555,INV-006472,2024-05-03,10188.52,ACH
PAY-0006556,INV-006473,2024-09-21,5384.78,ACH
PAY-0006557,INV-006476,2024-07-07,5671.1,ACH
PAY-0006558,INV-006476,2024-07-28,4582.1,ACH
PAY-0006559,INV-006477,2024-05-29,1370.01,ACH
PAY-0006560,INV-006477,2024-06-11,1328.17,ACH
PAY-0006561,INV-006478,2025-12-23,1836.27,ACH
PAY-0006562,INV-006479,2024-07-06,11945.49,Wire
PAY-0006563,INV-006480,2025-06-25,4961.45,Check
PAY-0006564,INV-006480,2025-07-09,6570.71,ACH
PAY-0006565,INV-006481,2024-07-06,7593.25,ACH
PAY-0006566,INV-006482,2024-06-25,2817.97,ACH
PAY-0006567,INV-006483,2025-06-29,1660.09,ACH
PAY-0006568,INV-006484,2024-06-25,6469.24,ACH
PAY-0006569,INV-006486,2025-01-14,7297.03,ACH
PAY-0006570,INV-006487,2024-03-30,5669.37,ACH
PAY-0006571,INV-006488,2024-09-06,5053.6,Check
PAY-0006572,INV-006489,2025-09-17,3136.18,ACH
PAY-0006573,INV-006490,2024-11-24,6937.78,ACH
PAY-0006574,INV-006491,2025-05-22,9012.9,ACH
PAY-0006575,INV-006492,2024-12-05,10400.88,Wire
PAY-0006576,INV-006493,2025-12-29,9461.69,Check
PAY-0006577,INV-006494,2025-04-25,11005.51,ACH
PAY-0006578,INV-006495,2024-05-14,23137.07,Wire
PAY-0006579,INV-006496,2025-08-08,22487.08,ACH
PAY-0006580,INV-006497,2024-11-08,26692.7,ACH
PAY-0006581,INV-006498,2024-08-08,15159.51,ACH
PAY-0006582,INV-006499,2024-06-22,20935.53,ACH
PAY-0006583,INV-006500,2025-09-23,16172.52,Check
PAY-0006584,INV-006501,2024-08-29,28369.58,ACH
PAY-0006585,INV-006502,2025-09-05,21475.44,Wire
PAY-0006586,INV-006503,2024-05-01,22049.94,ACH
PAY-0006587,INV-006504,2024-09-29,12483.23,ACH
PAY-0006588,INV-006504,2024-10-09,12011.28,ACH
PAY-0006589,INV-006505,2025-06-07,6959.4,ACH
PAY-0006590,INV-006505,2025-06-18,5375.75,Check
PAY-0006591,INV-006506,2026-02-10,6216.69,ACH
PAY-0006592,INV-006507,2025-07-05,10121.33,ACH
PAY-0006593,INV-006508,2025-02-05,23708.32,Wire
PAY-0006594,INV-006509,2025-02-23,30662.65,ACH
PAY-0006595,INV-006510,2024-07-13,26587.46,Check
PAY-0006596,INV-006511,2025-07-31,25257.0,Wire
PAY-0006597,INV-006512,2025-06-18,13770.55,Wire
PAY-0006598,INV-006513,2024-12-04,6321.26,ACH
PAY-0006599,INV-006514,2024-03-18,27432.15,Wire
PAY-0006600,INV-006515,2024-12-08,12363.78,ACH
PAY-0006601,INV-006516,2026-02-02,27044.06,ACH
PAY-0006602,INV-006517,2025-08-18,8293.36,Wire
PAY-0006603,INV-006518,2025-02-27,11441.41,ACH
PAY-0006604,INV-006519,2025-04-12,20037.95,Check
PAY-0006605,INV-006520,2024-11-06,17724.39,Check
PAY-0006606,INV-006521,2025-06-24,6383.45,ACH
PAY-0006607,INV-006522,2025-07-19,26503.6,Check
PAY-0006608,INV-006523,2024-08-26,14084.05,ACH
PAY-0006609,INV-006524,2025-09-27,21353.85,Wire
PAY-0006610,INV-006525,2024-03-06,16195.79,Wire
PAY-0006611,INV-006527,2024-07-06,11194.12,ACH
PAY-0006612,INV-006528,2025-08-07,14283.24,ACH
PAY-0006613,INV-006529,2024-05-19,6701.98,ACH
PAY-0006614,INV-006529,2024-05-31,9360.39,ACH
PAY-0006615,INV-006530,2026-02-05,5921.18,ACH
PAY-0006616,INV-006531,2024-12-11,9104.17,ACH
PAY-0006617,INV-006532,2025-03-07,28657.75,Check
PAY-0006618,INV-006533,2025-11-24,26534.22,Wire
PAY-0006619,INV-006534,2024-09-16,16794.29,Wire
PAY-0006620,INV-006535,2024-05-21,10284.33,Wire
PAY-0006621,INV-006536,2025-12-30,19131.67,Wire
PAY-0006622,INV-006537,2024-09-25,21901.96,ACH
PAY-0006623,INV-006538,2025-01-03,8447.6,ACH
PAY-0006624,INV-006538,2025-01-13,9398.2,ACH
PAY-0006625,INV-006539,2024-10-31,29821.25,ACH
PAY-0006626,INV-006540,2024-09-22,30980.66,ACH
PAY-0006627,INV-006541,2025-02-15,20124.25,ACH
PAY-0006628,INV-006542,2024-05-18,5298.99,ACH
PAY-0006629,INV-006543,2025-08-26,13858.3,ACH
PAY-0006630,INV-006544,2025-05-31,29025.51,ACH
PAY-0006631,INV-006545,2024-08-05,9999.43,ACH
PAY-0006632,INV-006545,2024-08-25,11584.29,ACH
PAY-0006633,INV-006546,2026-01-14,5812.46,Wire
PAY-0006634,INV-006547,2025-01-05,25298.3,Wire
PAY-0006635,INV-006548,2024-12-07,26635.37,ACH
PAY-0006636,INV-006552,2025-05-07,8584.11,ACH
PAY-0006637,INV-006553,2024-08-01,31139.23,ACH
PAY-0006638,INV-006554,2024-08-03,20253.69,ACH
PAY-0006639,INV-006555,2025-06-15,29375.76,ACH
PAY-0006640,INV-006556,2024-09-25,5654.86,ACH
PAY-0006641,INV-006557,2026-01-19,25114.61,ACH
PAY-0006642,INV-006558,2024-06-24,8951.62,ACH
PAY-0006643,INV-006559,2024-07-27,7571.32,ACH
PAY-0006644,INV-006559,2024-08-20,9841.17,Check
PAY-0006645,INV-006560,2025-05-27,30874.02,Wire
PAY-0006646,INV-006562,2024-03-24,30847.48,ACH
PAY-0006647,INV-006563,2025-12-20,7022.23,ACH
PAY-0006648,INV-006564,2024-08-16,7783.13,ACH
PAY-0006649,INV-006565,2025-12-15,26976.29,Wire
PAY-0006650,INV-006566,2026-02-20,9510.87,ACH
PAY-0006651,INV-006567,2025-09-14,29914.19,Check
PAY-0006652,INV-006568,2024-05-16,5437.24,ACH
PAY-0006653,INV-006569,2025-01-09,5638.35,ACH
PAY-0006654,INV-006569,2025-01-20,4545.09,ACH
PAY-0006655,INV-006570,2025-11-10,25382.57,ACH
PAY-0006656,INV-006571,2024-11-19,12447.94,Check
PAY-0006657,INV-006572,2024-09-16,5277.11,Check
PAY-0006658,INV-006573,2025-10-10,15857.19,Wire
PAY-0006659,INV-006574,2024-03-20,30286.03,ACH
PAY-0006660,INV-006575,2025-09-15,5933.15,ACH
PAY-0006661,INV-006577,2025-04-02,27858.93,Wire
PAY-0006662,INV-006578,2025-12-05,19342.97,Wire
PAY-0006663,INV-006579,2025-04-21,7217.5,ACH
PAY-0006664,INV-006579,2025-05-11,4910.18,ACH
PAY-0006665,INV-006580,2026-02-20,26871.75,ACH
PAY-0006666,INV-006581,2024-12-20,7941.91,ACH
PAY-0006667,INV-006582,2025-03-24,13018.01,ACH
PAY-0006668,INV-006583,2024-04-24,29797.03,ACH
PAY-0006669,INV-006584,2024-09-06,10327.82,ACH
PAY-0006670,INV-006585,2025-01-15,9694.75,ACH
PAY-0006671,INV-006586,2024-12-07,16590.73,ACH
PAY-0006672,INV-006587,2025-02-11,8921.22,Wire
PAY-0006673,INV-006588,2025-06-11,28771.39,Wire
PAY-0006674,INV-006589,2025-04-09,27631.18,ACH
PAY-0006675,INV-006590,2025-02-20,8057.36,Check
PAY-0006676,INV-006591,2026-01-30,7463.07,ACH
PAY-0006677,INV-006592,2024-03-07,31288.76,Check
PAY-0006678,INV-006593,2024-11-17,14439.38,ACH
PAY-0006679,INV-006595,2024-11-25,12486.14,ACH
PAY-0006680,INV-006596,2025-02-11,15996.5,ACH
PAY-0006681,INV-006597,2024-09-11,18157.23,Check
PAY-0006682,INV-006598,2025-03-04,11950.38,Wire
PAY-0006683,INV-006599,2024-07-15,12464.13,ACH
PAY-0006684,INV-006600,2026-02-02,31019.63,ACH
PAY-0006685,INV-006601,2025-11-11,10284.54,ACH
PAY-0006686,INV-006602,2024-11-15,28511.43,ACH
PAY-0006687,INV-006603,2025-06-30,18057.79,Wire
PAY-0006688,INV-006604,2025-03-14,13900.09,Check
PAY-0006689,INV-006605,2026-01-09,20736.71,ACH
PAY-0006690,INV-006606,2025-08-18,12708.27,ACH
PAY-0006691,INV-006607,2024-11-03,9988.09,Check
PAY-0006692,INV-006608,2024-04-15,3747.9,ACH
PAY-0006693,INV-006608,2024-05-09,3529.7,ACH
PAY-0006694,INV-006609,2024-07-28,27613.96,ACH
PAY-0006695,INV-006610,2024-07-12,24970.03,Wire
PAY-0006696,INV-006612,2025-11-17,13047.97,ACH
PAY-0006697,INV-006613,2024-03-31,8406.88,ACH
PAY-0006698,INV-006614,2025-01-23,18915.02,Check
PAY-0006699,INV-006615,2025-09-22,13392.2,ACH
PAY-0006700,INV-006616,2024-07-16,6299.84,ACH
PAY-0006701,INV-006617,2024-09-04,26999.39,Wire
PAY-0006702,INV-006618,2026-02-14,22395.36,ACH
PAY-0006703,INV-006619,2024-10-12,25022.19,ACH
PAY-0006704,INV-006620,2025-09-27,12312.79,ACH
PAY-0006705,INV-006621,2025-03-20,30192.64,ACH
PAY-0006706,INV-006622,2024-04-20,5350.27,ACH
PAY-0006707,INV-006623,2025-12-24,6589.13,ACH
PAY-0006708,INV-006624,2024-03-06,2389.51,Wire
PAY-0006709,INV-006625,2024-09-30,1478.19,ACH
PAY-0006710,INV-006626,2024-12-30,2083.56,Wire
PAY-0006711,INV-006627,2025-05-09,2275.43,ACH
PAY-0006712,INV-006628,2025-10-13,782.62,ACH
PAY-0006713,INV-006628,2025-11-03,1162.5,ACH
PAY-0006714,INV-006629,2025-02-01,3066.32,ACH
PAY-0006715,INV-006630,2025-01-22,1715.45,Check
PAY-0006716,INV-006631,2025-01-17,3264.83,ACH
PAY-0006717,INV-006632,2025-09-07,2198.88,ACH
PAY-0006718,INV-006633,2025-03-07,671.7,ACH
PAY-0006719,INV-006634,2024-04-22,1645.51,Wire
PAY-0006720,INV-006635,2025-04-21,2422.08,ACH
PAY-0006721,INV-006636,2026-01-24,2851.02,ACH
PAY-0006722,INV-006637,2025-09-15,2940.93,Wire
PAY-0006723,INV-006638,2025-08-21,960.83,Wire
PAY-0006724,INV-006639,2025-08-26,2796.71,ACH
PAY-0006725,INV-006640,2025-12-08,3430.0,ACH
PAY-0006726,INV-006641,2025-08-26,3350.91,Wire
PAY-0006727,INV-006642,2025-07-21,3601.88,ACH
PAY-0006728,INV-006643,2024-10-27,3922.34,ACH
PAY-0006729,INV-006644,2025-05-01,1182.11,Wire
PAY-0006730,INV-006644,2025-05-17,1630.03,ACH
PAY-0006731,INV-006645,2025-06-16,777.11,Wire
PAY-0006732,INV-006645,2025-07-03,592.05,ACH
PAY-0006733,INV-006646,2024-02-02,506.0,Wire
PAY-0006734,INV-006646,2024-02-21,645.46,Wire
PAY-0006735,INV-006647,2024-10-25,2883.57,ACH
PAY-0006736,INV-006648,2024-02-02,698.59,ACH
PAY-0006737,INV-006649,2025-04-25,1705.41,ACH
PAY-0006738,INV-006649,2025-05-12,1950.55,Check
PAY-0006739,INV-006650,2025-10-06,2513.92,ACH
PAY-0006740,INV-006651,2024-06-08,3528.36,Wire
PAY-0006741,INV-006652,2025-06-04,3310.41,ACH
PAY-0006742,INV-006653,2024-08-02,1914.13,Wire
PAY-0006743,INV-006654,2025-12-08,1249.17,ACH
PAY-0006744,INV-006655,2024-03-07,3902.62,Wire
PAY-0006745,INV-006656,2025-10-28,3447.8,Check
PAY-0006746,INV-006658,2024-06-25,3930.63,ACH
PAY-0006747,INV-006659,2024-11-07,635.13,Wire
PAY-0006748,INV-006660,2025-11-25,2258.02,Wire
PAY-0006749,INV-006661,2024-10-13,1552.79,ACH
PAY-0006750,INV-006662,2024-10-08,789.02,ACH
PAY-0006751,INV-006663,2024-12-31,931.73,ACH
PAY-0006752,INV-006664,2025-08-27,2138.13,Wire
PAY-0006753,INV-006665,2025-08-12,1355.94,ACH
PAY-0006754,INV-006665,2025-08-28,994.05,ACH
PAY-0006755,INV-006667,2025-07-04,3418.92,ACH
PAY-0006756,INV-006668,2025-10-17,2505.45,ACH
PAY-0006757,INV-006669,2024-12-18,1282.54,Wire
PAY-0006758,INV-006670,2025-08-05,3559.01,ACH
PAY-0006759,INV-006671,2025-06-24,2502.51,ACH
PAY-0006760,INV-006672,2024-04-30,3601.93,ACH
PAY-0006761,INV-006673,2026-02-09,5207.28,Wire
PAY-0006762,INV-006674,2025-01-07,1261.06,ACH
PAY-0006763,INV-006674,2025-01-20,1448.62,ACH
PAY-0006764,INV-006675,2025-10-18,11915.02,ACH
PAY-0006765,INV-006676,2025-08-10,10787.77,ACH
PAY-0006766,INV-006677,2024-09-04,5763.84,ACH
PAY-0006767,INV-006678,2025-09-20,10461.71,ACH
PAY-0006768,INV-006679,2024-08-27,10121.21,ACH
PAY-0006769,INV-006680,2024-06-24,3176.91,Check
PAY-0006770,INV-006681,2024-10-06,6401.89,ACH
PAY-0006771,INV-006682,2024-06-04,5823.37,Wire
PAY-0006772,INV-006682,2024-06-24,4304.31,ACH
PAY-0006773,INV-006683,2026-01-07,5492.75,ACH
PAY-0006774,INV-006684,2024-12-17,2387.75,Wire
PAY-0006775,INV-006685,2024-08-24,6185.53,ACH
PAY-0006776,INV-006686,2024-05-03,7541.67,ACH
PAY-0006777,INV-006687,2025-05-15,9729.84,Wire
PAY-0006778,INV-006688,2024-07-25,8780.39,Check
PAY-0006779,INV-006689,2025-03-03,5006.59,ACH
PAY-0006780,INV-006690,2024-10-09,8900.02,Check
PAY-0006781,INV-006691,2024-03-18,10867.47,Wire
PAY-0006782,INV-006692,2025-06-13,5995.48,ACH
PAY-0006783,INV-006693,2025-03-26,1144.3,ACH
PAY-0006784,INV-006693,2025-04-19,1325.27,Wire
PAY-0006785,INV-006694,2024-09-01,2598.43,ACH
PAY-0006786,INV-006694,2024-09-13,2159.99,Wire
PAY-0006787,INV-006695,2025-09-12,9285.85,ACH
PAY-0006788,INV-006696,2025-11-30,11528.25,Check
PAY-0006789,INV-006697,2024-10-26,5811.65,Wire
PAY-0006790,INV-006699,2026-02-19,1900.44,ACH
PAY-0006791,INV-006700,2024-10-13,5666.62,ACH
PAY-0006792,INV-006701,2025-05-05,6429.17,ACH
PAY-0006793,INV-006702,2024-06-25,11331.34,Wire
PAY-0006794,INV-006703,2025-05-24,8945.54,ACH
PAY-0006795,INV-006704,2025-07-12,6324.0,ACH
PAY-0006796,INV-006705,2026-02-01,6992.59,ACH
PAY-0006797,INV-006706,2025-03-31,6185.67,ACH
PAY-0006798,INV-006707,2025-07-09,7374.78,Check
PAY-0006799,INV-006708,2025-09-29,8476.17,Wire
PAY-0006800,INV-006709,2024-10-19,10415.15,ACH
PAY-0006801,INV-006710,2025-07-31,3736.71,ACH
PAY-0006802,INV-006711,2025-07-24,7521.51,ACH
PAY-0006803,INV-006712,2024-06-26,6865.35,ACH
PAY-0006804,INV-006713,2025-09-11,6514.9,ACH
PAY-0006805,INV-006714,2024-09-01,4382.38,Wire
PAY-0006806,INV-006716,2025-12-30,9663.46,ACH
PAY-0006807,INV-006717,2025-12-15,3776.81,ACH
PAY-0006808,INV-006718,2024-04-10,7169.57,Check
PAY-0006809,INV-006719,2024-10-31,2786.8,ACH
PAY-0006810,INV-006719,2024-11-11,3241.88,ACH
PAY-0006811,INV-006720,2025-07-01,3258.56,ACH
PAY-0006812,INV-006721,2025-03-30,10037.94,ACH
PAY-0006813,INV-006722,2025-04-14,6352.98,Wire
PAY-0006814,INV-006723,2025-10-07,1479.57,Wire
PAY-0006815,INV-006723,2025-10-28,1307.35,ACH
PAY-0006816,INV-006724,2025-12-09,1500.98,ACH
PAY-0006817,INV-006725,2025-02-13,10492.29,ACH
PAY-0006818,INV-006726,2024-08-02,1774.77,ACH
PAY-0006819,INV-006727,2024-07-10,10456.58,ACH
PAY-0006820,INV-006728,2024-05-07,3775.3,ACH
PAY-0006821,INV-006729,2025-12-14,5332.25,ACH
PAY-0006822,INV-006730,2025-11-02,7478.11,ACH
PAY-0006823,INV-006731,2024-10-11,8451.07,ACH
PAY-0006824,INV-006732,2025-08-07,5060.88,Check
PAY-0006825,INV-006734,2025-09-29,11367.56,ACH
PAY-0006826,INV-006735,2024-11-13,4180.96,ACH
PAY-0006827,INV-006736,2025-07-05,2942.22,Wire
PAY-0006828,INV-006737,2025-02-03,10358.99,ACH
PAY-0006829,INV-006738,2025-09-30,7622.64,Wire
PAY-0006830,INV-006739,2025-04-09,8014.1,ACH
PAY-0006831,INV-006741,2025-08-21,10150.2,ACH
PAY-0006832,INV-006742,2024-08-18,7240.89,Check
PAY-0006833,INV-006744,2025-04-18,1521.16,ACH
PAY-0006834,INV-006745,2024-11-24,1479.32,ACH
PAY-0006835,INV-006745,2024-12-15,1886.76,ACH
PAY-0006836,INV-006746,2025-07-31,10789.87,Wire
PAY-0006837,INV-006747,2025-02-16,2928.76,Wire
PAY-0006838,INV-006747,2025-03-09,2014.67,ACH
PAY-0006839,INV-006748,2024-03-10,7043.83,ACH
PAY-0006840,INV-006749,2024-06-24,9640.88,ACH
PAY-0006841,INV-006750,2025-12-04,4837.18,ACH
PAY-0006842,INV-006751,2024-10-18,4010.68,Wire
PAY-0006843,INV-006752,2025-05-10,2287.5,ACH
PAY-0006844,INV-006753,2025-03-09,4066.95,ACH
PAY-0006845,INV-006754,2025-11-29,10342.86,ACH
PAY-0006846,INV-006755,2024-03-19,6306.35,ACH
PAY-0006847,INV-006756,2024-08-30,4465.04,ACH
PAY-0006848,INV-006757,2025-04-22,3097.99,Wire
PAY-0006849,INV-006757,2025-05-07,3574.6,ACH
PAY-0006850,INV-006758,2025-03-02,8839.08,Wire
PAY-0006851,INV-006759,2026-02-20,8637.8,ACH
PAY-0006852,INV-006760,2025-03-16,5840.16,ACH
PAY-0006853,INV-006761,2025-04-16,5022.78,ACH
PAY-0006854,INV-006762,2025-02-08,4560.85,ACH
PAY-0006855,INV-006763,2024-04-30,5641.4,Wire
PAY-0006856,INV-006764,2024-03-06,7468.09,ACH
PAY-0006857,INV-006765,2026-02-27,2720.11,ACH
PAY-0006858,INV-006766,2026-01-14,3071.06,Check
PAY-0006859,INV-006767,2024-08-14,10403.51,Wire
PAY-0006860,INV-006768,2024-09-07,2379.07,Wire
PAY-0006861,INV-006769,2025-10-14,2718.71,Check
PAY-0006862,INV-006770,2025-02-26,6291.86,ACH
PAY-0006863,INV-006771,2025-05-29,9409.87,ACH
PAY-0006864,INV-006772,2025-06-07,3115.0,ACH
PAY-0006865,INV-006773,2025-12-10,4019.1,ACH
PAY-0006866,INV-006774,2024-12-27,3031.1,Wire
PAY-0006867,INV-006775,2024-11-08,3382.43,Check
PAY-0006868,INV-006776,2024-06-14,11194.64,Wire
PAY-0006869,INV-006777,2025-04-29,8473.91,Wire
PAY-0006870,INV-006778,2025-11-09,2776.4,ACH
PAY-0006871,INV-006780,2025-04-18,732.86,ACH
PAY-0006872,INV-006780,2025-05-02,1002.59,Check
PAY-0006873,INV-006781,2025-06-29,5068.87,ACH
PAY-0006874,INV-006782,2025-04-14,7385.35,ACH
PAY-0006875,INV-006783,2025-09-07,7151.46,ACH
PAY-0006876,INV-006784,2025-04-08,8445.2,ACH
PAY-0006877,INV-006785,2025-05-25,10855.88,ACH
PAY-0006878,INV-006786,2026-01-24,4255.53,ACH
PAY-0006879,INV-006787,2024-10-04,9475.97,ACH
PAY-0006880,INV-006788,2025-07-09,2803.17,ACH
PAY-0006881,INV-006789,2025-07-30,8703.1,ACH
PAY-0006882,INV-006790,2025-12-02,10531.73,Wire
PAY-0006883,INV-006791,2024-07-27,3332.19,ACH
PAY-0006884,INV-006792,2025-02-15,2473.15,Wire
PAY-0006885,INV-006793,2025-03-08,3264.02,Wire
PAY-0006886,INV-006794,2024-04-28,7552.48,ACH
PAY-0006887,INV-006795,2024-11-30,7761.34,ACH
PAY-0006888,INV-006796,2025-11-16,10770.67,Wire
PAY-0006889,INV-006797,2024-08-05,5001.87,ACH
PAY-0006890,INV-006798,2024-07-09,9191.57,ACH
PAY-0006891,INV-006800,2025-06-25,7168.43,ACH
PAY-0006892,INV-006801,2024-07-21,10800.74,ACH
PAY-0006893,INV-006802,2025-04-08,9188.58,Wire
PAY-0006894,INV-006803,2025-12-30,7873.88,ACH
PAY-0006895,INV-006804,2024-07-11,11561.73,ACH
PAY-0006896,INV-006805,2024-12-22,1792.6,ACH
PAY-0006897,INV-006805,2025-01-15,1365.05,ACH
PAY-0006898,INV-006806,2025-10-25,6062.29,ACH
PAY-0006899,INV-006807,2024-04-07,7471.97,ACH
PAY-0006900,INV-006809,2025-12-10,7817.78,ACH
PAY-0006901,INV-006810,2024-04-19,10886.06,Wire
PAY-0006902,INV-006811,2024-10-17,11350.68,Check
PAY-0006903,INV-006812,2024-05-12,10953.18,ACH
PAY-0006904,INV-006813,2024-11-25,11751.25,Check
PAY-0006905,INV-006814,2025-09-27,5148.21,Wire
PAY-0006906,INV-006815,2025-11-30,9004.91,ACH
PAY-0006907,INV-006816,2024-03-16,3387.09,ACH
PAY-0006908,INV-006817,2025-12-29,8078.69,Check
PAY-0006909,INV-006818,2025-01-16,6156.33,Wire
PAY-0006910,INV-006819,2024-12-09,10478.31,ACH
PAY-0006911,INV-006820,2025-12-09,6535.75,ACH
PAY-0006912,INV-006821,2024-08-08,1758.46,Check
PAY-0006913,INV-006822,2025-06-09,9581.66,Check
PAY-0006914,INV-006823,2024-12-16,7025.63,ACH
PAY-0006915,INV-006824,2026-01-22,1866.96,Check
PAY-0006916,INV-006825,2025-10-02,8516.32,ACH
PAY-0006917,INV-006826,2025-08-11,2397.27,Wire
PAY-0006918,INV-006827,2024-04-21,9043.75,Wire
PAY-0006919,INV-006828,2026-01-13,3435.5,Wire
PAY-0006920,INV-006829,2025-03-25,2340.65,ACH
PAY-0006921,INV-006830,2025-07-05,6318.63,ACH
PAY-0006922,INV-006831,2024-09-23,3279.24,ACH
PAY-0006923,INV-006831,2024-10-15,4871.93,ACH
PAY-0006924,INV-006832,2025-12-21,2620.65,Check
PAY-0006925,INV-006833,2024-03-26,4810.85,ACH
PAY-0006926,INV-006835,2024-08-16,5992.72,ACH
PAY-0006927,INV-006835,2024-09-01,4872.43,ACH
PAY-0006928,INV-006836,2025-12-17,8793.8,ACH
PAY-0006929,INV-006837,2025-09-18,6370.17,Check
PAY-0006930,INV-006838,2025-03-02,10298.38,ACH
PAY-0006931,INV-006839,2024-07-07,10119.06,ACH
PAY-0006932,INV-006840,2024-08-14,9040.52,Wire
PAY-0006933,INV-006841,2025-08-23,11158.15,ACH
PAY-0006934,INV-006842,2024-11-01,3727.31,ACH
PAY-0006935,INV-006842,2024-11-14,3974.09,Wire
PAY-0006936,INV-006843,2025-04-03,3839.48,ACH
PAY-0006937,INV-006845,2025-02-13,8351.69,Wire
PAY-0006938,INV-006846,2024-04-08,4546.78,Check
PAY-0006939,INV-006847,2024-05-28,9569.76,ACH
PAY-0006940,INV-006848,2025-03-22,4241.35,ACH
PAY-0006941,INV-006849,2024-04-29,2442.24,ACH
PAY-0006942,INV-006850,2025-11-23,2592.68,ACH
PAY-0006943,INV-006851,2025-01-11,3818.21,ACH
PAY-0006944,INV-006853,2024-07-27,5657.5,Wire
PAY-0006945,INV-006854,2024-06-16,8918.71,Wire
PAY-0006946,INV-006855,2025-12-12,2215.63,ACH
PAY-0006947,INV-006856,2024-05-26,5073.94,ACH
PAY-0006948,INV-006857,2024-08-28,10938.88,Wire
PAY-0006949,INV-006858,2025-09-29,10009.16,Wire
PAY-0006950,INV-006859,2025-09-22,7111.95,ACH
PAY-0006951,INV-006860,2024-11-06,7701.0,ACH
PAY-0006952,INV-006861,2025-10-27,5136.88,ACH
PAY-0006953,INV-006862,2025-05-16,5009.38,ACH
PAY-0006954,INV-006863,2025-10-10,6590.4,ACH
PAY-0006955,INV-006864,2024-03-04,1919.3,ACH
PAY-0006956,INV-006865,2026-01-09,10247.86,Wire
PAY-0006957,INV-006866,2024-02-07,5973.01,Check
PAY-0006958,INV-006867,2026-01-18,2834.68,ACH
PAY-0006959,INV-006869,2025-06-22,5667.79,ACH
PAY-0006960,INV-006870,2025-06-20,3422.96,ACH
PAY-0006961,INV-006871,2025-03-15,5160.68,ACH
PAY-0006962,INV-006871,2025-04-07,6818.83,ACH
PAY-0006963,INV-006872,2024-02-02,9551.36,Wire
PAY-0006964,INV-006873,2024-06-10,7099.29,ACH
PAY-0006965,INV-006875,2024-07-16,3935.55,Check
PAY-0006966,INV-006875,2024-07-29,2817.32,ACH
PAY-0006967,INV-006876,2024-04-13,9765.67,ACH
PAY-0006968,INV-006877,2024-12-28,2852.66,ACH
PAY-0006969,INV-006878,2024-02-01,2375.56,Wire
PAY-0006970,INV-006879,2024-12-05,2224.32,Check
PAY-0006971,INV-006880,2025-02-02,2968.78,ACH
PAY-0006972,INV-006881,2025-12-17,9471.43,ACH
PAY-0006973,INV-006882,2024-07-19,3717.15,ACH
PAY-0006974,INV-006883,2024-10-31,11265.93,Wire
PAY-0006975,INV-006885,2024-03-28,10605.51,Wire
PAY-0006976,INV-006886,2025-06-19,3335.96,Check
PAY-0006977,INV-006887,2024-06-24,9700.36,ACH
PAY-0006978,INV-006888,2025-03-21,3619.04,Wire
PAY-0006979,INV-006889,2024-02-20,6073.09,ACH
PAY-0006980,INV-006890,2025-12-17,6550.02,Wire
PAY-0006981,INV-006891,2026-01-02,6488.21,Check
PAY-0006982,INV-006892,2025-05-04,9370.76,ACH
PAY-0006983,INV-006893,2025-01-13,2222.11,ACH
PAY-0006984,INV-006894,2025-12-07,11723.48,ACH
PAY-0006985,INV-006895,2024-05-27,10489.99,Wire
PAY-0006986,INV-006896,2024-12-12,2740.26,ACH
PAY-0006987,INV-006897,2025-08-16,7039.85,ACH
PAY-0006988,INV-006898,2024-09-08,3139.83,ACH
PAY-0006989,INV-006899,2024-07-30,2139.72,Wire
PAY-0006990,INV-006900,2026-02-20,3669.63,ACH
PAY-0006991,INV-006901,2025-08-04,7396.02,Check
PAY-0006992,INV-006902,2024-10-31,7868.75,ACH
PAY-0006993,INV-006904,2024-03-06,9072.45,ACH
PAY-0006994,INV-006905,2025-05-18,2983.95,Wire
PAY-0006995,INV-006906,2024-06-26,10992.56,ACH
PAY-0006996,INV-006907,2025-01-16,2081.66,ACH
PAY-0006997,INV-006908,2024-06-11,7313.02,ACH
PAY-0006998,INV-006909,2024-02-13,3842.75,ACH
PAY-0006999,INV-006909,2024-03-05,3764.1,ACH
PAY-0007000,INV-006910,2026-01-27,11471.68,Wire
PAY-0007001,INV-006911,2026-01-26,7391.91,ACH
PAY-0007002,INV-006912,2025-12-22,6704.31,ACH
PAY-0007003,INV-006913,2025-06-10,9544.17,ACH
PAY-0007004,INV-006915,2026-02-15,2443.27,ACH
PAY-0007005,INV-006916,2025-10-14,5211.45,Wire
PAY-0007006,INV-006917,2024-07-26,6107.32,Wire
PAY-0007007,INV-006918,2024-07-07,9134.09,ACH
PAY-0007008,INV-006919,2024-05-05,8087.07,ACH
PAY-0007009,INV-006920,2024-09-14,5637.47,ACH
PAY-0007010,INV-006921,2025-05-20,10811.44,ACH
PAY-0007011,INV-006922,2025-12-12,5752.39,ACH
PAY-0007012,INV-006922,2025-12-25,4073.95,ACH
PAY-0007013,INV-006923,2024-03-03,4838.03,Wire
PAY-0007014,INV-006924,2025-06-03,1747.58,Wire
PAY-0007015,INV-006925,2024-07-30,7910.59,ACH
PAY-0007016,INV-006926,2025-08-27,8319.91,ACH
PAY-0007017,INV-006927,2025-10-12,6136.98,ACH
PAY-0007018,INV-006928,2025-06-07,2967.19,ACH
PAY-0007019,INV-006929,2025-12-04,10735.87,ACH
PAY-0007020,INV-006930,2025-08-27,10726.85,ACH
PAY-0007021,INV-006931,2024-10-31,6004.85,Wire
PAY-0007022,INV-006932,2024-07-19,4773.06,ACH
PAY-0007023,INV-006933,2025-04-29,2517.96,ACH
PAY-0007024,INV-006934,2024-12-18,4647.08,Wire
PAY-0007025,INV-006934,2024-12-31,6017.08,Check
PAY-0007026,INV-006935,2025-08-24,7402.04,ACH
PAY-0007027,INV-006936,2024-04-21,4696.19,ACH
PAY-0007028,INV-006937,2024-12-03,6591.71,ACH
PAY-0007029,INV-006938,2025-10-05,1082.72,Wire
PAY-0007030,INV-006938,2025-10-17,1599.03,Check
PAY-0007031,INV-006939,2024-06-23,5971.91,Wire
PAY-0007032,INV-006940,2025-09-26,4841.11,ACH
PAY-0007033,INV-006941,2024-10-31,3659.01,ACH
PAY-0007034,INV-006942,2025-12-26,9208.67,ACH
PAY-0007035,INV-006943,2024-11-24,11463.26,Wire
PAY-0007036,INV-006944,2024-09-21,9126.84,Check
PAY-0007037,INV-006945,2024-08-27,3843.3,Wire
PAY-0007038,INV-006946,2025-11-15,1818.08,ACH
PAY-0007039,INV-006947,2025-12-28,3008.43,ACH
PAY-0007040,INV-006948,2024-02-17,2174.73,ACH
PAY-0007041,INV-006949,2024-12-04,1952.33,ACH
PAY-0007042,INV-006950,2024-04-19,1260.87,ACH
PAY-0007043,INV-006950,2024-04-30,1051.96,ACH
PAY-0007044,INV-006951,2025-01-27,1061.59,ACH
PAY-0007045,INV-006952,2025-07-27,875.03,Wire
PAY-0007046,INV-006953,2025-06-17,844.9,ACH
PAY-0007047,INV-006953,2025-07-09,923.34,ACH
PAY-0007048,INV-006954,2025-04-06,3377.23,ACH
PAY-0007049,INV-006955,2025-12-14,881.53,ACH
PAY-0007050,INV-006957,2025-08-30,3938.93,ACH
PAY-0007051,INV-006958,2025-03-13,1878.73,Wire
PAY-0007052,INV-006960,2024-10-09,3505.49,ACH
PAY-0007053,INV-006961,2024-06-02,3607.39,Wire
PAY-0007054,INV-006962,2024-12-30,1666.08,ACH
PAY-0007055,INV-006963,2024-02-29,519.51,Check
PAY-0007056,INV-006963,2024-03-11,456.94,ACH
PAY-0007057,INV-006964,2025-08-14,3272.93,Check
PAY-0007058,INV-006965,2025-12-22,2549.01,ACH
PAY-0007059,INV-006966,2024-06-18,1386.62,ACH
PAY-0007060,INV-006967,2025-12-22,1070.3,Wire
PAY-0007061,INV-006967,2026-01-05,888.91,Wire
PAY-0007062,INV-006968,2024-11-19,3893.53,ACH
PAY-0007063,INV-006969,2024-07-19,3101.32,Wire
PAY-0007064,INV-006970,2026-02-11,2575.89,ACH
PAY-0007065,INV-006971,2026-01-05,3867.7,Check
PAY-0007066,INV-006972,2024-07-16,1501.57,ACH
PAY-0007067,INV-006973,2025-12-12,1989.54,ACH
PAY-0007068,INV-006974,2024-09-06,1814.39,ACH
PAY-0007069,INV-006975,2026-02-19,3930.03,ACH
PAY-0007070,INV-006976,2024-11-24,5695.95,ACH
PAY-0007071,INV-006977,2024-10-13,3694.17,Wire
PAY-0007072,INV-006978,2024-08-19,4481.34,Check
PAY-0007073,INV-006980,2024-09-14,4863.47,Check
PAY-0007074,INV-006981,2024-06-11,8732.26,ACH
PAY-0007075,INV-006982,2024-05-12,5497.59,ACH
PAY-0007076,INV-006983,2024-04-16,11344.52,ACH
PAY-0007077,INV-006984,2024-02-11,9619.66,ACH
PAY-0007078,INV-006985,2024-10-06,9267.4,Wire
PAY-0007079,INV-006986,2025-12-25,11278.31,Wire
PAY-0007080,INV-006987,2024-05-10,10142.7,ACH
PAY-0007081,INV-006988,2024-10-18,8221.02,ACH
PAY-0007082,INV-006989,2025-03-04,7521.7,ACH
PAY-0007083,INV-006990,2025-12-16,2140.1,ACH
PAY-0007084,INV-006991,2025-03-16,3627.89,ACH
PAY-0007085,INV-006992,2025-11-04,3096.34,Wire
PAY-0007086,INV-006993,2024-09-20,4355.47,Check
PAY-0007087,INV-006993,2024-10-08,4426.02,ACH
PAY-0007088,INV-006994,2024-09-14,3155.57,ACH
PAY-0007089,INV-006995,2026-01-26,11069.19,ACH
PAY-0007090,INV-006996,2025-02-13,10436.98,ACH
PAY-0007091,INV-006997,2025-08-12,4422.72,ACH
PAY-0007092,INV-006997,2025-09-03,2991.03,Wire
PAY-0007093,INV-006998,2025-02-15,8447.09,Wire
PAY-0007094,INV-007000,2025-06-22,3674.49,ACH
PAY-0007095,INV-007001,2025-09-18,1631.19,ACH
PAY-0007096,INV-007002,2026-02-17,6357.31,ACH
PAY-0007097,INV-007004,2024-02-29,1689.92,Wire
PAY-0007098,INV-007005,2024-10-26,8474.89,Wire
PAY-0007099,INV-007006,2026-02-04,1775.57,ACH
PAY-0007100,INV-007007,2025-12-02,7128.71,ACH
PAY-0007101,INV-007008,2025-02-07,5558.71,Check
PAY-0007102,INV-007008,2025-03-02,6128.76,ACH
PAY-0007103,INV-007009,2025-01-14,8259.73,Wire
PAY-0007104,INV-007010,2024-06-26,5536.3,ACH
PAY-0007105,INV-007011,2024-03-13,3909.98,ACH
PAY-0007106,INV-007012,2025-12-07,8177.6,ACH
PAY-0007107,INV-007013,2024-07-03,2770.47,ACH
PAY-0007108,INV-007014,2025-06-01,3299.05,ACH
PAY-0007109,INV-007015,2024-05-23,11808.93,ACH
PAY-0007110,INV-007017,2025-03-28,9317.43,Wire
PAY-0007111,INV-007018,2026-01-03,8384.01,ACH
PAY-0007112,INV-007019,2024-12-21,11103.33,ACH
PAY-0007113,INV-007020,2025-08-30,2927.38,ACH
PAY-0007114,INV-007021,2024-09-10,7013.82,ACH
PAY-0007115,INV-007022,2024-10-18,5941.51,ACH
PAY-0007116,INV-007023,2024-12-14,2384.94,ACH
PAY-0007117,INV-007024,2024-11-06,2573.25,Wire
PAY-0007118,INV-007025,2026-01-06,1526.09,ACH
PAY-0007119,INV-007026,2025-05-24,5215.65,Wire
PAY-0007120,INV-007027,2024-06-27,9778.81,ACH
PAY-0007121,INV-007028,2025-09-19,5289.38,ACH
PAY-0007122,INV-007029,2025-06-03,1121.11,ACH
PAY-0007123,INV-007029,2025-06-24,1211.63,Wire
PAY-0007124,INV-007030,2024-05-16,11008.06,ACH
PAY-0007125,INV-007031,2024-10-24,5369.29,Check
PAY-0007126,INV-007032,2024-09-11,10853.14,Check
PAY-0007127,INV-007033,2025-05-29,9937.73,ACH
PAY-0007128,INV-007034,2024-03-18,2802.1,ACH
PAY-0007129,INV-007035,2024-10-05,4784.41,Check
PAY-0007130,INV-007036,2025-03-18,3638.87,Wire
PAY-0007131,INV-007037,2024-04-29,8913.97,ACH
PAY-0007132,INV-007038,2024-04-04,4492.51,ACH
PAY-0007133,INV-007039,2026-01-14,4765.85,ACH
PAY-0007134,INV-007040,2024-06-05,10380.32,ACH
PAY-0007135,INV-007041,2025-12-26,2944.38,ACH
PAY-0007136,INV-007041,2026-01-10,2873.35,ACH
PAY-0007137,INV-007042,2024-10-08,7938.36,ACH
PAY-0007138,INV-007043,2025-05-19,7353.38,ACH
PAY-0007139,INV-007044,2025-05-03,7159.47,ACH
PAY-0007140,INV-007045,2024-09-12,8924.26,ACH
PAY-0007141,INV-007046,2024-06-09,7134.62,ACH
PAY-0007142,INV-007047,2025-09-22,4476.78,Wire
PAY-0007143,INV-007047,2025-10-02,4326.0,Wire
PAY-0007144,INV-007048,2025-09-22,8335.5,Wire
PAY-0007145,INV-007049,2025-03-27,5176.47,ACH
PAY-0007146,INV-007050,2025-09-23,2153.51,ACH
PAY-0007147,INV-007051,2024-02-16,8413.68,Check
PAY-0007148,INV-007052,2025-12-26,8155.61,Wire
PAY-0007149,INV-007053,2024-06-22,1674.35,ACH
PAY-0007150,INV-007054,2025-05-11,3492.14,ACH
PAY-0007151,INV-007055,2025-08-21,8009.8,Check
PAY-0007152,INV-007056,2025-11-03,6824.99,ACH
PAY-0007153,INV-007057,2024-10-21,1900.35,ACH
PAY-0007154,INV-007058,2025-09-01,6403.6,ACH
PAY-0007155,INV-007059,2025-03-10,4085.1,ACH
PAY-0007156,INV-007060,2025-09-20,10580.93,ACH
PAY-0007157,INV-007061,2026-01-29,8110.33,ACH
PAY-0007158,INV-007062,2025-04-05,11574.29,ACH
PAY-0007159,INV-007064,2025-07-18,10554.66,Check
PAY-0007160,INV-007065,2025-05-21,10893.11,ACH
PAY-0007161,INV-007066,2024-12-06,7808.73,ACH
PAY-0007162,INV-007067,2025-09-23,11726.74,ACH
PAY-0007163,INV-007068,2024-09-08,6762.38,ACH
PAY-0007164,INV-007070,2024-06-12,9396.7,ACH
PAY-0007165,INV-007071,2025-02-12,4029.38,ACH
PAY-0007166,INV-007071,2025-02-27,3836.18,ACH
PAY-0007167,INV-007072,2025-06-20,3111.51,ACH
PAY-0007168,INV-007074,2025-09-20,5191.59,ACH
PAY-0007169,INV-007075,2025-08-06,7004.63,ACH
PAY-0007170,INV-007076,2025-10-08,7445.92,ACH
PAY-0007171,INV-007077,2024-07-02,6534.22,Check
PAY-0007172,INV-007078,2025-11-07,10768.17,ACH
PAY-0007173,INV-007079,2026-01-21,11553.47,Check
PAY-0007174,INV-007080,2024-10-22,9620.71,Wire
PAY-0007175,INV-007081,2025-09-01,9871.81,ACH
PAY-0007176,INV-007082,2025-11-06,8095.33,ACH
PAY-0007177,INV-007083,2025-11-04,6259.57,Check
PAY-0007178,INV-007084,2025-04-05,6211.76,Wire
PAY-0007179,INV-007085,2025-04-07,10577.52,Wire
PAY-0007180,INV-007086,2025-08-14,5593.41,ACH
PAY-0007181,INV-007086,2025-09-01,4381.39,ACH
PAY-0007182,INV-007087,2024-11-25,5898.56,ACH
PAY-0007183,INV-007088,2025-04-14,4721.77,ACH
PAY-0007184,INV-007089,2025-07-16,1600.34,ACH
PAY-0007185,INV-007090,2025-05-25,9174.11,ACH
PAY-0007186,INV-007091,2024-05-05,7668.92,ACH
PAY-0007187,INV-007092,2026-01-27,6647.31,Wire
PAY-0007188,INV-007093,2024-09-13,4117.8,ACH
PAY-0007189,INV-007093,2024-09-25,3943.05,ACH
PAY-0007190,INV-007094,2025-02-18,3502.8,Wire
PAY-0007191,INV-007094,2025-03-11,3474.78,Wire
PAY-0007192,INV-007095,2024-09-22,4192.42,Check
PAY-0007193,INV-007096,2025-03-16,8400.59,Check
PAY-0007194,INV-007097,2025-06-29,4508.32,ACH
PAY-0007195,INV-007097,2025-07-16,5754.37,Check
PAY-0007196,INV-007098,2025-03-22,6155.64,ACH
PAY-0007197,INV-007099,2025-09-27,11828.37,ACH
PAY-0007198,INV-007100,2025-12-04,9130.74,Wire
PAY-0007199,INV-007101,2025-04-15,4238.5,Wire
PAY-0007200,INV-007101,2025-04-30,5577.55,ACH
PAY-0007201,INV-007102,2025-03-22,11029.57,ACH
PAY-0007202,INV-007103,2025-01-20,9886.13,Wire
PAY-0007203,INV-007104,2024-06-26,7562.83,Wire
PAY-0007204,INV-007105,2024-08-14,1623.44,ACH
PAY-0007205,INV-007106,2025-12-23,2033.99,ACH
PAY-0007206,INV-007107,2024-04-22,4936.4,ACH
PAY-0007207,INV-007108,2024-12-04,10003.31,Wire
PAY-0007208,INV-007109,2025-02-06,2905.59,ACH
PAY-0007209,INV-007110,2025-06-28,5879.1,ACH
PAY-0007210,INV-007111,2025-05-05,9118.45,ACH
PAY-0007211,INV-007112,2025-08-12,7264.57,ACH
PAY-0007212,INV-007113,2025-12-13,8676.27,Wire
PAY-0007213,INV-007114,2024-10-07,1908.34,Wire
PAY-0007214,INV-007114,2024-10-25,1860.88,Wire
PAY-0007215,INV-007115,2025-06-11,8120.58,Wire
PAY-0007216,INV-007116,2024-04-15,8719.31,Wire
PAY-0007217,INV-007117,2024-10-30,2771.35,Wire
PAY-0007218,INV-007118,2024-02-18,8309.8,ACH
PAY-0007219,INV-007119,2024-09-07,4129.55,ACH
PAY-0007220,INV-007119,2024-09-18,5706.58,ACH
PAY-0007221,INV-007120,2024-11-17,9477.71,Wire
PAY-0007222,INV-007121,2025-05-09,10058.79,ACH
PAY-0007223,INV-007122,2025-09-26,2205.92,ACH
PAY-0007224,INV-007123,2024-12-17,9060.35,ACH
PAY-0007225,INV-007124,2025-04-23,8603.65,ACH
PAY-0007226,INV-007125,2024-09-29,5673.71,Check
PAY-0007227,INV-007125,2024-10-20,8306.84,Wire
PAY-0007228,INV-007126,2024-06-03,5489.78,Wire
PAY-0007229,INV-007127,2024-10-28,10375.29,ACH
PAY-0007230,INV-007127,2024-11-09,13452.39,ACH
PAY-0007231,INV-007128,2025-05-18,16104.72,Wire
PAY-0007232,INV-007129,2024-08-20,14279.5,ACH
PAY-0007233,INV-007130,2025-01-31,31342.36,Check
PAY-0007234,INV-007131,2025-12-04,5239.58,ACH
PAY-0007235,INV-007133,2025-03-02,8703.46,ACH
PAY-0007236,INV-007133,2025-03-25,11800.84,ACH
PAY-0007237,INV-007134,2025-08-01,13940.14,ACH
PAY-0007238,INV-007135,2024-03-21,5677.77,ACH
PAY-0007239,INV-007135,2024-04-07,5571.24,Check
PAY-0007240,INV-007136,2024-07-24,23145.69,ACH
PAY-0007241,INV-007137,2024-09-06,13478.06,ACH
PAY-0007242,INV-007138,2025-09-22,24859.54,ACH
PAY-0007243,INV-007139,2026-01-27,9882.9,ACH
PAY-0007244,INV-007141,2024-10-10,12457.25,ACH
PAY-0007245,INV-007142,2024-11-21,5606.99,Check
PAY-0007246,INV-007143,2026-01-13,23217.04,ACH
PAY-0007247,INV-007144,2024-12-10,7197.52,ACH
PAY-0007248,INV-007145,2025-07-05,5219.51,Wire
PAY-0007249,INV-007145,2025-07-27,4619.62,Check
PAY-0007250,INV-007146,2025-07-25,9715.49,ACH
PAY-0007251,INV-007147,2025-09-20,18943.46,ACH
PAY-0007252,INV-007148,2024-04-21,23492.48,Check
PAY-0007253,INV-007150,2025-02-03,29111.95,ACH
PAY-0007254,INV-007151,2025-07-18,15957.5,Wire
PAY-0007255,INV-007152,2024-03-10,19001.94,ACH
PAY-0007256,INV-007153,2025-10-03,18273.81,Wire
PAY-0007257,INV-007154,2025-08-26,14616.61,ACH
PAY-0007258,INV-007154,2025-09-07,17260.79,Check
PAY-0007259,INV-007160,2025-01-22,31117.39,ACH
PAY-0007260,INV-007161,2024-08-07,10739.35,ACH
PAY-0007261,INV-007161,2024-08-30,10244.44,ACH
PAY-0007262,INV-007162,2025-08-08,22388.81,ACH
PAY-0007263,INV-007163,2025-12-09,31197.91,Check
PAY-0007264,INV-007164,2024-09-08,28243.71,Wire
PAY-0007265,INV-007165,2024-07-11,18232.39,ACH
PAY-0007266,INV-007167,2025-05-01,12107.58,Wire
PAY-0007267,INV-007168,2024-03-14,18054.2,ACH
PAY-0007268,INV-007169,2025-09-01,15467.29,ACH
PAY-0007269,INV-007170,2025-12-31,30918.93,ACH
PAY-0007270,INV-007171,2025-08-24,5256.73,ACH
PAY-0007271,INV-007172,2024-09-18,7046.73,ACH
PAY-0007272,INV-007173,2025-04-03,28936.18,ACH
PAY-0007273,INV-007174,2026-01-25,17061.52,ACH
PAY-0007274,INV-007176,2024-12-16,5651.5,Check
PAY-0007275,INV-007177,2025-12-09,30169.87,ACH
PAY-0007276,INV-007178,2025-01-26,22696.59,Check
PAY-0007277,INV-007180,2025-05-04,25276.28,ACH
PAY-0007278,INV-007181,2025-10-11,6095.55,Wire
PAY-0007279,INV-007182,2024-11-30,18902.44,ACH
PAY-0007280,INV-007183,2025-03-12,30056.59,Wire
PAY-0007281,INV-007184,2024-05-05,6137.7,ACH
PAY-0007282,INV-007185,2025-09-18,25135.97,Wire
PAY-0007283,INV-007186,2024-10-12,14701.39,ACH
PAY-0007284,INV-007187,2025-05-08,14884.24,ACH
PAY-0007285,INV-007188,2024-11-19,25682.12,ACH
PAY-0007286,INV-007189,2025-09-14,24432.27,ACH
PAY-0007287,INV-007190,2025-09-20,20123.57,ACH
PAY-0007288,INV-007191,2024-08-09,28124.45,ACH
PAY-0007289,INV-007192,2024-04-01,5266.02,ACH
PAY-0007290,INV-007194,2024-09-14,27424.79,ACH
PAY-0007291,INV-007195,2025-03-05,3203.47,Wire
PAY-0007292,INV-007195,2025-03-26,3853.39,ACH
PAY-0007293,INV-007196,2026-02-17,31365.55,ACH
PAY-0007294,INV-007197,2025-04-05,18464.03,Wire
PAY-0007295,INV-007198,2025-10-13,5116.52,ACH
PAY-0007296,INV-007198,2025-10-31,5253.63,ACH
PAY-0007297,INV-007199,2024-03-27,21589.42,ACH
PAY-0007298,INV-007200,2025-08-19,27465.85,ACH
PAY-0007299,INV-007201,2024-06-02,7878.23,ACH
PAY-0007300,INV-007202,2025-03-25,12289.19,ACH
PAY-0007301,INV-007202,2025-04-17,17235.94,ACH
PAY-0007302,INV-007203,2026-02-25,31356.67,Wire
PAY-0007303,INV-007204,2024-08-28,26481.1,ACH
PAY-0007304,INV-007205,2026-02-17,26718.69,Wire
PAY-0007305,INV-007206,2025-11-29,11422.54,ACH
PAY-0007306,INV-007207,2024-07-14,15305.87,Wire
PAY-0007307,INV-007208,2025-11-16,22305.54,ACH
PAY-0007308,INV-007209,2025-10-03,27110.8,ACH
PAY-0007309,INV-007210,2024-08-26,31517.01,ACH
PAY-0007310,INV-007211,2025-11-08,25420.91,ACH
PAY-0007311,INV-007212,2024-07-10,18787.32,Check
PAY-0007312,INV-007213,2024-04-14,7132.25,Wire
PAY-0007313,INV-007213,2024-05-02,7750.06,ACH
PAY-0007314,INV-007214,2024-03-01,8110.55,ACH
PAY-0007315,INV-007215,2024-05-05,20791.16,ACH
PAY-0007316,INV-007216,2025-07-25,15934.24,ACH
PAY-0007317,INV-007217,2025-04-10,14459.13,ACH
PAY-0007318,INV-007218,2024-05-03,7895.62,ACH
PAY-0007319,INV-007219,2025-06-11,30302.73,ACH
PAY-0007320,INV-007220,2025-05-27,7529.71,ACH
PAY-0007321,INV-007221,2025-10-19,25935.19,Wire
PAY-0007322,INV-007222,2025-01-19,5517.71,Wire
PAY-0007323,INV-007223,2024-04-08,20468.49,Wire
PAY-0007324,INV-007224,2024-10-02,12459.76,ACH
PAY-0007325,INV-007226,2025-03-29,10718.87,Wire
PAY-0007326,INV-007227,2025-12-13,7149.06,Wire
PAY-0007327,INV-007228,2025-02-15,13080.53,Check
PAY-0007328,INV-007229,2024-08-10,3650.95,ACH
PAY-0007329,INV-007229,2024-08-31,3912.82,ACH
PAY-0007330,INV-007231,2024-10-07,25509.37,ACH
PAY-0007331,INV-007232,2024-05-18,31656.74,ACH
PAY-0007332,INV-007233,2025-07-19,17354.07,ACH
PAY-0007333,INV-007233,2025-08-12,13458.86,Wire
PAY-0007334,INV-007234,2024-12-14,9107.22,ACH
PAY-0007335,INV-007235,2026-01-16,8741.55,Wire
PAY-0007336,INV-007236,2025-03-23,30627.6,Wire
PAY-0007337,INV-007237,2025-05-30,19314.17,ACH
PAY-0007338,INV-007238,2025-12-06,14048.84,ACH
PAY-0007339,INV-007239,2025-10-18,22284.31,ACH
PAY-0007340,INV-007241,2025-04-19,29287.19,ACH
PAY-0007341,INV-007242,2026-02-02,29563.78,ACH
PAY-0007342,INV-007243,2025-02-01,11227.34,Wire
PAY-0007343,INV-007244,2025-03-07,17214.24,ACH
PAY-0007344,INV-007245,2025-08-06,20070.35,Wire
PAY-0007345,INV-007246,2025-05-06,7808.28,Check
PAY-0007346,INV-007247,2024-08-02,9513.57,ACH
PAY-0007347,INV-007248,2025-07-10,21557.62,ACH
PAY-0007348,INV-007249,2025-11-26,28902.7,ACH
PAY-0007349,INV-007250,2024-07-24,10755.91,Check
PAY-0007350,INV-007251,2025-11-21,5030.43,Wire
PAY-0007351,INV-007251,2025-12-05,6789.93,ACH
PAY-0007352,INV-007252,2025-05-17,8758.65,ACH
PAY-0007353,INV-007253,2024-12-03,11379.4,ACH
PAY-0007354,INV-007253,2024-12-22,9307.33,ACH
PAY-0007355,INV-007254,2025-03-02,15821.14,ACH
PAY-0007356,INV-007254,2025-03-15,15353.31,ACH
PAY-0007357,INV-007255,2024-09-09,9341.93,ACH
PAY-0007358,INV-007255,2024-09-25,12776.48,Check
PAY-0007359,INV-007256,2025-06-15,7429.39,ACH
PAY-0007360,INV-007256,2025-06-25,5168.18,ACH
PAY-0007361,INV-007257,2026-02-18,22749.56,Wire
PAY-0007362,INV-007258,2024-07-06,28906.07,Wire
PAY-0007363,INV-007259,2025-12-04,27035.97,ACH
PAY-0007364,INV-007260,2025-05-18,21806.05,ACH
PAY-0007365,INV-007261,2026-01-17,22676.25,Wire
PAY-0007366,INV-007262,2024-09-24,12363.8,ACH
PAY-0007367,INV-007263,2024-09-09,24601.71,Wire
PAY-0007368,INV-007264,2024-12-22,13893.13,Check
PAY-0007369,INV-007265,2025-03-06,12215.94,ACH
PAY-0007370,INV-007266,2026-01-16,22294.27,Wire
PAY-0007371,INV-007267,2024-06-16,11614.12,ACH
PAY-0007372,INV-007268,2025-04-06,25558.42,Wire
PAY-0007373,INV-007269,2024-05-18,903.65,ACH
PAY-0007374,INV-007271,2025-07-18,3672.44,Check
PAY-0007375,INV-007272,2024-12-24,2737.0,ACH
PAY-0007376,INV-007273,2025-04-05,817.46,Wire
PAY-0007377,INV-007275,2025-12-08,514.57,Wire
PAY-0007378,INV-007276,2025-10-05,1422.78,ACH
PAY-0007379,INV-007276,2025-10-24,1538.98,ACH
PAY-0007380,INV-007277,2025-03-04,2646.65,Wire
PAY-0007381,INV-007278,2024-08-10,1543.28,Check
PAY-0007382,INV-007280,2025-06-05,3483.09,ACH
PAY-0007383,INV-007281,2024-07-25,1865.17,Check
PAY-0007384,INV-007282,2025-06-19,1020.91,Wire
PAY-0007385,INV-007283,2025-12-21,3125.74,ACH
PAY-0007386,INV-007284,2025-10-17,609.5,Wire
PAY-0007387,INV-007284,2025-11-10,889.68,Wire
PAY-0007388,INV-007285,2025-02-20,1159.49,ACH
PAY-0007389,INV-007286,2024-08-11,2701.42,ACH
PAY-0007390,INV-007287,2024-11-18,3541.0,ACH
PAY-0007391,INV-007288,2024-04-01,2751.29,ACH
PAY-0007392,INV-007289,2024-12-09,1405.13,Check
PAY-0007393,INV-007290,2024-06-17,3356.21,ACH
PAY-0007394,INV-007291,2025-11-23,1493.86,Wire
PAY-0007395,INV-007292,2026-01-11,2254.67,Check
PAY-0007396,INV-007293,2025-12-27,3456.84,Check
PAY-0007397,INV-007294,2024-12-28,3551.91,ACH
PAY-0007398,INV-007295,2025-11-18,2283.04,ACH
PAY-0007399,INV-007296,2024-08-03,1311.56,ACH
PAY-0007400,INV-007297,2024-05-21,1201.52,Check
PAY-0007401,INV-007298,2024-10-18,2936.74,ACH
PAY-0007402,INV-007299,2024-06-04,3836.79,Wire
PAY-0007403,INV-007300,2025-03-13,1218.88,Wire
PAY-0007404,INV-007301,2024-06-30,3943.07,ACH
PAY-0007405,INV-007302,2025-02-09,2234.94,Wire
PAY-0007406,INV-007303,2024-03-10,665.57,ACH
PAY-0007407,INV-007304,2025-08-31,2820.0,ACH
PAY-0007408,INV-007305,2025-06-23,3498.14,ACH
PAY-0007409,INV-007306,2025-10-03,3231.52,Check
PAY-0007410,INV-007307,2025-04-14,3921.81,Wire
PAY-0007411,INV-007308,2024-02-26,908.67,Wire
PAY-0007412,INV-007309,2024-08-22,2767.53,ACH
PAY-0007413,INV-007310,2024-05-28,1472.08,ACH
PAY-0007414,INV-007310,2024-06-17,2165.31,Wire
PAY-0007415,INV-007311,2024-02-16,2036.9,ACH
PAY-0007416,INV-007311,2024-03-03,1453.03,ACH
PAY-0007417,INV-007312,2024-02-18,445.1,Wire
PAY-0007418,INV-007312,2024-03-11,479.47,Wire
PAY-0007419,INV-007313,2025-06-14,1055.99,ACH
PAY-0007420,INV-007314,2024-10-20,3288.6,Wire
PAY-0007421,INV-007315,2025-11-28,896.42,Wire
PAY-0007422,INV-007316,2024-04-28,2300.4,ACH
PAY-0007423,INV-007317,2025-06-30,2508.17,ACH
PAY-0007424,INV-007318,2024-06-05,11847.71,ACH
PAY-0007425,INV-007319,2024-08-10,3214.03,ACH
PAY-0007426,INV-007319,2024-08-28,2690.88,Wire
PAY-0007427,INV-007320,2025-06-15,4891.57,ACH
PAY-0007428,INV-007321,2025-07-22,1881.9,ACH
PAY-0007429,INV-007322,2024-05-29,3944.23,Wire
PAY-0007430,INV-007323,2024-05-11,9942.01,Wire
PAY-0007431,INV-007324,2025-12-05,3234.91,Wire
PAY-0007432,INV-007325,2025-08-15,3153.1,Wire
PAY-0007433,INV-007326,2025-04-02,11520.14,Check
PAY-0007434,INV-007327,2024-12-12,1946.75,ACH
PAY-0007435,INV-007328,2025-07-02,6200.82,ACH
PAY-0007436,INV-007329,2024-09-15,9954.45,ACH
PAY-0007437,INV-007330,2024-08-15,1944.13,ACH
PAY-0007438,INV-007331,2025-12-31,9164.4,ACH
PAY-0007439,INV-007332,2024-12-08,7571.85,ACH
PAY-0007440,INV-007333,2025-07-25,8254.19,ACH
PAY-0007441,INV-007334,2024-05-19,3968.46,Wire
PAY-0007442,INV-007335,2024-09-09,9272.83,ACH
PAY-0007443,INV-007336,2025-05-23,1771.33,ACH
PAY-0007444,INV-007336,2025-06-15,1981.24,ACH
PAY-0007445,INV-007337,2025-01-22,9239.16,ACH
PAY-0007446,INV-007338,2025-06-20,11473.13,ACH
PAY-0007447,INV-007339,2024-04-07,6201.78,Wire
PAY-0007448,INV-007340,2024-10-14,10813.0,ACH
PAY-0007449,INV-007341,2024-08-23,10790.32,ACH
PAY-0007450,INV-007342,2024-05-02,1176.27,Wire
PAY-0007451,INV-007342,2024-05-17,1718.35,ACH
PAY-0007452,INV-007343,2024-03-26,2921.07,Check
PAY-0007453,INV-007344,2025-02-19,9792.63,ACH
PAY-0007454,INV-007345,2024-12-03,9666.09,Wire
PAY-0007455,INV-007346,2025-07-10,6607.74,ACH
PAY-0007456,INV-007347,2024-04-05,3970.09,ACH
PAY-0007457,INV-007348,2024-08-13,5260.33,Wire
PAY-0007458,INV-007349,2024-04-24,11106.57,Check
PAY-0007459,INV-007350,2024-09-16,11312.77,ACH
PAY-0007460,INV-007351,2024-09-12,9838.83,ACH
PAY-0007461,INV-007352,2025-05-20,9326.52,Wire
PAY-0007462,INV-007353,2024-02-04,7130.93,ACH
PAY-0007463,INV-007354,2024-07-18,4339.59,ACH
PAY-0007464,INV-007355,2024-06-11,11639.88,ACH
PAY-0007465,INV-007356,2024-03-19,1595.04,ACH
PAY-0007466,INV-007357,2024-08-04,9426.34,Wire
PAY-0007467,INV-007358,2026-01-18,4931.86,ACH
PAY-0007468,INV-007359,2024-09-11,10592.24,ACH
PAY-0007469,INV-007360,2025-08-11,9343.56,ACH
PAY-0007470,INV-007362,2024-03-29,9522.08,ACH
PAY-0007471,INV-007363,2025-07-27,7235.15,ACH
PAY-0007472,INV-007364,2025-03-09,7853.77,Wire
PAY-0007473,INV-007365,2024-09-26,4437.37,ACH
PAY-0007474,INV-007366,2024-04-22,10981.6,ACH
PAY-0007475,INV-007367,2024-08-02,5096.62,ACH
PAY-0007476,INV-007367,2024-08-20,4212.01,Wire
PAY-0007477,INV-007368,2024-11-04,11862.14,ACH
PAY-0007478,INV-007369,2026-01-25,7751.76,ACH
PAY-0007479,INV-007370,2024-06-23,2595.57,ACH
PAY-0007480,INV-007371,2024-07-22,4157.91,ACH
PAY-0007481,INV-007372,2024-12-29,8337.68,Wire
PAY-0007482,INV-007373,2024-12-20,6864.96,Wire
PAY-0007483,INV-007373,2024-12-30,4744.86,Wire
PAY-0007484,INV-007374,2025-08-30,1505.87,ACH
PAY-0007485,INV-007375,2025-12-09,5910.01,Wire
PAY-0007486,INV-007376,2025-03-31,11531.69,Wire
PAY-0007487,INV-007377,2025-03-25,8224.54,ACH
PAY-0007488,INV-007378,2024-06-06,11835.25,ACH
PAY-0007489,INV-007379,2024-10-14,2285.91,ACH
PAY-0007490,INV-007380,2024-09-20,2359.09,ACH
PAY-0007491,INV-007381,2025-10-25,8101.96,ACH
PAY-0007492,INV-007382,2024-09-03,2530.85,ACH
PAY-0007493,INV-007383,2024-07-16,2274.52,ACH
PAY-0007494,INV-007384,2025-04-07,4784.51,Wire
PAY-0007495,INV-007385,2025-12-31,10649.33,ACH
PAY-0007496,INV-007386,2024-07-01,1860.96,Wire
PAY-0007497,INV-007387,2025-04-25,11799.32,Wire
PAY-0007498,INV-007388,2024-05-24,3197.14,ACH
PAY-0007499,INV-007389,2024-03-24,6501.15,Check
PAY-0007500,INV-007390,2024-03-27,2900.61,ACH
PAY-0007501,INV-007391,2026-01-15,11021.01,ACH
PAY-0007502,INV-007392,2024-07-24,10543.24,ACH
PAY-0007503,INV-007393,2024-08-12,9629.81,ACH
PAY-0007504,INV-007394,2025-08-21,9273.17,ACH
PAY-0007505,INV-007395,2024-07-08,11548.49,Wire
PAY-0007506,INV-007396,2025-09-15,4467.79,ACH
PAY-0007507,INV-007397,2025-08-29,11478.83,ACH
PAY-0007508,INV-007398,2024-11-25,9208.89,ACH
PAY-0007509,INV-007399,2025-10-20,2443.32,ACH
PAY-0007510,INV-007399,2025-11-13,2365.77,ACH
PAY-0007511,INV-007400,2025-05-23,4232.04,Check
PAY-0007512,INV-007401,2024-08-13,11063.26,ACH
PAY-0007513,INV-007402,2024-04-26,11720.61,ACH
PAY-0007514,INV-007403,2025-01-02,10178.86,ACH
PAY-0007515,INV-007404,2025-08-08,2357.66,ACH
PAY-0007516,INV-007404,2025-08-30,1656.7,Wire
PAY-0007517,INV-007405,2025-12-28,2360.22,ACH
PAY-0007518,INV-007406,2026-01-01,10752.31,Wire
PAY-0007519,INV-007407,2025-08-18,11489.64,Wire
PAY-0007520,INV-007408,2025-06-26,3999.17,ACH
PAY-0007521,INV-007409,2024-06-03,5453.7,ACH
PAY-0007522,INV-007410,2025-08-06,11678.93,ACH
PAY-0007523,INV-007411,2025-05-24,5126.35,ACH
PAY-0007524,INV-007412,2025-07-20,6237.41,ACH
PAY-0007525,INV-007413,2024-02-28,3982.39,ACH
PAY-0007526,INV-007413,2024-03-12,3802.75,ACH
PAY-0007527,INV-007414,2025-01-28,5827.87,Wire
PAY-0007528,INV-007415,2025-06-28,1539.9,ACH
PAY-0007529,INV-007416,2024-11-03,3284.82,ACH
PAY-0007530,INV-007416,2024-11-15,4502.69,ACH
PAY-0007531,INV-007418,2025-09-24,10370.34,ACH
PAY-0007532,INV-007419,2024-11-06,5774.18,ACH
PAY-0007533,INV-007420,2026-01-26,2218.19,ACH
PAY-0007534,INV-007421,2025-02-10,5348.35,ACH
PAY-0007535,INV-007422,2025-09-10,5249.0,ACH
PAY-0007536,INV-007423,2025-10-21,2368.63,ACH
PAY-0007537,INV-007424,2024-08-12,10751.32,Wire
PAY-0007538,INV-007425,2024-05-06,2052.12,ACH
PAY-0007539,INV-007426,2024-12-22,8732.43,ACH
PAY-0007540,INV-007427,2024-08-17,10725.98,Check
PAY-0007541,INV-007428,2025-03-22,11251.38,Wire
PAY-0007542,INV-007429,2024-07-15,11324.96,Wire
PAY-0007543,INV-007430,2024-11-27,2643.86,ACH
PAY-0007544,INV-007431,2025-11-18,9238.69,Wire
PAY-0007545,INV-007432,2025-04-10,9439.53,Wire
PAY-0007546,INV-007433,2026-01-04,4758.72,ACH
PAY-0007547,INV-007433,2026-01-26,5010.77,ACH
PAY-0007548,INV-007434,2024-09-18,10735.16,ACH
PAY-0007549,INV-007435,2024-09-02,3184.8,ACH
PAY-0007550,INV-007435,2024-09-15,2779.54,ACH
PAY-0007551,INV-007436,2025-01-09,1978.68,Check
PAY-0007552,INV-007437,2025-01-18,1421.41,Wire
PAY-0007553,INV-007437,2025-01-31,2034.73,Wire
PAY-0007554,INV-007438,2025-05-19,9269.01,ACH
PAY-0007555,INV-007439,2025-04-03,8882.54,ACH
PAY-0007556,INV-007440,2024-05-24,6943.55,Wire
PAY-0007557,INV-007441,2024-12-04,4489.99,ACH
PAY-0007558,INV-007442,2024-05-19,3215.47,ACH
PAY-0007559,INV-007443,2024-03-02,2606.26,ACH
PAY-0007560,INV-007444,2024-11-13,2026.89,Wire
PAY-0007561,INV-007444,2024-12-01,1569.14,Wire
PAY-0007562,INV-007445,2024-09-13,6505.62,ACH
PAY-0007563,INV-007446,2025-11-28,2126.97,ACH
PAY-0007564,INV-007447,2025-04-08,9124.18,Check
PAY-0007565,INV-007448,2024-04-18,1825.34,ACH
PAY-0007566,INV-007449,2025-02-03,4829.39,ACH
PAY-0007567,INV-007450,2025-10-18,8616.34,Wire
PAY-0007568,INV-007451,2024-04-29,11852.37,ACH
PAY-0007569,INV-007452,2025-10-01,10450.62,Wire
PAY-0007570,INV-007454,2025-02-03,4189.58,ACH
PAY-0007571,INV-007455,2025-11-20,10945.14,Check
PAY-0007572,INV-007456,2025-10-27,6730.15,Wire
PAY-0007573,INV-007457,2024-07-23,9877.61,ACH
PAY-0007574,INV-007458,2025-09-07,6442.63,ACH
PAY-0007575,INV-007459,2025-09-08,2489.42,Wire
PAY-0007576,INV-007461,2024-05-27,29641.81,ACH
PAY-0007577,INV-007462,2024-09-14,15314.24,ACH
PAY-0007578,INV-007463,2025-02-18,20627.6,Wire
PAY-0007579,INV-007464,2025-01-16,8530.38,ACH
PAY-0007580,INV-007464,2025-02-07,9204.3,Wire
PAY-0007581,INV-007465,2025-08-13,9353.62,Check
PAY-0007582,INV-007465,2025-08-26,11292.51,Wire
PAY-0007583,INV-007466,2026-02-16,13649.17,ACH
PAY-0007584,INV-007467,2024-08-09,12577.19,ACH
PAY-0007585,INV-007468,2024-08-17,14245.93,ACH
PAY-0007586,INV-007468,2024-09-07,13894.07,Check
PAY-0007587,INV-007470,2025-10-11,6755.06,Wire
PAY-0007588,INV-007471,2026-01-20,13759.08,ACH
PAY-0007589,INV-007472,2024-05-31,9843.02,Check
PAY-0007590,INV-007472,2024-06-14,11130.82,ACH
PAY-0007591,INV-007473,2025-01-24,11730.14,Wire
PAY-0007592,INV-007474,2025-12-10,10841.83,ACH
PAY-0007593,INV-007475,2024-05-26,12083.27,ACH
PAY-0007594,INV-007476,2025-07-05,18709.57,Wire
PAY-0007595,INV-007478,2025-09-14,29300.22,ACH
PAY-0007596,INV-007479,2024-07-06,18189.99,ACH
PAY-0007597,INV-007480,2024-07-24,18461.35,Wire
PAY-0007598,INV-007481,2025-07-18,22108.97,ACH
PAY-0007599,INV-007482,2025-02-04,3840.5,ACH
PAY-0007600,INV-007482,2025-02-28,3270.42,ACH
PAY-0007601,INV-007483,2025-05-05,13341.26,ACH
PAY-0007602,INV-007484,2024-11-20,28890.24,ACH
PAY-0007603,INV-007485,2025-04-11,8011.85,ACH
PAY-0007604,INV-007486,2025-03-20,15579.98,Wire
PAY-0007605,INV-007487,2024-09-13,15075.54,ACH
PAY-0007606,INV-007488,2025-12-20,20399.17,Wire
PAY-0007607,INV-007490,2024-07-22,20219.46,ACH
PAY-0007608,INV-007491,2024-12-14,29158.95,ACH
PAY-0007609,INV-007492,2024-10-28,5819.79,ACH
PAY-0007610,INV-007493,2026-01-31,31968.67,ACH
PAY-0007611,INV-007494,2025-07-15,14383.67,ACH
PAY-0007612,INV-007495,2025-10-16,16420.34,ACH
PAY-0007613,INV-007496,2025-09-09,19993.16,Wire
PAY-0007614,INV-007497,2025-10-12,17605.67,ACH
PAY-0007615,INV-007498,2024-03-06,13676.29,Wire
PAY-0007616,INV-007499,2025-04-03,29011.12,Wire
PAY-0007617,INV-007500,2026-02-02,16263.84,ACH
PAY-0007618,INV-007501,2025-09-11,15814.77,ACH
PAY-0007619,INV-007502,2025-12-19,23042.66,ACH
PAY-0007620,INV-007503,2024-10-15,11578.88,ACH
PAY-0007621,INV-007504,2025-04-27,27435.2,Wire
PAY-0007622,INV-007505,2026-01-31,23348.16,Wire
PAY-0007623,INV-007506,2024-08-24,8949.55,ACH
PAY-0007624,INV-007507,2025-07-19,7301.06,Check
PAY-0007625,INV-007508,2025-10-29,28370.43,Wire
PAY-0007626,INV-007510,2025-04-28,11647.05,ACH
PAY-0007627,INV-007511,2024-06-04,16638.04,Wire
PAY-0007628,INV-007512,2024-05-31,6822.91,Wire
PAY-0007629,INV-007513,2024-12-19,31882.11,ACH
PAY-0007630,INV-007514,2024-03-04,23895.21,ACH
PAY-0007631,INV-007515,2025-07-19,20625.97,ACH
PAY-0007632,INV-007516,2025-08-04,6389.95,ACH
PAY-0007633,INV-007517,2025-08-28,13180.81,Wire
PAY-0007634,INV-007518,2024-08-03,8082.33,Wire
PAY-0007635,INV-007519,2025-04-25,25711.29,ACH
PAY-0007636,INV-007520,2024-04-13,12928.59,Check
PAY-0007637,INV-007521,2025-06-13,18496.23,ACH
PAY-0007638,INV-007522,2025-12-07,24400.25,ACH
PAY-0007639,INV-007523,2025-09-23,29460.86,ACH
PAY-0007640,INV-007524,2025-03-25,9159.04,ACH
PAY-0007641,INV-007525,2025-06-18,21803.79,Wire
PAY-0007642,INV-007526,2025-08-28,18122.8,ACH
PAY-0007643,INV-007527,2024-07-08,27691.78,ACH
PAY-0007644,INV-007528,2025-09-13,13366.31,Wire
PAY-0007645,INV-007529,2024-11-16,17255.02,ACH
PAY-0007646,INV-007530,2024-10-16,14299.46,Check
PAY-0007647,INV-007531,2025-12-19,16066.39,Wire
PAY-0007648,INV-007532,2025-09-18,11689.23,ACH
PAY-0007649,INV-007534,2024-12-05,13772.48,ACH
PAY-0007650,INV-007535,2025-06-12,10570.43,Wire
PAY-0007651,INV-007536,2025-08-28,19341.53,ACH
PAY-0007652,INV-007537,2024-06-03,21772.3,ACH
PAY-0007653,INV-007538,2024-12-17,28789.59,Wire
PAY-0007654,INV-007539,2025-12-23,12385.36,ACH
PAY-0007655,INV-007539,2026-01-03,10867.9,ACH
PAY-0007656,INV-007540,2024-04-10,14472.73,Check
PAY-0007657,INV-007541,2025-10-09,8966.0,ACH
PAY-0007658,INV-007541,2025-10-30,8722.07,ACH
PAY-0007659,INV-007542,2025-04-24,21896.46,ACH
PAY-0007660,INV-007543,2026-02-06,6449.03,ACH
PAY-0007661,INV-007543,2026-02-20,5901.29,Wire
PAY-0007662,INV-007544,2025-12-02,10404.83,ACH
PAY-0007663,INV-007544,2025-12-20,8049.16,Wire
PAY-0007664,INV-007545,2024-06-21,31961.15,Wire
PAY-0007665,INV-007547,2024-11-20,8389.58,Wire
PAY-0007666,INV-007548,2026-01-21,30925.16,Wire
PAY-0007667,INV-007549,2025-11-15,30325.54,ACH
PAY-0007668,INV-007550,2024-09-29,5902.17,ACH
PAY-0007669,INV-007551,2024-09-25,15145.16,Wire
PAY-0007670,INV-007552,2025-01-10,26062.73,ACH
PAY-0007671,INV-007553,2025-08-24,11817.5,ACH
PAY-0007672,INV-007554,2025-04-13,14325.85,ACH
PAY-0007673,INV-007555,2026-02-11,12884.56,ACH
PAY-0007674,INV-007556,2024-12-29,6515.96,ACH
PAY-0007675,INV-007557,2024-05-12,21390.71,ACH
PAY-0007676,INV-007559,2025-08-03,15797.76,ACH
PAY-0007677,INV-007560,2024-04-14,20675.54,Wire
PAY-0007678,INV-007562,2025-04-01,24191.33,ACH
PAY-0007679,INV-007563,2024-06-24,25072.45,ACH
PAY-0007680,INV-007564,2024-07-21,24895.31,ACH
PAY-0007681,INV-007565,2025-01-14,23801.01,Check
PAY-0007682,INV-007566,2025-06-08,23788.27,ACH
PAY-0007683,INV-007567,2024-09-25,16214.8,ACH
PAY-0007684,INV-007568,2025-02-08,17875.82,ACH
PAY-0007685,INV-007569,2024-09-24,25380.7,ACH
PAY-0007686,INV-007570,2024-07-17,14289.94,Wire
PAY-0007687,INV-007571,2024-12-07,5134.34,ACH
PAY-0007688,INV-007572,2025-05-18,11447.96,ACH
PAY-0007689,INV-007573,2025-11-14,10872.98,ACH
PAY-0007690,INV-007574,2026-03-01,4493.46,ACH
PAY-0007691,INV-007575,2025-06-07,8960.4,ACH
PAY-0007692,INV-007576,2024-09-10,5599.8,ACH
PAY-0007693,INV-007577,2025-03-17,4439.2,ACH
PAY-0007694,INV-007578,2024-03-15,7914.42,ACH
PAY-0007695,INV-007579,2025-10-08,2601.09,Wire
PAY-0007696,INV-007580,2025-01-23,8863.1,ACH
PAY-0007697,INV-007581,2025-11-29,7703.67,ACH
PAY-0007698,INV-007582,2025-08-10,10274.21,ACH
PAY-0007699,INV-007583,2024-10-14,8259.93,ACH
PAY-0007700,INV-007584,2025-02-24,9471.3,ACH
PAY-0007701,INV-007585,2025-08-17,8705.65,ACH
PAY-0007702,INV-007586,2024-07-14,5168.4,ACH
PAY-0007703,INV-007587,2025-11-27,9077.68,ACH
PAY-0007704,INV-007589,2024-09-19,9105.3,ACH
PAY-0007705,INV-007590,2025-05-05,8486.21,ACH
PAY-0007706,INV-007591,2025-05-02,6973.9,Wire
PAY-0007707,INV-007592,2024-10-20,4218.44,Wire
PAY-0007708,INV-007593,2025-06-07,5982.42,ACH
PAY-0007709,INV-007594,2025-12-20,11948.02,ACH
PAY-0007710,INV-007595,2025-01-28,9037.98,ACH
PAY-0007711,INV-007596,2025-04-06,3879.85,ACH
PAY-0007712,INV-007597,2025-11-27,10704.47,Check
PAY-0007713,INV-007598,2024-09-20,8685.75,Wire
PAY-0007714,INV-007599,2024-12-27,8729.8,Wire
PAY-0007715,INV-007600,2024-05-21,1182.98,Wire
PAY-0007716,INV-007600,2024-06-09,987.5,Check
PAY-0007717,INV-007601,2024-07-01,9607.76,Wire
PAY-0007718,INV-007602,2025-10-30,6257.09,ACH
PAY-0007719,INV-007603,2025-05-22,2202.36,ACH
PAY-0007720,INV-007604,2025-06-25,1771.78,ACH
PAY-0007721,INV-007605,2025-12-28,3847.73,Wire
PAY-0007722,INV-007606,2025-11-05,4384.56,ACH
PAY-0007723,INV-007607,2024-10-12,2476.42,Check
PAY-0007724,INV-007608,2025-11-18,5182.45,ACH
PAY-0007725,INV-007609,2025-11-02,3498.04,ACH
PAY-0007726,INV-007610,2024-03-23,6749.95,ACH
PAY-0007727,INV-007611,2025-12-25,8729.97,Wire
PAY-0007728,INV-007612,2025-08-19,1918.0,ACH
PAY-0007729,INV-007613,2025-12-12,7160.86,ACH
PAY-0007730,INV-007614,2024-04-03,6815.4,Wire
PAY-0007731,INV-007615,2024-10-23,5670.73,ACH
PAY-0007732,INV-007616,2025-06-03,2247.79,ACH
PAY-0007733,INV-007617,2025-08-31,3409.37,ACH
PAY-0007734,INV-007618,2024-12-19,9645.33,ACH
PAY-0007735,INV-007619,2024-09-07,4780.43,ACH
PAY-0007736,INV-007620,2024-02-16,8838.07,Wire
PAY-0007737,INV-007621,2024-05-12,3373.4,ACH
PAY-0007738,INV-007623,2025-04-08,10056.48,ACH
PAY-0007739,INV-007624,2025-07-20,6212.08,ACH
PAY-0007740,INV-007625,2025-12-01,4375.98,ACH
PAY-0007741,INV-007626,2025-07-24,9206.85,ACH
PAY-0007742,INV-007628,2024-04-21,4311.79,ACH
PAY-0007743,INV-007629,2025-08-03,1692.36,ACH
PAY-0007744,INV-007629,2025-08-19,1614.21,Wire
PAY-0007745,INV-007630,2024-07-15,8195.31,ACH
PAY-0007746,INV-007632,2025-01-08,6988.45,ACH
PAY-0007747,INV-007633,2025-04-18,9418.38,Wire
PAY-0007748,INV-007634,2026-02-07,2037.53,ACH
PAY-0007749,INV-007635,2025-10-10,6491.63,ACH
PAY-0007750,INV-007637,2024-07-13,2125.3,ACH
PAY-0007751,INV-007637,2024-07-28,2223.42,ACH
PAY-0007752,INV-007638,2025-03-20,5159.13,ACH
PAY-0007753,INV-007639,2024-07-09,3667.5,ACH
PAY-0007754,INV-007639,2024-07-26,5398.56,ACH
PAY-0007755,INV-007640,2025-08-18,6074.33,ACH
PAY-0007756,INV-007641,2025-06-04,6881.12,ACH
PAY-0007757,INV-007642,2025-08-25,7799.65,ACH
PAY-0007758,INV-007643,2025-07-15,7667.42,Wire
PAY-0007759,INV-007644,2024-06-09,3993.97,Wire
PAY-0007760,INV-007645,2025-05-21,9364.45,ACH
PAY-0007761,INV-007646,2025-01-29,9234.74,ACH
PAY-0007762,INV-007647,2024-05-13,5008.99,ACH
PAY-0007763,INV-007648,2025-05-16,9200.79,ACH
PAY-0007764,INV-007649,2024-10-16,7275.62,Wire
PAY-0007765,INV-007650,2025-12-08,2704.14,ACH
PAY-0007766,INV-007652,2024-12-03,8651.66,ACH
PAY-0007767,INV-007653,2024-09-14,6680.63,Wire
PAY-0007768,INV-007654,2025-06-13,10236.24,Wire
PAY-0007769,INV-007655,2026-01-23,11076.67,ACH
PAY-0007770,INV-007656,2025-03-12,11788.67,ACH
PAY-0007771,INV-007657,2024-04-14,1946.4,ACH
PAY-0007772,INV-007658,2025-02-13,11944.22,ACH
PAY-0007773,INV-007660,2024-08-23,7851.0,ACH
PAY-0007774,INV-007661,2025-08-22,3025.6,ACH
PAY-0007775,INV-007662,2025-03-08,3431.11,ACH
PAY-0007776,INV-007663,2025-02-05,10760.83,ACH
PAY-0007777,INV-007664,2024-08-25,6859.7,ACH
PAY-0007778,INV-007665,2025-01-15,1650.99,ACH
PAY-0007779,INV-007666,2025-03-01,7236.49,ACH
PAY-0007780,INV-007667,2025-09-19,8009.39,ACH
PAY-0007781,INV-007668,2024-11-11,8415.78,ACH
PAY-0007782,INV-007669,2025-07-13,1092.39,ACH
PAY-0007783,INV-007669,2025-07-30,1608.57,ACH
PAY-0007784,INV-007670,2025-10-19,3650.53,ACH
PAY-0007785,INV-007671,2024-05-03,3586.33,ACH
PAY-0007786,INV-007672,2025-08-21,1173.14,ACH
PAY-0007787,INV-007673,2025-03-17,1998.81,ACH
PAY-0007788,INV-007674,2026-01-19,1122.82,Wire
PAY-0007789,INV-007674,2026-02-03,955.14,ACH
PAY-0007790,INV-007675,2025-01-06,1472.81,ACH
PAY-0007791,INV-007676,2025-06-22,1379.09,ACH
PAY-0007792,INV-007677,2024-05-17,2014.37,ACH
PAY-0007793,INV-007679,2025-12-20,911.61,Wire
PAY-0007794,INV-007680,2024-08-02,1400.71,ACH
PAY-0007795,INV-007681,2025-07-11,730.42,Check
PAY-0007796,INV-007682,2024-05-03,787.0,Check
PAY-0007797,INV-007683,2024-02-27,2138.76,ACH
PAY-0007798,INV-007684,2024-11-25,1712.36,Wire
PAY-0007799,INV-007685,2024-03-25,2905.71,ACH
PAY-0007800,INV-007686,2024-05-20,3978.11,Wire
PAY-0007801,INV-007687,2024-11-07,3418.87,ACH
PAY-0007802,INV-007688,2024-08-11,1058.34,ACH
PAY-0007803,INV-007689,2025-05-22,3067.05,ACH
PAY-0007804,INV-007690,2024-11-10,2210.23,ACH
PAY-0007805,INV-007691,2024-06-03,3304.45,ACH
PAY-0007806,INV-007692,2025-10-01,2039.02,Wire
PAY-0007807,INV-007693,2024-10-20,854.18,ACH
PAY-0007808,INV-007694,2025-01-17,1573.29,ACH
PAY-0007809,INV-007695,2024-09-15,1754.34,ACH
PAY-0007810,INV-007696,2025-03-28,1678.38,ACH
PAY-0007811,INV-007697,2025-05-25,1642.63,ACH
PAY-0007812,INV-007698,2024-11-12,1011.68,ACH
PAY-0007813,INV-007699,2025-01-24,633.09,ACH
PAY-0007814,INV-007701,2025-12-13,960.53,ACH
PAY-0007815,INV-007701,2026-01-02,1033.25,ACH
PAY-0007816,INV-007702,2024-07-09,3257.68,ACH
PAY-0007817,INV-007703,2024-09-13,1639.68,Wire
PAY-0007818,INV-007704,2024-10-09,604.48,Check
PAY-0007819,INV-007705,2025-12-17,899.67,ACH
PAY-0007820,INV-007706,2025-04-11,2591.46,ACH
PAY-0007821,INV-007707,2024-06-12,1628.96,Wire
PAY-0007822,INV-007708,2024-08-10,2644.7,ACH
PAY-0007823,INV-007709,2024-08-09,3747.77,ACH
PAY-0007824,INV-007710,2025-04-06,1903.21,ACH
PAY-0007825,INV-007711,2024-10-02,1191.87,ACH
PAY-0007826,INV-007711,2024-10-15,1381.24,ACH
PAY-0007827,INV-007712,2025-11-06,1131.82,ACH
PAY-0007828,INV-007713,2025-10-21,2779.26,Wire
PAY-0007829,INV-007714,2025-02-15,1551.49,ACH
PAY-0007830,INV-007715,2025-06-07,778.93,Check
PAY-0007831,INV-007716,2025-07-16,3601.28,Wire
PAY-0007832,INV-007717,2025-02-14,3314.91,ACH
PAY-0007833,INV-007719,2025-03-01,518.1,Wire
PAY-0007834,INV-007720,2025-01-04,2075.52,ACH
PAY-0007835,INV-007721,2025-03-18,568.12,ACH
PAY-0007836,INV-007722,2024-10-03,1797.02,Wire
PAY-0007837,INV-007723,2024-05-23,3611.09,Check
PAY-0007838,INV-007724,2024-12-09,3078.38,ACH
PAY-0007839,INV-007725,2024-11-07,1872.86,ACH
PAY-0007840,INV-007726,2026-01-22,3614.51,Wire
PAY-0007841,INV-007727,2025-08-01,3310.44,Check
PAY-0007842,INV-007728,2024-11-16,1993.32,ACH
PAY-0007843,INV-007729,2026-01-17,3222.36,ACH
PAY-0007844,INV-007730,2025-08-14,3403.93,ACH
PAY-0007845,INV-007731,2024-08-05,2723.65,Wire
PAY-0007846,INV-007732,2025-03-18,685.96,Check
PAY-0007847,INV-007733,2024-09-25,3952.6,Wire
PAY-0007848,INV-007734,2024-07-09,1650.52,ACH
PAY-0007849,INV-007734,2024-08-01,2132.85,Wire
PAY-0007850,INV-007735,2024-03-16,452.39,ACH
PAY-0007851,INV-007735,2024-03-28,412.49,Wire
PAY-0007852,INV-007736,2026-01-19,3396.21,Wire
PAY-0007853,INV-007737,2025-08-04,2997.11,Wire
PAY-0007854,INV-007738,2026-01-09,2840.97,ACH
PAY-0007855,INV-007739,2024-09-05,3214.63,Wire
PAY-0007856,INV-007740,2024-10-20,3102.29,ACH
PAY-0007857,INV-007741,2024-09-12,1246.6,Wire
PAY-0007858,INV-007742,2025-10-13,2442.02,ACH
PAY-0007859,INV-007743,2025-04-25,3732.49,Wire
PAY-0007860,INV-007744,2025-08-23,1823.66,Check
PAY-0007861,INV-007744,2025-09-15,1362.71,ACH
PAY-0007862,INV-007746,2024-05-06,3112.81,ACH
PAY-0007863,INV-007747,2025-01-14,1631.37,Wire
PAY-0007864,INV-007748,2025-03-11,2217.86,ACH
PAY-0007865,INV-007749,2025-08-31,2222.62,ACH
PAY-0007866,INV-007750,2024-11-07,2886.7,ACH
PAY-0007867,INV-007751,2025-04-10,1364.45,ACH
PAY-0007868,INV-007752,2025-10-26,2013.89,ACH
PAY-0007869,INV-007753,2024-12-31,3595.3,ACH
PAY-0007870,INV-007754,2024-05-22,2767.86,Check
PAY-0007871,INV-007755,2025-10-31,808.1,ACH
PAY-0007872,INV-007756,2025-07-28,842.79,ACH
PAY-0007873,INV-007756,2025-08-11,1212.43,Wire
PAY-0007874,INV-007757,2025-04-21,3886.76,Wire
PAY-0007875,INV-007758,2024-04-08,692.74,Check
PAY-0007876,INV-007759,2024-06-07,1448.52,ACH
PAY-0007877,INV-007761,2025-03-28,3130.43,ACH
PAY-0007878,INV-007762,2024-07-08,1515.47,ACH
PAY-0007879,INV-007763,2025-05-24,2493.79,Wire
PAY-0007880,INV-007765,2025-06-21,3972.12,ACH
PAY-0007881,INV-007766,2025-01-02,3281.38,ACH
PAY-0007882,INV-007767,2025-07-16,2930.09,Wire
PAY-0007883,INV-007768,2025-11-03,1115.94,ACH
PAY-0007884,INV-007769,2024-12-25,3943.58,Wire
PAY-0007885,INV-007770,2025-02-02,2712.99,ACH
PAY-0007886,INV-007771,2025-05-20,3430.64,Wire
PAY-0007887,INV-007772,2025-01-04,2643.73,Check
PAY-0007888,INV-007773,2024-09-12,1113.07,ACH
PAY-0007889,INV-007773,2024-10-06,843.37,ACH
PAY-0007890,INV-007774,2024-05-27,2043.66,ACH
PAY-0007891,INV-007775,2025-01-08,634.9,ACH
PAY-0007892,INV-007776,2025-08-24,3113.85,ACH
PAY-0007893,INV-007777,2025-04-08,2663.22,Check
PAY-0007894,INV-007778,2025-10-20,2917.42,ACH
PAY-0007895,INV-007779,2024-11-14,2554.43,ACH
PAY-0007896,INV-007780,2024-10-20,2023.26,ACH
PAY-0007897,INV-007781,2025-01-14,3420.53,ACH
PAY-0007898,INV-007782,2024-12-07,1511.46,ACH
PAY-0007899,INV-007783,2024-09-18,2904.33,ACH
PAY-0007900,INV-007784,2025-02-07,1005.56,ACH
PAY-0007901,INV-007785,2024-02-09,2866.71,ACH
PAY-0007902,INV-007786,2025-12-02,3211.59,ACH
PAY-0007903,INV-007788,2025-11-20,1742.4,ACH
PAY-0007904,INV-007788,2025-12-08,1233.21,Wire
PAY-0007905,INV-007789,2025-06-27,2933.1,Wire
PAY-0007906,INV-007790,2024-09-19,2634.19,Wire
PAY-0007907,INV-007791,2024-10-31,7626.25,ACH
PAY-0007908,INV-007793,2026-01-08,2900.54,ACH
PAY-0007909,INV-007794,2025-02-25,10331.42,Check
PAY-0007910,INV-007796,2024-09-17,7674.27,ACH
PAY-0007911,INV-007797,2025-08-18,2215.81,ACH
PAY-0007912,INV-007798,2025-09-01,6618.67,Wire
PAY-0007913,INV-007798,2025-09-11,5152.67,Wire
PAY-0007914,INV-007799,2025-07-10,9351.36,ACH
PAY-0007915,INV-007800,2024-09-28,9614.34,ACH
PAY-0007916,INV-007801,2025-05-31,7776.93,ACH
PAY-0007917,INV-007802,2024-11-06,3307.21,Check
PAY-0007918,INV-007803,2024-05-10,6978.89,Check
PAY-0007919,INV-007804,2025-04-30,7134.36,ACH
PAY-0007920,INV-007805,2024-09-20,5215.46,ACH
PAY-0007921,INV-007806,2025-04-26,1376.4,ACH
PAY-0007922,INV-007806,2025-05-16,1737.71,Check
PAY-0007923,INV-007807,2024-10-24,7959.35,ACH
PAY-0007924,INV-007808,2024-06-24,8463.57,Wire
PAY-0007925,INV-007809,2025-07-28,7964.42,ACH
PAY-0007926,INV-007810,2025-05-30,8055.81,ACH
PAY-0007927,INV-007811,2025-11-10,11136.66,Wire
PAY-0007928,INV-007812,2025-05-26,1846.47,ACH
PAY-0007929,INV-007813,2025-07-08,7057.1,ACH
PAY-0007930,INV-007814,2024-09-10,10781.67,ACH
PAY-0007931,INV-007815,2025-09-10,9108.63,Wire
PAY-0007932,INV-007816,2025-04-15,8354.21,ACH
PAY-0007933,INV-007817,2024-05-31,2008.44,ACH
PAY-0007934,INV-007818,2025-03-16,7406.16,ACH
PAY-0007935,INV-007820,2025-12-23,8516.51,Check
PAY-0007936,INV-007821,2024-06-23,7210.37,Check
PAY-0007937,INV-007822,2024-07-08,10534.7,ACH
PAY-0007938,INV-007823,2025-10-09,10649.82,Wire
PAY-0007939,INV-007824,2024-03-26,1635.98,ACH
PAY-0007940,INV-007825,2025-12-25,8207.74,Wire
PAY-0007941,INV-007826,2024-08-14,11152.01,Wire
PAY-0007942,INV-007827,2025-09-06,11480.97,ACH
PAY-0007943,INV-007829,2025-07-19,9741.37,ACH
PAY-0007944,INV-007830,2025-10-18,6994.63,ACH
PAY-0007945,INV-007831,2024-08-14,1548.4,ACH
PAY-0007946,INV-007832,2024-05-20,6443.81,ACH
PAY-0007947,INV-007833,2024-07-19,9135.1,ACH
PAY-0007948,INV-007834,2026-02-03,7496.7,ACH
PAY-0007949,INV-007835,2025-12-23,7816.0,ACH
PAY-0007950,INV-007836,2024-11-19,10801.89,Wire
PAY-0007951,INV-007837,2025-04-11,4886.83,ACH
PAY-0007952,INV-007838,2024-12-07,2147.45,ACH
PAY-0007953,INV-007838,2024-12-21,3097.08,ACH
PAY-0007954,INV-007839,2025-10-21,5057.75,ACH
PAY-0007955,INV-007840,2025-02-09,4222.7,Wire
PAY-0007956,INV-007841,2025-04-27,10327.83,ACH
PAY-0007957,INV-007842,2024-02-28,5621.83,ACH
PAY-0007958,INV-007843,2024-12-24,6417.63,ACH
PAY-0007959,INV-007844,2024-12-20,8465.84,Wire
PAY-0007960,INV-007845,2024-08-15,9472.12,Wire
PAY-0007961,INV-007846,2026-01-21,6732.49,ACH
PAY-0007962,INV-007847,2025-09-07,4980.62,Wire
PAY-0007963,INV-007848,2025-05-01,8166.18,ACH
PAY-0007964,INV-007849,2025-06-23,7687.12,ACH
PAY-0007965,INV-007850,2025-06-08,5363.76,Wire
PAY-0007966,INV-007851,2024-06-20,8795.73,Wire
PAY-0007967,INV-007852,2026-01-10,6922.7,Wire
PAY-0007968,INV-007853,2025-11-23,7359.07,Check
PAY-0007969,INV-007854,2024-12-18,9430.22,ACH
PAY-0007970,INV-007855,2025-06-02,8164.97,ACH
PAY-0007971,INV-007856,2025-05-20,4727.53,ACH
PAY-0007972,INV-007857,2025-05-02,8595.03,ACH
PAY-0007973,INV-007858,2025-05-09,9448.27,Wire
PAY-0007974,INV-007861,2025-06-17,6062.27,ACH
PAY-0007975,INV-007861,2025-07-02,4386.56,ACH
PAY-0007976,INV-007863,2024-03-08,8504.13,ACH
PAY-0007977,INV-007864,2024-11-10,9606.46,ACH
PAY-0007978,INV-007865,2024-12-09,4373.9,ACH
PAY-0007979,INV-007866,2025-05-01,6653.28,ACH
PAY-0007980,INV-007866,2025-05-11,4501.96,Wire
PAY-0007981,INV-007867,2024-04-23,5376.68,Wire
PAY-0007982,INV-007868,2025-12-29,10155.17,Wire
PAY-0007983,INV-007869,2026-01-05,9234.31,ACH
PAY-0007984,INV-007870,2025-09-01,1811.6,Wire
PAY-0007985,INV-007871,2025-10-30,10535.81,ACH
PAY-0007986,INV-007872,2025-01-26,10934.39,ACH
PAY-0007987,INV-007873,2025-10-08,11709.49,ACH
PAY-0007988,INV-007874,2024-03-13,10821.4,ACH
PAY-0007989,INV-007876,2025-03-12,2181.84,Wire
PAY-0007990,INV-007877,2025-10-09,8389.93,ACH
PAY-0007991,INV-007878,2025-12-05,3643.85,ACH
PAY-0007992,INV-007879,2025-03-21,2824.82,ACH
PAY-0007993,INV-007881,2025-10-03,1820.42,Wire
PAY-0007994,INV-007881,2025-10-13,1946.57,Check
PAY-0007995,INV-007882,2025-10-29,4709.95,Check
PAY-0007996,INV-007883,2024-12-04,7003.2,Wire
PAY-0007997,INV-007884,2025-03-10,1645.7,ACH
PAY-0007998,INV-007885,2025-04-22,11102.3,ACH
PAY-0007999,INV-007886,2025-02-24,11082.68,ACH
PAY-0008000,INV-007887,2024-04-24,3459.48,Check
PAY-0008001,INV-007888,2024-09-24,11488.66,ACH
PAY-0008002,INV-007889,2024-10-19,9955.93,ACH
PAY-0008003,INV-007890,2024-09-11,11258.74,ACH
PAY-0008004,INV-007891,2024-08-07,2567.31,Wire
PAY-0008005,INV-007892,2024-03-07,5340.32,ACH
PAY-0008006,INV-007892,2024-03-24,5015.76,ACH
PAY-0008007,INV-007893,2024-07-11,1626.49,ACH
PAY-0008008,INV-007894,2024-09-27,11455.03,ACH
PAY-0008009,INV-007896,2024-03-25,2832.82,ACH
PAY-0008010,INV-007897,2025-09-17,1870.43,ACH
PAY-0008011,INV-007897,2025-10-01,2448.26,ACH
PAY-0008012,INV-007898,2025-04-29,6006.02,Check
PAY-0008013,INV-007899,2025-05-15,9095.33,Wire
PAY-0008014,INV-007900,2025-01-22,11323.18,ACH
PAY-0008015,INV-007901,2025-11-29,10350.13,ACH
PAY-0008016,INV-007902,2025-01-06,8092.27,ACH
PAY-0008017,INV-007903,2025-06-17,9600.9,ACH
PAY-0008018,INV-007904,2026-01-28,1992.86,ACH
PAY-0008019,INV-007905,2025-06-09,6059.71,Wire
PAY-0008020,INV-007906,2024-09-06,6513.76,ACH
PAY-0008021,INV-007907,2024-12-29,4493.32,ACH
PAY-0008022,INV-007908,2024-02-14,11174.1,ACH
PAY-0008023,INV-007909,2024-11-10,11124.25,ACH
PAY-0008024,INV-007910,2025-12-02,7838.53,ACH
PAY-0008025,INV-007911,2025-12-17,11011.58,ACH
PAY-0008026,INV-007913,2025-02-28,10067.03,ACH
PAY-0008027,INV-007914,2025-04-26,1176.55,Check
PAY-0008028,INV-007914,2025-05-18,1683.14,ACH
PAY-0008029,INV-007916,2024-06-16,2833.7,ACH
PAY-0008030,INV-007917,2025-10-29,11068.13,Wire
PAY-0008031,INV-007918,2024-08-01,7071.54,Wire
PAY-0008032,INV-007919,2025-07-02,2551.91,Wire
PAY-0008033,INV-007920,2025-05-15,9180.81,Wire
PAY-0008034,INV-007921,2025-04-26,8498.31,Wire
PAY-0008035,INV-007922,2025-07-18,4830.63,Wire
PAY-0008036,INV-007923,2025-05-20,9080.98,Wire
PAY-0008037,INV-007924,2025-07-14,9568.05,ACH
PAY-0008038,INV-007925,2024-07-10,5962.95,Wire
PAY-0008039,INV-007926,2025-09-08,3935.62,Check
PAY-0008040,INV-007927,2024-10-01,2543.6,Wire
PAY-0008041,INV-007928,2025-12-12,2128.28,ACH
PAY-0008042,INV-007929,2025-12-16,4306.65,Wire
PAY-0008043,INV-007931,2025-05-09,11577.51,Wire
PAY-0008044,INV-007932,2025-03-03,11320.88,ACH
PAY-0008045,INV-007933,2024-04-21,8943.25,Check
PAY-0008046,INV-007934,2024-02-29,4074.08,ACH
PAY-0008047,INV-007935,2024-09-09,5857.0,Wire
PAY-0008048,INV-007936,2025-12-04,2709.76,ACH
PAY-0008049,INV-007937,2025-08-26,10868.2,ACH
PAY-0008050,INV-007938,2025-07-06,5521.04,ACH
PAY-0008051,INV-007939,2025-03-18,5954.03,ACH
PAY-0008052,INV-007940,2024-05-09,6084.79,Wire
PAY-0008053,INV-007941,2026-02-06,8308.91,Wire
PAY-0008054,INV-007942,2025-08-16,5529.89,Check
PAY-0008055,INV-007943,2025-04-18,5500.16,ACH
PAY-0008056,INV-007944,2025-12-08,8041.77,ACH
PAY-0008057,INV-007945,2025-05-23,6338.14,ACH
PAY-0008058,INV-007946,2026-01-01,9370.86,ACH
PAY-0008059,INV-007947,2025-04-24,9960.27,ACH
PAY-0008060,INV-007948,2024-12-28,6346.6,ACH
PAY-0008061,INV-007949,2025-01-14,3816.2,Wire
PAY-0008062,INV-007950,2026-01-05,9268.12,ACH
PAY-0008063,INV-007951,2025-04-27,2567.56,ACH
PAY-0008064,INV-007951,2025-05-19,2583.13,Check
PAY-0008065,INV-007952,2025-09-03,2632.67,ACH
PAY-0008066,INV-007952,2025-09-14,2708.06,ACH
PAY-0008067,INV-007953,2024-04-03,11751.73,ACH
PAY-0008068,INV-007954,2025-04-27,2838.56,ACH
PAY-0008069,INV-007954,2025-05-12,4064.66,Wire
PAY-0008070,INV-007955,2025-07-09,9455.44,ACH
PAY-0008071,INV-007956,2024-04-10,4370.66,ACH
PAY-0008072,INV-007957,2025-11-09,3675.09,Wire
PAY-0008073,INV-007957,2025-11-30,2558.72,ACH
PAY-0008074,INV-007958,2025-04-24,8171.39,Check
PAY-0008075,INV-007959,2024-10-27,9652.68,ACH
PAY-0008076,INV-007960,2025-05-17,1559.97,Check
PAY-0008077,INV-007961,2025-06-25,2980.65,ACH
PAY-0008078,INV-007961,2025-07-16,2062.27,Wire
PAY-0008079,INV-007962,2024-07-28,2974.22,ACH
PAY-0008080,INV-007963,2025-09-21,9200.61,ACH
PAY-0008081,INV-007964,2025-07-28,8650.63,Check
PAY-0008082,INV-007965,2026-02-27,9306.52,Wire
PAY-0008083,INV-007966,2024-08-02,6821.01,ACH
PAY-0008084,INV-007967,2024-07-25,9284.53,ACH
PAY-0008085,INV-007969,2024-04-27,5709.0,Wire
PAY-0008086,INV-007970,2025-07-04,2507.39,ACH
PAY-0008087,INV-007971,2025-11-11,5694.31,Wire
PAY-0008088,INV-007972,2024-10-09,10141.72,Wire
PAY-0008089,INV-007973,2024-09-12,2709.28,ACH
PAY-0008090,INV-007974,2026-03-01,6164.44,Wire
PAY-0008091,INV-007974,2026-03-21,5577.59,Wire
PAY-0008092,INV-007975,2025-07-04,1433.5,ACH
PAY-0008093,INV-007975,2025-07-22,1433.64,Wire
PAY-0008094,INV-007977,2025-01-09,10180.92,Wire
PAY-0008095,INV-007979,2024-04-22,5144.66,ACH
PAY-0008096,INV-007981,2024-06-04,4339.72,ACH
PAY-0008097,INV-007982,2024-08-28,7665.47,ACH
PAY-0008098,INV-007983,2024-12-22,3359.23,Check
PAY-0008099,INV-007984,2025-01-22,7602.4,ACH
PAY-0008100,INV-007985,2024-06-05,9691.18,ACH
PAY-0008101,INV-007986,2024-09-21,2449.9,ACH
PAY-0008102,INV-007987,2025-08-18,2785.17,ACH
PAY-0008103,INV-007988,2025-07-28,4570.39,ACH
PAY-0008104,INV-007989,2024-11-03,8390.8,Wire
PAY-0008105,INV-007990,2025-04-14,3011.69,ACH
PAY-0008106,INV-007991,2024-10-06,4751.03,ACH
PAY-0008107,INV-007992,2025-02-19,10768.53,ACH
PAY-0008108,INV-007993,2026-01-24,2361.2,Wire
PAY-0008109,INV-007993,2026-02-14,3402.14,ACH
PAY-0008110,INV-007994,2025-02-19,3377.21,Wire
PAY-0008111,INV-007994,2025-03-04,2431.11,ACH
PAY-0008112,INV-007995,2024-08-07,4358.71,Check
PAY-0008113,INV-007995,2024-08-18,5217.52,Wire
PAY-0008114,INV-007996,2025-04-22,6827.51,Wire
PAY-0008115,INV-007997,2025-07-27,9329.03,ACH
PAY-0008116,INV-007998,2024-06-18,7849.59,ACH
PAY-0008117,INV-007999,2024-04-06,5586.95,ACH
PAY-0008118,INV-008001,2024-04-09,10168.15,Wire
PAY-0008119,INV-008002,2024-08-06,3145.58,ACH
PAY-0008120,INV-008002,2024-08-28,3116.17,ACH
PAY-0008121,INV-008003,2024-08-08,2278.78,ACH
PAY-0008122,INV-008004,2024-06-22,3908.17,ACH
PAY-0008123,INV-008005,2025-10-18,9426.6,ACH
PAY-0008124,INV-008006,2025-10-13,1514.7,ACH
PAY-0008125,INV-008007,2025-11-06,10119.78,ACH
PAY-0008126,INV-008008,2024-03-15,3615.75,Check
PAY-0008127,INV-008009,2026-01-27,10788.07,ACH
PAY-0008128,INV-008010,2025-12-21,10009.86,ACH
PAY-0008129,INV-008011,2024-08-27,1684.35,Wire
PAY-0008130,INV-008012,2026-02-13,7550.44,ACH
PAY-0008131,INV-008013,2024-12-04,10741.1,Wire
PAY-0008132,INV-008014,2024-04-30,2469.26,ACH
PAY-0008133,INV-008015,2024-03-13,11119.54,ACH
PAY-0008134,INV-008016,2025-12-25,7301.39,ACH
PAY-0008135,INV-008017,2024-08-29,4169.93,Wire
PAY-0008136,INV-008018,2025-03-30,5253.62,ACH
PAY-0008137,INV-008019,2025-09-15,4168.14,Check
PAY-0008138,INV-008020,2025-06-23,4632.39,Check
PAY-0008139,INV-008021,2025-10-29,7972.84,ACH
PAY-0008140,INV-008023,2024-05-02,4982.28,ACH
PAY-0008141,INV-008024,2025-11-04,9275.5,ACH
PAY-0008142,INV-008025,2025-04-13,1641.34,Wire
PAY-0008143,INV-008025,2025-04-28,1128.32,Check
PAY-0008144,INV-008026,2024-06-22,10281.76,Check
PAY-0008145,INV-008027,2026-02-11,4934.57,ACH
PAY-0008146,INV-008028,2024-12-28,3338.3,ACH
PAY-0008147,INV-008029,2025-09-15,11778.1,Wire
PAY-0008148,INV-008030,2025-04-20,3105.34,Wire
PAY-0008149,INV-008031,2024-10-09,11232.32,Wire
PAY-0008150,INV-008032,2024-05-19,7002.15,ACH
PAY-0008151,INV-008033,2025-11-22,2439.46,Check
PAY-0008152,INV-008034,2025-09-10,7557.08,Wire
PAY-0008153,INV-008035,2024-08-05,7714.6,ACH
PAY-0008154,INV-008036,2024-08-24,3301.96,ACH
PAY-0008155,INV-008036,2024-09-12,4764.63,Check
PAY-0008156,INV-008037,2025-04-05,16736.11,ACH
PAY-0008157,INV-008038,2024-10-05,14219.87,ACH
PAY-0008158,INV-008039,2024-10-16,21708.53,ACH
PAY-0008159,INV-008040,2024-11-07,16182.01,ACH
PAY-0008160,INV-008042,2024-06-24,20325.3,ACH
PAY-0008161,INV-008043,2025-01-26,20251.47,Check
PAY-0008162,INV-008044,2025-08-29,23342.57,ACH
PAY-0008163,INV-008045,2024-11-12,18511.44,Wire
PAY-0008164,INV-008046,2025-07-12,6935.59,ACH
PAY-0008165,INV-008047,2025-06-02,4319.65,Wire
PAY-0008166,INV-008047,2025-06-24,4048.46,ACH
PAY-0008167,INV-008048,2024-10-24,21764.96,Wire
PAY-0008168,INV-008049,2024-03-15,10315.84,ACH
PAY-0008169,INV-008050,2025-03-25,9288.94,ACH
PAY-0008170,INV-008050,2025-04-05,8365.67,ACH
PAY-0008171,INV-008051,2024-03-22,18092.33,ACH
PAY-0008172,INV-008052,2024-03-01,3723.07,ACH
PAY-0008173,INV-008052,2024-03-20,4260.08,Wire
PAY-0008174,INV-008053,2025-09-29,13610.58,ACH
PAY-0008175,INV-008054,2024-08-20,25124.19,ACH
PAY-0008176,INV-008055,2024-10-01,10298.75,ACH
PAY-0008177,INV-008056,2025-07-01,28316.64,ACH
PAY-0008178,INV-008057,2025-03-21,6291.87,ACH
PAY-0008179,INV-008058,2024-11-28,8975.98,Wire
PAY-0008180,INV-008059,2024-12-27,19137.03,ACH
PAY-0008181,INV-008060,2026-01-05,28530.8,ACH
PAY-0008182,INV-008061,2024-04-05,26544.74,Wire
PAY-0008183,INV-008064,2024-03-17,25494.45,Wire
PAY-0008184,INV-008065,2025-03-19,23144.52,ACH
PAY-0008185,INV-008066,2025-02-12,18105.88,ACH
PAY-0008186,INV-008067,2025-08-30,8680.81,Wire
PAY-0008187,INV-008068,2025-01-22,21416.73,Wire
PAY-0008188,INV-008069,2025-01-18,30417.59,ACH
PAY-0008189,INV-008070,2025-06-05,28937.42,ACH
PAY-0008190,INV-008071,2024-09-06,25241.93,Wire
PAY-0008191,INV-008072,2025-03-27,19220.95,ACH
PAY-0008192,INV-008073,2025-06-25,21471.26,Wire
PAY-0008193,INV-008074,2024-09-06,20534.36,ACH
PAY-0008194,INV-008075,2025-09-19,17964.35,Wire
PAY-0008195,INV-008076,2025-10-08,16326.58,ACH
PAY-0008196,INV-008078,2025-06-01,5922.69,Wire
PAY-0008197,INV-008079,2025-11-11,10471.49,ACH
PAY-0008198,INV-008080,2024-08-20,6667.11,Wire
PAY-0008199,INV-008081,2024-08-10,30174.04,ACH
PAY-0008200,INV-008082,2024-10-13,15018.58,ACH
PAY-0008201,INV-008083,2025-03-04,18735.94,ACH
PAY-0008202,INV-008084,2025-05-04,6817.64,ACH
PAY-0008203,INV-008085,2025-05-03,11381.47,Wire
PAY-0008204,INV-008087,2025-07-11,17430.21,ACH
PAY-0008205,INV-008089,2024-05-12,17101.44,ACH
PAY-0008206,INV-008090,2024-08-06,6175.58,Wire
PAY-0008207,INV-008091,2026-01-25,5232.37,ACH
PAY-0008208,INV-008092,2024-08-07,5683.1,ACH
PAY-0008209,INV-008093,2024-07-18,11110.21,ACH
PAY-0008210,INV-008093,2024-08-10,13698.49,Wire
PAY-0008211,INV-008094,2024-07-29,10553.98,ACH
PAY-0008212,INV-008097,2024-04-13,12662.05,Check
PAY-0008213,INV-008098,2025-08-05,31917.29,Check
PAY-0008214,INV-008099,2025-05-16,17269.99,Wire
PAY-0008215,INV-008100,2024-06-03,18553.98,Wire
PAY-0008216,INV-008101,2025-01-10,7921.65,ACH
PAY-0008217,INV-008102,2025-05-07,9132.86,ACH
PAY-0008218,INV-008103,2025-05-02,28223.11,ACH
PAY-0008219,INV-008104,2025-10-21,5337.54,Check
PAY-0008220,INV-008105,2025-03-21,11860.13,Wire
PAY-0008221,INV-008106,2025-06-29,28748.46,ACH
PAY-0008222,INV-008107,2025-02-25,25114.6,ACH
PAY-0008223,INV-008108,2026-01-03,18878.92,Wire
PAY-0008224,INV-008109,2025-12-08,26056.58,Wire
PAY-0008225,INV-008110,2024-05-16,18655.7,Check
PAY-0008226,INV-008111,2025-08-03,26840.97,ACH
PAY-0008227,INV-008112,2024-08-26,21144.91,ACH
PAY-0008228,INV-008113,2024-09-19,29855.38,ACH
PAY-0008229,INV-008114,2025-04-29,7771.06,Wire
PAY-0008230,INV-008115,2025-03-29,16159.37,ACH
PAY-0008231,INV-008117,2025-04-10,21078.63,ACH
PAY-0008232,INV-008118,2024-10-15,26261.78,ACH
PAY-0008233,INV-008119,2025-11-30,24181.12,Check
PAY-0008234,INV-008120,2024-06-08,8326.2,ACH
PAY-0008235,INV-008121,2025-08-10,14253.36,Wire
PAY-0008236,INV-008122,2024-06-13,15686.21,ACH
PAY-0008237,INV-008124,2024-12-12,14510.3,Wire
PAY-0008238,INV-008124,2025-01-02,10162.18,ACH
PAY-0008239,INV-008125,2025-06-12,16341.01,ACH
PAY-0008240,INV-008128,2025-03-01,24390.04,ACH
PAY-0008241,INV-008129,2024-08-09,11631.71,ACH
PAY-0008242,INV-008130,2025-04-26,12643.54,Wire
PAY-0008243,INV-008132,2026-01-03,21593.75,ACH
PAY-0008244,INV-008133,2025-04-02,10706.4,Check
PAY-0008245,INV-008133,2025-04-21,8688.95,Wire
PAY-0008246,INV-008134,2025-03-14,25083.09,ACH
PAY-0008247,INV-008135,2024-05-24,31027.39,ACH
PAY-0008248,INV-008136,2024-08-18,10332.38,Check
PAY-0008249,INV-008137,2025-08-15,19416.16,Wire
PAY-0008250,INV-008138,2025-05-22,27793.66,ACH
PAY-0008251,INV-008139,2024-11-14,25222.14,ACH
PAY-0008252,INV-008140,2024-09-27,29329.35,ACH
PAY-0008253,INV-008141,2025-11-14,23834.29,Check
PAY-0008254,INV-008142,2025-04-18,27744.6,ACH
PAY-0008255,INV-008143,2025-02-16,8278.9,ACH
PAY-0008256,INV-008144,2025-08-04,12641.21,ACH
PAY-0008257,INV-008145,2024-12-26,20483.74,ACH
PAY-0008258,INV-008146,2026-02-21,10491.58,ACH
PAY-0008259,INV-008147,2025-07-16,15729.15,Check
PAY-0008260,INV-008148,2024-07-03,21568.58,ACH
PAY-0008261,INV-008149,2025-03-20,18472.96,ACH
PAY-0008262,INV-008150,2025-10-02,5784.95,ACH
PAY-0008263,INV-008151,2025-05-28,5689.16,Wire
PAY-0008264,INV-008152,2025-09-03,7691.08,Check
PAY-0008265,INV-008154,2025-06-19,25198.35,ACH
PAY-0008266,INV-008155,2025-03-06,7494.85,ACH
PAY-0008267,INV-008155,2025-03-22,9205.63,ACH
PAY-0008268,INV-008158,2025-05-18,14009.64,ACH
PAY-0008269,INV-008159,2025-03-09,11779.63,ACH
PAY-0008270,INV-008161,2024-12-03,7484.99,ACH
PAY-0008271,INV-008162,2024-07-29,12580.05,Wire
PAY-0008272,INV-008164,2026-02-06,9282.76,ACH
PAY-0008273,INV-008165,2025-10-28,9680.0,Wire
PAY-0008274,INV-008166,2024-07-18,27148.65,Wire
PAY-0008275,INV-008168,2025-05-08,24068.5,ACH
PAY-0008276,INV-008169,2025-07-07,26424.41,ACH
PAY-0008277,INV-008170,2024-08-05,18119.08,Wire
PAY-0008278,INV-008171,2026-01-17,9360.54,ACH
PAY-0008279,INV-008171,2026-01-29,11459.63,ACH
PAY-0008280,INV-008172,2024-05-09,10227.81,ACH
PAY-0008281,INV-008173,2025-09-21,20815.28,ACH
PAY-0008282,INV-008174,2025-05-15,22868.4,ACH
PAY-0008283,INV-008175,2025-04-04,31069.17,Wire
PAY-0008284,INV-008177,2024-11-10,14850.03,ACH
PAY-0008285,INV-008179,2024-05-14,12738.31,Wire
PAY-0008286,INV-008179,2024-06-06,18935.74,ACH
PAY-0008287,INV-008180,2025-05-17,21034.68,Check
PAY-0008288,INV-008181,2025-03-20,17570.54,ACH
PAY-0008289,INV-008182,2024-12-02,15485.53,Wire
PAY-0008290,INV-008185,2024-05-30,23916.46,ACH
PAY-0008291,INV-008186,2025-04-13,13582.95,ACH
PAY-0008292,INV-008187,2025-03-12,13516.59,ACH
PAY-0008293,INV-008188,2026-01-05,24588.84,ACH
PAY-0008294,INV-008189,2025-09-16,13381.68,Wire
PAY-0008295,INV-008191,2025-03-02,16605.56,Check
PAY-0008296,INV-008193,2025-03-23,19649.94,Wire
PAY-0008297,INV-008194,2025-08-11,9533.02,ACH
PAY-0008298,INV-008197,2025-01-13,30613.89,ACH
PAY-0008299,INV-008198,2025-12-27,4961.6,Wire
PAY-0008300,INV-008198,2026-01-14,4168.46,ACH
PAY-0008301,INV-008200,2024-06-15,27766.19,ACH
PAY-0008302,INV-008201,2024-05-28,16585.92,ACH
PAY-0008303,INV-008202,2025-06-22,10500.78,ACH
PAY-0008304,INV-008203,2024-06-15,24962.77,ACH
PAY-0008305,INV-008204,2025-05-03,5240.56,ACH
PAY-0008306,INV-008204,2025-05-25,7336.65,ACH
PAY-0008307,INV-008205,2024-10-21,16855.82,Wire
PAY-0008308,INV-008207,2025-12-21,31622.68,Wire
PAY-0008309,INV-008208,2024-05-09,11957.91,Check
PAY-0008310,INV-008209,2024-09-29,16155.61,ACH
PAY-0008311,INV-008210,2025-12-30,29443.4,ACH
PAY-0008312,INV-008211,2024-06-07,11125.64,ACH
PAY-0008313,INV-008212,2024-09-11,27967.05,Wire
PAY-0008314,INV-008213,2024-06-30,29420.6,Wire
PAY-0008315,INV-008214,2024-08-09,5402.72,ACH
PAY-0008316,INV-008215,2025-09-10,11909.01,Wire
PAY-0008317,INV-008216,2025-08-09,6228.32,Wire
PAY-0008318,INV-008217,2025-09-12,6470.08,Check
PAY-0008319,INV-008218,2025-02-23,21931.44,ACH
PAY-0008320,INV-008219,2026-01-11,31658.87,ACH
PAY-0008321,INV-008220,2025-05-17,5905.29,ACH
PAY-0008322,INV-008220,2025-05-31,7795.75,ACH
PAY-0008323,INV-008221,2025-11-11,8061.37,ACH
PAY-0008324,INV-008222,2025-10-18,22149.34,ACH
PAY-0008325,INV-008223,2024-08-11,9132.23,ACH
PAY-0008326,INV-008223,2024-08-25,6714.41,ACH
PAY-0008327,INV-008224,2024-05-02,13636.03,Wire
PAY-0008328,INV-008225,2025-07-21,23592.53,ACH
PAY-0008329,INV-008228,2024-07-11,10400.0,Check
PAY-0008330,INV-008229,2025-03-14,23302.73,ACH
PAY-0008331,INV-008230,2025-08-07,14130.14,Wire
PAY-0008332,INV-008231,2024-11-23,9572.95,ACH
PAY-0008333,INV-008232,2024-05-30,19454.34,ACH
PAY-0008334,INV-008233,2025-10-25,26765.64,ACH
PAY-0008335,INV-008234,2025-07-05,31769.99,Check
PAY-0008336,INV-008235,2024-09-13,11364.3,ACH
PAY-0008337,INV-008236,2024-06-21,10186.67,ACH
PAY-0008338,INV-008237,2025-01-17,7480.28,ACH
PAY-0008339,INV-008238,2026-01-27,23832.79,Wire
PAY-0008340,INV-008239,2025-05-02,19883.84,ACH
PAY-0008341,INV-008240,2025-02-14,12078.04,ACH
PAY-0008342,INV-008241,2024-11-20,30990.8,ACH
PAY-0008343,INV-008242,2024-12-26,17856.07,ACH
PAY-0008344,INV-008243,2024-11-02,14382.04,ACH
PAY-0008345,INV-008244,2025-04-03,31521.43,Wire
PAY-0008346,INV-008245,2024-07-17,25942.4,ACH
PAY-0008347,INV-008246,2025-09-02,25142.1,ACH
PAY-0008348,INV-008247,2025-09-09,26887.85,ACH
PAY-0008349,INV-008248,2025-08-24,5328.14,ACH
PAY-0008350,INV-008249,2024-09-02,8118.11,Check
PAY-0008351,INV-008249,2024-09-22,8534.05,ACH
PAY-0008352,INV-008250,2024-06-04,28594.31,Wire
PAY-0008353,INV-008251,2024-09-18,5957.66,ACH
PAY-0008354,INV-008252,2025-12-30,25433.67,Check
PAY-0008355,INV-008254,2025-02-10,17114.99,Check
PAY-0008356,INV-008255,2024-04-13,17807.15,Check
PAY-0008357,INV-008256,2024-08-22,12795.38,ACH
PAY-0008358,INV-008257,2024-07-08,28256.21,ACH
PAY-0008359,INV-008258,2025-11-13,29494.37,ACH
PAY-0008360,INV-008259,2026-01-27,23319.2,ACH
PAY-0008361,INV-008260,2025-06-18,4313.53,ACH
PAY-0008362,INV-008260,2025-07-03,5035.21,Wire
PAY-0008363,INV-008261,2025-06-21,18103.71,ACH
PAY-0008364,INV-008262,2024-11-25,29780.15,ACH
PAY-0008365,INV-008263,2024-09-14,7187.69,ACH
PAY-0008366,INV-008264,2025-09-09,11789.54,ACH
PAY-0008367,INV-008265,2025-12-19,31068.7,ACH
PAY-0008368,INV-008266,2024-04-03,30563.88,ACH
PAY-0008369,INV-008267,2024-11-10,24625.39,ACH
PAY-0008370,INV-008268,2025-12-24,2818.77,Wire
PAY-0008371,INV-008268,2026-01-17,2514.49,ACH
PAY-0008372,INV-008269,2025-10-17,8903.28,ACH
PAY-0008373,INV-008270,2025-08-06,8387.99,ACH
PAY-0008374,INV-008271,2025-06-27,8500.74,ACH
PAY-0008375,INV-008273,2025-10-06,14130.16,ACH
PAY-0008376,INV-008274,2025-01-21,6067.34,ACH
PAY-0008377,INV-008275,2025-03-11,29663.42,Wire
PAY-0008378,INV-008276,2024-05-08,12374.15,ACH
PAY-0008379,INV-008277,2025-05-05,12125.1,ACH
PAY-0008380,INV-008278,2024-09-11,16383.35,ACH
PAY-0008381,INV-008279,2025-09-28,26903.71,Wire
PAY-0008382,INV-008280,2024-08-28,19661.17,ACH
PAY-0008383,INV-008281,2025-12-15,19725.58,Check
PAY-0008384,INV-008283,2025-11-18,27417.75,ACH
PAY-0008385,INV-008284,2024-04-05,22924.79,Wire
PAY-0008386,INV-008285,2024-08-07,5867.75,Check
PAY-0008387,INV-008286,2024-10-19,27980.47,ACH
PAY-0008388,INV-008287,2025-10-30,27808.54,ACH
PAY-0008389,INV-008288,2025-08-28,24688.95,ACH
PAY-0008390,INV-008289,2024-08-27,5383.8,ACH
PAY-0008391,INV-008289,2024-09-11,5419.99,Wire
PAY-0008392,INV-008290,2025-12-25,25795.12,ACH
PAY-0008393,INV-008291,2024-11-05,12113.46,ACH
PAY-0008394,INV-008292,2024-06-15,12668.87,Wire
PAY-0008395,INV-008293,2024-10-10,7791.81,Wire
PAY-0008396,INV-008293,2024-10-29,5700.69,Check
PAY-0008397,INV-008294,2025-03-30,11755.82,ACH
PAY-0008398,INV-008294,2025-04-15,12871.95,Wire
PAY-0008399,INV-008295,2024-05-28,25408.17,Wire
PAY-0008400,INV-008296,2024-03-26,12190.4,ACH
PAY-0008401,INV-008297,2025-02-14,22942.77,Wire
PAY-0008402,INV-008298,2024-04-28,15917.98,ACH
PAY-0008403,INV-008299,2025-11-25,18956.18,Wire
PAY-0008404,INV-008300,2024-12-31,8331.45,ACH
PAY-0008405,INV-008300,2025-01-23,11839.52,ACH
PAY-0008406,INV-008301,2024-10-01,28837.67,Wire
PAY-0008407,INV-008302,2026-02-23,17831.15,ACH
PAY-0008408,INV-008303,2025-06-03,24512.79,Wire
PAY-0008409,INV-008304,2025-08-11,12682.2,ACH
PAY-0008410,INV-008305,2024-11-17,16191.31,Wire
PAY-0008411,INV-008306,2024-06-02,12224.56,ACH
PAY-0008412,INV-008307,2024-11-19,10053.82,Wire
PAY-0008413,INV-008309,2024-10-22,18288.59,Wire
PAY-0008414,INV-008311,2024-12-10,5747.33,ACH
PAY-0008415,INV-008312,2024-08-24,24475.5,ACH
PAY-0008416,INV-008313,2025-07-03,14560.94,ACH
PAY-0008417,INV-008315,2024-07-01,5930.35,ACH
PAY-0008418,INV-008316,2025-08-24,24233.32,ACH
PAY-0008419,INV-008317,2024-09-28,27745.07,Wire
PAY-0008420,INV-008318,2024-10-06,27543.17,ACH
PAY-0008421,INV-008319,2024-06-26,18971.84,ACH
PAY-0008422,INV-008320,2025-12-26,27083.95,ACH
PAY-0008423,INV-008321,2026-01-09,7517.46,Wire
PAY-0008424,INV-008322,2025-11-27,16014.63,ACH
PAY-0008425,INV-008323,2025-10-16,6970.14,ACH
PAY-0008426,INV-008324,2024-04-04,16587.01,ACH
PAY-0008427,INV-008325,2024-11-14,11798.53,Wire
PAY-0008428,INV-008326,2024-06-12,11464.41,Wire
PAY-0008429,INV-008326,2024-06-29,14281.98,ACH
PAY-0008430,INV-008327,2025-07-23,5010.75,ACH
PAY-0008431,INV-008328,2025-12-30,29943.77,Wire
PAY-0008432,INV-008329,2024-09-24,21995.85,ACH
PAY-0008433,INV-008330,2024-06-10,30375.76,ACH
PAY-0008434,INV-008331,2024-06-11,18874.03,Wire
PAY-0008435,INV-008332,2024-09-08,12489.83,ACH
PAY-0008436,INV-008333,2025-09-06,23790.54,Wire
PAY-0008437,INV-008334,2025-12-04,26809.5,ACH
PAY-0008438,INV-008335,2025-10-14,15015.31,ACH
PAY-0008439,INV-008335,2025-11-01,13824.42,Wire
PAY-0008440,INV-008336,2026-02-14,16055.16,Wire
PAY-0008441,INV-008337,2026-01-09,9118.07,Wire
PAY-0008442,INV-008338,2024-11-08,29266.44,ACH
PAY-0008443,INV-008339,2024-12-16,27313.64,Wire
PAY-0008444,INV-008340,2025-11-27,29184.49,ACH
PAY-0008445,INV-008341,2025-09-02,31423.06,Wire
PAY-0008446,INV-008342,2024-08-10,26677.34,Check
PAY-0008447,INV-008343,2025-08-05,6081.88,ACH
PAY-0008448,INV-008344,2025-12-18,18999.39,ACH
PAY-0008449,INV-008345,2025-10-24,28920.35,ACH
PAY-0008450,INV-008346,2025-07-22,26220.53,ACH
PAY-0008451,INV-008347,2025-03-17,28400.44,Wire
PAY-0008452,INV-008349,2024-09-13,21894.43,ACH
PAY-0008453,INV-008350,2025-06-26,23647.0,ACH
PAY-0008454,INV-008351,2025-06-30,3643.23,ACH
PAY-0008455,INV-008351,2025-07-14,5411.63,ACH
PAY-0008456,INV-008352,2025-03-22,17379.64,ACH
PAY-0008457,INV-008354,2025-10-19,16026.67,ACH
PAY-0008458,INV-008355,2025-08-19,28090.99,ACH
PAY-0008459,INV-008357,2025-02-15,27376.89,ACH
PAY-0008460,INV-008358,2025-04-23,25058.25,Wire
PAY-0008461,INV-008359,2025-08-17,20450.74,ACH
PAY-0008462,INV-008360,2025-07-26,15499.88,ACH
PAY-0008463,INV-008361,2024-08-01,30563.87,ACH
PAY-0008464,INV-008362,2025-08-10,9872.84,ACH
PAY-0008465,INV-008363,2024-12-30,21198.14,ACH
PAY-0008466,INV-008364,2025-11-30,15229.16,Wire
PAY-0008467,INV-008365,2025-02-18,24406.46,Check
PAY-0008468,INV-008366,2024-05-17,9305.11,Wire
PAY-0008469,INV-008367,2024-04-03,15453.24,Check
PAY-0008470,INV-008368,2024-09-11,28347.41,ACH
PAY-0008471,INV-008369,2025-12-19,9941.36,ACH
PAY-0008472,INV-008370,2024-05-01,30145.7,Check
PAY-0008473,INV-008371,2024-09-25,5612.46,Wire
PAY-0008474,INV-008372,2024-11-16,17461.74,ACH
PAY-0008475,INV-008373,2024-06-27,25816.32,Check
PAY-0008476,INV-008374,2025-09-18,13599.69,ACH
PAY-0008477,INV-008375,2026-02-03,7513.09,ACH
PAY-0008478,INV-008375,2026-02-16,8242.15,ACH
PAY-0008479,INV-008376,2025-01-13,28129.67,ACH
PAY-0008480,INV-008377,2025-08-19,10988.76,ACH
PAY-0008481,INV-008378,2025-08-22,28812.33,ACH
PAY-0008482,INV-008379,2024-08-20,10482.23,ACH
PAY-0008483,INV-008380,2025-10-04,5790.56,ACH
PAY-0008484,INV-008381,2025-10-21,8411.02,ACH
PAY-0008485,INV-008382,2025-01-08,30636.54,Check
PAY-0008486,INV-008383,2024-06-06,23901.04,ACH
PAY-0008487,INV-008385,2024-09-13,31001.56,ACH
PAY-0008488,INV-008386,2025-04-19,9186.52,ACH
PAY-0008489,INV-008387,2024-10-05,4915.61,ACH
PAY-0008490,INV-008387,2024-10-29,6651.82,Wire
PAY-0008491,INV-008388,2025-06-12,10883.44,ACH
PAY-0008492,INV-008389,2026-02-22,10437.59,ACH
PAY-0008493,INV-008390,2024-02-21,3244.14,ACH
PAY-0008494,INV-008391,2024-04-17,2242.84,ACH
PAY-0008495,INV-008392,2024-08-03,970.03,Wire
PAY-0008496,INV-008393,2024-06-05,3693.67,Wire
PAY-0008497,INV-008394,2025-08-02,1214.42,ACH
PAY-0008498,INV-008395,2025-10-14,1314.03,Wire
PAY-0008499,INV-008395,2025-10-24,1821.92,ACH
PAY-0008500,INV-008396,2025-04-26,2115.79,Check
PAY-0008501,INV-008397,2025-09-25,505.09,ACH
PAY-0008502,INV-008398,2024-06-12,2760.72,ACH
PAY-0008503,INV-008399,2025-03-17,1094.9,ACH
PAY-0008504,INV-008400,2024-06-13,3180.18,ACH
PAY-0008505,INV-008401,2024-12-29,1343.28,ACH
PAY-0008506,INV-008402,2025-04-28,2313.24,Wire
PAY-0008507,INV-008403,2024-12-25,1644.38,ACH
PAY-0008508,INV-008404,2024-06-13,1089.72,Check
PAY-0008509,INV-008405,2025-02-01,505.02,Check
PAY-0008510,INV-008407,2025-09-22,1215.87,ACH
PAY-0008511,INV-008407,2025-10-07,1144.98,ACH
PAY-0008512,INV-008408,2024-10-25,1488.21,ACH
PAY-0008513,INV-008409,2024-10-05,3536.29,ACH
PAY-0008514,INV-008410,2025-07-09,3394.84,Wire
PAY-0008515,INV-008411,2025-03-18,1487.11,Check
PAY-0008516,INV-008412,2025-12-23,3121.33,ACH
PAY-0008517,INV-008414,2024-09-06,3754.42,ACH
PAY-0008518,INV-008416,2025-03-11,3424.05,ACH
PAY-0008519,INV-008417,2025-01-21,3066.04,ACH
PAY-0008520,INV-008418,2024-04-13,2791.58,ACH
PAY-0008521,INV-008419,2025-02-26,1438.08,Wire
PAY-0008522,INV-008419,2025-03-09,1874.62,Wire
PAY-0008523,INV-008420,2025-01-18,1667.5,ACH
PAY-0008524,INV-008420,2025-02-02,1348.86,ACH
PAY-0008525,INV-008421,2025-06-13,3905.54,Wire
PAY-0008526,INV-008422,2025-04-20,3814.1,ACH
PAY-0008527,INV-008423,2024-08-31,992.31,ACH
PAY-0008528,INV-008424,2025-12-12,2907.52,ACH
PAY-0008529,INV-008425,2024-10-17,927.78,ACH
PAY-0008530,INV-008426,2024-06-12,584.57,ACH
PAY-0008531,INV-008427,2025-12-22,3435.18,ACH
PAY-0008532,INV-008428,2024-04-04,654.62,Wire
PAY-0008533,INV-008428,2024-04-15,970.26,Wire
PAY-0008534,INV-008429,2025-01-27,2375.48,ACH
PAY-0008535,INV-008430,2025-05-04,2303.89,Wire
PAY-0008536,INV-008431,2024-07-30,2663.89,Wire
PAY-0008537,INV-008432,2025-09-08,2506.64,Check
PAY-0008538,INV-008433,2026-01-26,2521.29,Check
PAY-0008539,INV-008434,2025-07-25,3422.81,Wire
PAY-0008540,INV-008435,2024-03-18,2547.91,Check
PAY-0008541,INV-008436,2024-09-16,2670.72,ACH
PAY-0008542,INV-008437,2024-05-03,1250.19,ACH
PAY-0008543,INV-008438,2026-01-13,2701.46,Wire
PAY-0008544,INV-008439,2024-02-23,695.06,Check
PAY-0008545,INV-008440,2025-09-29,1730.63,ACH
PAY-0008546,INV-008441,2026-02-11,2624.61,ACH
PAY-0008547,INV-008442,2024-08-19,2566.4,ACH
PAY-0008548,INV-008443,2025-12-20,975.24,ACH
PAY-0008549,INV-008443,2026-01-09,905.12,Wire
PAY-0008550,INV-008444,2025-02-07,3167.81,ACH
PAY-0008551,INV-008445,2024-04-26,1548.97,Wire
PAY-0008552,INV-008446,2024-12-06,2189.71,ACH
PAY-0008553,INV-008447,2024-07-24,3336.63,ACH
PAY-0008554,INV-008448,2025-08-24,730.2,ACH
PAY-0008555,INV-008449,2025-11-06,2497.74,ACH
PAY-0008556,INV-008450,2025-10-10,1798.79,ACH
PAY-0008557,INV-008452,2024-03-31,1118.83,ACH
PAY-0008558,INV-008453,2025-01-19,2965.66,Check
PAY-0008559,INV-008454,2025-11-23,1779.34,Wire
PAY-0008560,INV-008454,2025-12-03,1811.39,ACH
PAY-0008561,INV-008455,2025-09-21,946.91,Check
PAY-0008562,INV-008456,2024-02-14,3250.95,Wire
PAY-0008563,INV-008458,2024-10-03,3465.07,ACH
PAY-0008564,INV-008459,2024-03-02,1542.46,Check
PAY-0008565,INV-008460,2026-01-19,2288.95,Wire
PAY-0008566,INV-008461,2025-10-07,3395.67,ACH
PAY-0008567,INV-008462,2024-08-15,504.89,ACH
PAY-0008568,INV-008463,2025-01-01,2758.22,ACH
PAY-0008569,INV-008464,2025-04-06,2440.9,ACH
PAY-0008570,INV-008465,2024-11-29,2533.96,ACH
PAY-0008571,INV-008466,2024-08-16,3079.79,ACH
PAY-0008572,INV-008467,2025-10-06,439.39,Wire
PAY-0008573,INV-008467,2025-10-18,653.24,ACH
PAY-0008574,INV-008468,2024-08-22,3937.1,ACH
PAY-0008575,INV-008469,2025-01-24,3987.28,ACH
PAY-0008576,INV-008470,2025-06-30,1001.82,ACH
PAY-0008577,INV-008471,2024-09-19,2431.0,ACH
PAY-0008578,INV-008472,2025-02-22,2955.97,Wire
PAY-0008579,INV-008473,2024-10-11,1303.86,ACH
PAY-0008580,INV-008473,2024-11-04,1230.52,Wire
PAY-0008581,INV-008474,2025-10-25,2173.38,ACH
PAY-0008582,INV-008475,2024-09-07,758.5,Check
PAY-0008583,INV-008475,2024-09-18,949.26,Check
PAY-0008584,INV-008476,2025-06-13,676.67,ACH
PAY-0008585,INV-008477,2024-09-06,1469.51,ACH
PAY-0008586,INV-008477,2024-09-24,1163.17,Wire
PAY-0008587,INV-008478,2024-05-22,2641.54,Wire
PAY-0008588,INV-008479,2026-01-03,3822.55,ACH
PAY-0008589,INV-008480,2024-06-15,794.14,Wire
PAY-0008590,INV-008481,2025-11-09,2648.76,ACH
PAY-0008591,INV-008482,2025-11-23,3023.47,Check
PAY-0008592,INV-008483,2024-05-01,1255.83,ACH
PAY-0008593,INV-008484,2025-09-02,1284.96,ACH
PAY-0008594,INV-008485,2025-07-05,1978.63,Wire
PAY-0008595,INV-008486,2024-07-23,2586.74,ACH
PAY-0008596,INV-008487,2025-10-08,1507.48,Wire
PAY-0008597,INV-008488,2024-12-21,10658.33,ACH
PAY-0008598,INV-008489,2024-03-25,5971.53,Check
PAY-0008599,INV-008490,2026-01-08,1702.9,ACH
PAY-0008600,INV-008491,2025-07-11,7392.47,ACH
PAY-0008601,INV-008492,2025-02-19,1279.22,ACH
PAY-0008602,INV-008492,2025-03-12,945.87,Wire
PAY-0008603,INV-008493,2024-06-22,2441.49,Wire
PAY-0008604,INV-008494,2025-10-20,7170.07,Wire
PAY-0008605,INV-008495,2024-08-17,8828.42,ACH
PAY-0008606,INV-008496,2025-07-24,9196.49,ACH
PAY-0008607,INV-008497,2026-01-11,3393.9,ACH
PAY-0008608,INV-008498,2024-07-20,4688.2,ACH
PAY-0008609,INV-008499,2026-01-14,2039.62,ACH
PAY-0008610,INV-008500,2025-06-22,8340.26,ACH
PAY-0008611,INV-008501,2025-11-12,10580.31,ACH
PAY-0008612,INV-008503,2025-07-13,2762.87,Wire
PAY-0008613,INV-008504,2024-08-18,9936.8,Wire
PAY-0008614,INV-008505,2025-09-28,7317.92,ACH
PAY-0008615,INV-008506,2025-12-05,3172.78,ACH
PAY-0008616,INV-008506,2025-12-15,2335.19,ACH
PAY-0008617,INV-008507,2025-01-26,9651.48,ACH
PAY-0008618,INV-008508,2024-12-06,6990.43,ACH
PAY-0008619,INV-008509,2024-03-01,5828.56,ACH
PAY-0008620,INV-008510,2024-03-28,4076.56,ACH
PAY-0008621,INV-008511,2025-08-27,3371.2,ACH
PAY-0008622,INV-008513,2024-11-12,2839.52,ACH
PAY-0008623,INV-008513,2024-11-23,2986.05,ACH
PAY-0008624,INV-008514,2024-10-17,11798.26,ACH
PAY-0008625,INV-008515,2024-03-28,9070.02,Wire
PAY-0008626,INV-008516,2024-06-15,8987.08,ACH
PAY-0008627,INV-008517,2024-07-20,11437.04,ACH
PAY-0008628,INV-008518,2025-09-26,3020.54,ACH
PAY-0008629,INV-008519,2024-12-29,4832.33,Wire
PAY-0008630,INV-008520,2025-09-13,10191.53,ACH
PAY-0008631,INV-008521,2024-02-04,10924.84,ACH
PAY-0008632,INV-008522,2025-10-23,8708.55,Wire
PAY-0008633,INV-008523,2024-05-21,3758.53,ACH
PAY-0008634,INV-008524,2024-10-23,5593.01,Wire
PAY-0008635,INV-008525,2024-06-30,10662.7,ACH
PAY-0008636,INV-008526,2024-10-13,6377.2,ACH
PAY-0008637,INV-008527,2024-12-02,10844.55,ACH
PAY-0008638,INV-008528,2025-06-12,6814.08,ACH
PAY-0008639,INV-008529,2025-04-20,2964.98,Check
PAY-0008640,INV-008531,2024-09-13,7213.54,ACH
PAY-0008641,INV-008532,2025-04-19,10395.71,ACH
PAY-0008642,INV-008533,2025-05-09,9996.45,Wire
PAY-0008643,INV-008534,2025-12-10,7961.54,ACH
PAY-0008644,INV-008535,2025-05-15,2658.3,Wire
PAY-0008645,INV-008536,2024-10-19,10257.4,Check
PAY-0008646,INV-008537,2024-06-22,6488.78,ACH
PAY-0008647,INV-008538,2025-04-28,8127.79,ACH
PAY-0008648,INV-008539,2025-05-06,6137.36,Wire
PAY-0008649,INV-008540,2025-04-11,3621.67,ACH
PAY-0008650,INV-008541,2024-03-30,10321.6,ACH
PAY-0008651,INV-008542,2025-03-09,2590.51,Wire
PAY-0008652,INV-008542,2025-03-27,3383.06,ACH
PAY-0008653,INV-008543,2024-12-28,10193.48,ACH
PAY-0008654,INV-008544,2025-11-04,2936.67,ACH
PAY-0008655,INV-008544,2025-11-23,3984.43,ACH
PAY-0008656,INV-008545,2025-11-23,5017.33,ACH
PAY-0008657,INV-008546,2025-03-07,11378.14,ACH
PAY-0008658,INV-008548,2024-03-20,2331.9,ACH
PAY-0008659,INV-008549,2024-12-15,5923.97,ACH
PAY-0008660,INV-008550,2025-12-16,9763.75,ACH
PAY-0008661,INV-008551,2024-05-15,10754.31,ACH
PAY-0008662,INV-008552,2024-07-21,8375.58,Wire
PAY-0008663,INV-008553,2024-12-12,10897.59,ACH
PAY-0008664,INV-008554,2024-09-21,3540.91,ACH
PAY-0008665,INV-008555,2024-05-28,9767.75,ACH
PAY-0008666,INV-008556,2025-04-26,11044.9,ACH
PAY-0008667,INV-008557,2024-12-21,7905.6,Wire
PAY-0008668,INV-008558,2024-02-04,4758.3,ACH
PAY-0008669,INV-008559,2025-08-16,10116.4,ACH
PAY-0008670,INV-008561,2026-01-17,1479.43,ACH
PAY-0008671,INV-008561,2026-02-05,2095.4,ACH
PAY-0008672,INV-008562,2025-07-15,1614.39,ACH
PAY-0008673,INV-008562,2025-08-05,2348.82,ACH
PAY-0008674,INV-008565,2025-07-17,9844.23,ACH
PAY-0008675,INV-008566,2024-05-04,11926.16,ACH
PAY-0008676,INV-008567,2024-12-21,1864.46,Wire
PAY-0008677,INV-008568,2024-10-05,3036.76,ACH
PAY-0008678,INV-008569,2025-08-24,7739.5,Check
PAY-0008679,INV-008570,2025-12-31,10323.64,ACH
PAY-0008680,INV-008573,2024-11-10,6761.58,ACH
PAY-0008681,INV-008574,2025-11-21,2650.24,ACH
PAY-0008682,INV-008576,2026-02-15,11467.03,ACH
PAY-0008683,INV-008577,2025-01-12,4320.35,Check
PAY-0008684,INV-008579,2024-07-28,10413.01,Wire
PAY-0008685,INV-008580,2025-11-01,5718.07,ACH
PAY-0008686,INV-008581,2024-04-14,7082.07,Wire
PAY-0008687,INV-008582,2025-02-19,8247.52,ACH
PAY-0008688,INV-008583,2024-08-27,9140.4,Wire
PAY-0008689,INV-008584,2024-06-23,2412.78,Wire
PAY-0008690,INV-008585,2026-02-02,7064.87,Check
PAY-0008691,INV-008586,2025-09-03,11914.47,Wire
PAY-0008692,INV-008588,2025-05-03,7615.52,ACH
PAY-0008693,INV-008589,2024-05-10,8317.18,Wire
PAY-0008694,INV-008590,2026-02-23,11157.11,ACH
PAY-0008695,INV-008591,2026-01-31,3000.01,ACH
PAY-0008696,INV-008592,2024-06-28,2452.89,Wire
PAY-0008697,INV-008594,2025-10-31,2281.71,ACH
PAY-0008698,INV-008595,2025-11-12,634.05,Wire
PAY-0008699,INV-008595,2025-12-05,876.73,ACH
PAY-0008700,INV-008596,2025-08-23,3661.05,Wire
PAY-0008701,INV-008597,2024-03-19,8397.92,Check
PAY-0008702,INV-008598,2024-03-23,3496.11,ACH
PAY-0008703,INV-008599,2025-03-10,3202.48,Wire
PAY-0008704,INV-008600,2024-06-13,2086.94,ACH
PAY-0008705,INV-008601,2024-07-04,10836.44,Check
PAY-0008706,INV-008602,2024-12-22,3515.33,ACH
PAY-0008707,INV-008603,2025-09-03,1630.85,Wire
PAY-0008708,INV-008604,2024-08-20,3291.15,ACH
PAY-0008709,INV-008605,2024-12-17,4026.7,Wire
PAY-0008710,INV-008606,2025-09-17,10404.73,ACH
PAY-0008711,INV-008607,2026-02-10,2042.2,ACH
PAY-0008712,INV-008608,2026-01-30,11491.25,ACH
PAY-0008713,INV-008609,2024-05-06,4951.15,ACH
PAY-0008714,INV-008611,2024-10-31,5638.48,ACH
PAY-0008715,INV-008611,2024-11-18,4473.99,Wire
PAY-0008716,INV-008612,2024-06-15,10906.72,Wire
PAY-0008717,INV-008613,2024-12-01,4470.62,Wire
PAY-0008718,INV-008615,2026-01-09,4801.92,ACH
PAY-0008719,INV-008617,2024-07-17,5856.5,Wire
PAY-0008720,INV-008618,2025-08-09,2006.22,ACH
PAY-0008721,INV-008619,2024-03-06,4849.71,ACH
PAY-0008722,INV-008619,2024-03-23,4805.21,Wire
PAY-0008723,INV-008620,2025-05-05,6789.35,ACH
PAY-0008724,INV-008621,2024-05-31,11862.22,ACH
PAY-0008725,INV-008623,2024-09-23,3935.78,ACH
PAY-0008726,INV-008624,2025-11-11,5625.34,ACH
PAY-0008727,INV-008625,2025-08-19,11425.7,ACH
PAY-0008728,INV-008626,2026-02-22,3899.0,Wire
PAY-0008729,INV-008626,2026-03-05,3807.35,ACH
PAY-0008730,INV-008627,2025-03-22,2324.84,ACH
PAY-0008731,INV-008628,2024-10-12,8055.76,Wire
PAY-0008732,INV-008629,2024-08-24,10162.21,ACH
PAY-0008733,INV-008630,2024-10-29,9847.52,Wire
PAY-0008734,INV-008631,2025-02-02,4088.81,ACH
PAY-0008735,INV-008632,2024-05-10,2175.03,Wire
PAY-0008736,INV-008633,2025-08-10,5302.03,ACH
PAY-0008737,INV-008634,2024-07-02,3435.89,ACH
PAY-0008738,INV-008634,2024-07-20,4453.36,ACH
PAY-0008739,INV-008635,2024-06-10,11378.52,Check
PAY-0008740,INV-008636,2024-12-21,4492.49,ACH
PAY-0008741,INV-008637,2024-04-12,1896.2,ACH
PAY-0008742,INV-008637,2024-04-23,2255.72,ACH
PAY-0008743,INV-008638,2025-09-20,4753.84,ACH
PAY-0008744,INV-008639,2025-06-14,6321.37,ACH
PAY-0008745,INV-008640,2025-09-15,4453.59,ACH
PAY-0008746,INV-008641,2025-09-24,9982.41,ACH
PAY-0008747,INV-008642,2024-11-27,11344.93,ACH
PAY-0008748,INV-008643,2024-04-12,8726.39,ACH
PAY-0008749,INV-008644,2024-03-19,6342.33,Check
PAY-0008750,INV-008645,2024-10-19,3985.24,Wire
PAY-0008751,INV-008646,2025-11-29,3632.92,Check
PAY-0008752,INV-008647,2024-11-24,11809.31,ACH
PAY-0008753,INV-008648,2024-03-04,9798.06,ACH
PAY-0008754,INV-008649,2024-08-22,6004.04,Check
PAY-0008755,INV-008649,2024-09-15,5200.91,ACH
PAY-0008756,INV-008650,2025-10-17,4443.89,ACH
PAY-0008757,INV-008651,2024-08-21,3069.69,Check
PAY-0008758,INV-008651,2024-09-01,4027.16,ACH
PAY-0008759,INV-008652,2025-08-01,4860.28,ACH
PAY-0008760,INV-008652,2025-08-23,6283.73,ACH
PAY-0008761,INV-008653,2026-02-13,11024.79,Wire
PAY-0008762,INV-008655,2024-06-25,3007.0,ACH
PAY-0008763,INV-008656,2025-02-02,2562.11,ACH
PAY-0008764,INV-008656,2025-02-26,2382.76,Wire
PAY-0008765,INV-008658,2025-06-19,6274.6,Wire
PAY-0008766,INV-008659,2024-04-14,8173.19,ACH
PAY-0008767,INV-008660,2025-05-29,9179.39,ACH
PAY-0008768,INV-008661,2024-10-01,8311.32,ACH
PAY-0008769,INV-008662,2025-08-21,6867.32,Wire
PAY-0008770,INV-008664,2024-08-30,1854.11,ACH
PAY-0008771,INV-008666,2024-03-09,2111.47,ACH
PAY-0008772,INV-008667,2025-10-12,7758.62,ACH
PAY-0008773,INV-008668,2025-11-02,4567.8,ACH
PAY-0008774,INV-008669,2026-02-20,1823.89,ACH
PAY-0008775,INV-008670,2025-01-15,9100.74,ACH
PAY-0008776,INV-008671,2024-03-12,1149.93,Wire
PAY-0008777,INV-008671,2024-04-03,1390.21,Check
PAY-0008778,INV-008672,2024-09-20,7125.42,ACH
PAY-0008779,INV-008673,2025-10-26,3944.46,ACH
PAY-0008780,INV-008674,2025-03-22,1630.2,Wire
PAY-0008781,INV-008675,2025-10-25,2287.22,ACH
PAY-0008782,INV-008676,2026-01-30,9755.11,Wire
PAY-0008783,INV-008677,2025-04-13,1245.47,ACH
PAY-0008784,INV-008677,2025-05-05,1099.66,Wire
PAY-0008785,INV-008679,2025-11-19,9368.09,ACH
PAY-0008786,INV-008680,2026-02-01,6656.91,ACH
PAY-0008787,INV-008681,2025-11-04,3157.58,Check
PAY-0008788,INV-008682,2026-02-04,4610.07,ACH
PAY-0008789,INV-008682,2026-02-21,4142.58,Check
PAY-0008790,INV-008683,2026-02-02,2836.39,Wire
PAY-0008791,INV-008684,2025-06-30,10988.86,Wire
PAY-0008792,INV-008685,2025-12-06,6726.11,Wire
PAY-0008793,INV-008686,2024-06-23,9630.17,ACH
PAY-0008794,INV-008687,2024-09-23,5259.8,Check
PAY-0008795,INV-008688,2025-02-01,3069.95,Wire
PAY-0008796,INV-008689,2024-12-27,2678.68,ACH
PAY-0008797,INV-008690,2024-02-29,9538.28,ACH
PAY-0008798,INV-008691,2025-02-21,11342.03,ACH
PAY-0008799,INV-008692,2024-06-08,3866.95,Check
PAY-0008800,INV-008693,2025-06-15,9285.61,ACH
PAY-0008801,INV-008694,2024-08-10,4627.33,Wire
PAY-0008802,INV-008694,2024-09-02,4424.87,ACH
PAY-0008803,INV-008695,2025-10-04,2724.89,ACH
PAY-0008804,INV-008696,2025-09-30,11916.56,ACH
PAY-0008805,INV-008697,2025-03-18,10484.82,Wire
PAY-0008806,INV-008698,2025-06-23,8432.63,Wire
PAY-0008807,INV-008699,2024-05-15,3887.05,Check
PAY-0008808,INV-008699,2024-06-08,5193.2,ACH
PAY-0008809,INV-008700,2024-08-09,8987.5,ACH
PAY-0008810,INV-008701,2024-11-07,1556.16,Wire
PAY-0008811,INV-008701,2024-11-20,2104.45,Wire
PAY-0008812,INV-008702,2025-10-10,9259.7,ACH
PAY-0008813,INV-008703,2025-04-15,11331.59,Check
PAY-0008814,INV-008704,2025-12-13,7140.92,Check
PAY-0008815,INV-008705,2024-05-25,4851.98,ACH
PAY-0008816,INV-008706,2025-04-11,9362.05,ACH
PAY-0008817,INV-008707,2025-06-15,4253.99,Wire
PAY-0008818,INV-008708,2024-06-03,3290.86,ACH
PAY-0008819,INV-008709,2025-12-08,4703.55,Wire
PAY-0008820,INV-008710,2026-01-15,3625.3,ACH
PAY-0008821,INV-008711,2024-12-14,4791.55,ACH
PAY-0008822,INV-008712,2025-12-28,11894.58,ACH
PAY-0008823,INV-008713,2025-09-25,6937.92,Wire
PAY-0008824,INV-008714,2025-11-16,11930.62,Wire
PAY-0008825,INV-008715,2025-09-14,4707.54,ACH
PAY-0008826,INV-008716,2024-12-18,8080.46,Wire
PAY-0008827,INV-008717,2025-11-20,3740.81,ACH
PAY-0008828,INV-008717,2025-12-04,4645.91,Wire
PAY-0008829,INV-008718,2025-05-09,11404.32,Check
PAY-0008830,INV-008719,2025-08-29,6626.02,ACH
PAY-0008831,INV-008720,2026-01-27,4502.57,Wire
PAY-0008832,INV-008721,2025-06-04,11411.67,Wire
PAY-0008833,INV-008722,2024-02-20,11406.24,ACH
PAY-0008834,INV-008723,2025-01-27,5330.17,Check
PAY-0008835,INV-008723,2025-02-15,4674.29,ACH
PAY-0008836,INV-008724,2024-12-09,4247.26,ACH
PAY-0008837,INV-008724,2025-01-02,5496.13,ACH
PAY-0008838,INV-008725,2025-09-06,10524.91,Wire
PAY-0008839,INV-008726,2025-05-19,3275.23,Wire
PAY-0008840,INV-008726,2025-06-04,3481.39,ACH
PAY-0008841,INV-008727,2025-03-02,2085.31,Check
PAY-0008842,INV-008728,2026-01-25,11883.06,ACH
PAY-0008843,INV-008729,2025-01-18,3830.04,Wire
PAY-0008844,INV-008730,2025-02-17,5083.41,ACH
PAY-0008845,INV-008731,2025-01-12,9887.03,ACH
PAY-0008846,INV-008732,2026-02-22,3489.43,ACH
PAY-0008847,INV-008733,2025-01-18,10926.5,ACH
PAY-0008848,INV-008734,2025-07-11,10250.78,ACH
PAY-0008849,INV-008735,2025-06-10,5018.51,ACH
PAY-0008850,INV-008736,2026-02-06,5120.62,Wire
PAY-0008851,INV-008736,2026-02-25,5266.0,ACH
PAY-0008852,INV-008737,2026-02-07,5684.75,ACH
PAY-0008853,INV-008738,2025-09-07,10895.66,Wire
PAY-0008854,INV-008739,2024-10-11,9138.98,Wire
PAY-0008855,INV-008740,2024-05-29,9883.64,ACH
PAY-0008856,INV-008741,2024-04-14,5328.75,ACH
PAY-0008857,INV-008742,2024-03-02,9726.49,Wire
PAY-0008858,INV-008743,2025-03-22,8844.8,ACH
PAY-0008859,INV-008744,2024-08-06,10415.37,ACH
PAY-0008860,INV-008745,2026-01-05,9948.7,ACH
PAY-0008861,INV-008746,2025-09-05,3680.87,ACH
PAY-0008862,INV-008747,2024-09-08,5304.83,Wire
PAY-0008863,INV-008748,2025-05-26,9703.21,Wire
PAY-0008864,INV-008749,2024-06-11,6577.24,ACH
PAY-0008865,INV-008750,2025-12-28,4096.68,ACH
PAY-0008866,INV-008751,2024-05-31,5211.2,ACH
PAY-0008867,INV-008752,2026-02-03,4124.16,Check
PAY-0008868,INV-008753,2025-09-03,10686.11,ACH
PAY-0008869,INV-008754,2025-09-14,9452.64,ACH
PAY-0008870,INV-008755,2025-02-24,3836.18,ACH
PAY-0008871,INV-008756,2024-11-29,10425.7,Wire
PAY-0008872,INV-008757,2025-03-18,2966.75,Wire
PAY-0008873,INV-008758,2024-01-30,11705.2,ACH
PAY-0008874,INV-008759,2025-05-14,1743.52,ACH
PAY-0008875,INV-008760,2025-01-14,10604.26,ACH
PAY-0008876,INV-008761,2024-11-25,8368.66,ACH
PAY-0008877,INV-008762,2024-07-04,5874.35,Check
PAY-0008878,INV-008763,2025-06-23,1858.29,Wire
PAY-0008879,INV-008764,2024-12-16,5457.73,ACH
PAY-0008880,INV-008765,2024-10-24,8470.37,Wire
PAY-0008881,INV-008766,2024-02-08,4431.08,ACH
PAY-0008882,INV-008767,2025-03-01,8325.33,ACH
PAY-0008883,INV-008768,2025-06-30,1786.27,ACH
PAY-0008884,INV-008769,2024-09-22,8905.14,Check
PAY-0008885,INV-008770,2026-01-04,1644.43,ACH
PAY-0008886,INV-008770,2026-01-20,1393.87,Check
PAY-0008887,INV-008771,2025-11-09,7008.68,Check
PAY-0008888,INV-008772,2024-07-29,2784.6,ACH
PAY-0008889,INV-008773,2024-11-05,8502.98,ACH
PAY-0008890,INV-008774,2025-03-12,4349.16,ACH
PAY-0008891,INV-008774,2025-03-24,3242.29,Wire
PAY-0008892,INV-008775,2025-10-09,9057.42,ACH
PAY-0008893,INV-008776,2025-01-26,8853.65,Wire
PAY-0008894,INV-008777,2025-11-22,5350.92,Wire
PAY-0008895,INV-008778,2024-06-08,5066.18,ACH
PAY-0008896,INV-008779,2024-05-21,5574.97,Wire
PAY-0008897,INV-008779,2024-06-08,3916.33,Check
PAY-0008898,INV-008780,2024-02-08,8827.7,ACH
PAY-0008899,INV-008781,2025-10-03,2294.71,ACH
PAY-0008900,INV-008782,2025-02-22,4186.27,Wire
PAY-0008901,INV-008783,2025-02-22,8834.57,ACH
PAY-0008902,INV-008784,2025-01-19,11644.75,ACH
PAY-0008903,INV-008785,2025-06-09,10283.24,Wire
PAY-0008904,INV-008786,2025-07-06,3862.59,ACH
PAY-0008905,INV-008788,2024-06-09,8797.87,Wire
PAY-0008906,INV-008789,2025-02-13,7702.42,ACH
PAY-0008907,INV-008790,2024-09-03,1380.52,ACH
PAY-0008908,INV-008790,2024-09-14,2012.15,ACH
PAY-0008909,INV-008792,2024-07-05,7727.45,Wire
PAY-0008910,INV-008793,2024-03-11,6017.6,Wire
PAY-0008911,INV-008794,2025-12-26,10181.32,ACH
PAY-0008912,INV-008795,2024-06-03,3300.17,Wire
PAY-0008913,INV-008796,2024-08-06,2491.8,ACH
PAY-0008914,INV-008797,2025-08-17,8846.04,Check
PAY-0008915,INV-008798,2024-02-10,5615.8,Wire
PAY-0008916,INV-008799,2024-10-25,5562.49,ACH
PAY-0008917,INV-008800,2025-03-26,10791.15,Wire
PAY-0008918,INV-008801,2025-12-19,2116.4,ACH
PAY-0008919,INV-008803,2024-05-28,11486.65,ACH
PAY-0008920,INV-008804,2024-10-02,6736.79,ACH
PAY-0008921,INV-008805,2025-05-28,10931.46,ACH
PAY-0008922,INV-008806,2025-05-22,3460.34,ACH
PAY-0008923,INV-008807,2026-01-31,9513.3,Wire
PAY-0008924,INV-008808,2024-08-10,8903.78,ACH
PAY-0008925,INV-008809,2024-05-18,2279.91,Wire
PAY-0008926,INV-008810,2025-08-04,11490.81,ACH
PAY-0008927,INV-008811,2025-04-23,6659.54,ACH
PAY-0008928,INV-008812,2024-03-30,9723.03,Wire
PAY-0008929,INV-008814,2025-05-11,5252.17,Wire
PAY-0008930,INV-008814,2025-06-04,5013.58,Wire
PAY-0008931,INV-008815,2024-03-17,9149.28,Wire
PAY-0008932,INV-008816,2025-08-17,9389.73,Wire
PAY-0008933,INV-008817,2024-02-08,9032.11,ACH
PAY-0008934,INV-008818,2025-05-22,3713.19,ACH
PAY-0008935,INV-008819,2024-11-03,8200.05,Wire
PAY-0008936,INV-008820,2024-07-13,6806.57,ACH
PAY-0008937,INV-008821,2024-09-19,7150.12,Wire
PAY-0008938,INV-008822,2025-10-25,9141.35,ACH
PAY-0008939,INV-008823,2025-10-10,5931.03,ACH
PAY-0008940,INV-008824,2024-12-18,6793.61,ACH
PAY-0008941,INV-008825,2025-11-19,9998.63,ACH
PAY-0008942,INV-008827,2024-07-21,3912.96,ACH
PAY-0008943,INV-008828,2024-11-17,5743.39,Wire
PAY-0008944,INV-008829,2025-06-25,5283.37,ACH
PAY-0008945,INV-008830,2024-09-24,8218.41,ACH
PAY-0008946,INV-008831,2025-08-18,6382.95,Wire
PAY-0008947,INV-008832,2024-04-30,1525.35,Wire
PAY-0008948,INV-008833,2024-05-02,11714.43,Wire
PAY-0008949,INV-008834,2024-12-29,5496.26,Wire
PAY-0008950,INV-008835,2025-08-30,9711.46,ACH
PAY-0008951,INV-008836,2024-01-29,11406.44,ACH
PAY-0008952,INV-008837,2025-04-28,3741.26,ACH
PAY-0008953,INV-008837,2025-05-13,3945.56,ACH
PAY-0008954,INV-008839,2025-05-31,2521.33,ACH
PAY-0008955,INV-008840,2025-07-05,9215.72,ACH
PAY-0008956,INV-008841,2024-09-03,7655.09,ACH
PAY-0008957,INV-008842,2024-04-18,10874.8,ACH
PAY-0008958,INV-008843,2026-01-20,10781.75,ACH
PAY-0008959,INV-008844,2025-05-01,1533.91,ACH
PAY-0008960,INV-008845,2026-01-19,3327.75,ACH
PAY-0008961,INV-008847,2025-04-15,11101.4,ACH
PAY-0008962,INV-008848,2024-03-02,10803.99,ACH
PAY-0008963,INV-008849,2024-10-03,9618.25,Check
PAY-0008964,INV-008850,2025-05-26,5041.34,Check
PAY-0008965,INV-008851,2026-01-11,6942.88,ACH
PAY-0008966,INV-008852,2025-11-12,7236.16,ACH
PAY-0008967,INV-008853,2025-11-19,9272.12,Wire
PAY-0008968,INV-008854,2025-08-31,3164.25,ACH
PAY-0008969,INV-008855,2024-04-28,5448.12,Wire
PAY-0008970,INV-008856,2024-04-25,6419.49,ACH
PAY-0008971,INV-008857,2025-09-26,9080.69,Wire
PAY-0008972,INV-008858,2025-10-04,9179.29,ACH
PAY-0008973,INV-008859,2024-08-03,1725.53,ACH
PAY-0008974,INV-008860,2024-02-21,5066.26,ACH
PAY-0008975,INV-008860,2024-03-09,4017.07,ACH
PAY-0008976,INV-008861,2024-03-03,10392.72,ACH
PAY-0008977,INV-008862,2026-02-02,8250.33,ACH
PAY-0008978,INV-008864,2024-03-17,5213.17,Wire
PAY-0008979,INV-008865,2024-11-02,2649.91,Wire
PAY-0008980,INV-008866,2025-07-05,7052.62,ACH
PAY-0008981,INV-008867,2024-08-11,9220.34,Check
PAY-0008982,INV-008868,2024-08-31,4765.75,ACH
PAY-0008983,INV-008868,2024-09-10,6371.5,ACH
PAY-0008984,INV-008869,2024-06-12,2946.02,Wire
PAY-0008985,INV-008870,2024-10-09,10703.82,ACH
PAY-0008986,INV-008871,2025-09-08,2715.19,ACH
PAY-0008987,INV-008871,2025-09-19,2751.0,Wire
PAY-0008988,INV-008872,2024-10-21,9691.6,ACH
PAY-0008989,INV-008873,2025-06-13,9684.76,ACH
PAY-0008990,INV-008875,2026-01-09,8292.78,Wire
PAY-0008991,INV-008876,2025-08-20,8150.14,ACH
PAY-0008992,INV-008877,2025-12-23,7946.35,ACH
PAY-0008993,INV-008878,2025-02-26,7854.81,ACH
PAY-0008994,INV-008879,2024-08-08,11489.73,Check
PAY-0008995,INV-008880,2024-08-01,7027.16,Wire
PAY-0008996,INV-008881,2025-09-30,3337.27,ACH
PAY-0008997,INV-008882,2025-03-04,7806.68,Check
PAY-0008998,INV-008883,2025-01-02,9753.96,ACH
PAY-0008999,INV-008884,2026-02-03,10916.37,ACH
PAY-0009000,INV-008885,2025-03-26,4636.34,Wire
PAY-0009001,INV-008886,2025-07-31,11360.88,Wire
PAY-0009002,INV-008887,2025-08-28,2438.66,ACH
PAY-0009003,INV-008888,2024-09-23,10540.14,Wire
PAY-0009004,INV-008889,2025-10-15,3348.17,ACH
PAY-0009005,INV-008890,2025-11-22,10548.68,ACH
PAY-0009006,INV-008891,2025-01-06,9039.81,ACH
PAY-0009007,INV-008892,2024-09-11,11369.08,ACH
PAY-0009008,INV-008893,2025-11-10,2388.42,ACH
PAY-0009009,INV-008894,2025-06-28,3440.24,ACH
PAY-0009010,INV-008895,2025-12-20,7209.66,ACH
PAY-0009011,INV-008896,2025-01-25,2550.1,ACH
PAY-0009012,INV-008897,2025-07-17,5233.76,ACH
PAY-0009013,INV-008898,2025-07-26,7758.28,ACH
PAY-0009014,INV-008899,2024-06-01,3994.84,ACH
PAY-0009015,INV-008900,2024-03-30,6161.72,ACH
PAY-0009016,INV-008900,2024-04-20,5055.45,ACH
PAY-0009017,INV-008901,2024-04-08,7516.05,Wire
PAY-0009018,INV-008902,2024-03-22,11675.63,Wire
PAY-0009019,INV-008903,2025-12-16,4611.25,ACH
PAY-0009020,INV-008904,2026-02-14,2339.53,ACH
PAY-0009021,INV-008905,2024-12-07,3916.25,Wire
PAY-0009022,INV-008906,2025-07-03,2012.83,ACH
PAY-0009023,INV-008907,2025-07-15,8834.18,Wire
PAY-0009024,INV-008908,2026-02-07,8173.21,ACH
PAY-0009025,INV-008909,2024-04-07,4123.02,ACH
PAY-0009026,INV-008910,2024-06-13,4408.75,ACH
PAY-0009027,INV-008911,2025-05-10,3272.38,Wire
PAY-0009028,INV-008912,2024-09-15,11447.99,ACH
PAY-0009029,INV-008913,2024-03-03,7684.88,ACH
PAY-0009030,INV-008915,2026-01-09,1958.23,ACH
PAY-0009031,INV-008916,2025-10-16,10002.74,ACH
PAY-0009032,INV-008917,2025-10-13,9172.57,Wire
PAY-0009033,INV-008918,2024-03-07,3157.81,ACH
PAY-0009034,INV-008918,2024-03-19,3808.96,ACH
PAY-0009035,INV-008919,2024-12-04,9646.0,ACH
PAY-0009036,INV-008920,2025-01-13,9165.19,Wire
PAY-0009037,INV-008921,2025-11-27,11977.08,ACH
PAY-0009038,INV-008923,2025-01-08,2545.79,ACH
PAY-0009039,INV-008924,2025-09-16,10965.93,ACH
PAY-0009040,INV-008925,2024-10-15,6504.25,Check
PAY-0009041,INV-008926,2025-02-04,6272.74,ACH
PAY-0009042,INV-008926,2025-02-20,5377.51,Wire
PAY-0009043,INV-008928,2024-02-12,10898.15,ACH
PAY-0009044,INV-008929,2024-08-11,4792.33,ACH
PAY-0009045,INV-008930,2025-11-29,11820.12,ACH
PAY-0009046,INV-008931,2024-08-31,3460.51,ACH
PAY-0009047,INV-008932,2024-12-06,4275.26,ACH
PAY-0009048,INV-008933,2025-12-07,3124.07,Wire
PAY-0009049,INV-008934,2025-07-01,2802.02,Wire
PAY-0009050,INV-008935,2024-02-27,1148.0,Wire
PAY-0009051,INV-008936,2025-03-05,2758.02,ACH
PAY-0009052,INV-008937,2025-11-26,1221.81,ACH
PAY-0009053,INV-008938,2026-02-01,2684.12,Check
PAY-0009054,INV-008939,2024-04-17,2489.64,ACH
PAY-0009055,INV-008941,2024-08-30,505.46,ACH
PAY-0009056,INV-008942,2025-01-20,2075.82,ACH
PAY-0009057,INV-008943,2024-09-30,2353.72,ACH
PAY-0009058,INV-008946,2024-07-09,1124.5,Wire
PAY-0009059,INV-008947,2025-06-11,3332.38,Wire
PAY-0009060,INV-008948,2025-08-28,2196.72,ACH
PAY-0009061,INV-008949,2024-05-24,1334.57,ACH
PAY-0009062,INV-008949,2024-06-10,1066.13,Wire
PAY-0009063,INV-008950,2024-11-22,1837.44,ACH
PAY-0009064,INV-008951,2025-05-11,3060.2,Check
PAY-0009065,INV-008952,2024-05-26,2807.53,Wire
PAY-0009066,INV-008953,2025-07-22,2938.18,ACH
PAY-0009067,INV-008954,2024-08-15,1517.37,ACH
PAY-0009068,INV-008954,2024-08-29,2150.16,ACH
PAY-0009069,INV-008955,2026-01-05,2587.65,ACH
PAY-0009070,INV-008956,2025-03-31,3288.87,Wire
PAY-0009071,INV-008957,2025-08-26,953.01,ACH
PAY-0009072,INV-008958,2024-02-21,433.84,Check
PAY-0009073,INV-008958,2024-03-05,636.43,ACH
PAY-0009074,INV-008959,2024-09-16,1573.42,ACH
PAY-0009075,INV-008960,2025-04-22,3582.46,ACH
PAY-0009076,INV-008961,2026-01-24,1439.98,ACH
PAY-0009077,INV-008962,2024-07-06,1779.7,Check
PAY-0009078,INV-008963,2024-11-15,1395.3,ACH
PAY-0009079,INV-008964,2025-02-10,2234.01,Wire
PAY-0009080,INV-008965,2026-01-18,3348.93,ACH
PAY-0009081,INV-008966,2024-08-19,520.85,Wire
PAY-0009082,INV-008967,2025-03-16,679.12,ACH
PAY-0009083,INV-008968,2024-02-25,714.34,Wire
PAY-0009084,INV-008969,2025-11-17,3804.67,ACH
PAY-0009085,INV-008970,2024-08-05,1009.99,Wire
PAY-0009086,INV-008974,2024-12-22,427.93,Wire
PAY-0009087,INV-008974,2025-01-08,307.64,ACH
PAY-0009088,INV-008975,2025-10-07,3449.11,Wire
PAY-0009089,INV-008976,2025-07-09,1425.82,ACH
PAY-0009090,INV-008977,2025-11-15,1101.69,ACH
PAY-0009091,INV-008978,2025-12-02,1841.56,ACH
PAY-0009092,INV-008979,2025-02-26,2027.3,ACH
PAY-0009093,INV-008980,2025-09-22,1755.6,ACH
PAY-0009094,INV-008981,2024-06-06,1286.27,ACH
PAY-0009095,INV-008982,2024-07-09,818.08,ACH
PAY-0009096,INV-008983,2024-05-11,2750.19,ACH
PAY-0009097,INV-008984,2025-12-22,1661.83,Check
PAY-0009098,INV-008987,2024-12-30,2018.47,Wire
PAY-0009099,INV-008988,2025-06-23,3335.28,ACH
PAY-0009100,INV-008989,2025-05-23,628.53,Check
PAY-0009101,INV-008991,2024-10-23,3242.26,ACH
PAY-0009102,INV-008992,2025-11-04,1652.86,ACH
PAY-0009103,INV-008992,2025-11-22,1320.96,ACH
PAY-0009104,INV-008995,2025-05-07,3224.66,Wire
PAY-0009105,INV-008996,2024-12-06,1394.53,ACH
PAY-0009106,INV-008997,2024-09-18,2899.74,ACH
PAY-0009107,INV-008998,2025-11-15,2274.68,ACH
PAY-0009108,INV-008999,2025-04-21,872.82,ACH
PAY-0009109,INV-009000,2025-07-19,3942.8,Wire
PAY-0009110,INV-009001,2025-10-03,2607.56,ACH
PAY-0009111,INV-009002,2024-09-29,5449.97,ACH
PAY-0009112,INV-009003,2025-01-05,5776.84,ACH
PAY-0009113,INV-009004,2024-11-23,5498.65,Wire
PAY-0009114,INV-009005,2025-04-26,8277.81,ACH
PAY-0009115,INV-009006,2025-01-17,2099.71,Wire
PAY-0009116,INV-009007,2026-01-09,11183.83,Wire
PAY-0009117,INV-009008,2025-12-05,11936.26,ACH
PAY-0009118,INV-009009,2024-08-13,11692.02,Wire
PAY-0009119,INV-009010,2025-11-22,5385.39,ACH
PAY-0009120,INV-009011,2026-01-07,10866.84,Check
PAY-0009121,INV-009012,2025-05-18,4520.54,ACH
PAY-0009122,INV-009012,2025-06-04,3576.87,Wire
PAY-0009123,INV-009013,2024-03-18,4271.44,Wire
PAY-0009124,INV-009014,2025-12-16,6901.77,ACH
PAY-0009125,INV-009015,2025-09-22,11072.47,Check
PAY-0009126,INV-009016,2024-05-19,2421.52,ACH
PAY-0009127,INV-009016,2024-06-01,2683.59,ACH
PAY-0009128,INV-009017,2024-06-12,10928.53,Wire
PAY-0009129,INV-009018,2025-02-27,6558.9,ACH
PAY-0009130,INV-009020,2026-03-01,11910.73,ACH
PAY-0009131,INV-009021,2024-08-11,8183.68,ACH
PAY-0009132,INV-009022,2024-07-24,9316.08,ACH
PAY-0009133,INV-009023,2026-01-16,5736.93,Wire
PAY-0009134,INV-009024,2026-02-05,6090.16,ACH
PAY-0009135,INV-009025,2025-01-09,3185.98,Wire
PAY-0009136,INV-009025,2025-01-30,3868.53,Wire
PAY-0009137,INV-009026,2024-09-24,7812.5,ACH
PAY-0009138,INV-009027,2025-10-27,3083.01,ACH
PAY-0009139,INV-009028,2024-03-12,3195.8,Wire
PAY-0009140,INV-009029,2025-05-25,2699.15,ACH
PAY-0009141,INV-009030,2026-01-29,3521.36,ACH
PAY-0009142,INV-009031,2024-08-04,1632.59,ACH
PAY-0009143,INV-009031,2024-08-25,1594.61,Wire
PAY-0009144,INV-009032,2025-06-01,2465.25,ACH
PAY-0009145,INV-009033,2024-06-25,9710.62,ACH
PAY-0009146,INV-009034,2025-02-19,10678.43,ACH
PAY-0009147,INV-009035,2024-09-07,7851.3,ACH
PAY-0009148,INV-009036,2026-02-23,4458.28,ACH
PAY-0009149,INV-009036,2026-03-16,5625.31,ACH
PAY-0009150,INV-009037,2024-11-15,3030.98,ACH
PAY-0009151,INV-009038,2025-11-27,4810.06,Wire
PAY-0009152,INV-009039,2025-08-23,10758.41,ACH
PAY-0009153,INV-009040,2025-02-22,7153.73,ACH
PAY-0009154,INV-009041,2024-09-13,11993.9,ACH
PAY-0009155,INV-009042,2025-02-01,2553.78,Wire
PAY-0009156,INV-009043,2024-10-06,8826.39,ACH
PAY-0009157,INV-009044,2025-01-28,4239.42,Wire
PAY-0009158,INV-009044,2025-02-17,4166.1,ACH
PAY-0009159,INV-009045,2025-02-01,6133.43,Wire
PAY-0009160,INV-009046,2025-10-31,2659.97,ACH
PAY-0009161,INV-009047,2024-04-22,7208.57,ACH
PAY-0009162,INV-009048,2024-09-24,4035.33,ACH
PAY-0009163,INV-009049,2024-10-17,7622.17,Wire
PAY-0009164,INV-009050,2025-08-23,3200.23,ACH
PAY-0009165,INV-009051,2025-01-11,5765.45,Check
PAY-0009166,INV-009052,2025-05-20,8585.54,ACH
PAY-0009167,INV-009053,2024-03-19,11632.34,Wire
PAY-0009168,INV-009054,2024-06-10,3743.83,ACH
PAY-0009169,INV-009054,2024-06-30,5176.48,ACH
PAY-0009170,INV-009056,2024-07-21,5058.65,ACH
PAY-0009171,INV-009057,2025-07-23,7056.62,Wire
PAY-0009172,INV-009058,2026-02-10,9245.92,Check
PAY-0009173,INV-009059,2025-06-15,9022.32,ACH
PAY-0009174,INV-009060,2024-10-22,11119.36,Check
PAY-0009175,INV-009061,2024-07-26,6125.09,ACH
PAY-0009176,INV-009062,2024-04-08,7616.06,ACH
PAY-0009177,INV-009063,2025-10-31,3063.84,ACH
PAY-0009178,INV-009063,2025-11-21,2673.72,ACH
PAY-0009179,INV-009064,2024-11-12,1910.15,ACH
PAY-0009180,INV-009065,2024-09-30,10558.28,ACH
PAY-0009181,INV-009067,2026-01-15,5231.52,Check
PAY-0009182,INV-009068,2025-02-28,8265.49,ACH
PAY-0009183,INV-009069,2024-04-06,11508.76,ACH
PAY-0009184,INV-009070,2024-08-08,4723.47,ACH
PAY-0009185,INV-009071,2025-06-06,11938.06,Wire
PAY-0009186,INV-009072,2025-02-21,7410.11,ACH
PAY-0009187,INV-009073,2024-07-06,10514.58,ACH
PAY-0009188,INV-009074,2025-10-17,6455.78,Wire
PAY-0009189,INV-009075,2025-01-01,11187.08,Check
PAY-0009190,INV-009076,2025-12-28,9802.26,ACH
PAY-0009191,INV-009077,2025-07-01,7187.28,ACH
PAY-0009192,INV-009078,2024-05-06,5577.7,ACH
PAY-0009193,INV-009079,2025-11-05,11821.1,ACH
PAY-0009194,INV-009080,2024-10-27,7705.38,ACH
PAY-0009195,INV-009081,2025-11-16,7883.52,ACH
PAY-0009196,INV-009082,2025-04-26,5309.37,Check
PAY-0009197,INV-009084,2026-01-24,811.84,ACH
PAY-0009198,INV-009085,2024-05-19,2694.52,Wire
PAY-0009199,INV-009086,2025-07-23,3557.02,Wire
PAY-0009200,INV-009087,2025-07-16,1460.85,ACH
PAY-0009201,INV-009087,2025-07-31,1868.66,ACH
PAY-0009202,INV-009088,2025-12-17,3087.53,Wire
PAY-0009203,INV-009089,2025-06-06,3514.65,ACH
PAY-0009204,INV-009090,2024-12-25,801.16,Wire
PAY-0009205,INV-009091,2024-05-22,2325.03,ACH
PAY-0009206,INV-009092,2025-05-08,1328.25,ACH
PAY-0009207,INV-009092,2025-05-28,1945.31,Wire
PAY-0009208,INV-009094,2025-01-09,2679.64,ACH
PAY-0009209,INV-009095,2024-06-14,712.0,Check
PAY-0009210,INV-009095,2024-06-27,752.22,Wire
PAY-0009211,INV-009096,2026-01-21,1568.19,ACH
PAY-0009212,INV-009097,2025-07-13,2062.95,Wire
PAY-0009213,INV-009098,2025-03-08,1717.03,Wire
PAY-0009214,INV-009099,2024-05-21,3606.89,Check
PAY-0009215,INV-009100,2025-02-23,1268.66,ACH
PAY-0009216,INV-009101,2025-04-02,3316.35,ACH
PAY-0009217,INV-009102,2026-02-03,1065.22,ACH
PAY-0009218,INV-009103,2025-03-06,989.41,ACH
PAY-0009219,INV-009104,2025-10-08,2127.85,Wire
PAY-0009220,INV-009105,2024-04-18,2409.0,ACH
PAY-0009221,INV-009106,2025-01-01,1001.71,ACH
PAY-0009222,INV-009107,2025-07-27,2927.91,Wire
PAY-0009223,INV-009108,2024-05-09,3858.84,ACH
PAY-0009224,INV-009109,2025-02-03,2974.07,ACH
PAY-0009225,INV-009110,2025-08-09,3505.62,Check
PAY-0009226,INV-009111,2025-10-30,2530.67,ACH
PAY-0009227,INV-009112,2024-12-30,2443.35,Check
PAY-0009228,INV-009113,2025-05-09,3631.55,Wire
PAY-0009229,INV-009115,2025-05-06,1376.84,Wire
PAY-0009230,INV-009115,2025-05-30,1288.31,ACH
PAY-0009231,INV-009116,2025-02-28,3260.1,Wire
PAY-0009232,INV-009117,2025-11-17,2922.54,ACH
PAY-0009233,INV-009118,2025-04-30,2931.31,ACH
PAY-0009234,INV-009119,2025-10-04,1669.57,Check
PAY-0009235,INV-009120,2024-04-30,547.48,ACH
PAY-0009236,INV-009121,2024-10-19,1596.31,ACH
PAY-0009237,INV-009122,2024-11-06,3206.92,Wire
PAY-0009238,INV-009123,2025-12-20,3438.16,ACH
PAY-0009239,INV-009124,2024-10-17,2819.36,ACH
PAY-0009240,INV-009125,2025-03-21,1937.88,ACH
PAY-0009241,INV-009125,2025-04-01,1997.91,Check
PAY-0009242,INV-009126,2025-04-19,669.45,ACH
PAY-0009243,INV-009127,2024-05-23,226.93,ACH
PAY-0009244,INV-009127,2024-06-04,334.31,Wire
PAY-0009245,INV-009128,2025-10-23,2382.15,Wire
PAY-0009246,INV-009129,2024-12-23,855.89,ACH
PAY-0009247,INV-009130,2024-06-28,3509.83,Wire
PAY-0009248,INV-009131,2025-05-27,1353.47,ACH
PAY-0009249,INV-009132,2026-01-10,1267.13,ACH
PAY-0009250,INV-009133,2025-10-08,1337.09,ACH
PAY-0009251,INV-009133,2025-10-19,1393.1,ACH
PAY-0009252,INV-009134,2024-10-29,2961.67,ACH
PAY-0009253,INV-009135,2026-01-03,3730.46,ACH
PAY-0009254,INV-009136,2025-09-30,608.17,ACH
PAY-0009255,INV-009137,2024-02-17,3938.17,ACH
PAY-0009256,INV-009139,2024-08-07,3822.41,ACH
PAY-0009257,INV-009141,2025-11-26,2709.55,Wire
PAY-0009258,INV-009142,2025-07-15,704.18,Wire
PAY-0009259,INV-009142,2025-08-01,761.25,ACH
PAY-0009260,INV-009143,2024-08-11,3608.42,ACH
PAY-0009261,INV-009144,2024-07-13,725.4,ACH
PAY-0009262,INV-009145,2024-02-23,1934.72,ACH
PAY-0009263,INV-009146,2025-10-03,3521.68,ACH
PAY-0009264,INV-009147,2025-11-29,12499.83,ACH
PAY-0009265,INV-009148,2025-03-18,11834.08,Check
PAY-0009266,INV-009149,2025-04-18,10919.33,Wire
PAY-0009267,INV-009150,2025-09-18,12834.68,Wire
PAY-0009268,INV-009151,2024-07-10,10655.4,ACH
PAY-0009269,INV-009152,2025-08-09,25381.79,Wire
PAY-0009270,INV-009153,2026-02-22,24834.04,Wire
PAY-0009271,INV-009154,2025-10-30,17185.65,ACH
PAY-0009272,INV-009155,2024-07-31,13877.15,Wire
PAY-0009273,INV-009156,2025-02-03,11323.92,ACH
PAY-0009274,INV-009157,2026-01-17,5220.56,ACH
PAY-0009275,INV-009158,2026-02-27,9224.01,Wire
PAY-0009276,INV-009159,2026-02-26,21908.28,ACH
PAY-0009277,INV-009160,2024-06-09,27909.58,ACH
PAY-0009278,INV-009161,2025-01-12,22773.72,Wire
PAY-0009279,INV-009162,2025-12-26,25498.12,ACH
PAY-0009280,INV-009163,2025-08-21,28079.44,ACH
PAY-0009281,INV-009164,2024-05-02,16574.33,Check
PAY-0009282,INV-009166,2026-02-04,15226.7,Wire
PAY-0009283,INV-009167,2024-05-01,30147.64,Wire
PAY-0009284,INV-009169,2025-07-21,13175.16,ACH
PAY-0009285,INV-009170,2026-03-01,5665.83,ACH
PAY-0009286,INV-009170,2026-03-24,8287.0,Wire
PAY-0009287,INV-009171,2026-01-07,5634.32,ACH
PAY-0009288,INV-009171,2026-01-26,4599.74,Wire
PAY-0009289,INV-009172,2024-04-04,21515.08,Wire
PAY-0009290,INV-009173,2024-11-13,20275.49,ACH
PAY-0009291,INV-009174,2024-08-07,15135.88,Wire
PAY-0009292,INV-009175,2025-11-12,18230.38,ACH
PAY-0009293,INV-009176,2024-12-26,23600.05,ACH
PAY-0009294,INV-009177,2025-04-21,6744.88,Check
PAY-0009295,INV-009178,2025-06-03,5778.62,ACH
PAY-0009296,INV-009179,2025-01-22,7921.11,Wire
PAY-0009297,INV-009180,2024-11-03,16967.99,Check
PAY-0009298,INV-009181,2024-02-28,19608.26,ACH
PAY-0009299,INV-009182,2024-06-25,13399.56,ACH
PAY-0009300,INV-009183,2025-04-01,8342.35,Wire
PAY-0009301,INV-009184,2024-04-09,13796.64,ACH
PAY-0009302,INV-009186,2024-11-22,4587.97,ACH
PAY-0009303,INV-009186,2024-12-03,5723.35,ACH
PAY-0009304,INV-009187,2024-09-21,18108.14,Wire
PAY-0009305,INV-009188,2025-05-31,24189.85,ACH
PAY-0009306,INV-009189,2024-12-29,23830.27,ACH
PAY-0009307,INV-009190,2024-05-24,21576.78,Wire
PAY-0009308,INV-009191,2024-04-24,22812.71,ACH
PAY-0009309,INV-009193,2025-10-21,25651.05,ACH
PAY-0009310,INV-009194,2026-02-10,24505.64,Wire
PAY-0009311,INV-009195,2025-09-25,29759.99,Wire
PAY-0009312,INV-009196,2024-06-19,12978.98,ACH
PAY-0009313,INV-009197,2025-01-27,23751.79,Wire
PAY-0009314,INV-009198,2024-05-06,4987.61,Wire
PAY-0009315,INV-009198,2024-05-23,6144.94,Check
PAY-0009316,INV-009199,2026-02-20,13226.22,Wire
PAY-0009317,INV-009201,2024-12-03,18135.34,ACH
PAY-0009318,INV-009202,2026-01-08,19637.57,ACH
PAY-0009319,INV-009203,2026-02-16,26796.88,Wire
PAY-0009320,INV-009204,2024-06-06,23474.89,ACH
PAY-0009321,INV-009205,2025-11-15,22108.88,ACH
PAY-0009322,INV-009206,2025-09-08,19690.83,ACH
PAY-0009323,INV-009207,2025-10-20,12232.64,Wire
PAY-0009324,INV-009208,2024-07-23,11393.77,ACH
PAY-0009325,INV-009209,2025-04-15,12310.68,Wire
PAY-0009326,INV-009210,2025-11-27,9845.87,ACH
PAY-0009327,INV-009210,2025-12-20,11364.23,Wire
PAY-0009328,INV-009211,2025-05-16,19085.02,Check
PAY-0009329,INV-009212,2024-04-07,19250.8,Wire
PAY-0009330,INV-009213,2025-06-21,9538.43,ACH
PAY-0009331,INV-009214,2024-05-07,19207.9,ACH
PAY-0009332,INV-009215,2025-07-30,6235.76,ACH
PAY-0009333,INV-009216,2024-05-25,5646.8,Wire
PAY-0009334,INV-009217,2025-04-18,20623.1,ACH
PAY-0009335,INV-009218,2026-02-17,30877.17,ACH
PAY-0009336,INV-009219,2025-10-11,8376.78,ACH
PAY-0009337,INV-009220,2025-03-17,27469.57,ACH
PAY-0009338,INV-009221,2025-01-29,16708.61,ACH
PAY-0009339,INV-009223,2024-04-18,28171.33,ACH
PAY-0009340,INV-009224,2024-08-26,23640.68,Wire
PAY-0009341,INV-009225,2025-09-10,7156.37,Wire
PAY-0009342,INV-009227,2024-10-12,29325.87,ACH
PAY-0009343,INV-009228,2024-07-09,5332.42,Wire
PAY-0009344,INV-009229,2026-01-15,15425.76,ACH
PAY-0009345,INV-009231,2024-07-12,30307.44,ACH
PAY-0009346,INV-009232,2024-11-16,23072.35,Wire
PAY-0009347,INV-009233,2024-05-08,20609.76,ACH
PAY-0009348,INV-009234,2024-06-23,27017.41,ACH
PAY-0009349,INV-009235,2025-01-26,18655.74,Check
PAY-0009350,INV-009236,2024-06-08,29972.52,Wire
PAY-0009351,INV-009237,2025-10-08,21057.45,ACH
PAY-0009352,INV-009238,2025-12-24,8328.21,Wire
PAY-0009353,INV-009239,2025-12-02,24358.56,ACH
PAY-0009354,INV-009240,2024-11-15,14048.55,ACH
PAY-0009355,INV-009240,2024-12-05,13371.61,ACH
PAY-0009356,INV-009241,2024-10-03,8815.92,ACH
PAY-0009357,INV-009242,2024-11-18,22558.0,ACH
PAY-0009358,INV-009243,2024-04-06,14542.72,Check
PAY-0009359,INV-009244,2024-06-25,13043.05,ACH
PAY-0009360,INV-009244,2024-07-19,15285.83,ACH
PAY-0009361,INV-009245,2025-01-19,16687.07,ACH
PAY-0009362,INV-009246,2024-04-27,6718.17,Check
PAY-0009363,INV-009247,2025-04-11,20519.56,ACH
PAY-0009364,INV-009248,2025-04-25,10084.3,Wire
PAY-0009365,INV-009248,2025-05-18,10678.86,ACH
PAY-0009366,INV-009249,2024-12-22,25071.76,ACH
PAY-0009367,INV-009250,2025-06-27,17908.7,Wire
PAY-0009368,INV-009251,2024-02-28,18877.55,ACH
PAY-0009369,INV-009252,2024-05-24,10037.9,Check
PAY-0009370,INV-009253,2025-08-14,12465.23,ACH
PAY-0009371,INV-009254,2025-03-17,10073.79,ACH
PAY-0009372,INV-009255,2024-08-14,27910.48,ACH
PAY-0009373,INV-009256,2025-04-07,9593.6,Check
PAY-0009374,INV-009257,2024-08-31,27530.61,ACH
PAY-0009375,INV-009258,2025-02-16,16299.67,ACH
PAY-0009376,INV-009259,2024-06-01,17485.52,ACH
PAY-0009377,INV-009259,2024-06-16,13519.39,ACH
PAY-0009378,INV-009260,2025-03-19,13956.85,ACH
PAY-0009379,INV-009260,2025-04-09,16979.36,ACH
PAY-0009380,INV-009261,2024-06-02,17539.99,ACH
PAY-0009381,INV-009262,2024-04-17,8734.83,ACH
PAY-0009382,INV-009263,2025-10-14,7583.32,Wire
PAY-0009383,INV-009264,2024-05-29,29328.37,ACH
PAY-0009384,INV-009265,2025-06-10,24896.29,ACH
PAY-0009385,INV-009266,2025-03-07,22020.39,ACH
PAY-0009386,INV-009267,2024-06-17,21445.81,ACH
PAY-0009387,INV-009269,2025-12-07,26547.0,ACH
PAY-0009388,INV-009270,2025-07-11,22324.26,Wire
PAY-0009389,INV-009271,2024-11-15,5582.78,ACH
PAY-0009390,INV-009272,2025-11-24,31571.11,Check
PAY-0009391,INV-009273,2025-04-26,22290.98,ACH
PAY-0009392,INV-009274,2025-10-14,5718.84,ACH
PAY-0009393,INV-009275,2024-10-16,6180.39,Wire
PAY-0009394,INV-009276,2025-08-31,22204.88,ACH
PAY-0009395,INV-009277,2025-06-06,22532.55,ACH
PAY-0009396,INV-009278,2025-04-06,23322.72,Wire
PAY-0009397,INV-009279,2024-12-08,25746.0,Wire
PAY-0009398,INV-009280,2025-01-07,15309.23,ACH
PAY-0009399,INV-009281,2025-12-18,26894.83,ACH
PAY-0009400,INV-009283,2026-02-10,25238.74,ACH
PAY-0009401,INV-009284,2024-11-28,18646.04,ACH
PAY-0009402,INV-009285,2024-06-30,16438.43,Wire
PAY-0009403,INV-009286,2025-05-30,16544.0,ACH
PAY-0009404,INV-009287,2024-10-17,10843.57,Wire
PAY-0009405,INV-009288,2024-03-31,19362.2,ACH
PAY-0009406,INV-009289,2025-02-27,14016.08,ACH
PAY-0009407,INV-009291,2024-04-29,9873.6,ACH
PAY-0009408,INV-009291,2024-05-19,11707.05,ACH
PAY-0009409,INV-009292,2024-08-25,17965.88,ACH
PAY-0009410,INV-009293,2025-06-16,25665.27,ACH
PAY-0009411,INV-009294,2026-01-30,23573.09,Wire
PAY-0009412,INV-009295,2024-07-21,20805.04,Check
PAY-0009413,INV-009296,2024-12-31,22609.46,Wire
PAY-0009414,INV-009297,2025-07-22,25059.23,ACH
PAY-0009415,INV-009298,2024-03-12,26616.96,ACH
PAY-0009416,INV-009299,2024-06-05,6547.08,ACH
PAY-0009417,INV-009300,2025-07-15,12428.99,Wire
PAY-0009418,INV-009301,2026-01-21,9969.31,Wire
PAY-0009419,INV-009302,2026-01-10,9783.56,Wire
PAY-0009420,INV-009303,2025-05-03,6234.69,ACH
PAY-0009421,INV-009303,2025-05-19,7987.41,Wire
PAY-0009422,INV-009304,2025-02-28,7122.72,ACH
PAY-0009423,INV-009305,2025-02-26,25745.3,ACH
PAY-0009424,INV-009306,2025-04-07,1879.36,ACH
PAY-0009425,INV-009307,2025-05-23,11203.4,ACH
PAY-0009426,INV-009308,2025-12-19,11548.17,ACH
PAY-0009427,INV-009309,2025-08-03,7913.79,ACH
PAY-0009428,INV-009310,2024-08-14,10761.21,ACH
PAY-0009429,INV-009311,2024-07-03,4431.02,ACH
PAY-0009430,INV-009312,2026-01-13,9664.96,ACH
PAY-0009431,INV-009313,2024-03-27,9995.32,ACH
PAY-0009432,INV-009314,2025-11-28,2653.86,ACH
PAY-0009433,INV-009315,2025-04-07,9873.3,Wire
PAY-0009434,INV-009316,2025-05-16,9877.96,Wire
PAY-0009435,INV-009317,2024-07-06,4380.76,ACH
PAY-0009436,INV-009318,2024-07-01,3037.58,ACH
PAY-0009437,INV-009319,2024-04-01,11255.19,ACH
PAY-0009438,INV-009320,2024-08-04,8354.23,ACH
PAY-0009439,INV-009321,2025-07-21,2550.52,ACH
PAY-0009440,INV-009322,2025-03-09,7805.55,ACH
PAY-0009441,INV-009323,2025-02-24,6436.69,ACH
PAY-0009442,INV-009324,2025-06-28,4453.13,ACH
PAY-0009443,INV-009325,2025-11-23,8704.49,Wire
PAY-0009444,INV-009326,2024-05-27,9107.26,Wire
PAY-0009445,INV-009327,2025-07-14,6520.68,Wire
PAY-0009446,INV-009327,2025-07-24,5400.57,ACH
PAY-0009447,INV-009328,2024-10-27,11300.87,ACH
PAY-0009448,INV-009329,2025-05-17,11145.54,ACH
PAY-0009449,INV-009330,2025-10-28,6871.63,ACH
PAY-0009450,INV-009331,2025-07-02,5066.57,ACH
PAY-0009451,INV-009332,2025-01-27,4771.45,ACH
PAY-0009452,INV-009333,2025-11-01,6323.48,ACH
PAY-0009453,INV-009334,2024-06-19,6665.77,ACH
PAY-0009454,INV-009335,2025-09-22,10735.59,ACH
PAY-0009455,INV-009336,2024-08-17,3784.47,ACH
PAY-0009456,INV-009337,2025-12-13,2369.9,ACH
PAY-0009457,INV-009338,2025-06-07,5801.51,ACH
PAY-0009458,INV-009338,2025-06-22,5753.46,ACH
PAY-0009459,INV-009339,2025-03-24,9430.46,ACH
PAY-0009460,INV-009340,2024-06-22,10922.48,ACH
PAY-0009461,INV-009341,2024-10-25,8586.85,ACH
PAY-0009462,INV-009342,2025-10-10,11305.42,ACH
PAY-0009463,INV-009343,2025-02-07,11332.23,ACH
PAY-0009464,INV-009344,2025-03-29,6409.77,Wire
PAY-0009465,INV-009345,2024-08-20,4900.47,ACH
PAY-0009466,INV-009346,2025-01-21,2585.63,ACH
PAY-0009467,INV-009347,2024-11-08,3197.56,Wire
PAY-0009468,INV-009348,2026-01-13,5219.63,ACH
PAY-0009469,INV-009349,2024-11-09,6269.75,ACH
PAY-0009470,INV-009350,2024-10-04,5486.41,ACH
PAY-0009471,INV-009351,2024-06-29,7666.9,Wire
PAY-0009472,INV-009352,2024-11-24,8476.77,ACH
PAY-0009473,INV-009353,2024-11-22,8256.13,ACH
PAY-0009474,INV-009355,2024-05-13,8560.04,ACH
PAY-0009475,INV-009356,2024-09-01,5442.11,Check
PAY-0009476,INV-009357,2025-11-04,1774.76,ACH
PAY-0009477,INV-009358,2025-07-17,11121.84,ACH
PAY-0009478,INV-009359,2025-01-17,11756.77,ACH
PAY-0009479,INV-009360,2024-07-18,10406.19,ACH
PAY-0009480,INV-009361,2025-07-20,2794.13,ACH
PAY-0009481,INV-009361,2025-08-12,3058.18,ACH
PAY-0009482,INV-009362,2025-11-05,5492.77,Check
PAY-0009483,INV-009363,2025-04-12,1827.16,ACH
PAY-0009484,INV-009363,2025-04-28,2366.46,Wire
PAY-0009485,INV-009364,2025-03-25,9658.8,ACH
PAY-0009486,INV-009365,2025-04-26,5903.04,ACH
PAY-0009487,INV-009366,2026-02-04,5716.5,ACH
PAY-0009488,INV-009367,2026-01-08,1884.38,ACH
PAY-0009489,INV-009367,2026-01-22,1375.96,ACH
PAY-0009490,INV-009369,2024-05-29,6483.26,Wire
PAY-0009491,INV-009370,2025-08-04,1934.65,Wire
PAY-0009492,INV-009371,2025-01-08,3755.61,Wire
PAY-0009493,INV-009371,2025-02-01,2720.14,Wire
PAY-0009494,INV-009372,2025-04-17,2593.71,ACH
PAY-0009495,INV-009373,2025-02-22,3114.34,ACH
PAY-0009496,INV-009374,2024-11-11,1721.62,ACH
PAY-0009497,INV-009375,2024-09-25,2595.97,ACH
PAY-0009498,INV-009376,2025-02-01,3518.46,ACH
PAY-0009499,INV-009377,2025-12-31,2729.84,Wire
PAY-0009500,INV-009378,2024-11-29,943.25,Wire
PAY-0009501,INV-009379,2025-10-01,873.64,Wire
PAY-0009502,INV-009379,2025-10-17,792.97,Wire
PAY-0009503,INV-009380,2024-06-11,912.83,Wire
PAY-0009504,INV-009381,2024-07-27,3092.84,ACH
PAY-0009505,INV-009382,2024-07-06,2289.1,ACH
PAY-0009506,INV-009383,2025-03-17,1075.37,Check
PAY-0009507,INV-009384,2024-12-11,1473.96,ACH
PAY-0009508,INV-009386,2025-10-14,1205.43,ACH
PAY-0009509,INV-009387,2025-05-26,815.13,ACH
PAY-0009510,INV-009388,2024-11-24,2605.26,ACH
PAY-0009511,INV-009389,2025-03-10,1569.51,ACH
PAY-0009512,INV-009390,2025-12-12,1593.82,Wire
PAY-0009513,INV-009391,2025-07-28,3105.48,Wire
PAY-0009514,INV-009392,2024-11-11,1660.0,ACH
PAY-0009515,INV-009393,2025-09-28,3425.34,Check
PAY-0009516,INV-009394,2025-03-20,3831.14,Wire
PAY-0009517,INV-009395,2026-02-07,933.86,ACH
PAY-0009518,INV-009396,2025-12-11,3071.09,ACH
PAY-0009519,INV-009397,2024-06-29,554.54,ACH
PAY-0009520,INV-009397,2024-07-18,372.21,Wire
PAY-0009521,INV-009398,2024-10-08,3132.72,Check
PAY-0009522,INV-009399,2025-11-14,1856.81,Wire
PAY-0009523,INV-009400,2024-07-02,3887.1,Wire
PAY-0009524,INV-009401,2025-07-27,2466.72,ACH
PAY-0009525,INV-009402,2024-10-11,2496.32,ACH
PAY-0009526,INV-009403,2025-06-23,2398.99,ACH
PAY-0009527,INV-009404,2024-11-05,305.83,ACH
PAY-0009528,INV-009404,2024-11-27,311.89,ACH
PAY-0009529,INV-009405,2024-02-08,698.99,Wire
PAY-0009530,INV-009406,2024-04-25,2496.51,Wire
PAY-0009531,INV-009408,2024-09-12,1871.89,ACH
PAY-0009532,INV-009410,2024-08-02,3418.03,ACH
PAY-0009533,INV-009411,2024-09-26,1336.34,ACH
PAY-0009534,INV-009412,2025-10-08,601.53,ACH
PAY-0009535,INV-009413,2025-01-31,1605.16,Wire
PAY-0009536,INV-009414,2024-08-27,2351.55,ACH
PAY-0009537,INV-009415,2025-04-20,654.23,Wire
PAY-0009538,INV-009415,2025-05-07,449.26,ACH
PAY-0009539,INV-009416,2024-06-02,27369.62,ACH
PAY-0009540,INV-009417,2024-11-03,13633.37,Check
PAY-0009541,INV-009418,2025-12-31,17820.29,Check
PAY-0009542,INV-009419,2025-08-07,21604.88,ACH
PAY-0009543,INV-009420,2024-04-06,24443.17,Wire
PAY-0009544,INV-009421,2024-09-18,30030.1,ACH
PAY-0009545,INV-009422,2025-07-30,7853.8,Wire
PAY-0009546,INV-009423,2025-06-27,9389.08,Wire
PAY-0009547,INV-009424,2026-01-08,14258.59,ACH
PAY-0009548,INV-009425,2025-01-24,16214.06,Wire
PAY-0009549,INV-009427,2025-05-10,5991.81,Wire
PAY-0009550,INV-009428,2025-12-04,24906.51,ACH
PAY-0009551,INV-009429,2024-06-30,6223.62,ACH
PAY-0009552,INV-009429,2024-07-18,9197.38,ACH
PAY-0009553,INV-009430,2025-02-22,24463.79,Wire
PAY-0009554,INV-009431,2025-02-18,5180.91,ACH
PAY-0009555,INV-009432,2024-08-23,23340.33,ACH
PAY-0009556,INV-009433,2024-12-08,27007.86,Check
PAY-0009557,INV-009434,2024-06-07,6315.62,ACH
PAY-0009558,INV-009435,2024-11-01,30568.28,ACH
PAY-0009559,INV-009436,2025-06-24,18055.15,Wire
PAY-0009560,INV-009437,2026-02-07,16994.93,ACH
PAY-0009561,INV-009438,2024-08-05,7531.97,ACH
PAY-0009562,INV-009439,2025-01-21,10043.33,ACH
PAY-0009563,INV-009440,2025-09-08,9592.02,ACH
PAY-0009564,INV-009441,2025-01-16,14126.45,ACH
PAY-0009565,INV-009442,2025-05-08,9670.92,ACH
PAY-0009566,INV-009443,2025-05-08,8222.61,Check
PAY-0009567,INV-009443,2025-05-20,5809.13,Wire
PAY-0009568,INV-009445,2025-02-15,11757.31,ACH
PAY-0009569,INV-009446,2024-08-06,8579.99,ACH
PAY-0009570,INV-009447,2025-07-06,14069.79,ACH
PAY-0009571,INV-009448,2025-07-02,12157.16,ACH
PAY-0009572,INV-009449,2024-05-30,13977.41,ACH
PAY-0009573,INV-009450,2024-08-15,10945.86,ACH
PAY-0009574,INV-009451,2024-05-17,18269.88,Wire
PAY-0009575,INV-009452,2024-12-18,10503.67,ACH
PAY-0009576,INV-009453,2024-09-06,13785.42,ACH
PAY-0009577,INV-009454,2024-08-20,6398.01,Wire
PAY-0009578,INV-009454,2024-09-13,6634.81,Check
PAY-0009579,INV-009455,2024-06-18,30259.43,Check
PAY-0009580,INV-009456,2024-11-20,13676.4,ACH
PAY-0009581,INV-009456,2024-12-02,11213.42,Check
PAY-0009582,INV-009457,2024-04-23,18362.87,ACH
PAY-0009583,INV-009458,2025-06-12,20018.95,Wire
PAY-0009584,INV-009459,2026-01-24,11577.62,ACH
PAY-0009585,INV-009460,2025-05-09,31535.54,ACH
PAY-0009586,INV-009461,2025-05-05,21796.93,Wire
PAY-0009587,INV-009462,2024-04-20,16454.94,Check
PAY-0009588,INV-009463,2025-05-04,6264.85,Wire
PAY-0009589,INV-009464,2025-03-15,14492.73,Wire
PAY-0009590,INV-009465,2025-05-08,7793.84,ACH
PAY-0009591,INV-009465,2025-05-23,6429.17,ACH
PAY-0009592,INV-009466,2024-09-18,31160.3,ACH
PAY-0009593,INV-009467,2025-09-04,15186.29,Wire
PAY-0009594,INV-009468,2024-05-19,10135.74,Check
PAY-0009595,INV-009469,2025-09-04,25204.34,ACH
PAY-0009596,INV-009470,2025-06-15,19943.36,Check
PAY-0009597,INV-009471,2024-05-05,26562.06,Wire
PAY-0009598,INV-009473,2024-09-06,3355.62,ACH
PAY-0009599,INV-009473,2024-09-30,4320.89,ACH
PAY-0009600,INV-009474,2024-10-31,30604.11,Wire
PAY-0009601,INV-009475,2024-03-08,29853.74,Wire
PAY-0009602,INV-009476,2024-08-05,31773.63,ACH
PAY-0009603,INV-009477,2026-02-18,20246.43,ACH
PAY-0009604,INV-009478,2025-01-03,18565.33,ACH
PAY-0009605,INV-009479,2025-02-10,21687.76,ACH
PAY-0009606,INV-009480,2024-11-18,13948.4,ACH
PAY-0009607,INV-009481,2025-08-16,3339.66,ACH
PAY-0009608,INV-009481,2025-09-07,3828.63,Check
PAY-0009609,INV-009483,2024-10-04,20095.67,ACH
PAY-0009610,INV-009484,2025-03-05,7746.69,ACH
PAY-0009611,INV-009485,2025-06-06,5100.73,Check
PAY-0009612,INV-009486,2025-09-24,7733.47,Check
PAY-0009613,INV-009487,2024-02-26,30564.92,ACH
PAY-0009614,INV-009488,2025-10-03,12293.21,ACH
PAY-0009615,INV-009488,2025-10-17,17636.43,ACH
PAY-0009616,INV-009489,2025-11-20,12437.62,Wire
PAY-0009617,INV-009489,2025-12-04,9641.13,ACH
PAY-0009618,INV-009490,2025-01-22,21741.9,ACH
PAY-0009619,INV-009491,2025-02-22,19380.4,Check
PAY-0009620,INV-009492,2025-01-07,12043.3,Wire
PAY-0009621,INV-009493,2024-12-25,17602.39,ACH
PAY-0009622,INV-009494,2025-05-29,29590.0,ACH
PAY-0009623,INV-009495,2025-09-23,5469.01,Wire
PAY-0009624,INV-009497,2024-05-23,19558.47,Wire
PAY-0009625,INV-009498,2025-09-29,26912.57,Check
PAY-0009626,INV-009499,2025-06-21,8687.54,Wire
PAY-0009627,INV-009500,2025-11-02,29053.52,ACH
PAY-0009628,INV-009502,2024-05-31,5044.37,Wire
PAY-0009629,INV-009503,2025-12-08,21718.95,ACH
PAY-0009630,INV-009504,2025-09-28,7842.85,ACH
PAY-0009631,INV-009505,2024-06-10,17751.19,Check
PAY-0009632,INV-009506,2024-10-27,25018.06,ACH
PAY-0009633,INV-009507,2024-11-03,17530.03,ACH
PAY-0009634,INV-009508,2025-01-02,10096.56,ACH
PAY-0009635,INV-009509,2025-08-29,12912.41,Check
PAY-0009636,INV-009510,2025-08-18,5641.73,ACH
PAY-0009637,INV-009511,2025-03-14,27108.24,ACH
PAY-0009638,INV-009512,2025-06-21,25158.16,ACH
PAY-0009639,INV-009513,2025-07-28,23319.87,ACH
PAY-0009640,INV-009514,2024-08-23,6789.15,Check
PAY-0009641,INV-009514,2024-09-14,9627.72,Wire
PAY-0009642,INV-009515,2025-03-17,7015.91,ACH
PAY-0009643,INV-009516,2025-02-17,12076.5,ACH
PAY-0009644,INV-009517,2024-03-31,7238.52,ACH
PAY-0009645,INV-009518,2026-01-13,18362.78,ACH
PAY-0009646,INV-009519,2025-08-27,8817.97,ACH
PAY-0009647,INV-009520,2025-07-18,5127.2,Check
PAY-0009648,INV-009521,2024-06-15,16036.67,ACH
PAY-0009649,INV-009522,2024-07-13,17533.38,ACH
PAY-0009650,INV-009523,2025-01-18,25861.65,ACH
PAY-0009651,INV-009524,2025-09-09,26452.99,Wire
PAY-0009652,INV-009525,2024-04-01,2813.27,ACH
PAY-0009653,INV-009525,2024-04-14,2707.22,Wire
PAY-0009654,INV-009526,2025-08-23,15406.8,ACH
PAY-0009655,INV-009527,2025-12-09,7565.38,ACH
PAY-0009656,INV-009528,2024-03-27,9893.45,ACH
PAY-0009657,INV-009529,2025-01-28,19721.18,Wire
PAY-0009658,INV-009530,2024-06-25,24042.06,ACH
PAY-0009659,INV-009531,2024-11-05,12939.18,Wire
PAY-0009660,INV-009532,2024-07-15,7260.12,ACH
PAY-0009661,INV-009532,2024-07-31,5140.09,ACH
PAY-0009662,INV-009533,2024-03-17,20213.74,ACH
PAY-0009663,INV-009534,2024-11-15,8959.48,ACH
PAY-0009664,INV-009535,2025-11-17,22253.34,ACH
PAY-0009665,INV-009536,2024-08-13,5322.7,ACH
PAY-0009666,INV-009537,2024-09-08,6671.46,ACH
PAY-0009667,INV-009538,2025-03-13,16587.6,ACH
PAY-0009668,INV-009539,2025-03-18,9112.81,Wire
PAY-0009669,INV-009540,2025-05-12,4234.48,Wire
PAY-0009670,INV-009540,2025-06-05,3755.3,ACH
PAY-0009671,INV-009541,2025-02-01,31380.52,Check
PAY-0009672,INV-009542,2024-09-28,12286.96,Wire
PAY-0009673,INV-009543,2025-06-11,30244.3,Wire
PAY-0009674,INV-009544,2025-08-27,31318.54,Wire
PAY-0009675,INV-009545,2024-08-20,19585.83,ACH
PAY-0009676,INV-009546,2024-06-30,24084.57,ACH
PAY-0009677,INV-009547,2024-07-12,21233.9,ACH
PAY-0009678,INV-009548,2024-04-08,5717.69,ACH
PAY-0009679,INV-009548,2024-04-20,5811.79,Check
PAY-0009680,INV-009549,2025-09-06,10350.82,ACH
PAY-0009681,INV-009549,2025-09-17,14783.07,Check
PAY-0009682,INV-009550,2025-01-28,13409.87,Wire
PAY-0009683,INV-009551,2025-07-24,12145.19,ACH
PAY-0009684,INV-009553,2025-10-11,10333.86,ACH
PAY-0009685,INV-009554,2024-02-29,22055.99,Wire
PAY-0009686,INV-009555,2026-01-27,27483.58,ACH
PAY-0009687,INV-009556,2024-04-09,15914.48,Wire
PAY-0009688,INV-009557,2025-04-02,22960.54,Wire
PAY-0009689,INV-009558,2025-12-04,26078.76,Wire
PAY-0009690,INV-009559,2024-05-29,5813.14,Check
PAY-0009691,INV-009560,2024-12-24,12707.17,ACH
PAY-0009692,INV-009561,2025-09-13,20956.54,ACH
PAY-0009693,INV-009562,2025-06-05,25911.97,ACH
PAY-0009694,INV-009563,2025-02-11,28102.88,Wire
PAY-0009695,INV-009564,2024-05-24,13053.47,Wire
PAY-0009696,INV-009564,2024-06-17,13764.11,ACH
PAY-0009697,INV-009565,2025-12-31,7078.47,Wire
PAY-0009698,INV-009566,2025-12-26,14775.96,ACH
PAY-0009699,INV-009566,2026-01-13,13851.1,Wire
PAY-0009700,INV-009567,2024-09-11,12412.04,ACH
PAY-0009701,INV-009567,2024-09-23,8282.73,Check
PAY-0009702,INV-009568,2025-04-24,28772.42,ACH
PAY-0009703,INV-009569,2024-07-23,7076.31,ACH
PAY-0009704,INV-009571,2025-03-23,11909.94,ACH
PAY-0009705,INV-009572,2025-08-19,26825.06,Wire
PAY-0009706,INV-009573,2025-09-30,9764.44,ACH
PAY-0009707,INV-009573,2025-10-15,13986.87,ACH
PAY-0009708,INV-009574,2024-08-01,5596.75,Check
PAY-0009709,INV-009575,2024-07-02,5299.87,ACH
PAY-0009710,INV-009576,2024-09-12,8921.28,Wire
PAY-0009711,INV-009577,2025-10-12,3624.29,Check
PAY-0009712,INV-009578,2024-08-04,8122.34,Wire
PAY-0009713,INV-009579,2025-05-08,3561.09,ACH
PAY-0009714,INV-009579,2025-05-28,3162.88,ACH
PAY-0009715,INV-009581,2025-10-25,10999.9,ACH
PAY-0009716,INV-009582,2024-10-23,10772.33,ACH
PAY-0009717,INV-009583,2025-11-14,9721.27,ACH
PAY-0009718,INV-009584,2024-01-28,11815.93,Check
PAY-0009719,INV-009585,2024-02-19,8643.01,ACH
PAY-0009720,INV-009586,2024-10-07,3140.09,ACH
PAY-0009721,INV-009587,2026-01-22,9573.12,ACH
PAY-0009722,INV-009588,2024-02-06,7892.46,ACH
PAY-0009723,INV-009589,2025-05-03,11917.35,Wire
PAY-0009724,INV-009590,2024-02-02,7800.22,Wire
PAY-0009725,INV-009591,2024-03-30,843.6,Wire
PAY-0009726,INV-009591,2024-04-17,828.95,ACH
PAY-0009727,INV-009592,2025-11-09,5640.91,ACH
PAY-0009728,INV-009593,2025-08-13,9627.85,ACH
PAY-0009729,INV-009594,2025-04-11,3862.43,Wire
PAY-0009730,INV-009595,2024-03-06,8162.47,ACH
PAY-0009731,INV-009597,2024-02-04,10459.71,ACH
PAY-0009732,INV-009598,2025-12-06,744.35,ACH
PAY-0009733,INV-009598,2025-12-28,930.86,Check
PAY-0009734,INV-009599,2024-06-08,6393.0,ACH
PAY-0009735,INV-009600,2025-09-17,5839.8,ACH
PAY-0009736,INV-009601,2024-12-16,6213.07,ACH
PAY-0009737,INV-009602,2025-02-23,11716.17,Wire
PAY-0009738,INV-009603,2026-02-06,10771.21,ACH
PAY-0009739,INV-009604,2025-06-06,5634.26,ACH
PAY-0009740,INV-009605,2025-01-14,7413.19,ACH
PAY-0009741,INV-009606,2025-11-22,4717.95,ACH
PAY-0009742,INV-009607,2026-01-03,5392.15,ACH
PAY-0009743,INV-009608,2024-06-05,7698.98,Wire
PAY-0009744,INV-009609,2025-10-31,7733.22,Wire
PAY-0009745,INV-009611,2025-06-27,3725.28,ACH
PAY-0009746,INV-009612,2025-11-28,7914.05,Check
PAY-0009747,INV-009613,2024-02-04,1678.02,ACH
PAY-0009748,INV-009614,2024-06-02,10509.74,Wire
PAY-0009749,INV-009615,2024-02-16,8342.47,Check
PAY-0009750,INV-009616,2024-11-10,4564.13,ACH
PAY-0009751,INV-009617,2025-02-15,4157.29,Check
PAY-0009752,INV-009617,2025-02-26,3931.97,Wire
PAY-0009753,INV-009618,2025-09-25,5552.91,ACH
PAY-0009754,INV-009619,2025-10-15,11546.51,Wire
PAY-0009755,INV-009621,2024-03-10,5779.28,ACH
PAY-0009756,INV-009622,2025-12-28,5142.25,ACH
PAY-0009757,INV-009623,2026-02-06,11507.36,Check
PAY-0009758,INV-009624,2024-06-09,4013.95,ACH
PAY-0009759,INV-009624,2024-06-28,5764.51,Check
PAY-0009760,INV-009625,2025-09-04,2883.28,Wire
PAY-0009761,INV-009626,2026-02-21,11903.83,Wire
PAY-0009762,INV-009627,2024-10-06,4629.96,Check
PAY-0009763,INV-009628,2024-02-12,1909.89,Check
PAY-0009764,INV-009628,2024-02-28,1395.07,ACH
PAY-0009765,INV-009629,2024-05-17,4016.03,ACH
PAY-0009766,INV-009630,2026-01-17,7549.62,ACH
PAY-0009767,INV-009631,2024-12-22,6641.57,ACH
PAY-0009768,INV-009632,2025-12-28,10604.4,ACH
PAY-0009769,INV-009633,2025-11-30,5934.28,Check
PAY-0009770,INV-009634,2026-01-22,27088.01,Wire
PAY-0009771,INV-009635,2025-03-07,21517.61,ACH
PAY-0009772,INV-009636,2025-03-04,4757.45,ACH
PAY-0009773,INV-009636,2025-03-21,5870.8,ACH
PAY-0009774,INV-009637,2025-12-23,18545.99,Check
PAY-0009775,INV-009638,2025-10-30,10269.7,ACH
PAY-0009776,INV-009639,2025-03-06,13623.76,ACH
PAY-0009777,INV-009641,2026-01-31,20243.68,ACH
PAY-0009778,INV-009642,2026-02-22,6685.18,ACH
PAY-0009779,INV-009642,2026-03-08,9488.42,ACH
PAY-0009780,INV-009643,2024-05-06,30611.88,Wire
PAY-0009781,INV-009644,2025-11-29,5642.21,Wire
PAY-0009782,INV-009644,2025-12-20,8013.81,ACH
PAY-0009783,INV-009645,2025-03-11,23948.76,ACH
PAY-0009784,INV-009646,2025-05-06,21562.04,ACH
PAY-0009785,INV-009647,2025-11-21,13083.94,Wire
PAY-0009786,INV-009648,2025-02-19,7684.62,Wire
PAY-0009787,INV-009649,2025-12-16,23143.51,ACH
PAY-0009788,INV-009650,2024-06-06,17938.14,Wire
PAY-0009789,INV-009651,2025-10-17,29120.42,Wire
PAY-0009790,INV-009654,2025-06-26,14871.79,ACH
PAY-0009791,INV-009655,2026-02-07,6827.69,Wire
PAY-0009792,INV-009656,2024-08-23,30344.85,ACH
PAY-0009793,INV-009657,2024-10-10,23434.61,ACH
PAY-0009794,INV-009658,2024-07-28,25744.88,ACH
PAY-0009795,INV-009659,2025-03-30,11435.66,Wire
PAY-0009796,INV-009659,2025-04-15,13216.73,Wire
PAY-0009797,INV-009660,2025-09-11,15895.19,Wire
PAY-0009798,INV-009661,2025-04-05,16454.86,Wire
PAY-0009799,INV-009662,2025-12-19,23036.45,Check
PAY-0009800,INV-009663,2025-07-05,29926.99,ACH
PAY-0009801,INV-009664,2026-01-28,6993.9,ACH
PAY-0009802,INV-009665,2025-12-29,5200.03,ACH
PAY-0009803,INV-009666,2024-05-10,14046.86,Wire
PAY-0009804,INV-009667,2025-04-13,29728.43,ACH
PAY-0009805,INV-009668,2026-02-09,25006.01,ACH
PAY-0009806,INV-009669,2024-06-25,24423.81,ACH
PAY-0009807,INV-009670,2024-08-21,30661.5,Wire
PAY-0009808,INV-009671,2025-10-17,23547.51,ACH
PAY-0009809,INV-009672,2025-05-13,24349.25,Wire
PAY-0009810,INV-009673,2024-03-25,13303.06,ACH
PAY-0009811,INV-009673,2024-04-05,13497.0,ACH
PAY-0009812,INV-009674,2024-10-13,18156.34,ACH
PAY-0009813,INV-009675,2025-01-19,30997.28,ACH
PAY-0009814,INV-009676,2025-12-17,17729.66,ACH
PAY-0009815,INV-009677,2026-02-16,27458.17,Wire
PAY-0009816,INV-009678,2025-10-18,27142.65,Wire
PAY-0009817,INV-009679,2024-05-11,25913.56,Wire
PAY-0009818,INV-009680,2025-05-09,24268.94,Wire
PAY-0009819,INV-009681,2024-03-18,19871.06,Check
PAY-0009820,INV-009682,2024-12-30,31606.44,ACH
PAY-0009821,INV-009683,2024-05-07,15009.51,ACH
PAY-0009822,INV-009683,2024-05-28,10068.57,ACH
PAY-0009823,INV-009684,2024-06-02,6288.93,Wire
PAY-0009824,INV-009685,2024-11-07,18738.89,ACH
PAY-0009825,INV-009686,2024-07-23,29707.54,Wire
PAY-0009826,INV-009687,2024-03-08,17018.41,Check
PAY-0009827,INV-009688,2025-06-17,6696.3,ACH
PAY-0009828,INV-009688,2025-06-28,4517.43,ACH
PAY-0009829,INV-009689,2024-05-03,30494.08,ACH
PAY-0009830,INV-009690,2025-06-05,19000.46,ACH
PAY-0009831,INV-009691,2025-03-14,25512.05,ACH
PAY-0009832,INV-009692,2024-07-09,27011.85,ACH
PAY-0009833,INV-009693,2025-10-22,24567.14,ACH
PAY-0009834,INV-009694,2025-06-19,5861.99,Check
PAY-0009835,INV-009695,2025-08-24,6784.9,ACH
PAY-0009836,INV-009696,2024-07-17,26602.51,ACH
PAY-0009837,INV-009697,2025-04-29,4757.75,ACH
PAY-0009838,INV-009697,2025-05-20,3386.02,ACH
PAY-0009839,INV-009698,2025-09-09,9048.11,ACH
PAY-0009840,INV-009699,2024-12-31,23952.79,ACH
PAY-0009841,INV-009701,2025-02-19,4217.65,Check
PAY-0009842,INV-009701,2025-03-07,3272.48,ACH
PAY-0009843,INV-009702,2025-12-23,14510.02,ACH
PAY-0009844,INV-009703,2025-12-09,17844.53,ACH
PAY-0009845,INV-009704,2025-06-05,27019.19,ACH
PAY-0009846,INV-009706,2024-06-07,24651.27,Check
PAY-0009847,INV-009707,2025-02-24,7395.24,ACH
PAY-0009848,INV-009708,2025-11-24,23220.04,ACH
PAY-0009849,INV-009709,2024-09-04,21438.5,ACH
PAY-0009850,INV-009710,2025-06-26,27633.62,ACH
PAY-0009851,INV-009711,2024-10-27,6435.11,Wire
PAY-0009852,INV-009712,2024-07-13,5121.45,ACH
PAY-0009853,INV-009713,2025-03-14,26870.11,ACH
PAY-0009854,INV-009714,2024-09-09,13299.39,Wire
PAY-0009855,INV-009715,2024-08-13,19122.5,ACH
PAY-0009856,INV-009718,2026-02-04,12509.37,ACH
PAY-0009857,INV-009719,2024-11-19,28607.9,ACH
PAY-0009858,INV-009720,2025-06-29,22892.66,Wire
PAY-0009859,INV-009721,2025-02-03,13577.59,ACH
PAY-0009860,INV-009722,2025-08-04,27994.7,ACH
PAY-0009861,INV-009723,2025-02-14,30024.11,ACH
PAY-0009862,INV-009724,2024-11-15,15898.13,ACH
PAY-0009863,INV-009724,2024-12-05,14770.65,Wire
PAY-0009864,INV-009725,2025-12-26,25871.79,ACH
PAY-0009865,INV-009726,2024-10-11,10401.36,ACH
PAY-0009866,INV-009727,2024-06-25,22880.6,ACH
PAY-0009867,INV-009728,2025-11-26,26904.18,ACH
PAY-0009868,INV-009729,2024-07-01,13561.7,Wire
PAY-0009869,INV-009729,2024-07-16,13308.97,Wire
PAY-0009870,INV-009730,2025-12-09,31320.38,ACH
PAY-0009871,INV-009731,2025-05-06,27198.31,Check
PAY-0009872,INV-009732,2025-09-25,24708.89,ACH
PAY-0009873,INV-009733,2025-04-17,29174.64,ACH
PAY-0009874,INV-009734,2025-10-06,27391.17,ACH
PAY-0009875,INV-009735,2024-05-07,20109.56,Wire
PAY-0009876,INV-009736,2024-03-11,19396.2,Wire
PAY-0009877,INV-009737,2025-05-03,18824.04,ACH
PAY-0009878,INV-009738,2024-03-28,12720.85,Wire
PAY-0009879,INV-009738,2024-04-17,14814.03,Check
PAY-0009880,INV-009739,2025-11-14,6927.05,ACH
PAY-0009881,INV-009741,2024-04-14,6769.87,ACH
PAY-0009882,INV-009742,2024-10-31,14620.74,Check
PAY-0009883,INV-009743,2024-04-21,6561.95,ACH
PAY-0009884,INV-009744,2025-05-24,10252.02,ACH
PAY-0009885,INV-009745,2025-05-14,31298.79,ACH
PAY-0009886,INV-009747,2026-01-19,15213.84,ACH
PAY-0009887,INV-009750,2025-08-18,7839.9,ACH
PAY-0009888,INV-009750,2025-09-05,5824.78,ACH
PAY-0009889,INV-009751,2025-05-13,29765.74,ACH
PAY-0009890,INV-009752,2025-07-24,12415.23,Check
PAY-0009891,INV-009752,2025-08-15,15659.29,ACH
PAY-0009892,INV-009753,2024-12-12,22826.82,ACH
PAY-0009893,INV-009755,2024-04-28,12098.19,ACH
PAY-0009894,INV-009756,2024-11-28,16498.22,ACH
PAY-0009895,INV-009757,2025-04-08,11835.2,Wire
PAY-0009896,INV-009758,2024-03-26,8811.3,ACH
PAY-0009897,INV-009759,2025-04-12,13722.99,ACH
PAY-0009898,INV-009760,2025-02-14,26705.33,ACH
PAY-0009899,INV-009761,2026-02-14,10786.35,Wire
PAY-0009900,INV-009762,2026-02-11,9060.75,Wire
PAY-0009901,INV-009763,2025-09-21,28883.62,ACH
PAY-0009902,INV-009764,2025-02-15,6565.96,Wire
PAY-0009903,INV-009765,2024-05-17,15158.38,ACH
PAY-0009904,INV-009766,2025-06-07,25140.3,Check
PAY-0009905,INV-009767,2025-03-19,7716.78,ACH
PAY-0009906,INV-009767,2025-04-08,9865.35,ACH
PAY-0009907,INV-009768,2025-09-30,12711.25,Check
PAY-0009908,INV-009769,2025-02-17,21692.1,Wire
PAY-0009909,INV-009770,2024-05-22,7076.35,ACH
PAY-0009910,INV-009771,2025-10-29,27257.38,ACH
PAY-0009911,INV-009772,2025-09-01,22240.42,Wire
PAY-0009912,INV-009773,2024-10-15,18916.72,ACH
PAY-0009913,INV-009774,2025-01-03,18426.5,Wire
PAY-0009914,INV-009775,2025-03-12,16760.03,ACH
PAY-0009915,INV-009776,2025-08-04,8500.23,ACH
PAY-0009916,INV-009777,2025-04-10,6966.39,ACH
PAY-0009917,INV-009777,2025-04-20,9754.14,Check
PAY-0009918,INV-009778,2024-12-08,24451.06,Wire
PAY-0009919,INV-009779,2024-08-02,8503.6,ACH
PAY-0009920,INV-009779,2024-08-16,6435.33,ACH
PAY-0009921,INV-009780,2024-04-30,13635.77,Check
PAY-0009922,INV-009781,2024-07-02,13481.85,ACH
PAY-0009923,INV-009782,2024-09-24,24419.12,ACH
PAY-0009924,INV-009783,2025-08-25,25092.62,ACH
PAY-0009925,INV-009784,2025-08-18,9933.38,ACH
PAY-0009926,INV-009785,2024-07-29,23101.47,Wire
PAY-0009927,INV-009786,2025-11-12,19904.68,Wire
PAY-0009928,INV-009787,2025-08-11,22871.81,ACH
PAY-0009929,INV-009788,2025-03-02,8725.67,ACH
PAY-0009930,INV-009789,2024-10-01,13490.45,ACH
PAY-0009931,INV-009790,2025-06-30,16139.27,ACH
PAY-0009932,INV-009791,2024-05-01,27123.54,ACH
PAY-0009933,INV-009792,2024-11-12,13801.66,ACH
PAY-0009934,INV-009794,2025-06-23,21760.15,Wire
PAY-0009935,INV-009795,2026-01-24,15011.37,ACH
PAY-0009936,INV-009796,2026-01-17,23159.12,ACH
PAY-0009937,INV-009797,2025-07-10,19409.21,Wire
PAY-0009938,INV-009798,2025-06-16,11646.59,Wire
PAY-0009939,INV-009799,2024-09-23,9695.03,ACH
PAY-0009940,INV-009800,2026-02-21,6510.76,ACH
PAY-0009941,INV-009800,2026-03-04,8126.84,ACH
PAY-0009942,INV-009801,2025-06-14,8087.05,ACH
PAY-0009943,INV-009802,2025-03-17,6923.96,ACH
PAY-0009944,INV-009802,2025-03-29,7039.31,Wire
PAY-0009945,INV-009803,2025-02-07,8781.27,Wire
PAY-0009946,INV-009804,2024-11-04,17170.33,ACH
PAY-0009947,INV-009805,2025-01-26,2388.5,Check
PAY-0009948,INV-009805,2025-02-13,2897.21,ACH
PAY-0009949,INV-009806,2025-01-15,22464.59,ACH
PAY-0009950,INV-009807,2024-08-03,8517.34,ACH
PAY-0009951,INV-009808,2025-06-14,17408.0,Wire
PAY-0009952,INV-009809,2024-07-12,8085.26,ACH
PAY-0009953,INV-009810,2025-01-07,16796.78,ACH
PAY-0009954,INV-009811,2025-07-10,22496.18,Check
PAY-0009955,INV-009812,2025-07-03,8727.54,ACH
PAY-0009956,INV-009813,2025-08-14,5561.1,Wire
PAY-0009957,INV-009815,2024-07-07,11987.33,ACH
PAY-0009958,INV-009816,2024-09-14,2790.09,ACH
PAY-0009959,INV-009816,2024-10-04,2402.36,ACH
PAY-0009960,INV-009818,2024-05-02,9601.18,ACH
PAY-0009961,INV-009819,2024-05-14,23953.02,Check
PAY-0009962,INV-009820,2025-07-05,17340.83,Wire
PAY-0009963,INV-009821,2024-04-10,26004.92,ACH
PAY-0009964,INV-009822,2025-02-04,28733.68,ACH
PAY-0009965,INV-009823,2025-12-26,14879.45,Wire
PAY-0009966,INV-009824,2025-07-20,6782.45,Wire
PAY-0009967,INV-009825,2025-01-17,29051.73,ACH
PAY-0009968,INV-009826,2025-08-11,17858.04,ACH
PAY-0009969,INV-009827,2024-06-11,26189.08,ACH
PAY-0009970,INV-009829,2025-04-17,23834.46,Wire
PAY-0009971,INV-009830,2025-08-31,13739.54,ACH
PAY-0009972,INV-009831,2026-01-15,24948.31,ACH
PAY-0009973,INV-009832,2025-08-14,3121.65,ACH
PAY-0009974,INV-009832,2025-09-04,2845.25,ACH
PAY-0009975,INV-009833,2024-10-07,14926.37,Wire
PAY-0009976,INV-009833,2024-10-18,11076.59,Check
PAY-0009977,INV-009834,2025-06-02,5121.18,ACH
PAY-0009978,INV-009836,2026-02-21,29289.53,ACH
PAY-0009979,INV-009838,2026-02-10,23720.46,ACH
PAY-0009980,INV-009839,2025-08-29,12530.26,Wire
PAY-0009981,INV-009840,2024-04-01,28346.07,Wire
PAY-0009982,INV-009841,2025-01-29,8989.4,ACH
PAY-0009983,INV-009841,2025-02-10,6546.63,Check
PAY-0009984,INV-009844,2024-10-09,30378.73,Wire
PAY-0009985,INV-009845,2024-11-09,31273.62,ACH
PAY-0009986,INV-009846,2025-09-16,10122.41,Check
PAY-0009987,INV-009847,2024-05-09,9799.69,ACH
PAY-0009988,INV-009848,2025-02-02,30693.08,ACH
PAY-0009989,INV-009849,2025-03-21,20066.96,ACH
PAY-0009990,INV-009850,2025-10-20,6307.39,Wire
PAY-0009991,INV-009851,2024-12-13,5494.91,ACH
PAY-0009992,INV-009853,2026-02-24,10751.96,ACH
PAY-0009993,INV-009854,2024-11-30,21425.18,ACH
PAY-0009994,INV-009855,2025-05-04,27065.83,ACH
PAY-0009995,INV-009857,2025-06-10,16236.91,Wire
PAY-0009996,INV-009858,2025-02-09,6530.59,Wire
PAY-0009997,INV-009859,2024-04-09,11301.32,Wire
PAY-0009998,INV-009860,2024-08-23,23774.92,ACH
PAY-0009999,INV-009861,2025-08-12,7878.54,ACH
PAY-0010000,INV-009862,2026-01-30,18788.27,ACH
PAY-0010001,INV-009863,2025-08-26,20515.68,ACH
PAY-0010002,INV-009864,2025-11-07,30784.49,Wire
PAY-0010003,INV-009865,2025-03-21,14864.66,ACH
PAY-0010004,INV-009865,2025-04-14,15363.23,ACH
PAY-0010005,INV-009866,2025-01-23,30667.24,ACH
PAY-0010006,INV-009867,2024-06-12,5944.68,Check
PAY-0010007,INV-009868,2024-09-18,12131.38,Wire
PAY-0010008,INV-009869,2025-11-04,11461.55,ACH
PAY-0010009,INV-009870,2025-03-13,13960.18,Wire
PAY-0010010,INV-009871,2025-01-30,12703.09,Wire
PAY-0010011,INV-009872,2024-10-15,23375.42,Wire
PAY-0010012,INV-009873,2025-06-22,18816.57,Wire
PAY-0010013,INV-009874,2024-06-18,20579.7,ACH
PAY-0010014,INV-009875,2024-04-17,28356.22,Wire
PAY-0010015,INV-009876,2024-05-01,28091.32,Wire
PAY-0010016,INV-009877,2025-02-11,6924.8,Wire
PAY-0010017,INV-009878,2025-12-24,10920.2,Wire
PAY-0010018,INV-009880,2025-02-21,19362.45,ACH
PAY-0010019,INV-009881,2025-10-17,17620.98,ACH
PAY-0010020,INV-009882,2025-11-02,12542.45,ACH
PAY-0010021,INV-009883,2025-09-29,23564.64,Wire
PAY-0010022,INV-009884,2024-11-27,21192.76,ACH
PAY-0010023,INV-009886,2024-04-24,18505.27,ACH
PAY-0010024,INV-009887,2025-01-18,6624.28,ACH
PAY-0010025,INV-009888,2024-05-09,22965.64,ACH
PAY-0010026,INV-009889,2025-05-10,7892.02,ACH
PAY-0010027,INV-009890,2025-01-06,9148.99,ACH
PAY-0010028,INV-009892,2024-06-30,19995.74,Wire
PAY-0010029,INV-009894,2024-07-24,11313.97,ACH
PAY-0010030,INV-009895,2024-06-12,30253.13,Check
PAY-0010031,INV-009896,2025-06-01,24870.11,Wire
PAY-0010032,INV-009897,2024-05-26,14749.1,Wire
PAY-0010033,INV-009898,2024-12-05,15060.41,ACH
PAY-0010034,INV-009899,2025-01-31,11999.11,Wire
PAY-0010035,INV-009899,2025-02-20,11944.56,ACH
PAY-0010036,INV-009900,2024-05-28,20353.37,ACH
PAY-0010037,INV-009901,2026-02-25,24268.12,Check
PAY-0010038,INV-009902,2025-01-23,6088.38,Wire
PAY-0010039,INV-009903,2026-01-26,5937.38,ACH
PAY-0010040,INV-009904,2025-08-12,9228.81,ACH
PAY-0010041,INV-009905,2024-09-04,6608.29,ACH
PAY-0010042,INV-009906,2024-06-15,2605.85,Wire
PAY-0010043,INV-009908,2025-04-08,1941.91,Check
PAY-0010044,INV-009909,2024-03-20,5707.48,ACH
PAY-0010045,INV-009909,2024-04-04,5398.97,ACH
PAY-0010046,INV-009910,2025-05-11,5007.39,ACH
PAY-0010047,INV-009911,2025-02-13,8727.33,ACH
PAY-0010048,INV-009912,2025-04-06,6681.21,Wire
PAY-0010049,INV-009913,2024-10-03,6888.39,Check
PAY-0010050,INV-009915,2024-09-24,6684.93,ACH
PAY-0010051,INV-009916,2025-03-27,11819.4,Check
PAY-0010052,INV-009917,2025-03-31,5338.0,Wire
PAY-0010053,INV-009918,2025-04-26,8623.26,ACH
PAY-0010054,INV-009919,2025-01-16,3458.37,ACH
PAY-0010055,INV-009920,2025-02-22,3553.93,Wire
PAY-0010056,INV-009921,2024-05-14,5261.34,ACH
PAY-0010057,INV-009922,2026-01-11,7041.65,ACH
PAY-0010058,INV-009923,2025-02-16,9833.77,ACH
PAY-0010059,INV-009924,2024-05-25,11901.95,Wire
PAY-0010060,INV-009926,2024-11-18,10030.33,Wire
PAY-0010061,INV-009927,2024-09-12,7988.65,ACH
PAY-0010062,INV-009928,2025-06-03,5961.22,ACH
PAY-0010063,INV-009929,2024-07-17,3142.77,Wire
PAY-0010064,INV-009930,2025-06-07,3523.64,Wire
PAY-0010065,INV-009931,2025-12-17,8116.97,Check
PAY-0010066,INV-009932,2024-11-05,2139.04,ACH
PAY-0010067,INV-009933,2024-09-20,1069.43,Check
PAY-0010068,INV-009933,2024-10-10,857.43,Wire
PAY-0010069,INV-009934,2025-03-18,7115.65,Check
PAY-0010070,INV-009935,2024-05-24,5902.25,Wire
PAY-0010071,INV-009935,2024-06-09,4514.17,ACH
PAY-0010072,INV-009938,2025-11-03,11376.03,ACH
PAY-0010073,INV-009939,2024-06-08,3382.55,ACH
PAY-0010074,INV-009940,2024-10-20,8990.86,ACH
PAY-0010075,INV-009941,2025-10-08,1509.9,ACH
PAY-0010076,INV-009942,2025-08-21,7818.93,ACH
PAY-0010077,INV-009943,2025-01-26,4323.44,ACH
PAY-0010078,INV-009944,2026-01-22,4540.41,ACH
PAY-0010079,INV-009945,2024-03-22,4103.1,Check
PAY-0010080,INV-009946,2025-08-21,1561.83,ACH
PAY-0010081,INV-009947,2025-06-02,3374.58,Wire
PAY-0010082,INV-009948,2025-12-12,5106.13,ACH
PAY-0010083,INV-009949,2025-07-23,3556.63,ACH
PAY-0010084,INV-009950,2025-05-24,11853.83,Wire
PAY-0010085,INV-009951,2024-07-15,11688.59,ACH
PAY-0010086,INV-009952,2025-09-20,4418.57,ACH
PAY-0010087,INV-009953,2024-07-24,10346.33,ACH
PAY-0010088,INV-009954,2025-11-21,9229.23,Wire
PAY-0010089,INV-009955,2024-07-23,9113.95,Check
PAY-0010090,INV-009956,2024-04-29,10643.07,Wire
PAY-0010091,INV-009957,2025-05-01,3702.93,Wire
PAY-0010092,INV-009958,2025-11-15,5052.71,ACH
PAY-0010093,INV-009959,2024-10-21,5979.34,ACH
PAY-0010094,INV-009961,2024-02-15,10776.74,ACH
PAY-0010095,INV-009962,2024-08-18,3558.68,ACH
PAY-0010096,INV-009964,2025-05-11,7172.0,ACH
PAY-0010097,INV-009965,2024-06-23,5045.38,ACH
PAY-0010098,INV-009965,2024-07-17,3791.14,ACH
PAY-0010099,INV-009966,2025-12-06,4281.21,ACH
PAY-0010100,INV-009967,2024-12-31,11813.97,ACH
PAY-0010101,INV-009968,2025-06-18,2617.1,Wire
PAY-0010102,INV-009968,2025-07-10,2977.5,ACH
PAY-0010103,INV-009969,2025-06-07,4194.06,ACH
PAY-0010104,INV-009970,2024-03-08,9296.66,ACH
PAY-0010105,INV-009971,2024-11-28,6039.36,Check
PAY-0010106,INV-009972,2024-12-22,8224.5,Wire
PAY-0010107,INV-009973,2024-12-29,7474.22,ACH
PAY-0010108,INV-009974,2025-01-25,2462.73,ACH
PAY-0010109,INV-009975,2026-02-08,2448.87,Wire
PAY-0010110,INV-009976,2025-08-22,5652.27,ACH
PAY-0010111,INV-009977,2025-10-16,7100.95,Wire
PAY-0010112,INV-009978,2024-02-06,9614.53,ACH
PAY-0010113,INV-009979,2025-03-04,2223.66,Wire
PAY-0010114,INV-009979,2025-03-21,2929.97,ACH
PAY-0010115,INV-009980,2025-08-22,2445.45,ACH
PAY-0010116,INV-009980,2025-09-15,2757.86,Check
PAY-0010117,INV-009981,2024-02-02,4954.94,ACH
PAY-0010118,INV-009982,2024-04-17,10438.63,Check
PAY-0010119,INV-009983,2026-01-19,9594.9,Wire
PAY-0010120,INV-009984,2024-06-25,6602.79,ACH
PAY-0010121,INV-009985,2024-06-19,6537.54,Check
PAY-0010122,INV-009986,2024-03-31,7347.23,ACH
PAY-0010123,INV-009987,2025-02-01,7284.4,ACH
PAY-0010124,INV-009989,2025-01-01,4327.42,Wire
PAY-0010125,INV-009989,2025-01-20,4375.84,Wire
PAY-0010126,INV-009990,2025-02-28,11059.39,ACH
PAY-0010127,INV-009991,2024-11-05,5837.7,ACH
PAY-0010128,INV-009992,2024-02-08,1802.38,Wire
PAY-0010129,INV-009994,2025-02-20,4915.16,Wire
PAY-0010130,INV-009994,2025-03-10,3466.6,ACH
PAY-0010131,INV-009995,2026-01-12,6536.37,ACH
PAY-0010132,INV-009996,2025-11-02,7197.35,ACH
PAY-0010133,INV-009997,2024-05-24,11952.56,ACH
PAY-0010134,INV-009998,2024-09-06,11942.28,ACH
PAY-0010135,INV-009999,2024-11-30,11287.4,ACH
PAY-0010136,INV-010000,2025-01-29,2665.4,ACH
PAY-0010137,INV-010001,2024-10-29,6266.41,Check
PAY-0010138,INV-010003,2025-07-21,5959.92,ACH
PAY-0010139,INV-010004,2024-09-19,3853.75,ACH
PAY-0010140,INV-010005,2025-03-27,2774.09,ACH
PAY-0010141,INV-010007,2026-01-23,2196.34,Check
PAY-0010142,INV-010008,2025-04-25,660.04,Wire
PAY-0010143,INV-010009,2025-03-04,1665.04,Wire
PAY-0010144,INV-010010,2025-12-06,1388.44,Wire
PAY-0010145,INV-010012,2026-01-04,2097.22,Wire
PAY-0010146,INV-010013,2025-05-26,1913.97,ACH
PAY-0010147,INV-010014,2025-11-15,2571.43,Wire
PAY-0010148,INV-010015,2024-04-11,2906.85,ACH
PAY-0010149,INV-010016,2025-08-21,2398.38,ACH
PAY-0010150,INV-010017,2024-02-05,2976.44,ACH
PAY-0010151,INV-010018,2024-09-09,3481.07,ACH
PAY-0010152,INV-010019,2025-04-30,3464.84,Check
PAY-0010153,INV-010021,2025-04-20,814.54,Wire
PAY-0010154,INV-010021,2025-05-04,1183.78,ACH
PAY-0010155,INV-010022,2025-02-02,3932.51,ACH
PAY-0010156,INV-010023,2024-02-09,2921.35,ACH
PAY-0010157,INV-010024,2025-03-31,749.54,ACH
PAY-0010158,INV-010024,2025-04-12,649.85,ACH
PAY-0010159,INV-010025,2024-07-15,2307.23,Wire
PAY-0010160,INV-010026,2024-08-07,2341.72,Wire
PAY-0010161,INV-010027,2025-07-31,1976.32,Check
PAY-0010162,INV-010028,2024-12-20,2784.22,ACH
PAY-0010163,INV-010029,2024-03-03,1283.78,Wire
PAY-0010164,INV-010030,2024-11-09,3857.1,Wire
PAY-0010165,INV-010032,2025-09-21,1156.73,ACH
PAY-0010166,INV-010033,2024-12-04,1165.89,ACH
PAY-0010167,INV-010034,2025-12-31,2415.15,ACH
PAY-0010168,INV-010035,2024-03-28,1844.76,ACH
PAY-0010169,INV-010036,2025-03-01,3869.51,ACH
PAY-0010170,INV-010038,2024-04-26,873.43,Check
PAY-0010171,INV-010039,2024-02-14,3654.39,Check
PAY-0010172,INV-010040,2025-06-30,1633.82,Check
PAY-0010173,INV-010041,2025-05-17,1991.31,ACH
PAY-0010174,INV-010042,2024-08-10,3644.82,ACH
PAY-0010175,INV-010043,2024-08-17,1406.28,Wire
PAY-0010176,INV-010044,2024-09-03,3323.97,Wire
PAY-0010177,INV-010046,2024-04-13,3255.66,ACH
PAY-0010178,INV-010047,2025-04-15,1835.83,Wire
PAY-0010179,INV-010048,2025-12-22,2188.99,Check
PAY-0010180,INV-010050,2025-04-10,1924.73,ACH
PAY-0010181,INV-010051,2025-02-01,923.91,Wire
PAY-0010182,INV-010052,2024-05-19,3961.93,ACH
PAY-0010183,INV-010053,2024-08-09,846.14,ACH
PAY-0010184,INV-010053,2024-08-23,577.17,ACH
PAY-0010185,INV-010054,2026-01-28,735.67,Check
PAY-0010186,INV-010054,2026-02-17,953.45,ACH
PAY-0010187,INV-010055,2024-12-26,2014.48,Wire
PAY-0010188,INV-010056,2025-10-30,817.16,Wire
PAY-0010189,INV-010057,2025-08-03,3150.83,Check
PAY-0010190,INV-010058,2025-07-12,1889.83,ACH
PAY-0010191,INV-010059,2025-06-15,3468.03,ACH
PAY-0010192,INV-010061,2025-07-22,2901.8,ACH
PAY-0010193,INV-010062,2026-01-04,860.16,Wire
PAY-0010194,INV-010063,2025-12-16,3849.52,ACH
PAY-0010195,INV-010064,2026-01-01,2964.33,ACH
PAY-0010196,INV-010065,2025-06-28,1492.01,ACH
PAY-0010197,INV-010065,2025-07-11,1723.75,ACH
PAY-0010198,INV-010066,2025-05-17,1101.11,Wire
PAY-0010199,INV-010067,2024-10-07,3677.94,Wire
PAY-0010200,INV-010068,2025-04-22,3811.18,ACH
PAY-0010201,INV-010070,2025-09-10,2344.17,ACH
PAY-0010202,INV-010071,2025-06-16,2701.09,ACH
PAY-0010203,INV-010072,2025-09-10,3612.52,Wire
PAY-0010204,INV-010073,2025-06-18,2276.8,ACH
PAY-0010205,INV-010074,2024-03-31,1693.02,ACH
PAY-0010206,INV-010075,2025-07-20,637.19,Wire
PAY-0010207,INV-010076,2025-10-16,2665.96,ACH
PAY-0010208,INV-010077,2025-01-13,2905.59,Check
PAY-0010209,INV-010078,2025-05-23,1865.75,Wire
PAY-0010210,INV-010079,2025-12-15,1801.68,ACH
PAY-0010211,INV-010080,2024-12-12,573.31,Wire
PAY-0010212,INV-010081,2025-07-19,3523.63,Check
PAY-0010213,INV-010082,2024-09-04,3976.4,ACH
PAY-0010214,INV-010083,2024-12-21,2421.4,Wire
PAY-0010215,INV-010085,2025-11-25,3638.89,ACH
PAY-0010216,INV-010086,2025-11-06,3053.88,ACH
PAY-0010217,INV-010087,2024-06-19,3214.25,Wire
PAY-0010218,INV-010088,2025-08-07,2010.23,ACH
PAY-0010219,INV-010089,2025-04-16,3291.03,ACH
PAY-0010220,INV-010090,2024-03-15,3178.18,Check
PAY-0010221,INV-010091,2025-03-26,2837.03,ACH
PAY-0010222,INV-010092,2024-03-08,3738.56,Wire
PAY-0010223,INV-010093,2024-12-04,851.05,ACH
PAY-0010224,INV-010094,2024-10-17,858.64,ACH
PAY-0010225,INV-010095,2025-08-26,8227.22,ACH
PAY-0010226,INV-010096,2024-03-13,9705.25,ACH
PAY-0010227,INV-010097,2026-01-17,5250.98,ACH
PAY-0010228,INV-010097,2026-02-10,4775.41,Wire
PAY-0010229,INV-010098,2024-06-05,6014.36,Check
PAY-0010230,INV-010099,2024-07-04,5651.65,ACH
PAY-0010231,INV-010100,2026-01-18,10049.96,ACH
PAY-0010232,INV-010101,2025-06-26,5690.77,Wire
PAY-0010233,INV-010101,2025-07-18,5582.9,ACH
PAY-0010234,INV-010102,2025-12-13,11948.15,ACH
PAY-0010235,INV-010103,2024-05-12,3340.23,ACH
PAY-0010236,INV-010105,2024-07-30,4837.06,Wire
PAY-0010237,INV-010105,2024-08-17,6647.09,ACH
PAY-0010238,INV-010106,2024-07-07,9279.13,ACH
PAY-0010239,INV-010107,2024-10-07,9774.9,ACH
PAY-0010240,INV-010108,2025-05-15,4795.59,ACH
PAY-0010241,INV-010109,2024-12-26,1686.53,ACH
PAY-0010242,INV-010110,2024-12-13,4331.81,ACH
PAY-0010243,INV-010111,2025-12-07,2750.88,ACH
PAY-0010244,INV-010112,2025-08-29,8355.46,ACH
PAY-0010245,INV-010113,2025-10-19,1535.55,ACH
PAY-0010246,INV-010113,2025-11-06,1161.58,Wire
PAY-0010247,INV-010114,2024-08-26,1608.16,Wire
PAY-0010248,INV-010115,2024-07-14,3138.82,ACH
PAY-0010249,INV-010116,2025-08-12,9668.74,ACH
PAY-0010250,INV-010117,2024-04-14,9576.93,ACH
PAY-0010251,INV-010118,2024-10-25,11744.77,Wire
PAY-0010252,INV-010119,2024-11-24,7877.46,ACH
PAY-0010253,INV-010120,2026-02-19,3401.57,ACH
PAY-0010254,INV-010121,2025-09-16,6168.82,ACH
PAY-0010255,INV-010122,2025-06-24,6111.86,ACH
PAY-0010256,INV-010124,2024-04-05,7067.78,Check
PAY-0010257,INV-010125,2024-03-28,9503.17,Wire
PAY-0010258,INV-010126,2024-10-26,9646.66,ACH
PAY-0010259,INV-010127,2024-07-28,1978.69,Wire
PAY-0010260,INV-010128,2024-07-25,7044.59,Wire
PAY-0010261,INV-010129,2025-12-25,5098.91,ACH
PAY-0010262,INV-010130,2025-05-22,6319.14,Check
PAY-0010263,INV-010131,2025-10-02,5537.63,Wire
PAY-0010264,INV-010132,2026-01-26,4887.09,Wire
PAY-0010265,INV-010133,2025-10-23,2152.2,ACH
PAY-0010266,INV-010134,2026-01-11,10290.83,Wire
PAY-0010267,INV-010135,2025-03-16,9597.78,ACH
PAY-0010268,INV-010136,2025-07-29,4427.1,ACH
PAY-0010269,INV-010137,2024-05-18,6934.97,ACH
PAY-0010270,INV-010138,2024-08-20,4606.15,Wire
PAY-0010271,INV-010139,2025-10-19,2936.01,ACH
PAY-0010272,INV-010139,2025-11-12,2523.96,ACH
PAY-0010273,INV-010140,2025-11-20,11782.22,Wire
PAY-0010274,INV-010141,2026-01-13,8645.02,ACH
PAY-0010275,INV-010142,2024-05-17,4202.41,ACH
PAY-0010276,INV-010143,2025-08-12,9205.58,ACH
PAY-0010277,INV-010144,2025-12-11,2355.81,Wire
PAY-0010278,INV-010145,2025-06-23,8055.61,Check
PAY-0010279,INV-010146,2024-07-15,8689.56,ACH
PAY-0010280,INV-010147,2024-11-20,2409.13,ACH
PAY-0010281,INV-010148,2024-11-21,7661.64,ACH
PAY-0010282,INV-010149,2026-02-14,5104.7,Wire
PAY-0010283,INV-010150,2025-07-10,9632.44,ACH
PAY-0010284,INV-010151,2025-05-25,4195.76,Wire
PAY-0010285,INV-010152,2025-04-17,10225.23,ACH
PAY-0010286,INV-010153,2024-10-28,1599.5,ACH
PAY-0010287,INV-010153,2024-11-09,1213.79,Wire
PAY-0010288,INV-010154,2024-07-20,10600.26,Wire
PAY-0010289,INV-010155,2024-04-21,1744.64,ACH
PAY-0010290,INV-010156,2025-04-08,5933.69,ACH
PAY-0010291,INV-010157,2025-02-18,7733.04,ACH
PAY-0010292,INV-010158,2025-05-16,4953.86,Wire
PAY-0010293,INV-010159,2026-02-06,11200.11,Wire
PAY-0010294,INV-010160,2024-04-18,5136.31,ACH
PAY-0010295,INV-010161,2025-12-17,11754.6,Wire
PAY-0010296,INV-010162,2025-02-03,2606.98,ACH
PAY-0010297,INV-010163,2025-05-18,4504.78,ACH
PAY-0010298,INV-010164,2026-02-02,5448.63,ACH
PAY-0010299,INV-010165,2025-03-02,9698.26,ACH
PAY-0010300,INV-010166,2025-07-16,9839.41,ACH
PAY-0010301,INV-010167,2024-04-22,10068.45,ACH
PAY-0010302,INV-010168,2024-09-06,8092.75,Wire
PAY-0010303,INV-010169,2024-12-22,4633.96,ACH
PAY-0010304,INV-010170,2025-05-18,4620.38,ACH
PAY-0010305,INV-010171,2025-10-14,7565.17,ACH
PAY-0010306,INV-010173,2025-05-18,3157.54,Wire
PAY-0010307,INV-010174,2025-12-22,6247.43,ACH
PAY-0010308,INV-010175,2025-06-03,3149.28,ACH
PAY-0010309,INV-010176,2025-07-04,11529.13,Wire
PAY-0010310,INV-010177,2025-12-05,8630.16,Wire
PAY-0010311,INV-010178,2025-11-18,3488.4,ACH
PAY-0010312,INV-010179,2024-12-04,10380.85,ACH
PAY-0010313,INV-010180,2025-03-13,5681.2,ACH
PAY-0010314,INV-010181,2024-11-25,1803.97,ACH
PAY-0010315,INV-010182,2025-11-09,7412.63,ACH
PAY-0010316,INV-010184,2025-02-11,8019.49,Wire
PAY-0010317,INV-010185,2024-12-02,3581.83,ACH
PAY-0010318,INV-010186,2026-02-10,2071.38,ACH
PAY-0010319,INV-010187,2024-07-14,4066.64,Wire
PAY-0010320,INV-010188,2024-09-11,7745.2,ACH
PAY-0010321,INV-010189,2024-05-19,11445.66,ACH
PAY-0010322,INV-010190,2024-12-20,7622.05,Wire
PAY-0010323,INV-010191,2026-02-24,9591.06,Wire
PAY-0010324,INV-010192,2024-12-09,3868.35,ACH
PAY-0010325,INV-010193,2025-02-18,9248.52,ACH
PAY-0010326,INV-010194,2024-12-20,4504.84,ACH
PAY-0010327,INV-010195,2024-04-17,3105.65,Wire
PAY-0010328,INV-010196,2025-08-10,10736.65,ACH
PAY-0010329,INV-010197,2025-05-05,11590.77,Wire
PAY-0010330,INV-010198,2025-04-08,5198.75,Wire
PAY-0010331,INV-010199,2024-06-27,4247.21,ACH
PAY-0010332,INV-010200,2025-12-05,6107.28,Wire
PAY-0010333,INV-010201,2025-05-03,5974.13,ACH
PAY-0010334,INV-010201,2025-05-14,4141.41,ACH
PAY-0010335,INV-010202,2024-03-14,4469.1,ACH
PAY-0010336,INV-010202,2024-04-04,3727.71,ACH
PAY-0010337,INV-010204,2024-09-20,7898.35,ACH
PAY-0010338,INV-010205,2025-07-02,10741.49,ACH
PAY-0010339,INV-010206,2025-06-17,2340.42,ACH
PAY-0010340,INV-010207,2024-04-18,10316.21,ACH
PAY-0010341,INV-010208,2025-04-16,8161.81,Wire
PAY-0010342,INV-010209,2025-12-15,5004.67,ACH
PAY-0010343,INV-010210,2024-03-10,3766.98,ACH
PAY-0010344,INV-010210,2024-03-25,4476.19,ACH
PAY-0010345,INV-010211,2025-10-26,8092.48,ACH
PAY-0010346,INV-010212,2025-04-06,6042.65,ACH
PAY-0010347,INV-010213,2024-05-22,8860.74,ACH
PAY-0010348,INV-010214,2025-07-30,11181.25,Check
PAY-0010349,INV-010215,2025-12-24,11873.98,Check
PAY-0010350,INV-010216,2025-06-07,2850.06,Wire
PAY-0010351,INV-010217,2025-07-11,4603.8,Check
PAY-0010352,INV-010217,2025-07-30,5934.68,ACH
PAY-0010353,INV-010218,2024-11-26,8956.83,ACH
PAY-0010354,INV-010219,2025-08-16,5287.88,ACH
PAY-0010355,INV-010220,2024-04-05,9157.63,ACH
PAY-0010356,INV-010221,2025-07-28,11038.68,ACH
PAY-0010357,INV-010222,2025-01-26,9541.14,Wire
PAY-0010358,INV-010223,2025-08-17,8690.32,ACH
PAY-0010359,INV-010224,2024-05-19,6485.57,ACH
PAY-0010360,INV-010225,2025-05-02,11218.87,ACH
PAY-0010361,INV-010226,2025-03-04,2387.12,ACH
PAY-0010362,INV-010227,2024-12-28,11489.88,ACH
PAY-0010363,INV-010228,2025-04-19,2978.63,Wire
PAY-0010364,INV-010229,2025-04-20,6996.29,Wire
PAY-0010365,INV-010230,2024-08-13,3738.15,ACH
PAY-0010366,INV-010230,2024-09-01,4519.56,ACH
PAY-0010367,INV-010231,2024-05-07,7572.89,Wire
PAY-0010368,INV-010232,2025-05-14,4030.8,ACH
PAY-0010369,INV-010233,2025-01-03,7373.52,Check
PAY-0010370,INV-010234,2024-03-15,7095.12,ACH
PAY-0010371,INV-010235,2025-06-06,7563.2,ACH
PAY-0010372,INV-010236,2025-06-27,10369.35,Wire
PAY-0010373,INV-010237,2024-05-18,6021.55,ACH
PAY-0010374,INV-010238,2025-05-03,4795.55,ACH
PAY-0010375,INV-010238,2025-05-17,6624.85,ACH
PAY-0010376,INV-010239,2024-11-13,2312.7,Wire
PAY-0010377,INV-010241,2024-05-10,9187.16,ACH
PAY-0010378,INV-010242,2024-06-16,1869.25,ACH
PAY-0010379,INV-010243,2024-08-11,9612.16,ACH
PAY-0010380,INV-010244,2024-09-21,3167.76,ACH
PAY-0010381,INV-010245,2025-01-13,4527.52,Check
PAY-0010382,INV-010246,2025-10-08,11367.29,Check
PAY-0010383,INV-010247,2025-01-22,5970.67,ACH
PAY-0010384,INV-010248,2024-10-01,8502.6,ACH
PAY-0010385,INV-010249,2024-08-08,4905.52,Wire
PAY-0010386,INV-010250,2025-05-14,4421.71,ACH
PAY-0010387,INV-010251,2025-10-27,11416.49,Wire
PAY-0010388,INV-010252,2024-10-19,6611.81,Check
PAY-0010389,INV-010253,2024-07-07,6187.57,Check
PAY-0010390,INV-010254,2024-06-06,5497.17,ACH
PAY-0010391,INV-010255,2025-06-07,6910.15,ACH
PAY-0010392,INV-010256,2025-06-07,8764.85,Wire
PAY-0010393,INV-010257,2025-01-28,8216.99,ACH
PAY-0010394,INV-010259,2024-04-04,7132.29,ACH
PAY-0010395,INV-010260,2024-08-02,4909.87,Check
PAY-0010396,INV-010261,2026-02-14,2335.03,ACH
PAY-0010397,INV-010262,2025-07-27,4239.34,ACH
PAY-0010398,INV-010262,2025-08-08,5765.59,ACH
PAY-0010399,INV-010263,2025-03-22,6276.12,Wire
PAY-0010400,INV-010264,2025-08-03,2636.3,Check
PAY-0010401,INV-010265,2024-10-04,5185.21,ACH
PAY-0010402,INV-010265,2024-10-28,6471.54,ACH
PAY-0010403,INV-010266,2024-12-05,6134.19,Wire
PAY-0010404,INV-010267,2026-02-04,11313.2,ACH
PAY-0010405,INV-010268,2024-03-30,8937.92,Check
PAY-0010406,INV-010269,2025-01-25,7098.24,Wire
PAY-0010407,INV-010270,2025-04-07,2752.54,ACH
PAY-0010408,INV-010271,2025-02-27,4263.18,Wire
PAY-0010409,INV-010272,2024-12-21,8091.97,ACH
PAY-0010410,INV-010273,2025-12-14,1582.33,Wire
PAY-0010411,INV-010273,2025-12-24,1428.7,ACH
PAY-0010412,INV-010275,2024-07-08,3697.33,Wire
PAY-0010413,INV-010276,2025-11-14,1911.12,ACH
PAY-0010414,INV-010277,2024-09-21,11664.6,ACH
PAY-0010415,INV-010278,2025-10-18,9150.75,Wire
PAY-0010416,INV-010279,2025-02-03,1960.16,Check
PAY-0010417,INV-010280,2026-01-15,6182.2,Wire
PAY-0010418,INV-010281,2025-01-17,8262.24,ACH
PAY-0010419,INV-010282,2025-03-06,3488.74,ACH
PAY-0010420,INV-010282,2025-03-18,2914.31,ACH
PAY-0010421,INV-010283,2024-06-17,5468.4,ACH
PAY-0010422,INV-010284,2025-07-31,8327.59,Wire
PAY-0010423,INV-010285,2025-07-21,7297.96,ACH
PAY-0010424,INV-010287,2024-03-02,2963.26,ACH
PAY-0010425,INV-010288,2025-03-23,6720.26,ACH
PAY-0010426,INV-010289,2025-05-12,10542.62,Wire
PAY-0010427,INV-010290,2025-10-16,9542.67,ACH
PAY-0010428,INV-010291,2025-02-01,7264.3,ACH
PAY-0010429,INV-010292,2025-04-24,5495.18,Wire
PAY-0010430,INV-010292,2025-05-09,4456.53,ACH
PAY-0010431,INV-010293,2024-07-23,7783.93,Wire
PAY-0010432,INV-010294,2024-10-21,2142.41,ACH
PAY-0010433,INV-010295,2024-07-04,8707.49,Check
PAY-0010434,INV-010296,2025-02-01,9925.42,Wire
PAY-0010435,INV-010297,2026-02-05,7104.92,ACH
PAY-0010436,INV-010298,2025-12-23,5972.65,ACH
PAY-0010437,INV-010298,2026-01-02,5245.71,ACH
PAY-0010438,INV-010299,2024-10-05,6987.78,ACH
PAY-0010439,INV-010300,2025-04-08,7247.75,ACH
PAY-0010440,INV-010301,2025-06-23,7713.38,ACH
PAY-0010441,INV-010303,2025-04-12,5617.36,Wire
PAY-0010442,INV-010304,2025-03-25,6656.45,ACH
PAY-0010443,INV-010305,2025-05-08,10162.63,Wire
PAY-0010444,INV-010306,2025-10-20,7061.91,ACH
PAY-0010445,INV-010308,2024-04-07,2436.57,Wire
PAY-0010446,INV-010308,2024-04-21,2236.14,ACH
PAY-0010447,INV-010309,2026-01-13,8519.31,ACH
PAY-0010448,INV-010310,2025-06-23,2846.63,ACH
PAY-0010449,INV-010311,2025-12-01,5498.11,Wire
PAY-0010450,INV-010312,2025-11-12,3133.03,ACH
PAY-0010451,INV-010312,2025-11-24,2924.86,Wire
PAY-0010452,INV-010313,2025-07-13,2874.27,ACH
PAY-0010453,INV-010314,2024-09-19,4060.34,ACH
PAY-0010454,INV-010315,2025-10-19,8439.35,Wire
PAY-0010455,INV-010316,2025-01-08,3701.69,ACH
PAY-0010456,INV-010317,2024-10-23,11539.86,ACH
PAY-0010457,INV-010318,2025-10-27,2185.43,ACH
PAY-0010458,INV-010319,2024-12-27,4016.1,ACH
PAY-0010459,INV-010320,2024-09-22,5032.21,ACH
PAY-0010460,INV-010321,2024-04-19,5100.18,ACH
PAY-0010461,INV-010322,2024-07-19,5637.76,Wire
PAY-0010462,INV-010323,2025-12-29,10222.07,ACH
PAY-0010463,INV-010324,2024-03-07,5433.97,Wire
PAY-0010464,INV-010325,2025-07-05,3192.54,ACH
PAY-0010465,INV-010326,2025-06-18,4514.3,Check
PAY-0010466,INV-010327,2025-12-09,7569.03,ACH
PAY-0010467,INV-010328,2025-10-20,3616.66,Check
PAY-0010468,INV-010329,2024-09-07,3759.09,ACH
PAY-0010469,INV-010329,2024-09-24,5078.41,Wire
PAY-0010470,INV-010330,2025-12-20,5194.31,Wire
PAY-0010471,INV-010331,2025-02-26,3716.83,ACH
PAY-0010472,INV-010332,2025-06-15,2793.08,Check
PAY-0010473,INV-010333,2024-12-16,3338.37,ACH
PAY-0010474,INV-010333,2024-12-26,2644.35,Check
PAY-0010475,INV-010334,2025-11-07,10985.03,ACH
PAY-0010476,INV-010335,2024-03-05,5033.59,Check
PAY-0010477,INV-010336,2024-09-30,5555.82,ACH
PAY-0010478,INV-010337,2025-06-21,2085.36,ACH
PAY-0010479,INV-010337,2025-07-02,1998.05,ACH
PAY-0010480,INV-010338,2025-10-01,3615.06,ACH
PAY-0010481,INV-010338,2025-10-12,4312.06,ACH
PAY-0010482,INV-010339,2025-04-25,7909.16,ACH
PAY-0010483,INV-010340,2026-02-16,6777.8,Wire
PAY-0010484,INV-010341,2025-03-04,2269.93,ACH
PAY-0010485,INV-010342,2025-08-15,4954.94,ACH
PAY-0010486,INV-010342,2025-08-28,6326.12,Wire
PAY-0010487,INV-010343,2024-07-07,8214.48,ACH
PAY-0010488,INV-010344,2025-02-21,3576.86,ACH
PAY-0010489,INV-010345,2025-04-27,6347.29,ACH
PAY-0010490,INV-010349,2024-08-13,10147.0,Wire
PAY-0010491,INV-010350,2026-02-27,8817.97,Wire
PAY-0010492,INV-010351,2025-12-12,8474.22,ACH
PAY-0010493,INV-010353,2024-06-22,7964.61,ACH
PAY-0010494,INV-010354,2026-02-04,8197.21,ACH
PAY-0010495,INV-010355,2025-01-04,9244.81,Wire
PAY-0010496,INV-010356,2024-10-22,1540.38,ACH
PAY-0010497,INV-010357,2024-11-22,4845.19,Check
PAY-0010498,INV-010357,2024-12-13,5470.76,ACH
PAY-0010499,INV-010358,2025-12-12,4929.56,ACH
PAY-0010500,INV-010358,2025-12-29,6225.28,ACH
PAY-0010501,INV-010359,2025-04-18,9348.44,ACH
PAY-0010502,INV-010360,2025-04-07,7449.55,ACH
PAY-0010503,INV-010362,2024-12-10,2579.29,ACH
PAY-0010504,INV-010364,2025-01-08,7427.33,ACH
PAY-0010505,INV-010365,2024-03-26,3088.28,ACH
PAY-0010506,INV-010366,2024-06-22,2988.83,ACH
PAY-0010507,INV-010367,2025-01-16,9990.98,ACH
PAY-0010508,INV-010368,2025-04-22,9656.87,ACH
PAY-0010509,INV-010369,2025-01-27,6135.08,ACH
PAY-0010510,INV-010370,2025-01-25,8654.17,Wire
PAY-0010511,INV-010371,2025-08-08,5414.15,ACH
PAY-0010512,INV-010372,2024-06-23,3519.96,ACH
PAY-0010513,INV-010374,2025-12-18,10923.76,Wire
PAY-0010514,INV-010375,2024-12-19,5486.79,ACH
PAY-0010515,INV-010376,2024-03-13,8063.4,ACH
PAY-0010516,INV-010377,2024-11-26,6212.2,Wire
PAY-0010517,INV-010378,2025-09-26,2316.27,ACH
PAY-0010518,INV-010379,2024-05-09,3010.47,Check
PAY-0010519,INV-010380,2024-11-04,9262.99,ACH
PAY-0010520,INV-010383,2025-03-14,10604.33,ACH
PAY-0010521,INV-010384,2025-02-02,3455.66,Wire
PAY-0010522,INV-010385,2026-01-22,8663.86,ACH
PAY-0010523,INV-010386,2025-01-20,2485.1,ACH
PAY-0010524,INV-010387,2025-04-02,9192.08,ACH
PAY-0010525,INV-010388,2025-03-05,5159.63,Check
PAY-0010526,INV-010389,2025-06-19,11347.14,Wire
PAY-0010527,INV-010390,2024-10-20,5280.9,ACH
PAY-0010528,INV-010391,2024-03-02,4927.7,Wire
PAY-0010529,INV-010392,2024-11-07,6052.52,ACH
PAY-0010530,INV-010393,2025-03-18,3112.38,Wire
PAY-0010531,INV-010393,2025-04-10,2102.87,Wire
PAY-0010532,INV-010394,2024-10-30,3217.73,ACH
PAY-0010533,INV-010394,2024-11-16,4655.41,Wire
PAY-0010534,INV-010395,2026-01-21,6749.92,Wire
PAY-0010535,INV-010396,2025-11-12,3320.19,Wire
PAY-0010536,INV-010396,2025-12-02,2670.85,ACH
PAY-0010537,INV-010397,2024-06-13,7210.96,ACH
PAY-0010538,INV-010398,2024-03-17,2397.05,ACH
PAY-0010539,INV-010399,2025-09-27,6119.84,ACH
PAY-0010540,INV-010400,2025-10-26,7189.97,ACH
PAY-0010541,INV-010401,2025-01-20,11647.82,ACH
PAY-0010542,INV-010402,2025-03-19,1906.36,Wire
PAY-0010543,INV-010403,2025-03-26,3445.0,ACH
PAY-0010544,INV-010404,2025-09-02,10493.9,Check
PAY-0010545,INV-010405,2025-12-27,11529.13,ACH
PAY-0010546,INV-010406,2025-03-03,8624.01,ACH
PAY-0010547,INV-010407,2025-06-27,10570.58,ACH
PAY-0010548,INV-010408,2025-10-15,10091.64,Check
PAY-0010549,INV-010409,2025-04-27,6402.17,Wire
PAY-0010550,INV-010410,2025-10-28,4150.06,Wire
PAY-0010551,INV-010411,2025-08-15,11464.84,Check
PAY-0010552,INV-010412,2025-11-04,8751.64,ACH
PAY-0010553,INV-010413,2024-11-07,5698.59,Check
PAY-0010554,INV-010413,2024-11-23,5940.22,ACH
PAY-0010555,INV-010414,2025-03-29,4810.3,Wire
PAY-0010556,INV-010414,2025-04-16,3464.26,ACH
PAY-0010557,INV-010415,2025-11-06,1080.27,ACH
PAY-0010558,INV-010415,2025-11-20,976.87,ACH
PAY-0010559,INV-010416,2024-09-10,4167.31,Wire
PAY-0010560,INV-010417,2026-01-17,11167.5,ACH
PAY-0010561,INV-010418,2025-10-12,5223.21,ACH
PAY-0010562,INV-010419,2025-02-02,8846.65,Wire
PAY-0010563,INV-010420,2026-01-11,5510.34,ACH
PAY-0010564,INV-010421,2025-03-28,6539.67,ACH
PAY-0010565,INV-010421,2025-04-07,4886.21,ACH
PAY-0010566,INV-010425,2024-02-04,6667.81,ACH
PAY-0010567,INV-010426,2025-06-19,11939.11,Check
PAY-0010568,INV-010428,2024-02-01,8901.72,ACH
PAY-0010569,INV-010429,2024-04-04,6728.97,ACH
PAY-0010570,INV-010430,2024-08-05,3602.93,ACH
PAY-0010571,INV-010431,2024-04-09,3493.19,Wire
PAY-0010572,INV-010431,2024-04-21,5112.1,ACH
PAY-0010573,INV-010432,2025-05-08,11254.89,ACH
PAY-0010574,INV-010433,2025-05-31,8972.62,ACH
PAY-0010575,INV-010434,2024-10-18,6901.54,Wire
PAY-0010576,INV-010435,2025-09-07,6029.16,ACH
PAY-0010577,INV-010436,2024-06-07,8401.11,ACH
PAY-0010578,INV-010437,2024-11-23,9920.7,ACH
PAY-0010579,INV-010439,2025-04-18,10007.19,ACH
PAY-0010580,INV-010440,2024-05-10,2745.21,ACH
PAY-0010581,INV-010440,2024-05-26,4000.45,Wire
PAY-0010582,INV-010441,2025-02-08,10134.57,ACH
PAY-0010583,INV-010442,2025-10-01,11925.43,Check
PAY-0010584,INV-010443,2024-10-17,2004.76,ACH
PAY-0010585,INV-010444,2024-06-11,11582.53,ACH
PAY-0010586,INV-010445,2025-06-17,2736.75,ACH
PAY-0010587,INV-010446,2024-04-28,9381.36,ACH
PAY-0010588,INV-010447,2025-09-03,8871.91,ACH
PAY-0010589,INV-010448,2025-11-26,9545.16,Wire
PAY-0010590,INV-010450,2024-11-21,1753.24,ACH
PAY-0010591,INV-010450,2024-12-02,1817.31,ACH
PAY-0010592,INV-010452,2024-12-02,5648.61,ACH
PAY-0010593,INV-010453,2025-10-30,3385.19,Check
PAY-0010594,INV-010454,2025-12-05,10509.42,ACH
PAY-0010595,INV-010455,2025-01-31,10884.07,ACH
PAY-0010596,INV-010456,2024-09-11,4560.92,Wire
PAY-0010597,INV-010456,2024-09-22,3193.45,ACH
PAY-0010598,INV-010457,2025-06-06,1946.5,Wire
PAY-0010599,INV-010457,2025-06-23,1722.72,ACH
PAY-0010600,INV-010458,2024-07-26,9640.82,ACH
PAY-0010601,INV-010459,2025-08-29,1041.49,ACH
PAY-0010602,INV-010459,2025-09-16,1286.31,Check
PAY-0010603,INV-010460,2025-02-27,9333.84,Wire
PAY-0010604,INV-010461,2025-12-05,4154.61,ACH
PAY-0010605,INV-010462,2024-01-31,6257.71,Wire
PAY-0010606,INV-010463,2025-09-30,9201.06,ACH
PAY-0010607,INV-010465,2024-12-21,2600.77,ACH
PAY-0010608,INV-010465,2024-12-31,2010.62,Wire
PAY-0010609,INV-010466,2025-11-30,4822.48,Check
PAY-0010610,INV-010467,2024-01-28,4089.24,Wire
PAY-0010611,INV-010468,2024-04-13,4323.99,ACH
PAY-0010612,INV-010469,2025-10-10,2219.4,ACH
PAY-0010613,INV-010470,2024-04-20,3896.69,Wire
PAY-0010614,INV-010471,2024-02-13,5529.85,ACH
PAY-0010615,INV-010472,2025-09-20,6545.14,ACH
PAY-0010616,INV-010473,2024-05-18,3616.99,ACH
PAY-0010617,INV-010474,2025-10-14,6329.39,ACH
PAY-0010618,INV-010475,2025-11-18,1537.49,Wire
PAY-0010619,INV-010476,2024-12-19,11410.25,ACH
PAY-0010620,INV-010477,2025-07-28,5657.85,ACH
PAY-0010621,INV-010478,2025-10-13,8313.15,Wire
PAY-0010622,INV-010480,2025-03-29,1649.35,ACH
PAY-0010623,INV-010481,2024-07-12,3432.87,ACH
PAY-0010624,INV-010482,2025-01-06,5128.67,ACH
PAY-0010625,INV-010483,2025-07-07,3247.74,Check
PAY-0010626,INV-010484,2025-12-29,3449.82,Check
PAY-0010627,INV-010485,2024-11-12,7516.91,ACH
PAY-0010628,INV-010486,2025-06-27,6110.7,ACH
PAY-0010629,INV-010487,2024-03-08,2911.35,ACH
PAY-0010630,INV-010487,2024-03-30,3358.71,ACH
PAY-0010631,INV-010488,2025-05-13,11879.65,ACH
PAY-0010632,INV-010489,2024-03-29,10537.47,ACH
PAY-0010633,INV-010490,2025-02-11,9964.23,ACH
PAY-0010634,INV-010491,2025-08-15,5339.24,ACH
PAY-0010635,INV-010492,2025-08-30,2246.99,ACH
PAY-0010636,INV-010493,2024-11-29,1211.55,Wire
PAY-0010637,INV-010493,2024-12-20,1599.81,Wire
PAY-0010638,INV-010494,2024-01-28,1649.13,ACH
PAY-0010639,INV-010495,2025-02-24,1537.83,Check
PAY-0010640,INV-010495,2025-03-16,1368.11,Wire
PAY-0010641,INV-010496,2024-08-17,3523.82,ACH
PAY-0010642,INV-010497,2025-01-01,809.58,ACH
PAY-0010643,INV-010498,2025-10-12,2487.15,Wire
PAY-0010644,INV-010499,2025-08-17,2361.49,ACH
PAY-0010645,INV-010500,2025-12-04,1409.8,ACH
PAY-0010646,INV-010501,2024-06-23,658.16,Wire
PAY-0010647,INV-010502,2025-05-05,768.96,ACH
PAY-0010648,INV-010504,2025-11-06,2364.69,ACH
PAY-0010649,INV-010505,2024-03-25,1243.15,Check
PAY-0010650,INV-010506,2025-09-21,1896.55,Wire
PAY-0010651,INV-010507,2024-02-16,3506.52,Wire
PAY-0010652,INV-010508,2025-01-18,3806.33,Wire
PAY-0010653,INV-010509,2024-05-22,1387.66,ACH
PAY-0010654,INV-010510,2025-08-21,2184.18,ACH
PAY-0010655,INV-010511,2025-08-03,3370.08,ACH
PAY-0010656,INV-010512,2024-06-11,950.33,ACH
PAY-0010657,INV-010512,2024-06-28,911.27,ACH
PAY-0010658,INV-010513,2025-11-28,1378.69,ACH
PAY-0010659,INV-010514,2024-04-09,1409.22,ACH
PAY-0010660,INV-010515,2025-07-27,862.78,ACH
PAY-0010661,INV-010516,2025-08-17,1459.24,Wire
PAY-0010662,INV-010517,2025-08-12,2348.6,ACH
PAY-0010663,INV-010518,2025-02-10,604.77,ACH
PAY-0010664,INV-010519,2025-07-31,2182.34,Check
PAY-0010665,INV-010520,2025-03-30,3155.51,ACH
PAY-0010666,INV-010521,2024-10-28,2361.68,Wire
PAY-0010667,INV-010523,2025-06-19,3945.61,ACH
PAY-0010668,INV-010524,2025-10-08,3790.54,ACH
PAY-0010669,INV-010525,2025-06-30,3668.59,ACH
PAY-0010670,INV-010526,2024-07-20,1339.55,ACH
PAY-0010671,INV-010527,2025-06-25,1843.97,ACH
PAY-0010672,INV-010528,2025-08-21,2149.86,Wire
PAY-0010673,INV-010529,2024-09-18,2526.32,Check
PAY-0010674,INV-010530,2025-04-07,1600.5,Wire
PAY-0010675,INV-010531,2025-07-06,11401.14,Wire
PAY-0010676,INV-010532,2024-03-04,11698.67,ACH
PAY-0010677,INV-010533,2025-12-11,5579.92,Check
PAY-0010678,INV-010534,2024-10-19,5629.77,ACH
PAY-0010679,INV-010535,2024-08-31,7533.16,ACH
PAY-0010680,INV-010536,2025-09-27,10961.04,ACH
PAY-0010681,INV-010537,2024-11-28,4480.47,ACH
PAY-0010682,INV-010538,2025-08-03,2777.98,Check
PAY-0010683,INV-010539,2025-10-19,6958.39,Check
PAY-0010684,INV-010540,2025-02-19,10134.14,Check
PAY-0010685,INV-010541,2024-05-14,2596.25,ACH
PAY-0010686,INV-010542,2024-04-14,8188.87,Wire
PAY-0010687,INV-010543,2024-09-29,11111.17,ACH
PAY-0010688,INV-010544,2025-09-06,11849.31,ACH
PAY-0010689,INV-010545,2024-05-27,11752.96,ACH
PAY-0010690,INV-010546,2025-07-20,6869.74,Check
PAY-0010691,INV-010547,2024-10-09,3270.54,Wire
PAY-0010692,INV-010548,2024-09-28,11765.91,Check
PAY-0010693,INV-010549,2026-01-04,2341.47,ACH
PAY-0010694,INV-010550,2025-08-16,5844.41,ACH
PAY-0010695,INV-010551,2025-03-19,4648.06,ACH
PAY-0010696,INV-010552,2025-04-15,11873.04,Wire
PAY-0010697,INV-010553,2024-12-18,6189.97,ACH
PAY-0010698,INV-010554,2024-12-18,9397.54,Wire
PAY-0010699,INV-010555,2025-05-06,2074.06,ACH
PAY-0010700,INV-010556,2024-11-25,3415.73,ACH
PAY-0010701,INV-010556,2024-12-09,4711.47,ACH
PAY-0010702,INV-010557,2025-01-15,7183.57,Wire
PAY-0010703,INV-010558,2024-12-15,7696.69,ACH
PAY-0010704,INV-010559,2025-01-24,8961.6,Wire
PAY-0010705,INV-010560,2025-08-16,11167.79,ACH
PAY-0010706,INV-010561,2025-02-03,1607.82,ACH
PAY-0010707,INV-010562,2025-10-11,8007.96,ACH
PAY-0010708,INV-010563,2025-05-11,3990.15,ACH
PAY-0010709,INV-010564,2025-08-25,9699.9,Wire
PAY-0010710,INV-010565,2025-06-21,11400.17,ACH
PAY-0010711,INV-010566,2024-11-07,8599.29,ACH
PAY-0010712,INV-010567,2024-07-15,9371.47,ACH
PAY-0010713,INV-010568,2025-03-29,3466.11,ACH
PAY-0010714,INV-010569,2025-04-29,3010.82,ACH
PAY-0010715,INV-010569,2025-05-17,2704.35,ACH
PAY-0010716,INV-010570,2025-11-28,8685.57,ACH
PAY-0010717,INV-010571,2025-01-04,10397.21,Check
PAY-0010718,INV-010572,2024-05-10,3002.53,Wire
PAY-0010719,INV-010573,2025-11-29,3798.58,Wire
PAY-0010720,INV-010574,2025-08-31,6753.74,Check
PAY-0010721,INV-010575,2024-03-09,6253.88,ACH
PAY-0010722,INV-010576,2026-01-26,10116.4,Wire
PAY-0010723,INV-010577,2025-03-09,6780.75,Check
PAY-0010724,INV-010578,2025-05-08,4670.7,ACH
PAY-0010725,INV-010579,2025-07-04,10883.48,ACH
PAY-0010726,INV-010580,2025-01-01,4686.47,ACH
PAY-0010727,INV-010581,2025-04-21,4121.29,ACH
PAY-0010728,INV-010582,2026-01-18,3926.97,ACH
PAY-0010729,INV-010583,2024-04-27,8856.04,ACH
PAY-0010730,INV-010584,2024-07-30,4655.38,Check
PAY-0010731,INV-010585,2025-05-18,5313.29,Wire
PAY-0010732,INV-010585,2025-06-07,6417.78,ACH
PAY-0010733,INV-010588,2024-06-27,3374.36,ACH
PAY-0010734,INV-010589,2025-12-17,7553.52,Check
PAY-0010735,INV-010590,2024-05-26,1625.55,Wire
PAY-0010736,INV-010591,2024-07-20,3435.54,ACH
PAY-0010737,INV-010592,2024-12-29,2532.17,ACH
PAY-0010738,INV-010593,2025-04-16,6597.66,ACH
PAY-0010739,INV-010594,2024-06-10,6999.32,Wire
PAY-0010740,INV-010596,2025-07-19,10975.07,Wire
PAY-0010741,INV-010597,2026-02-12,6973.86,ACH
PAY-0010742,INV-010598,2025-07-29,3726.56,ACH
PAY-0010743,INV-010598,2025-08-19,3202.15,ACH
PAY-0010744,INV-010599,2024-12-03,895.86,Wire
PAY-0010745,INV-010599,2024-12-16,963.97,Wire
PAY-0010746,INV-010600,2024-12-02,11399.29,Wire
PAY-0010747,INV-010601,2024-04-02,7785.81,Wire
PAY-0010748,INV-010602,2025-07-27,2764.61,ACH
PAY-0010749,INV-010603,2025-10-05,5432.51,ACH
PAY-0010750,INV-010603,2025-10-22,3690.25,ACH
PAY-0010751,INV-010604,2024-12-22,8911.79,ACH
PAY-0010752,INV-010605,2026-01-12,3923.69,Wire
PAY-0010753,INV-010606,2025-10-10,3318.9,ACH
PAY-0010754,INV-010607,2024-09-28,7414.84,ACH
PAY-0010755,INV-010608,2025-06-14,8888.12,Check
PAY-0010756,INV-010609,2024-05-23,2374.02,Wire
PAY-0010757,INV-010611,2026-01-08,5441.05,ACH
PAY-0010758,INV-010612,2024-02-10,7884.45,ACH
PAY-0010759,INV-010613,2025-11-25,8846.98,ACH
PAY-0010760,INV-010614,2024-03-17,9138.9,Check
PAY-0010761,INV-010615,2025-10-12,6939.87,ACH
PAY-0010762,INV-010616,2025-12-26,6769.4,ACH
PAY-0010763,INV-010616,2026-01-14,5107.19,Wire
PAY-0010764,INV-010617,2024-08-12,6042.89,ACH
PAY-0010765,INV-010618,2024-11-12,5400.57,ACH
PAY-0010766,INV-010619,2026-01-23,7721.85,ACH
PAY-0010767,INV-010620,2024-06-15,7062.4,Wire
PAY-0010768,INV-010621,2024-08-27,3832.66,Check
PAY-0010769,INV-010622,2024-11-30,3580.9,Wire
PAY-0010770,INV-010623,2025-09-02,5560.5,ACH
PAY-0010771,INV-010623,2025-09-15,5503.98,ACH
PAY-0010772,INV-010624,2025-10-08,11370.7,ACH
PAY-0010773,INV-010625,2025-07-24,10566.22,ACH
PAY-0010774,INV-010626,2024-11-06,1979.44,ACH
PAY-0010775,INV-010627,2025-05-18,6159.62,ACH
PAY-0010776,INV-010628,2025-06-15,7236.5,ACH
PAY-0010777,INV-010630,2024-03-22,5337.75,ACH
PAY-0010778,INV-010631,2025-08-04,8093.95,Wire
PAY-0010779,INV-010632,2024-05-21,2428.63,ACH
PAY-0010780,INV-010633,2025-07-22,2358.23,ACH
PAY-0010781,INV-010633,2025-08-10,2988.04,Check
PAY-0010782,INV-010634,2024-12-29,11015.87,Check
PAY-0010783,INV-010635,2024-08-18,5176.89,Wire
PAY-0010784,INV-010636,2025-10-23,10480.84,ACH
PAY-0010785,INV-010637,2024-08-08,8184.57,Wire
PAY-0010786,INV-010638,2025-11-16,6579.11,ACH
PAY-0010787,INV-010639,2026-02-12,11711.44,Wire
PAY-0010788,INV-010640,2024-11-19,8685.91,ACH
PAY-0010789,INV-010641,2024-08-14,2653.33,Wire
PAY-0010790,INV-010641,2024-09-04,3933.62,Wire
PAY-0010791,INV-010642,2024-07-26,10309.09,ACH
PAY-0010792,INV-010643,2024-12-28,5176.74,Wire
PAY-0010793,INV-010643,2025-01-14,3555.82,Wire
PAY-0010794,INV-010644,2025-03-18,10329.09,ACH
PAY-0010795,INV-010646,2025-07-03,11033.31,Wire
PAY-0010796,INV-010647,2024-06-05,8714.08,ACH
PAY-0010797,INV-010648,2024-09-29,10953.24,Wire
PAY-0010798,INV-010649,2025-10-14,10384.32,ACH
PAY-0010799,INV-010651,2025-07-25,11401.72,Wire
PAY-0010800,INV-010652,2025-10-15,9190.86,ACH
PAY-0010801,INV-010653,2025-02-09,6439.19,ACH
PAY-0010802,INV-010654,2024-10-27,7719.38,ACH
PAY-0010803,INV-010655,2025-11-25,6275.25,Wire
PAY-0010804,INV-010656,2025-07-11,7261.0,Wire
PAY-0010805,INV-010657,2024-09-20,10502.38,ACH
PAY-0010806,INV-010658,2024-06-20,6318.88,ACH
PAY-0010807,INV-010659,2025-03-09,3218.42,Wire
PAY-0010808,INV-010660,2025-08-19,4900.24,ACH
PAY-0010809,INV-010661,2024-11-07,1670.61,ACH
PAY-0010810,INV-010662,2025-12-29,10666.65,ACH
PAY-0010811,INV-010663,2024-10-22,8540.74,ACH
PAY-0010812,INV-010664,2025-11-27,9886.51,Wire
PAY-0010813,INV-010665,2024-12-01,9220.21,ACH
PAY-0010814,INV-010666,2025-08-11,10619.01,ACH
PAY-0010815,INV-010667,2025-01-19,10682.36,Wire
PAY-0010816,INV-010668,2024-06-09,3985.93,ACH
PAY-0010817,INV-010668,2024-06-29,5630.78,ACH
PAY-0010818,INV-010669,2024-08-31,9349.83,Wire
PAY-0010819,INV-010670,2024-03-04,3047.12,ACH
PAY-0010820,INV-010671,2025-08-11,10437.49,Check
PAY-0010821,INV-010672,2024-10-01,3561.66,Check
PAY-0010822,INV-010673,2024-09-26,7802.86,Wire
PAY-0010823,INV-010674,2025-11-18,11290.16,ACH
PAY-0010824,INV-010675,2026-02-06,4468.28,Wire
PAY-0010825,INV-010676,2024-08-13,1231.66,Wire
PAY-0010826,INV-010676,2024-08-31,875.76,ACH
PAY-0010827,INV-010677,2024-05-26,2761.41,ACH
PAY-0010828,INV-010678,2024-06-03,5517.62,Wire
PAY-0010829,INV-010678,2024-06-17,6273.49,ACH
PAY-0010830,INV-010679,2024-12-15,7915.98,ACH
PAY-0010831,INV-010680,2024-05-26,11715.77,ACH
PAY-0010832,INV-010683,2024-12-11,2154.62,ACH
PAY-0010833,INV-010684,2025-10-12,9185.65,ACH
PAY-0010834,INV-010685,2025-07-23,6456.4,ACH
PAY-0010835,INV-010686,2025-01-13,5715.05,Wire
PAY-0010836,INV-010687,2025-10-13,3625.25,Check
PAY-0010837,INV-010688,2025-06-22,7440.52,ACH
PAY-0010838,INV-010689,2024-07-12,1906.08,Wire
PAY-0010839,INV-010690,2024-12-17,8624.36,Check
PAY-0010840,INV-010691,2026-02-19,3097.65,ACH
PAY-0010841,INV-010692,2025-05-23,4201.66,ACH
PAY-0010842,INV-010693,2024-05-15,2566.84,ACH
PAY-0010843,INV-010693,2024-05-27,2040.71,ACH
PAY-0010844,INV-010694,2025-08-10,8869.33,Wire
PAY-0010845,INV-010695,2024-07-09,7107.07,ACH
PAY-0010846,INV-010696,2024-09-24,5336.62,ACH
PAY-0010847,INV-010697,2025-02-04,2490.81,ACH
PAY-0010848,INV-010697,2025-02-23,3465.7,ACH
PAY-0010849,INV-010698,2026-01-15,10028.36,ACH
PAY-0010850,INV-010699,2025-10-03,8179.75,ACH
PAY-0010851,INV-010700,2025-12-25,5534.9,ACH
PAY-0010852,INV-010701,2024-06-07,10970.34,ACH
PAY-0010853,INV-010702,2025-06-23,6354.29,ACH
PAY-0010854,INV-010703,2025-12-13,8846.12,Wire
PAY-0010855,INV-010705,2024-10-14,2049.13,Check
PAY-0010856,INV-010706,2024-11-07,6646.29,ACH
PAY-0010857,INV-010707,2024-12-24,1967.54,ACH
PAY-0010858,INV-010708,2024-09-04,4539.46,Wire
PAY-0010859,INV-010709,2025-02-19,6115.84,ACH
PAY-0010860,INV-010710,2024-04-08,10590.15,Wire
PAY-0010861,INV-010711,2025-03-22,11050.37,Wire
PAY-0010862,INV-010712,2025-02-19,11805.86,Wire
PAY-0010863,INV-010713,2024-08-12,11094.76,ACH
PAY-0010864,INV-010714,2026-01-21,4552.25,ACH
PAY-0010865,INV-010714,2026-02-07,3583.28,ACH
PAY-0010866,INV-010715,2024-04-01,3766.79,ACH
PAY-0010867,INV-010716,2024-12-11,3014.57,Check
PAY-0010868,INV-010718,2025-01-25,9344.03,ACH
PAY-0010869,INV-010719,2025-02-14,9071.92,Wire
PAY-0010870,INV-010720,2025-09-21,6714.79,Check
PAY-0010871,INV-010721,2025-03-20,8617.98,ACH
PAY-0010872,INV-010722,2025-08-22,3735.38,Wire
PAY-0010873,INV-010723,2025-12-08,4689.82,Wire
PAY-0010874,INV-010723,2025-12-29,6333.51,ACH
PAY-0010875,INV-010724,2024-10-03,8860.23,ACH
PAY-0010876,INV-010725,2025-05-17,5827.24,ACH
PAY-0010877,INV-010726,2025-09-12,8592.13,Wire
PAY-0010878,INV-010727,2025-05-30,10825.35,Wire
PAY-0010879,INV-010728,2025-09-27,4405.0,Wire
PAY-0010880,INV-010729,2025-03-23,1991.25,Wire
PAY-0010881,INV-010730,2025-05-08,5977.37,Check
PAY-0010882,INV-010731,2026-01-16,2018.46,Check
PAY-0010883,INV-010732,2026-01-17,3377.93,ACH
PAY-0010884,INV-010732,2026-01-30,2895.37,ACH
PAY-0010885,INV-010733,2025-11-13,11279.31,Check
PAY-0010886,INV-010735,2026-01-24,6146.24,ACH
PAY-0010887,INV-010736,2025-06-15,1204.3,ACH
PAY-0010888,INV-010736,2025-07-05,1021.02,ACH
PAY-0010889,INV-010737,2025-01-19,7847.02,ACH
PAY-0010890,INV-010738,2025-11-02,3096.61,ACH
PAY-0010891,INV-010739,2025-06-04,5595.13,ACH
PAY-0010892,INV-010739,2025-06-24,4295.9,ACH
PAY-0010893,INV-010740,2024-09-11,5018.23,ACH
PAY-0010894,INV-010741,2025-07-25,4517.95,ACH
PAY-0010895,INV-010742,2024-03-16,10524.9,Wire
PAY-0010896,INV-010743,2025-02-07,8177.48,Check
PAY-0010897,INV-010744,2024-03-01,846.69,ACH
PAY-0010898,INV-010744,2024-03-15,812.14,Wire
PAY-0010899,INV-010746,2024-07-17,7039.7,ACH
PAY-0010900,INV-010747,2025-06-17,2538.11,Check
PAY-0010901,INV-010748,2024-05-07,9259.66,ACH
PAY-0010902,INV-010749,2025-06-16,8366.71,Wire
PAY-0010903,INV-010750,2024-06-06,11970.02,ACH
PAY-0010904,INV-010751,2024-07-01,8425.85,ACH
PAY-0010905,INV-010752,2024-07-11,9553.21,Wire
PAY-0010906,INV-010753,2025-11-20,2870.69,ACH
PAY-0010907,INV-010753,2025-12-04,2952.62,ACH
PAY-0010908,INV-010754,2025-07-18,1740.72,ACH
PAY-0010909,INV-010755,2025-04-02,10532.9,ACH
PAY-0010910,INV-010756,2024-11-18,7362.53,ACH
PAY-0010911,INV-010757,2025-07-23,2227.34,ACH
PAY-0010912,INV-010758,2025-01-23,3408.72,ACH
PAY-0010913,INV-010759,2025-03-28,6263.15,Check
PAY-0010914,INV-010761,2025-11-27,5461.5,ACH
PAY-0010915,INV-010761,2025-12-10,6178.61,ACH
PAY-0010916,INV-010762,2024-03-14,1769.27,Wire
PAY-0010917,INV-010764,2025-07-21,3434.49,Wire
PAY-0010918,INV-010765,2024-08-27,11254.49,ACH
PAY-0010919,INV-010766,2025-07-19,5461.86,ACH
PAY-0010920,INV-010767,2025-02-05,3626.57,Check
PAY-0010921,INV-010768,2024-11-26,10635.52,ACH
PAY-0010922,INV-010770,2025-03-27,2669.06,ACH
PAY-0010923,INV-010771,2024-03-29,1622.47,Wire
PAY-0010924,INV-010772,2024-09-30,7334.12,Wire
PAY-0010925,INV-010773,2025-06-12,2449.02,ACH
PAY-0010926,INV-010774,2024-04-14,11791.49,ACH
PAY-0010927,INV-010775,2025-04-22,3202.71,ACH
PAY-0010928,INV-010775,2025-05-14,3060.59,ACH
PAY-0010929,INV-010776,2024-12-15,5084.52,ACH
PAY-0010930,INV-010777,2025-01-07,1581.1,ACH
PAY-0010931,INV-010778,2024-12-11,11774.07,ACH
PAY-0010932,INV-010779,2025-12-27,10420.59,Check
PAY-0010933,INV-010780,2024-05-22,1690.37,Wire
PAY-0010934,INV-010781,2024-05-22,4988.89,ACH
PAY-0010935,INV-010781,2024-06-11,3863.57,ACH
PAY-0010936,INV-010782,2024-02-12,2925.72,ACH
PAY-0010937,INV-010783,2024-08-05,1150.72,Wire
PAY-0010938,INV-010783,2024-08-23,774.31,Wire
PAY-0010939,INV-010784,2025-05-09,7243.92,ACH
PAY-0010940,INV-010785,2024-12-09,11119.52,ACH
PAY-0010941,INV-010786,2025-10-17,6412.35,ACH
PAY-0010942,INV-010787,2024-11-20,11291.66,ACH
PAY-0010943,INV-010788,2025-04-23,5150.55,ACH
PAY-0010944,INV-010789,2024-06-12,1703.48,ACH
PAY-0010945,INV-010790,2026-01-08,2748.37,Check
PAY-0010946,INV-010790,2026-01-18,4065.9,ACH
PAY-0010947,INV-010791,2024-08-05,7340.22,ACH
PAY-0010948,INV-010792,2024-07-23,4830.56,ACH
PAY-0010949,INV-010793,2025-07-22,3669.48,ACH
PAY-0010950,INV-010794,2025-09-24,1655.58,ACH
PAY-0010951,INV-010795,2024-04-07,6982.9,ACH
PAY-0010952,INV-010796,2024-01-29,7108.17,ACH
PAY-0010953,INV-010797,2025-01-09,2691.67,Wire
PAY-0010954,INV-010798,2024-09-13,2747.7,ACH
PAY-0010955,INV-010798,2024-09-30,2089.96,Wire
PAY-0010956,INV-010799,2026-01-28,6821.97,ACH
PAY-0010957,INV-010801,2025-07-15,4404.69,ACH
PAY-0010958,INV-010802,2026-01-13,8190.32,Wire
PAY-0010959,INV-010803,2024-10-25,7963.58,ACH
PAY-0010960,INV-010804,2025-01-11,7482.98,ACH
PAY-0010961,INV-010805,2026-01-12,4329.64,Wire
PAY-0010962,INV-010806,2025-01-31,5474.37,ACH
PAY-0010963,INV-010807,2025-07-26,10135.06,ACH
PAY-0010964,INV-010808,2025-06-30,10990.91,Wire
PAY-0010965,INV-010809,2024-04-11,5120.52,Check
PAY-0010966,INV-010810,2026-01-06,9917.48,ACH
PAY-0010967,INV-010811,2026-01-13,10665.12,ACH
PAY-0010968,INV-010812,2025-05-25,7504.98,Wire
PAY-0010969,INV-010813,2024-10-26,7468.37,ACH
PAY-0010970,INV-010814,2024-09-02,4093.79,ACH
PAY-0010971,INV-010815,2024-02-04,5551.79,ACH
PAY-0010972,INV-010816,2025-04-01,4465.91,ACH
PAY-0010973,INV-010817,2024-09-28,4448.03,ACH
PAY-0010974,INV-010818,2025-06-27,1723.07,ACH
PAY-0010975,INV-010819,2025-12-20,4216.93,ACH
PAY-0010976,INV-010819,2026-01-01,4775.16,ACH
PAY-0010977,INV-010821,2024-04-20,3182.25,Wire
PAY-0010978,INV-010822,2024-02-08,11496.21,ACH
PAY-0010979,INV-010823,2024-11-29,5636.41,ACH
PAY-0010980,INV-010824,2024-10-21,6162.48,ACH
PAY-0010981,INV-010825,2024-09-21,4774.88,Wire
PAY-0010982,INV-010826,2025-08-04,3659.12,ACH
PAY-0010983,INV-010827,2025-04-15,7804.07,Check
PAY-0010984,INV-010828,2024-03-14,5161.54,Check
PAY-0010985,INV-010828,2024-04-03,3720.76,ACH
PAY-0010986,INV-010829,2024-12-23,5137.71,ACH
PAY-0010987,INV-010830,2024-04-26,6715.43,ACH
PAY-0010988,INV-010831,2024-10-21,4448.45,ACH
PAY-0010989,INV-010831,2024-11-13,3451.55,ACH
PAY-0010990,INV-010832,2024-05-22,7187.11,ACH
PAY-0010991,INV-010834,2024-09-18,3716.3,ACH
PAY-0010992,INV-010835,2025-02-16,10501.64,ACH
PAY-0010993,INV-010836,2024-05-15,7041.8,ACH
PAY-0010994,INV-010837,2024-10-24,1617.82,ACH
PAY-0010995,INV-010838,2025-06-30,6495.13,Wire
PAY-0010996,INV-010839,2024-09-28,10136.0,ACH
PAY-0010997,INV-010840,2024-03-21,6417.4,ACH
PAY-0010998,INV-010841,2024-12-08,7417.48,ACH
PAY-0010999,INV-010842,2025-08-16,3561.78,Wire
PAY-0011000,INV-010843,2025-12-16,2090.99,ACH
PAY-0011001,INV-010844,2024-08-15,10044.87,Wire
PAY-0011002,INV-010845,2025-07-17,4113.09,Check
PAY-0011003,INV-010846,2024-06-01,11551.41,ACH
PAY-0011004,INV-010847,2024-11-06,5588.77,Check
PAY-0011005,INV-010848,2026-01-01,10319.85,Check
PAY-0011006,INV-010850,2024-12-08,3605.64,ACH
PAY-0011007,INV-010852,2024-12-10,11096.49,Check
PAY-0011008,INV-010853,2024-11-27,7189.94,Wire
PAY-0011009,INV-010854,2024-02-03,9307.7,Wire
PAY-0011010,INV-010855,2025-03-01,5893.69,ACH
PAY-0011011,INV-010856,2024-07-23,3357.68,Wire
PAY-0011012,INV-010857,2025-03-15,6663.41,Wire
PAY-0011013,INV-010858,2024-04-20,11946.2,Check
PAY-0011014,INV-010859,2024-07-20,6937.31,ACH
PAY-0011015,INV-010860,2024-12-29,5412.51,Check
PAY-0011016,INV-010861,2025-03-13,1608.03,ACH
PAY-0011017,INV-010862,2024-04-15,6644.9,ACH
PAY-0011018,INV-010863,2025-06-12,3094.41,Check
PAY-0011019,INV-010864,2024-05-25,11098.23,ACH
PAY-0011020,INV-010865,2025-03-25,2069.49,ACH
PAY-0011021,INV-010866,2024-08-28,3927.65,ACH
PAY-0011022,INV-010867,2025-12-03,6891.86,ACH
PAY-0011023,INV-010868,2025-03-24,6856.57,ACH
PAY-0011024,INV-010869,2024-12-12,4179.71,Check
PAY-0011025,INV-010869,2025-01-03,4950.95,ACH
PAY-0011026,INV-010871,2024-03-14,11997.76,ACH
PAY-0011027,INV-010872,2024-04-10,9190.29,Wire
PAY-0011028,INV-010873,2024-03-12,2210.2,ACH
PAY-0011029,INV-010874,2025-08-19,4477.11,ACH
PAY-0011030,INV-010875,2025-06-20,7898.42,ACH
PAY-0011031,INV-010877,2024-02-03,9400.61,ACH
PAY-0011032,INV-010878,2025-10-08,11715.63,Wire
PAY-0011033,INV-010879,2025-08-25,5823.86,ACH
PAY-0011034,INV-010879,2025-09-15,5426.03,ACH
PAY-0011035,INV-010880,2024-04-13,4542.47,ACH
PAY-0011036,INV-010882,2024-10-06,869.03,ACH
PAY-0011037,INV-010883,2025-09-19,1561.9,ACH
PAY-0011038,INV-010883,2025-10-06,1796.12,ACH
PAY-0011039,INV-010884,2025-01-27,1126.58,ACH
PAY-0011040,INV-010885,2024-07-20,3750.66,ACH
PAY-0011041,INV-010886,2024-10-08,2990.07,ACH
PAY-0011042,INV-010887,2024-10-24,598.18,ACH
PAY-0011043,INV-010887,2024-11-06,433.79,Wire
PAY-0011044,INV-010888,2025-08-27,1346.94,ACH
PAY-0011045,INV-010889,2024-08-23,2570.73,Wire
PAY-0011046,INV-010890,2024-07-02,1509.62,ACH
PAY-0011047,INV-010892,2024-10-05,1757.26,ACH
PAY-0011048,INV-010893,2024-05-20,706.36,ACH
PAY-0011049,INV-010894,2025-11-27,3196.34,ACH
PAY-0011050,INV-010895,2024-09-16,947.29,ACH
PAY-0011051,INV-010896,2024-07-28,1236.51,ACH
PAY-0011052,INV-010897,2025-08-13,716.0,ACH
PAY-0011053,INV-010897,2025-08-29,804.47,ACH
PAY-0011054,INV-010898,2026-01-26,473.83,Wire
PAY-0011055,INV-010898,2026-02-17,706.27,ACH
PAY-0011056,INV-010899,2024-10-12,1333.77,ACH
PAY-0011057,INV-010900,2024-10-05,1463.96,Wire
PAY-0011058,INV-010901,2025-07-05,2040.46,ACH
PAY-0011059,INV-010902,2024-11-11,3470.01,ACH
PAY-0011060,INV-010903,2025-05-08,756.64,ACH
PAY-0011061,INV-010904,2024-11-19,240.27,ACH
PAY-0011062,INV-010904,2024-12-05,260.24,ACH
PAY-0011063,INV-010905,2025-01-28,2344.33,ACH
PAY-0011064,INV-010906,2025-04-17,2609.51,ACH
PAY-0011065,INV-010907,2025-01-18,352.95,Wire
PAY-0011066,INV-010907,2025-02-05,514.34,ACH
PAY-0011067,INV-010909,2024-08-07,2153.46,Wire
PAY-0011068,INV-010909,2024-08-31,1519.09,ACH
PAY-0011069,INV-010911,2024-12-14,2476.76,ACH
PAY-0011070,INV-010912,2025-02-10,2755.05,Wire
PAY-0011071,INV-010913,2025-07-20,1519.03,Check
PAY-0011072,INV-010914,2024-07-05,816.82,ACH
PAY-0011073,INV-010915,2025-05-02,1286.45,Wire
PAY-0011074,INV-010916,2024-04-17,2075.64,ACH
PAY-0011075,INV-010917,2025-09-05,1415.14,Wire
PAY-0011076,INV-010918,2024-10-20,1141.82,Check
PAY-0011077,INV-010919,2024-03-17,1091.7,ACH
PAY-0011078,INV-010920,2025-10-23,3191.44,Check
PAY-0011079,INV-010921,2025-06-10,1396.87,Wire
PAY-0011080,INV-010923,2025-03-04,3604.17,ACH
PAY-0011081,INV-010924,2025-10-29,4653.03,ACH
PAY-0011082,INV-010925,2025-05-28,10822.22,ACH
PAY-0011083,INV-010926,2024-03-31,4698.38,ACH
PAY-0011084,INV-010927,2026-01-08,11737.33,Wire
PAY-0011085,INV-010928,2024-09-28,7769.56,ACH
PAY-0011086,INV-010929,2025-03-06,7091.75,Wire
PAY-0011087,INV-010930,2025-01-03,5418.3,Wire
PAY-0011088,INV-010931,2024-07-22,1514.04,ACH
PAY-0011089,INV-010931,2024-08-02,1801.67,Wire
PAY-0011090,INV-010932,2024-04-11,6044.82,Check
PAY-0011091,INV-010933,2024-11-19,11795.36,Wire
PAY-0011092,INV-010934,2025-03-05,6156.73,ACH
PAY-0011093,INV-010935,2024-08-01,2238.69,ACH
PAY-0011094,INV-010936,2025-01-20,10990.05,Wire
PAY-0011095,INV-010937,2025-10-28,5896.59,ACH
PAY-0011096,INV-010938,2024-10-18,2207.07,Wire
PAY-0011097,INV-010938,2024-11-02,1830.06,ACH
PAY-0011098,INV-010939,2026-02-09,2056.3,ACH
PAY-0011099,INV-010940,2025-08-21,4911.66,ACH
PAY-0011100,INV-010940,2025-09-11,4943.87,ACH
PAY-0011101,INV-010941,2025-08-17,4060.46,ACH
PAY-0011102,INV-010942,2025-09-03,11145.18,Wire
PAY-0011103,INV-010943,2024-11-05,9988.47,ACH
PAY-0011104,INV-010944,2026-01-09,3744.97,ACH
PAY-0011105,INV-010945,2024-12-14,7378.94,ACH
PAY-0011106,INV-010946,2024-07-12,7914.9,ACH
PAY-0011107,INV-010947,2024-07-19,4055.95,ACH
PAY-0011108,INV-010948,2024-11-25,2158.52,ACH
PAY-0011109,INV-010949,2025-08-20,3360.78,ACH
PAY-0011110,INV-010950,2024-10-23,8194.62,ACH
PAY-0011111,INV-010951,2025-08-12,1947.8,ACH
PAY-0011112,INV-010952,2025-07-20,3449.1,ACH
PAY-0011113,INV-010953,2025-05-01,10037.34,ACH
PAY-0011114,INV-010954,2025-07-15,5996.94,Check
PAY-0011115,INV-010955,2025-12-12,4138.65,Wire
PAY-0011116,INV-010956,2025-10-06,8387.2,ACH
PAY-0011117,INV-010957,2024-12-06,5173.12,ACH
PAY-0011118,INV-010957,2024-12-20,3887.0,ACH
PAY-0011119,INV-010958,2026-01-02,3014.3,ACH
PAY-0011120,INV-010960,2025-02-25,5589.66,ACH
PAY-0011121,INV-010960,2025-03-17,5279.68,ACH
PAY-0011122,INV-010961,2025-10-19,11471.25,ACH
PAY-0011123,INV-010962,2025-07-24,2388.93,ACH
PAY-0011124,INV-010962,2025-08-12,2999.65,Check
PAY-0011125,INV-010964,2025-10-09,6546.29,Wire
PAY-0011126,INV-010965,2024-07-25,9643.81,ACH
PAY-0011127,INV-010966,2025-06-04,6779.92,Wire
PAY-0011128,INV-010967,2026-02-20,5967.05,Check
PAY-0011129,INV-010968,2026-01-11,11722.93,ACH
PAY-0011130,INV-010969,2025-07-05,1259.36,ACH
PAY-0011131,INV-010969,2025-07-16,1035.87,ACH
PAY-0011132,INV-010970,2025-11-18,9837.07,Wire
PAY-0011133,INV-010972,2025-12-19,8328.35,ACH
PAY-0011134,INV-010973,2025-06-10,6703.44,ACH
PAY-0011135,INV-010974,2026-01-01,1067.63,Wire
PAY-0011136,INV-010974,2026-01-19,746.45,Wire
PAY-0011137,INV-010975,2024-03-18,2359.12,ACH
PAY-0011138,INV-010976,2024-05-30,1868.66,Wire
PAY-0011139,INV-010977,2025-05-01,3016.79,ACH
PAY-0011140,INV-010978,2025-10-25,3740.2,ACH
PAY-0011141,INV-010979,2025-11-16,7064.79,ACH
PAY-0011142,INV-010981,2025-10-25,4714.4,ACH
PAY-0011143,INV-010982,2024-04-06,3783.96,Wire
PAY-0011144,INV-010982,2024-04-21,5321.73,ACH
PAY-0011145,INV-010983,2024-08-28,2523.04,ACH
PAY-0011146,INV-010984,2025-08-06,7381.15,ACH
PAY-0011147,INV-010985,2025-06-13,5626.03,ACH
PAY-0011148,INV-010986,2025-11-12,4647.46,ACH
PAY-0011149,INV-010987,2025-02-10,5618.35,Wire
PAY-0011150,INV-010988,2026-02-23,4661.19,Wire
PAY-0011151,INV-010989,2025-03-15,24173.99,Wire
PAY-0011152,INV-010990,2024-10-13,25462.5,Check
PAY-0011153,INV-010992,2024-11-10,14213.99,ACH
PAY-0011154,INV-010993,2024-06-22,10329.65,Wire
PAY-0011155,INV-010994,2025-04-30,30926.13,Wire
PAY-0011156,INV-010995,2024-05-24,10510.73,ACH
PAY-0011157,INV-010995,2024-06-10,10312.05,ACH
PAY-0011158,INV-010996,2024-04-21,24448.09,ACH
PAY-0011159,INV-010999,2025-08-20,30372.2,ACH
PAY-0011160,INV-011000,2025-03-26,12964.29,Wire
PAY-0011161,INV-011001,2025-08-30,3572.65,ACH
PAY-0011162,INV-011001,2025-09-11,5171.01,ACH
PAY-0011163,INV-011002,2025-02-01,5046.25,ACH
PAY-0011164,INV-011003,2025-01-16,31653.43,ACH
PAY-0011165,INV-011004,2024-05-04,5429.88,ACH
PAY-0011166,INV-011005,2026-01-08,7791.48,ACH
PAY-0011167,INV-011005,2026-01-26,6282.38,Wire
PAY-0011168,INV-011006,2025-01-09,12144.39,Check
PAY-0011169,INV-011006,2025-01-20,14017.48,Wire
PAY-0011170,INV-011007,2026-01-14,21136.4,ACH
PAY-0011171,INV-011008,2024-11-24,12445.36,ACH
PAY-0011172,INV-011009,2024-07-05,10511.2,ACH
PAY-0011173,INV-011010,2024-11-09,14236.1,Wire
PAY-0011174,INV-011011,2024-04-18,21073.97,ACH
PAY-0011175,INV-011012,2025-01-10,16899.09,ACH
PAY-0011176,INV-011013,2025-10-26,22621.71,Wire
PAY-0011177,INV-011014,2025-05-27,23706.51,ACH
PAY-0011178,INV-011016,2024-08-13,29447.05,ACH
PAY-0011179,INV-011017,2024-06-19,12373.28,ACH
PAY-0011180,INV-011018,2025-09-27,25734.41,Wire
PAY-0011181,INV-011019,2024-05-17,31596.39,Wire
PAY-0011182,INV-011020,2025-03-16,5410.32,ACH
PAY-0011183,INV-011021,2025-07-26,31782.53,Check
PAY-0011184,INV-011022,2025-01-05,8048.11,ACH
PAY-0011185,INV-011023,2024-12-04,5619.43,ACH
PAY-0011186,INV-011024,2025-05-05,5126.34,ACH
PAY-0011187,INV-011025,2024-04-13,5627.08,ACH
PAY-0011188,INV-011026,2026-01-23,17801.48,ACH
PAY-0011189,INV-011027,2024-09-02,15337.06,Wire
PAY-0011190,INV-011029,2024-04-20,27463.35,Check
PAY-0011191,INV-011030,2024-10-21,13802.43,ACH
PAY-0011192,INV-011031,2025-08-12,15826.3,ACH
PAY-0011193,INV-011032,2025-05-15,31463.04,ACH
PAY-0011194,INV-011033,2024-07-03,23473.46,ACH
PAY-0011195,INV-011034,2025-12-29,7837.4,ACH
PAY-0011196,INV-011035,2026-01-01,8443.02,ACH
PAY-0011197,INV-011036,2025-04-21,5439.4,ACH
PAY-0011198,INV-011036,2025-05-01,4841.97,Wire
PAY-0011199,INV-011037,2024-12-12,28583.89,ACH
PAY-0011200,INV-011038,2026-02-09,10785.69,ACH
PAY-0011201,INV-011038,2026-02-19,10235.45,ACH
PAY-0011202,INV-011040,2025-08-26,12013.24,ACH
PAY-0011203,INV-011042,2025-06-03,26543.15,ACH
PAY-0011204,INV-011043,2025-01-12,12303.25,ACH
PAY-0011205,INV-011044,2024-06-11,8829.64,Wire
PAY-0011206,INV-011045,2024-03-28,15233.12,ACH
PAY-0011207,INV-011046,2024-11-08,29322.69,ACH
PAY-0011208,INV-011047,2025-10-01,25738.22,ACH
PAY-0011209,INV-011048,2025-04-14,31383.03,Wire
PAY-0011210,INV-011049,2025-03-14,12814.06,ACH
PAY-0011211,INV-011050,2025-09-18,16114.1,Wire
PAY-0011212,INV-011050,2025-09-30,15210.42,Check
PAY-0011213,INV-011051,2024-06-11,6858.27,Wire
PAY-0011214,INV-011053,2025-12-27,14923.04,ACH
PAY-0011215,INV-011054,2025-03-26,12899.33,Wire
PAY-0011216,INV-011055,2024-12-27,11667.55,Check
PAY-0011217,INV-011055,2025-01-07,12347.95,ACH
PAY-0011218,INV-011056,2025-12-29,7606.85,ACH
PAY-0011219,INV-011057,2026-02-24,17478.55,Wire
PAY-0011220,INV-011058,2025-10-25,12241.47,ACH
PAY-0011221,INV-011059,2024-12-08,24709.7,ACH
PAY-0011222,INV-011060,2025-11-21,11810.27,Wire
PAY-0011223,INV-011061,2026-01-19,25627.97,Wire
PAY-0011224,INV-011062,2025-07-06,15396.57,Wire
PAY-0011225,INV-011063,2025-11-18,8397.24,ACH
PAY-0011226,INV-011063,2025-12-05,6413.82,Wire
PAY-0011227,INV-011064,2025-10-23,24405.96,Check
PAY-0011228,INV-011066,2025-11-17,29333.49,ACH
PAY-0011229,INV-011068,2025-04-08,30219.29,ACH
PAY-0011230,INV-011069,2024-10-03,5350.21,Wire
PAY-0011231,INV-011070,2024-05-25,25135.88,Wire
PAY-0011232,INV-011071,2024-08-12,17053.53,ACH
PAY-0011233,INV-011072,2024-07-25,21500.0,Wire
PAY-0011234,INV-011073,2025-08-26,30993.32,ACH
PAY-0011235,INV-011074,2025-04-28,17282.84,ACH
PAY-0011236,INV-011075,2025-02-25,17119.15,ACH
PAY-0011237,INV-011076,2024-06-25,9056.45,ACH
PAY-0011238,INV-011077,2025-04-23,31169.16,Check
PAY-0011239,INV-011078,2025-11-05,12759.5,ACH
PAY-0011240,INV-011079,2026-02-10,20683.19,Check
PAY-0011241,INV-011080,2025-06-26,8361.14,Wire
PAY-0011242,INV-011081,2024-07-20,8038.65,ACH
PAY-0011243,INV-011082,2025-01-31,10064.37,Check
PAY-0011244,INV-011083,2024-09-05,6639.32,Wire
PAY-0011245,INV-011083,2024-09-28,5646.93,ACH
PAY-0011246,INV-011084,2024-10-04,16725.49,ACH
PAY-0011247,INV-011085,2024-08-15,7842.38,ACH
PAY-0011248,INV-011086,2025-01-07,8197.42,ACH
PAY-0011249,INV-011086,2025-01-30,12206.56,ACH
PAY-0011250,INV-011087,2026-02-03,25461.92,Check
PAY-0011251,INV-011088,2025-08-19,12671.6,Check
PAY-0011252,INV-011088,2025-09-11,13618.1,ACH
PAY-0011253,INV-011089,2026-02-23,13878.01,ACH
PAY-0011254,INV-011090,2024-11-14,30849.17,ACH
PAY-0011255,INV-011091,2024-08-27,12219.76,ACH
PAY-0011256,INV-011092,2025-10-05,27318.11,ACH
PAY-0011257,INV-011093,2025-05-12,6616.0,ACH
PAY-0011258,INV-011094,2025-03-11,25566.03,ACH
PAY-0011259,INV-011095,2025-02-09,18020.38,Check
PAY-0011260,INV-011096,2025-05-17,5770.52,ACH
PAY-0011261,INV-011097,2024-12-07,18093.81,ACH
PAY-0011262,INV-011098,2024-10-04,22086.14,ACH
PAY-0011263,INV-011099,2025-05-14,8597.93,Check
PAY-0011264,INV-011099,2025-06-02,10381.27,ACH
PAY-0011265,INV-011100,2025-01-17,4742.39,ACH
PAY-0011266,INV-011100,2025-02-05,4727.19,Wire
PAY-0011267,INV-011101,2024-04-03,26774.22,ACH
PAY-0011268,INV-011102,2025-12-03,29455.42,Wire
PAY-0011269,INV-011103,2026-02-09,5962.53,ACH
PAY-0011270,INV-011104,2024-11-13,30541.65,Wire
PAY-0011271,INV-011105,2024-08-09,23567.55,ACH
PAY-0011272,INV-011107,2024-05-07,10926.63,ACH
PAY-0011273,INV-011107,2024-05-28,13074.49,ACH
PAY-0011274,INV-011108,2024-05-08,27291.37,Check
PAY-0011275,INV-011109,2024-09-13,30386.47,ACH
PAY-0011276,INV-011110,2025-10-10,12671.79,ACH
PAY-0011277,INV-011111,2025-05-03,9569.16,Check
PAY-0011278,INV-011112,2025-09-08,23249.92,ACH
PAY-0011279,INV-011113,2026-03-01,15499.92,ACH
PAY-0011280,INV-011114,2025-01-07,27744.89,ACH
PAY-0011281,INV-011115,2025-09-28,15394.0,Wire
PAY-0011282,INV-011117,2025-06-25,11035.46,ACH
PAY-0011283,INV-011118,2025-01-24,12021.74,ACH
PAY-0011284,INV-011119,2024-10-20,30147.48,ACH
PAY-0011285,INV-011120,2024-10-24,30254.5,Wire
PAY-0011286,INV-011121,2025-04-16,26192.89,ACH
PAY-0011287,INV-011122,2025-05-26,30191.02,ACH
PAY-0011288,INV-011123,2024-11-23,6344.18,Wire
PAY-0011289,INV-011124,2024-11-05,16985.44,ACH
PAY-0011290,INV-011125,2025-08-12,11225.64,ACH
PAY-0011291,INV-011126,2024-11-17,18370.31,ACH
PAY-0011292,INV-011127,2025-11-09,20280.41,ACH
PAY-0011293,INV-011128,2025-07-24,16731.31,ACH
PAY-0011294,INV-011129,2024-10-10,18332.76,Wire
PAY-0011295,INV-011130,2024-06-04,13700.8,ACH
PAY-0011296,INV-011130,2024-06-25,16213.61,ACH
PAY-0011297,INV-011131,2025-03-30,26525.07,ACH
PAY-0011298,INV-011132,2025-07-04,10632.63,ACH
PAY-0011299,INV-011133,2025-03-09,27244.05,ACH
PAY-0011300,INV-011134,2025-01-25,30736.15,ACH
PAY-0011301,INV-011135,2024-12-16,3990.81,ACH
PAY-0011302,INV-011136,2024-11-14,2339.85,ACH
PAY-0011303,INV-011137,2024-08-06,634.5,ACH
PAY-0011304,INV-011139,2024-11-16,814.45,ACH
PAY-0011305,INV-011140,2024-05-13,3729.09,ACH
PAY-0011306,INV-011141,2024-08-01,1154.84,Wire
PAY-0011307,INV-011142,2024-08-04,3132.42,ACH
PAY-0011308,INV-011143,2024-05-16,3062.13,ACH
PAY-0011309,INV-011144,2025-03-21,2680.17,ACH
PAY-0011310,INV-011145,2024-12-01,1106.55,ACH
PAY-0011311,INV-011147,2025-04-21,577.29,ACH
PAY-0011312,INV-011147,2025-05-03,794.37,ACH
PAY-0011313,INV-011148,2025-07-03,1282.48,Wire
PAY-0011314,INV-011149,2024-09-09,2534.71,Wire
PAY-0011315,INV-011150,2025-12-19,3048.2,Wire
PAY-0011316,INV-011151,2024-12-28,2485.74,Wire
PAY-0011317,INV-011152,2025-09-21,1091.98,Check
PAY-0011318,INV-011153,2024-06-30,1766.67,Wire
PAY-0011319,INV-011154,2024-09-18,903.85,Check
PAY-0011320,INV-011156,2024-08-14,2876.75,Wire
PAY-0011321,INV-011157,2025-08-11,1965.18,Check
PAY-0011322,INV-011158,2025-10-20,2484.19,ACH
PAY-0011323,INV-011159,2025-12-22,3114.99,ACH
PAY-0011324,INV-011160,2024-09-26,3000.42,Wire
PAY-0011325,INV-011161,2025-01-11,893.81,ACH
PAY-0011326,INV-011162,2026-01-03,2867.47,ACH
PAY-0011327,INV-011163,2025-04-06,777.05,ACH
PAY-0011328,INV-011163,2025-04-26,520.74,ACH
PAY-0011329,INV-011164,2024-02-10,1609.95,Check
PAY-0011330,INV-011165,2025-12-05,3978.24,Wire
PAY-0011331,INV-011166,2026-01-22,2386.3,ACH
PAY-0011332,INV-011167,2024-05-11,2270.56,ACH
PAY-0011333,INV-011168,2025-03-14,1484.11,ACH
PAY-0011334,INV-011169,2024-09-19,3970.42,ACH
PAY-0011335,INV-011170,2025-10-03,825.06,ACH
PAY-0011336,INV-011171,2024-12-31,3903.39,ACH
PAY-0011337,INV-011172,2025-06-16,1321.95,Wire
PAY-0011338,INV-011173,2025-02-12,1324.28,Wire
PAY-0011339,INV-011174,2025-07-10,3643.5,ACH
PAY-0011340,INV-011175,2025-01-17,3456.2,Check
PAY-0011341,INV-011176,2025-12-11,1291.36,ACH
PAY-0011342,INV-011177,2025-09-19,989.81,Check
PAY-0011343,INV-011178,2024-11-22,1337.52,ACH
PAY-0011344,INV-011179,2024-11-09,1590.11,Wire
PAY-0011345,INV-011179,2024-11-29,1859.48,ACH
PAY-0011346,INV-011180,2024-08-18,1863.65,Wire
PAY-0011347,INV-011181,2024-11-11,2875.59,ACH
PAY-0011348,INV-011182,2026-02-15,3992.21,Wire
PAY-0011349,INV-011183,2025-01-05,3954.03,ACH
PAY-0011350,INV-011184,2024-04-05,3831.26,ACH
PAY-0011351,INV-011185,2024-06-30,3902.52,Wire
PAY-0011352,INV-011186,2024-01-26,1394.94,ACH
PAY-0011353,INV-011186,2024-02-14,1517.3,ACH
PAY-0011354,INV-011187,2025-11-02,2649.21,ACH
PAY-0011355,INV-011188,2025-02-02,3858.46,ACH
PAY-0011356,INV-011189,2025-06-28,2703.52,Wire
PAY-0011357,INV-011190,2024-05-15,3540.47,Wire
PAY-0011358,INV-011191,2025-05-20,870.71,ACH
PAY-0011359,INV-011192,2025-02-01,1477.24,ACH
PAY-0011360,INV-011193,2025-05-02,3364.26,Wire
PAY-0011361,INV-011194,2025-08-05,1396.22,ACH
PAY-0011362,INV-011195,2025-04-05,635.32,Wire
PAY-0011363,INV-011196,2024-07-09,3564.17,ACH
PAY-0011364,INV-011197,2024-04-24,2545.59,ACH
PAY-0011365,INV-011198,2024-09-28,3318.52,ACH
PAY-0011366,INV-011199,2025-01-20,2060.56,Wire
PAY-0011367,INV-011200,2024-07-25,3966.04,ACH
PAY-0011368,INV-011202,2026-02-01,1058.27,Check
PAY-0011369,INV-011203,2025-08-06,1240.36,ACH
PAY-0011370,INV-011204,2024-03-03,2572.21,ACH
PAY-0011371,INV-011206,2025-07-11,1949.45,ACH
PAY-0011372,INV-011207,2024-12-26,3233.2,ACH
PAY-0011373,INV-011208,2024-06-08,3166.75,Check
PAY-0011374,INV-011210,2025-10-26,29458.2,ACH
PAY-0011375,INV-011211,2025-03-27,14070.68,ACH
PAY-0011376,INV-011212,2024-08-06,6543.55,Wire
PAY-0011377,INV-011213,2024-12-30,27952.34,ACH
PAY-0011378,INV-011214,2024-06-04,10981.4,ACH
PAY-0011379,INV-011215,2025-05-25,24870.43,ACH
PAY-0011380,INV-011216,2025-01-04,11424.19,Wire
PAY-0011381,INV-011217,2025-04-05,20944.68,ACH
PAY-0011382,INV-011219,2024-08-29,23560.71,Check
PAY-0011383,INV-011220,2024-08-29,19967.9,Wire
PAY-0011384,INV-011222,2024-05-31,29747.27,ACH
PAY-0011385,INV-011223,2025-06-28,26686.92,ACH
PAY-0011386,INV-011224,2025-10-28,15199.96,Wire
PAY-0011387,INV-011224,2025-11-07,13246.87,Check
PAY-0011388,INV-011225,2024-03-22,18041.41,ACH
PAY-0011389,INV-011226,2025-10-24,6722.23,ACH
PAY-0011390,INV-011226,2025-11-04,4546.15,Wire
PAY-0011391,INV-011227,2024-12-24,21769.04,ACH
PAY-0011392,INV-011228,2025-01-19,12143.03,ACH
PAY-0011393,INV-011229,2024-12-01,26661.07,ACH
PAY-0011394,INV-011231,2025-08-18,19688.27,ACH
PAY-0011395,INV-011232,2025-10-23,10793.73,ACH
PAY-0011396,INV-011232,2025-11-12,15457.63,ACH
PAY-0011397,INV-011233,2026-02-01,10488.65,Check
PAY-0011398,INV-011234,2024-10-04,14614.18,ACH
PAY-0011399,INV-011235,2024-08-26,14957.17,ACH
PAY-0011400,INV-011236,2024-06-10,14933.47,Wire
PAY-0011401,INV-011238,2025-07-11,3362.96,ACH
PAY-0011402,INV-011238,2025-07-30,3566.2,ACH
PAY-0011403,INV-011239,2025-04-09,14130.7,Wire
PAY-0011404,INV-011240,2024-09-23,30811.54,ACH
PAY-0011405,INV-011241,2026-01-06,7507.44,ACH
PAY-0011406,INV-011242,2025-05-05,16004.89,ACH
PAY-0011407,INV-011243,2024-08-23,20809.71,Check
PAY-0011408,INV-011244,2024-09-07,18777.75,ACH
PAY-0011409,INV-011245,2024-11-18,22952.09,Wire
PAY-0011410,INV-011246,2024-11-09,17008.33,ACH
PAY-0011411,INV-011247,2025-03-11,29305.02,ACH
PAY-0011412,INV-011248,2024-04-27,6368.28,ACH
PAY-0011413,INV-011249,2025-05-27,13410.84,Wire
PAY-0011414,INV-011250,2026-01-03,25715.1,ACH
PAY-0011415,INV-011251,2025-05-25,18191.66,ACH
PAY-0011416,INV-011252,2025-06-17,19486.39,Wire
PAY-0011417,INV-011253,2024-08-25,17922.91,ACH
PAY-0011418,INV-011255,2024-05-24,27306.44,Wire
PAY-0011419,INV-011256,2025-01-02,14635.46,ACH
PAY-0011420,INV-011258,2024-06-23,26989.39,ACH
PAY-0011421,INV-011259,2024-06-05,27525.07,Wire
PAY-0011422,INV-011260,2025-01-19,30473.89,ACH
PAY-0011423,INV-011261,2025-07-30,3696.27,Check
PAY-0011424,INV-011261,2025-08-09,4656.6,Wire
PAY-0011425,INV-011262,2025-03-08,18907.11,ACH
PAY-0011426,INV-011263,2024-11-05,28197.03,ACH
PAY-0011427,INV-011264,2024-04-16,15906.42,ACH
PAY-0011428,INV-011265,2026-01-29,5543.62,ACH
PAY-0011429,INV-011266,2025-03-24,20695.68,ACH
PAY-0011430,INV-011267,2024-05-15,24059.35,ACH
PAY-0011431,INV-011268,2025-12-18,27958.87,ACH
PAY-0011432,INV-011269,2025-11-23,21419.99,ACH
PAY-0011433,INV-011270,2025-05-11,27534.17,ACH
PAY-0011434,INV-011271,2024-06-17,13871.31,ACH
PAY-0011435,INV-011272,2024-06-02,12301.29,Wire
PAY-0011436,INV-011273,2024-06-26,10414.48,ACH
PAY-0011437,INV-011274,2026-02-22,22637.88,ACH
PAY-0011438,INV-011275,2025-05-28,16338.98,Check
PAY-0011439,INV-011276,2024-03-16,11375.26,Check
PAY-0011440,INV-011277,2024-04-03,28120.4,ACH
PAY-0011441,INV-011278,2024-05-14,29102.29,Check
PAY-0011442,INV-011279,2026-02-03,24540.72,ACH
PAY-0011443,INV-011280,2024-09-17,24795.26,ACH
PAY-0011444,INV-011282,2025-12-30,15793.53,Wire
PAY-0011445,INV-011283,2025-09-29,15890.19,ACH
PAY-0011446,INV-011284,2025-09-26,15518.84,Wire
PAY-0011447,INV-011286,2025-03-16,30029.08,ACH
PAY-0011448,INV-011287,2025-07-22,22938.71,ACH
PAY-0011449,INV-011288,2024-09-30,28222.15,Wire
PAY-0011450,INV-011289,2024-06-29,21837.22,ACH
PAY-0011451,INV-011290,2025-11-16,29398.18,ACH
PAY-0011452,INV-011291,2025-10-18,29285.74,ACH
PAY-0011453,INV-011292,2025-08-18,7926.95,ACH
PAY-0011454,INV-011293,2024-06-25,5849.04,Check
PAY-0011455,INV-011294,2024-10-08,26692.83,ACH
PAY-0011456,INV-011295,2026-02-14,11780.61,ACH
PAY-0011457,INV-011296,2025-02-01,13959.65,Check
PAY-0011458,INV-011297,2024-05-27,5470.54,Wire
PAY-0011459,INV-011298,2025-06-15,25095.25,ACH
PAY-0011460,INV-011299,2024-06-25,25565.36,ACH
PAY-0011461,INV-011300,2025-07-13,5799.13,Wire
PAY-0011462,INV-011300,2025-07-27,3907.58,Wire
PAY-0011463,INV-011301,2024-06-09,20986.97,ACH
PAY-0011464,INV-011302,2024-08-30,18765.21,Wire
PAY-0011465,INV-011303,2025-10-15,29642.04,Wire
PAY-0011466,INV-011304,2024-04-15,11336.29,ACH
PAY-0011467,INV-011305,2024-08-22,15267.46,Wire
PAY-0011468,INV-011307,2025-11-28,26709.16,ACH
PAY-0011469,INV-011308,2025-02-08,20848.62,ACH
PAY-0011470,INV-011309,2024-07-26,19768.76,ACH
PAY-0011471,INV-011310,2024-09-11,6589.15,ACH
PAY-0011472,INV-011311,2025-09-28,7754.4,Wire
PAY-0011473,INV-011311,2025-10-21,6696.44,Check
PAY-0011474,INV-011312,2025-09-15,11967.3,Wire
PAY-0011475,INV-011313,2024-04-20,11116.15,ACH
PAY-0011476,INV-011314,2025-07-05,8008.1,ACH
PAY-0011477,INV-011315,2025-03-21,3561.15,ACH
PAY-0011478,INV-011315,2025-04-08,4496.45,Wire
PAY-0011479,INV-011316,2025-12-25,15148.76,ACH
PAY-0011480,INV-011317,2025-11-20,23838.76,Wire
PAY-0011481,INV-011318,2024-07-28,15860.45,ACH
PAY-0011482,INV-011319,2025-03-28,22828.28,ACH
PAY-0011483,INV-011320,2024-09-01,11537.38,Wire
PAY-0011484,INV-011320,2024-09-19,15334.88,ACH
PAY-0011485,INV-011321,2025-04-14,7512.98,Check
PAY-0011486,INV-011322,2026-01-18,2081.06,Wire
PAY-0011487,INV-011324,2024-06-19,3706.78,Wire
PAY-0011488,INV-011325,2025-11-13,2851.72,ACH
PAY-0011489,INV-011326,2024-12-12,3699.71,ACH
PAY-0011490,INV-011327,2025-12-07,755.98,Wire
PAY-0011491,INV-011328,2025-12-03,3751.42,ACH
PAY-0011492,INV-011329,2025-08-18,2948.48,Check
PAY-0011493,INV-011331,2024-12-27,3446.47,ACH
PAY-0011494,INV-011332,2024-07-08,3064.43,ACH
PAY-0011495,INV-011333,2024-10-14,2878.8,ACH
PAY-0011496,INV-011334,2024-07-18,3488.06,ACH
PAY-0011497,INV-011335,2024-09-29,1095.15,ACH
PAY-0011498,INV-011336,2024-10-15,1418.0,ACH
PAY-0011499,INV-011337,2025-03-27,1832.39,ACH
PAY-0011500,INV-011338,2025-01-20,1418.68,Wire
PAY-0011501,INV-011339,2025-01-19,931.9,ACH
PAY-0011502,INV-011339,2025-02-08,844.36,ACH
PAY-0011503,INV-011340,2025-01-31,3941.25,ACH
PAY-0011504,INV-011341,2025-06-25,2378.71,Check
PAY-0011505,INV-011342,2025-05-18,3363.5,ACH
PAY-0011506,INV-011343,2025-03-10,3752.4,Wire
PAY-0011507,INV-011344,2025-05-28,1457.06,ACH
PAY-0011508,INV-011344,2025-06-14,1076.96,ACH
PAY-0011509,INV-011347,2025-09-22,2955.35,ACH
PAY-0011510,INV-011348,2024-11-08,3292.87,ACH
PAY-0011511,INV-011349,2025-06-04,2321.06,ACH
PAY-0011512,INV-011350,2024-07-29,1757.98,ACH
PAY-0011513,INV-011351,2024-07-31,2818.48,ACH
PAY-0011514,INV-011352,2024-09-21,2480.3,ACH
PAY-0011515,INV-011353,2025-12-17,2852.13,ACH
PAY-0011516,INV-011354,2024-03-16,1246.33,ACH
PAY-0011517,INV-011355,2024-08-15,1688.27,Wire
PAY-0011518,INV-011356,2025-06-19,3322.6,ACH
PAY-0011519,INV-011357,2024-08-03,1694.78,ACH
PAY-0011520,INV-011358,2024-11-14,791.88,Wire
PAY-0011521,INV-011359,2024-04-09,2336.96,Check
PAY-0011522,INV-011360,2024-02-27,1792.4,Check
PAY-0011523,INV-011360,2024-03-12,1722.79,ACH
PAY-0011524,INV-011361,2024-09-15,2912.11,ACH
PAY-0011525,INV-011363,2025-12-16,2248.36,ACH
PAY-0011526,INV-011364,2026-01-19,2096.69,ACH
PAY-0011527,INV-011365,2024-09-11,3706.2,ACH
PAY-0011528,INV-011366,2025-10-21,1613.56,ACH
PAY-0011529,INV-011367,2025-09-07,2222.99,Check
PAY-0011530,INV-011368,2025-09-13,518.91,ACH
PAY-0011531,INV-011369,2025-04-09,811.54,Wire
PAY-0011532,INV-011370,2024-05-24,922.09,ACH
PAY-0011533,INV-011370,2024-06-08,762.46,ACH
PAY-0011534,INV-011371,2024-09-29,1842.87,ACH
PAY-0011535,INV-011371,2024-10-23,1723.38,ACH
PAY-0011536,INV-011372,2025-07-05,3345.73,ACH
PAY-0011537,INV-011373,2024-11-21,2321.41,Wire
PAY-0011538,INV-011374,2024-12-27,2702.66,ACH
PAY-0011539,INV-011376,2025-10-25,3849.77,Wire
PAY-0011540,INV-011377,2024-04-20,2283.83,ACH
PAY-0011541,INV-011378,2025-10-24,1318.07,ACH
PAY-0011542,INV-011378,2025-11-15,1318.75,ACH
PAY-0011543,INV-011379,2024-09-02,2672.03,Wire
PAY-0011544,INV-011380,2025-05-19,2718.29,Wire
PAY-0011545,INV-011381,2025-09-14,3658.86,ACH
PAY-0011546,INV-011382,2025-02-10,1706.49,Wire
PAY-0011547,INV-011383,2024-09-27,3243.37,Wire
PAY-0011548,INV-011385,2025-11-17,1487.26,Wire
PAY-0011549,INV-011386,2025-04-09,2841.79,Check
PAY-0011550,INV-011387,2024-11-23,3044.53,ACH
PAY-0011551,INV-011388,2025-09-06,1449.3,ACH
PAY-0011552,INV-011388,2025-09-17,1804.82,ACH
PAY-0011553,INV-011389,2024-01-29,1513.3,ACH
PAY-0011554,INV-011391,2024-08-10,2174.83,ACH
PAY-0011555,INV-011392,2024-07-24,3496.3,ACH
PAY-0011556,INV-011393,2024-01-28,2508.11,Wire
PAY-0011557,INV-011394,2024-04-12,3085.49,Check
PAY-0011558,INV-011395,2024-02-28,3275.4,ACH
PAY-0011559,INV-011396,2025-01-13,1771.72,Wire
PAY-0011560,INV-011396,2025-01-31,1765.46,Wire
PAY-0011561,INV-011399,2025-07-21,1837.45,ACH
PAY-0011562,INV-011400,2025-09-26,1441.76,ACH
PAY-0011563,INV-011401,2025-01-03,1670.36,ACH
PAY-0011564,INV-011401,2025-01-16,2133.93,ACH
PAY-0011565,INV-011402,2024-02-04,3270.39,ACH
PAY-0011566,INV-011403,2025-01-21,3183.82,ACH
PAY-0011567,INV-011404,2025-12-28,2683.27,Check
PAY-0011568,INV-011405,2025-09-23,3309.87,ACH
PAY-0011569,INV-011406,2024-08-16,3497.23,ACH
PAY-0011570,INV-011407,2025-12-12,2070.05,ACH
PAY-0011571,INV-011408,2024-11-19,1467.27,Wire
PAY-0011572,INV-011409,2025-08-11,1912.89,ACH
PAY-0011573,INV-011410,2025-07-08,3127.55,Check
PAY-0011574,INV-011411,2025-05-16,3028.84,ACH
PAY-0011575,INV-011412,2024-03-02,1554.26,ACH
PAY-0011576,INV-011413,2025-03-10,1172.06,Wire
PAY-0011577,INV-011414,2025-07-19,3973.1,Check
PAY-0011578,INV-011415,2025-05-20,2268.39,ACH
PAY-0011579,INV-011416,2024-10-26,2510.27,Wire
PAY-0011580,INV-011417,2024-03-04,896.39,ACH
PAY-0011581,INV-011418,2024-10-15,1781.02,Wire
PAY-0011582,INV-011418,2024-10-27,1242.31,ACH
PAY-0011583,INV-011419,2024-08-16,11771.07,ACH
PAY-0011584,INV-011420,2024-08-18,3373.05,Wire
PAY-0011585,INV-011421,2024-05-30,5400.4,ACH
PAY-0011586,INV-011423,2024-11-16,10801.74,ACH
PAY-0011587,INV-011424,2025-01-18,8317.4,ACH
PAY-0011588,INV-011426,2025-07-18,7918.29,ACH
PAY-0011589,INV-011427,2024-07-19,2276.02,ACH
PAY-0011590,INV-011427,2024-08-05,1620.37,Wire
PAY-0011591,INV-011428,2024-08-08,2760.06,ACH
PAY-0011592,INV-011429,2025-01-16,10807.58,ACH
PAY-0011593,INV-011431,2024-04-02,2569.33,Wire
PAY-0011594,INV-011432,2024-04-11,11672.97,ACH
PAY-0011595,INV-011433,2024-07-05,4215.85,ACH
PAY-0011596,INV-011434,2025-07-11,2216.6,ACH
PAY-0011597,INV-011434,2025-07-31,1789.89,Wire
PAY-0011598,INV-011435,2024-12-26,6364.16,ACH
PAY-0011599,INV-011436,2025-01-15,4031.19,ACH
PAY-0011600,INV-011437,2025-05-31,7501.34,ACH
PAY-0011601,INV-011438,2024-07-22,6215.52,ACH
PAY-0011602,INV-011439,2024-05-20,6659.35,Wire
PAY-0011603,INV-011440,2024-05-30,5736.26,ACH
PAY-0011604,INV-011441,2024-12-21,5361.72,ACH
PAY-0011605,INV-011441,2025-01-02,5743.96,ACH
PAY-0011606,INV-011442,2026-01-03,9586.26,Check
PAY-0011607,INV-011443,2024-11-08,9016.77,ACH
PAY-0011608,INV-011444,2024-04-02,5803.85,Check
PAY-0011609,INV-011445,2024-08-01,11998.34,ACH
PAY-0011610,INV-011446,2025-12-14,1706.62,ACH
PAY-0011611,INV-011447,2025-07-26,5683.07,Check
PAY-0011612,INV-011448,2024-12-25,4943.76,Wire
PAY-0011613,INV-011448,2025-01-13,3349.13,ACH
PAY-0011614,INV-011449,2025-10-27,1978.03,ACH
PAY-0011615,INV-011450,2025-03-17,3393.88,ACH
PAY-0011616,INV-011451,2025-03-27,6967.62,ACH
PAY-0011617,INV-011452,2024-04-23,10502.91,Wire
PAY-0011618,INV-011453,2025-06-17,4467.0,ACH
PAY-0011619,INV-011454,2024-11-25,2494.31,ACH
PAY-0011620,INV-011455,2025-10-11,5092.02,ACH
PAY-0011621,INV-011457,2024-08-01,4020.66,Wire
PAY-0011622,INV-011457,2024-08-21,3628.93,Wire
PAY-0011623,INV-011458,2025-07-02,2002.23,ACH
PAY-0011624,INV-011459,2025-09-03,8832.8,Check
PAY-0011625,INV-011460,2025-03-16,7298.01,ACH
PAY-0011626,INV-011461,2024-06-03,5152.69,Wire
PAY-0011627,INV-011463,2024-03-03,8250.67,ACH
PAY-0011628,INV-011464,2024-07-29,8108.19,Wire
PAY-0011629,INV-011465,2024-03-24,8461.34,ACH
PAY-0011630,INV-011466,2025-03-22,2344.99,ACH
PAY-0011631,INV-011467,2026-01-01,9172.93,ACH
PAY-0011632,INV-011469,2025-08-31,8835.78,ACH
PAY-0011633,INV-011470,2024-04-05,3458.53,Check
PAY-0011634,INV-011471,2025-10-15,5202.17,Wire
PAY-0011635,INV-011471,2025-10-29,6567.75,Check
PAY-0011636,INV-011473,2025-09-07,4624.01,Wire
PAY-0011637,INV-011474,2025-10-25,8422.74,ACH
PAY-0011638,INV-011475,2024-09-25,8741.95,ACH
PAY-0011639,INV-011476,2025-07-10,1864.27,ACH
PAY-0011640,INV-011477,2025-06-20,3587.79,ACH
PAY-0011641,INV-011479,2024-09-08,10909.64,ACH
PAY-0011642,INV-011480,2025-12-24,3745.36,ACH
PAY-0011643,INV-011481,2025-06-23,2426.65,ACH
PAY-0011644,INV-011481,2025-07-13,2497.37,ACH
PAY-0011645,INV-011482,2025-09-22,5011.2,ACH
PAY-0011646,INV-011482,2025-10-07,3659.84,Wire
PAY-0011647,INV-011483,2024-03-06,5747.16,ACH
PAY-0011648,INV-011484,2024-09-08,5486.29,ACH
PAY-0011649,INV-011485,2025-10-17,6291.9,ACH
PAY-0011650,INV-011486,2024-09-02,10932.8,ACH
PAY-0011651,INV-011487,2024-11-19,4743.12,Wire
PAY-0011652,INV-011488,2025-06-06,11544.01,Wire
PAY-0011653,INV-011489,2024-08-18,7419.14,Check
PAY-0011654,INV-011490,2025-05-29,7514.93,ACH
PAY-0011655,INV-011491,2024-05-10,6768.85,ACH
PAY-0011656,INV-011492,2025-10-27,2156.28,ACH
PAY-0011657,INV-011493,2024-10-10,8784.92,Wire
PAY-0011658,INV-011494,2025-05-09,5162.13,ACH
PAY-0011659,INV-011495,2024-11-06,8216.78,Check
PAY-0011660,INV-011496,2024-03-06,7296.12,ACH
PAY-0011661,INV-011497,2025-10-13,5259.17,Check
PAY-0011662,INV-011498,2025-12-08,8754.53,ACH
PAY-0011663,INV-011499,2024-12-22,3057.03,ACH
PAY-0011664,INV-011500,2025-02-12,8236.51,Wire
PAY-0011665,INV-011501,2025-12-30,10939.31,Wire
PAY-0011666,INV-011502,2024-09-15,10975.43,Check
PAY-0011667,INV-011503,2024-10-25,3749.52,ACH
PAY-0011668,INV-011504,2025-07-26,5510.41,ACH
PAY-0011669,INV-011505,2025-02-23,9070.32,ACH
PAY-0011670,INV-011506,2025-02-21,7863.62,Wire
PAY-0011671,INV-011507,2024-07-04,11123.7,Check
PAY-0011672,INV-011508,2026-01-10,3439.54,Wire
PAY-0011673,INV-011510,2024-03-03,1519.79,ACH
PAY-0011674,INV-011511,2025-06-01,2204.48,ACH
PAY-0011675,INV-011512,2025-10-05,2434.74,ACH
PAY-0011676,INV-011513,2024-12-21,5867.25,ACH
PAY-0011677,INV-011514,2025-02-02,9352.51,ACH
PAY-0011678,INV-011515,2025-01-30,4626.66,ACH
PAY-0011679,INV-011517,2025-05-26,7649.44,ACH
PAY-0011680,INV-011518,2025-11-27,11665.7,ACH
PAY-0011681,INV-011519,2024-12-18,5355.77,ACH
PAY-0011682,INV-011519,2025-01-10,3830.56,Wire
PAY-0011683,INV-011520,2025-08-27,5058.13,Wire
PAY-0011684,INV-011521,2024-12-27,4699.93,Check
PAY-0011685,INV-011522,2025-10-01,2351.15,Check
PAY-0011686,INV-011523,2026-02-06,2984.85,Wire
PAY-0011687,INV-011524,2025-08-24,5154.04,ACH
PAY-0011688,INV-011526,2025-12-14,1651.1,ACH
PAY-0011689,INV-011526,2026-01-06,1414.15,ACH
PAY-0011690,INV-011527,2025-06-23,10465.06,Wire
PAY-0011691,INV-011529,2024-07-19,8650.14,Check
PAY-0011692,INV-011530,2026-01-18,9124.67,Check
PAY-0011693,INV-011531,2025-04-13,4494.01,Check
PAY-0011694,INV-011532,2024-06-15,8635.23,Wire
PAY-0011695,INV-011533,2025-12-28,3658.73,ACH
PAY-0011696,INV-011534,2024-11-06,1788.27,ACH
PAY-0011697,INV-011536,2024-04-12,5077.79,ACH
PAY-0011698,INV-011539,2024-06-06,8436.02,Wire
PAY-0011699,INV-011540,2025-07-31,11575.8,ACH
PAY-0011700,INV-011541,2025-11-13,7938.47,Wire
PAY-0011701,INV-011542,2024-07-02,9351.32,Wire
PAY-0011702,INV-011543,2026-01-03,8975.06,ACH
PAY-0011703,INV-011544,2025-03-18,5297.51,ACH
PAY-0011704,INV-011545,2024-07-14,7804.97,Wire
PAY-0011705,INV-011546,2024-10-18,8818.3,Wire
PAY-0011706,INV-011547,2024-12-23,5567.97,Wire
PAY-0011707,INV-011548,2025-09-24,2633.83,Wire
PAY-0011708,INV-011549,2025-12-12,2732.17,ACH
PAY-0011709,INV-011551,2024-04-27,11994.08,ACH
PAY-0011710,INV-011552,2025-04-12,1654.99,Check
PAY-0011711,INV-011553,2024-03-01,2472.42,Wire
PAY-0011712,INV-011554,2024-09-22,2558.27,Wire
PAY-0011713,INV-011555,2024-08-17,9194.54,Wire
PAY-0011714,INV-011556,2026-01-30,5149.24,ACH
PAY-0011715,INV-011557,2025-07-13,3293.11,ACH
PAY-0011716,INV-011558,2025-11-15,6349.69,ACH
PAY-0011717,INV-011559,2026-01-13,3280.19,ACH
PAY-0011718,INV-011560,2025-11-09,6015.16,Wire
PAY-0011719,INV-011561,2025-09-27,1995.35,Wire
PAY-0011720,INV-011562,2025-03-07,3274.57,ACH
PAY-0011721,INV-011563,2025-03-05,1637.69,ACH
PAY-0011722,INV-011564,2024-08-27,3641.38,Wire
PAY-0011723,INV-011565,2024-08-13,10410.14,Wire
PAY-0011724,INV-011566,2024-11-23,3374.83,ACH
PAY-0011725,INV-011567,2025-05-21,1958.43,Check
PAY-0011726,INV-011568,2025-05-04,3507.03,ACH
PAY-0011727,INV-011569,2025-11-09,2890.88,ACH
PAY-0011728,INV-011570,2025-09-25,5050.12,ACH
PAY-0011729,INV-011571,2024-03-11,3074.23,Check
PAY-0011730,INV-011573,2024-03-04,3018.9,Wire
PAY-0011731,INV-011574,2025-04-08,7906.32,Wire
PAY-0011732,INV-011575,2025-06-28,8098.87,ACH
PAY-0011733,INV-011576,2025-12-15,11120.28,ACH
PAY-0011734,INV-011577,2024-12-07,10082.5,ACH
PAY-0011735,INV-011578,2025-04-13,4160.58,Check
PAY-0011736,INV-011579,2025-10-06,9462.46,ACH
PAY-0011737,INV-011580,2025-07-13,9192.01,ACH
PAY-0011738,INV-011581,2025-09-26,4337.42,ACH
PAY-0011739,INV-011582,2025-02-06,8615.95,Wire
PAY-0011740,INV-011583,2025-07-19,8880.28,ACH
PAY-0011741,INV-011584,2025-03-18,9359.88,Wire
PAY-0011742,INV-011585,2025-07-24,2241.98,ACH
PAY-0011743,INV-011586,2024-12-18,1652.27,ACH
PAY-0011744,INV-011586,2025-01-09,1662.88,ACH
PAY-0011745,INV-011587,2025-11-25,4808.53,ACH
PAY-0011746,INV-011588,2025-06-08,4143.53,ACH
PAY-0011747,INV-011589,2024-03-01,11960.53,ACH
PAY-0011748,INV-011590,2024-05-30,3217.69,ACH
PAY-0011749,INV-011591,2025-08-04,6342.58,ACH
PAY-0011750,INV-011592,2024-06-17,3459.57,Wire
PAY-0011751,INV-011593,2025-12-14,7300.42,ACH
PAY-0011752,INV-011594,2024-03-03,9282.52,Check
PAY-0011753,INV-011595,2025-05-05,9490.81,Check
PAY-0011754,INV-011596,2024-07-26,6686.39,ACH
PAY-0011755,INV-011597,2025-01-14,6063.43,ACH
PAY-0011756,INV-011598,2025-04-19,3699.1,ACH
PAY-0011757,INV-011599,2024-02-07,1142.4,Wire
PAY-0011758,INV-011599,2024-02-19,912.3,ACH
PAY-0011759,INV-011600,2024-03-20,5500.91,ACH
PAY-0011760,INV-011601,2026-01-26,11896.01,Wire
PAY-0011761,INV-011602,2025-11-16,9589.27,ACH
PAY-0011762,INV-011603,2024-03-29,9350.89,ACH
PAY-0011763,INV-011604,2025-09-28,8327.3,ACH
PAY-0011764,INV-011605,2024-07-19,8851.83,Check
PAY-0011765,INV-011606,2025-07-10,1074.94,ACH
PAY-0011766,INV-011606,2025-07-24,1332.29,ACH
PAY-0011767,INV-011607,2025-07-11,2643.81,ACH
PAY-0011768,INV-011608,2024-12-19,4316.54,ACH
PAY-0011769,INV-011609,2025-06-06,2489.36,ACH
PAY-0011770,INV-011610,2024-12-15,3143.33,ACH
PAY-0011771,INV-011610,2024-12-25,2463.71,ACH
PAY-0011772,INV-011611,2025-09-09,3704.63,Check
PAY-0011773,INV-011612,2024-07-06,11590.56,Wire
PAY-0011774,INV-011613,2025-11-06,4793.67,ACH
PAY-0011775,INV-011614,2025-05-31,10517.38,ACH
PAY-0011776,INV-011615,2025-11-27,2169.45,ACH
PAY-0011777,INV-011615,2025-12-17,2428.11,Wire
PAY-0011778,INV-011616,2024-03-12,10771.95,ACH
PAY-0011779,INV-011617,2025-02-11,6854.77,ACH
PAY-0011780,INV-011618,2025-06-24,4000.81,ACH
PAY-0011781,INV-011619,2025-05-03,1758.63,Check
PAY-0011782,INV-011620,2024-04-25,8107.41,Check
PAY-0011783,INV-011621,2025-04-13,2254.99,Check
PAY-0011784,INV-011622,2025-06-10,9094.23,Check
PAY-0011785,INV-011623,2024-11-25,1664.69,ACH
PAY-0011786,INV-011623,2024-12-12,2458.56,Wire
PAY-0011787,INV-011624,2024-08-20,4723.7,Wire
PAY-0011788,INV-011624,2024-09-12,4293.65,ACH
PAY-0011789,INV-011626,2026-01-25,1976.2,Wire
PAY-0011790,INV-011627,2025-04-18,7728.88,ACH
PAY-0011791,INV-011628,2025-11-11,11437.87,ACH
PAY-0011792,INV-011629,2025-01-01,7444.83,ACH
PAY-0011793,INV-011630,2024-11-28,9492.61,ACH
PAY-0011794,INV-011631,2025-01-01,3540.05,Wire
PAY-0011795,INV-011631,2025-01-11,2923.98,Wire
PAY-0011796,INV-011632,2024-12-24,4966.44,Check
PAY-0011797,INV-011633,2025-01-19,4552.02,Wire
PAY-0011798,INV-011634,2024-04-04,3189.58,ACH
PAY-0011799,INV-011635,2024-04-17,7571.98,ACH
PAY-0011800,INV-011636,2024-12-13,10984.98,Wire
PAY-0011801,INV-011637,2024-08-07,9978.48,ACH
PAY-0011802,INV-011638,2025-10-30,8985.06,Wire
PAY-0011803,INV-011639,2024-11-26,8180.23,Check
PAY-0011804,INV-011640,2024-07-22,4384.77,ACH
PAY-0011805,INV-011642,2024-06-27,5072.94,ACH
PAY-0011806,INV-011643,2024-11-23,9058.57,ACH
PAY-0011807,INV-011644,2025-07-18,3207.8,Wire
PAY-0011808,INV-011645,2024-10-09,3167.49,ACH
PAY-0011809,INV-011646,2025-08-04,1725.96,Check
PAY-0011810,INV-011646,2025-08-19,1756.58,ACH
PAY-0011811,INV-011647,2024-07-31,3741.27,ACH
PAY-0011812,INV-011648,2025-07-16,11904.05,ACH
PAY-0011813,INV-011649,2025-10-18,4013.62,Wire
PAY-0011814,INV-011649,2025-11-03,3439.59,Wire
PAY-0011815,INV-011650,2024-09-06,2010.66,Check
PAY-0011816,INV-011651,2024-09-14,8757.86,Wire
PAY-0011817,INV-011652,2025-04-26,4023.45,Wire
PAY-0011818,INV-011653,2025-03-27,4285.44,ACH
PAY-0011819,INV-011654,2025-08-11,4830.27,ACH
PAY-0011820,INV-011655,2025-05-21,3389.71,Wire
PAY-0011821,INV-011656,2025-02-25,6699.18,ACH
PAY-0011822,INV-011657,2024-03-02,3113.62,ACH
PAY-0011823,INV-011658,2024-09-19,5762.46,ACH
PAY-0011824,INV-011658,2024-10-11,4054.63,ACH
PAY-0011825,INV-011659,2025-11-19,4604.53,Check
PAY-0011826,INV-011660,2024-10-09,4994.55,Wire
PAY-0011827,INV-011660,2024-10-30,3924.37,Wire
PAY-0011828,INV-011661,2026-01-14,3727.05,ACH
PAY-0011829,INV-011662,2025-04-13,8411.09,Wire
PAY-0011830,INV-011663,2024-11-07,11558.81,Wire
PAY-0011831,INV-011664,2024-05-10,7199.54,ACH
PAY-0011832,INV-011665,2025-11-04,5076.48,ACH
PAY-0011833,INV-011666,2025-02-26,11210.52,ACH
PAY-0011834,INV-011667,2024-09-27,8005.63,ACH
PAY-0011835,INV-011668,2025-06-03,5453.0,ACH
PAY-0011836,INV-011669,2025-04-27,9646.74,ACH
PAY-0011837,INV-011670,2024-05-11,5309.0,ACH
PAY-0011838,INV-011671,2025-08-16,7300.11,ACH
PAY-0011839,INV-011672,2024-04-19,4147.43,ACH
PAY-0011840,INV-011673,2025-08-15,4367.13,Wire
PAY-0011841,INV-011673,2025-09-02,6138.03,ACH
PAY-0011842,INV-011674,2024-04-27,5202.17,ACH
PAY-0011843,INV-011675,2024-06-23,6656.27,Wire
PAY-0011844,INV-011676,2025-12-17,6254.69,ACH
PAY-0011845,INV-011677,2024-09-11,10884.01,ACH
PAY-0011846,INV-011678,2025-01-30,6306.01,ACH
PAY-0011847,INV-011679,2025-08-31,11939.62,ACH
PAY-0011848,INV-011680,2025-10-01,5244.16,ACH
PAY-0011849,INV-011681,2024-03-25,2805.14,ACH
PAY-0011850,INV-011681,2024-04-08,3980.03,Wire
PAY-0011851,INV-011682,2024-12-21,1955.28,ACH
PAY-0011852,INV-011683,2025-05-20,10628.98,ACH
PAY-0011853,INV-011685,2024-09-27,10349.7,ACH
PAY-0011854,INV-011686,2025-07-21,5627.97,ACH
PAY-0011855,INV-011687,2024-11-26,10137.34,Wire
PAY-0011856,INV-011688,2025-04-06,2120.35,ACH
PAY-0011857,INV-011689,2025-04-14,5916.97,ACH
PAY-0011858,INV-011690,2025-05-29,3273.66,Wire
PAY-0011859,INV-011691,2024-03-18,5858.26,ACH
PAY-0011860,INV-011692,2025-11-20,11454.63,Wire
PAY-0011861,INV-011693,2025-01-12,5466.49,ACH
PAY-0011862,INV-011694,2025-03-23,8437.84,ACH
PAY-0011863,INV-011695,2024-11-10,1659.77,Wire
PAY-0011864,INV-011695,2024-11-27,1119.68,ACH
PAY-0011865,INV-011696,2025-02-07,2245.07,Wire
PAY-0011866,INV-011696,2025-03-01,1748.05,ACH
