Invoice_Key,Customer_Key,Invoice_Date,Due_Date,Payment_Terms_Days,Invoice_Amount_USD,Dispute_Flag,Dispute_Reason_Key,Dispute_Status
INV-000001,CUST-0001,2024-09-24,2024-10-24,30,10072.05,0,,No Dispute
INV-000002,CUST-0001,2024-10-29,2024-11-28,30,5915.63,0,,No Dispute
INV-000003,CUST-0001,2024-11-01,2024-12-01,30,7694.14,0,,No Dispute
INV-000004,CUST-0001,2024-11-30,2024-12-30,30,5663.7,0,,No Dispute
INV-000005,CUST-0001,2025-02-04,2025-03-06,30,6667.22,0,,No Dispute
INV-000006,CUST-0001,2024-05-05,2024-06-04,30,8150.71,0,,No Dispute
INV-000007,CUST-0001,2025-01-08,2025-02-07,30,8825.51,0,,No Dispute
INV-000008,CUST-0001,2024-04-02,2024-05-02,30,11717.66,0,,No Dispute
INV-000009,CUST-0001,2025-06-17,2025-07-17,30,2431.38,0,,No Dispute
INV-000010,CUST-0001,2025-12-30,2026-01-29,30,8749.15,1,1.0,Resolved
INV-000011,CUST-0001,2025-07-26,2025-08-25,30,1527.25,0,,No Dispute
INV-000012,CUST-0001,2025-09-30,2025-10-30,30,11202.44,0,,No Dispute
INV-000013,CUST-0001,2025-06-09,2025-07-09,30,3051.26,0,,No Dispute
INV-000014,CUST-0001,2024-09-30,2024-10-30,30,6197.83,0,,No Dispute
INV-000015,CUST-0001,2024-02-08,2024-03-09,30,4881.83,0,,No Dispute
INV-000016,CUST-0001,2024-01-25,2024-02-24,30,8630.57,0,,No Dispute
INV-000017,CUST-0001,2025-01-03,2025-02-02,30,7426.81,0,,No Dispute
INV-000018,CUST-0001,2024-11-10,2024-12-10,30,11858.41,0,,No Dispute
INV-000019,CUST-0001,2025-09-15,2025-10-15,30,3187.15,0,,No Dispute
INV-000020,CUST-0001,2024-01-06,2024-02-05,30,5677.48,0,,No Dispute
INV-000021,CUST-0001,2025-07-27,2025-08-26,30,11258.45,0,,No Dispute
INV-000022,CUST-0001,2025-02-13,2025-03-15,30,4898.63,0,,No Dispute
INV-000023,CUST-0001,2025-10-15,2025-11-14,30,4530.62,0,,No Dispute
INV-000024,CUST-0001,2025-11-20,2025-12-20,30,6269.81,0,,No Dispute
INV-000025,CUST-0001,2024-11-16,2024-12-16,30,2957.66,1,1.0,Resolved
INV-000026,CUST-0001,2024-11-13,2024-12-13,30,9332.73,0,,No Dispute
INV-000027,CUST-0001,2025-06-30,2025-07-30,30,11227.72,0,,No Dispute
INV-000028,CUST-0001,2024-09-26,2024-10-26,30,9895.14,0,,No Dispute
INV-000029,CUST-0001,2024-05-11,2024-06-10,30,4820.06,0,,No Dispute
INV-000030,CUST-0001,2025-11-21,2025-12-21,30,8053.07,0,,No Dispute
INV-000031,CUST-0001,2025-05-17,2025-06-16,30,7084.5,0,,No Dispute
INV-000032,CUST-0001,2024-06-27,2024-07-27,30,5016.51,0,,No Dispute
INV-000033,CUST-0001,2025-02-23,2025-03-25,30,11975.77,0,,No Dispute
INV-000034,CUST-0001,2025-08-20,2025-09-19,30,8997.67,0,,No Dispute
INV-000035,CUST-0001,2024-08-15,2024-09-14,30,6298.5,0,,No Dispute
INV-000036,CUST-0001,2025-11-15,2025-12-15,30,9060.38,0,,No Dispute
INV-000037,CUST-0001,2025-10-21,2025-11-20,30,3406.78,0,,No Dispute
INV-000038,CUST-0001,2024-05-20,2024-06-19,30,2960.72,0,,No Dispute
INV-000039,CUST-0001,2024-11-19,2024-12-19,30,9795.89,1,2.0,Open
INV-000040,CUST-0001,2024-02-20,2024-03-21,30,9232.66,0,,No Dispute
INV-000041,CUST-0001,2024-12-11,2025-01-10,30,10308.43,0,,No Dispute
INV-000042,CUST-0001,2025-10-22,2025-11-21,30,5482.71,0,,No Dispute
INV-000043,CUST-0001,2025-01-20,2025-02-19,30,6389.85,0,,No Dispute
INV-000044,CUST-0001,2024-06-27,2024-07-27,30,4106.38,0,,No Dispute
INV-000045,CUST-0001,2024-03-03,2024-04-02,30,4414.67,0,,No Dispute
INV-000046,CUST-0001,2025-11-19,2025-12-19,30,7351.71,0,,No Dispute
INV-000047,CUST-0001,2024-08-02,2024-09-01,30,5981.28,0,,No Dispute
INV-000048,CUST-0001,2024-10-12,2024-11-11,30,10283.93,0,,No Dispute
INV-000049,CUST-0001,2024-04-22,2024-05-22,30,5708.01,0,,No Dispute
INV-000050,CUST-0001,2025-10-04,2025-11-03,30,5419.75,0,,No Dispute
INV-000051,CUST-0001,2024-06-26,2024-07-26,30,10603.43,0,,No Dispute
INV-000052,CUST-0001,2024-11-23,2024-12-23,30,2593.14,0,,No Dispute
INV-000053,CUST-0001,2024-04-05,2024-05-05,30,11881.65,0,,No Dispute
INV-000054,CUST-0001,2025-04-13,2025-05-13,30,5767.12,0,,No Dispute
INV-000055,CUST-0001,2024-10-11,2024-11-10,30,5924.96,0,,No Dispute
INV-000056,CUST-0001,2025-12-07,2026-01-06,30,7698.1,0,,No Dispute
INV-000057,CUST-0001,2024-02-22,2024-03-23,30,4591.89,0,,No Dispute
INV-000058,CUST-0001,2024-02-28,2024-03-29,30,10892.8,0,,No Dispute
INV-000059,CUST-0001,2024-08-24,2024-09-23,30,5726.78,0,,No Dispute
INV-000060,CUST-0001,2024-04-18,2024-05-18,30,8757.83,0,,No Dispute
INV-000061,CUST-0001,2024-02-03,2024-03-04,30,7318.87,0,,No Dispute
INV-000062,CUST-0001,2024-01-27,2024-02-26,30,10950.2,0,,No Dispute
INV-000063,CUST-0001,2025-11-15,2025-12-15,30,10300.12,0,,No Dispute
INV-000064,CUST-0001,2025-01-05,2025-02-04,30,4076.17,0,,No Dispute
INV-000065,CUST-0001,2024-08-14,2024-09-13,30,11467.72,0,,No Dispute
INV-000066,CUST-0001,2025-02-09,2025-03-11,30,9192.01,0,,No Dispute
INV-000067,CUST-0001,2025-05-21,2025-06-20,30,7766.85,0,,No Dispute
INV-000068,CUST-0001,2025-10-02,2025-11-01,30,6702.66,0,,No Dispute
INV-000069,CUST-0001,2024-06-20,2024-07-20,30,11660.84,1,4.0,Resolved
INV-000070,CUST-0001,2025-07-22,2025-08-21,30,6183.06,0,,No Dispute
INV-000071,CUST-0001,2025-12-27,2026-01-26,30,9103.08,0,,No Dispute
INV-000072,CUST-0001,2025-04-10,2025-05-10,30,6638.96,0,,No Dispute
INV-000073,CUST-0001,2025-06-21,2025-07-21,30,1913.98,0,,No Dispute
INV-000074,CUST-0001,2025-01-25,2025-02-24,30,1856.43,0,,No Dispute
INV-000075,CUST-0001,2024-08-10,2024-09-09,30,10551.45,0,,No Dispute
INV-000076,CUST-0001,2024-05-31,2024-06-30,30,3915.09,0,,No Dispute
INV-000077,CUST-0001,2024-12-29,2025-01-28,30,7510.49,0,,No Dispute
INV-000078,CUST-0001,2024-01-16,2024-02-15,30,5981.58,0,,No Dispute
INV-000079,CUST-0001,2024-05-20,2024-06-19,30,5531.62,0,,No Dispute
INV-000080,CUST-0001,2025-04-21,2025-05-21,30,1894.77,0,,No Dispute
INV-000081,CUST-0001,2024-12-24,2025-01-23,30,6986.45,0,,No Dispute
INV-000082,CUST-0001,2024-11-19,2024-12-19,30,9013.31,0,,No Dispute
INV-000083,CUST-0001,2024-12-09,2025-01-08,30,2806.59,0,,No Dispute
INV-000084,CUST-0001,2024-03-02,2024-04-01,30,7940.82,0,,No Dispute
INV-000085,CUST-0001,2025-07-24,2025-08-23,30,5716.59,0,,No Dispute
INV-000086,CUST-0001,2024-08-13,2024-09-12,30,5532.95,1,2.0,Open
INV-000087,CUST-0001,2024-02-23,2024-03-24,30,11675.58,0,,No Dispute
INV-000088,CUST-0001,2025-02-22,2025-03-24,30,9461.5,0,,No Dispute
INV-000089,CUST-0001,2024-03-29,2024-04-28,30,7725.87,0,,No Dispute
INV-000090,CUST-0001,2025-06-24,2025-07-24,30,10831.85,0,,No Dispute
INV-000091,CUST-0001,2025-01-29,2025-02-28,30,2413.36,0,,No Dispute
INV-000092,CUST-0001,2025-03-29,2025-04-28,30,11602.28,0,,No Dispute
INV-000093,CUST-0001,2024-08-11,2024-09-10,30,6918.83,0,,No Dispute
INV-000094,CUST-0001,2024-10-15,2024-11-14,30,10725.61,0,,No Dispute
INV-000095,CUST-0001,2024-12-28,2025-01-27,30,4006.25,0,,No Dispute
INV-000096,CUST-0001,2025-07-10,2025-08-09,30,10654.36,1,2.0,Resolved
INV-000097,CUST-0001,2024-09-14,2024-10-14,30,10237.41,0,,No Dispute
INV-000098,CUST-0001,2024-01-17,2024-02-16,30,2716.36,0,,No Dispute
INV-000099,CUST-0001,2025-02-17,2025-03-19,30,1693.49,0,,No Dispute
INV-000100,CUST-0001,2024-10-04,2024-11-03,30,11340.9,0,,No Dispute
INV-000101,CUST-0001,2025-02-04,2025-03-06,30,7612.79,0,,No Dispute
INV-000102,CUST-0001,2025-11-17,2025-12-17,30,11673.22,0,,No Dispute
INV-000103,CUST-0001,2024-02-02,2024-03-03,30,4897.91,0,,No Dispute
INV-000104,CUST-0001,2025-01-31,2025-03-02,30,10469.2,0,,No Dispute
INV-000105,CUST-0001,2024-03-24,2024-04-23,30,8372.37,0,,No Dispute
INV-000106,CUST-0001,2025-03-15,2025-04-14,30,6039.52,0,,No Dispute
INV-000107,CUST-0001,2025-03-28,2025-04-27,30,11831.77,0,,No Dispute
INV-000108,CUST-0001,2025-06-07,2025-07-07,30,7408.88,0,,No Dispute
INV-000109,CUST-0001,2024-11-04,2024-12-04,30,3113.41,0,,No Dispute
INV-000110,CUST-0002,2025-01-12,2025-02-11,30,7974.83,0,,No Dispute
INV-000111,CUST-0002,2025-06-04,2025-07-04,30,3605.51,0,,No Dispute
INV-000112,CUST-0002,2025-08-06,2025-09-05,30,4758.8,0,,No Dispute
INV-000113,CUST-0002,2025-05-09,2025-06-08,30,7800.22,0,,No Dispute
INV-000114,CUST-0002,2024-08-01,2024-08-31,30,9366.2,0,,No Dispute
INV-000115,CUST-0002,2024-03-26,2024-04-25,30,3708.67,0,,No Dispute
INV-000116,CUST-0002,2025-08-11,2025-09-10,30,2325.07,0,,No Dispute
INV-000117,CUST-0002,2024-04-15,2024-05-15,30,3258.57,0,,No Dispute
INV-000118,CUST-0002,2024-03-13,2024-04-12,30,2045.7,0,,No Dispute
INV-000119,CUST-0002,2024-03-24,2024-04-23,30,5064.23,0,,No Dispute
INV-000120,CUST-0002,2024-01-22,2024-02-21,30,6249.34,0,,No Dispute
INV-000121,CUST-0002,2024-01-12,2024-02-11,30,4094.58,0,,No Dispute
INV-000122,CUST-0002,2025-11-15,2025-12-15,30,3412.24,0,,No Dispute
INV-000123,CUST-0002,2025-12-23,2026-01-22,30,3898.77,0,,No Dispute
INV-000124,CUST-0002,2025-10-04,2025-11-03,30,2356.03,0,,No Dispute
INV-000125,CUST-0002,2024-01-24,2024-02-23,30,5967.68,0,,No Dispute
INV-000126,CUST-0002,2025-08-30,2025-09-29,30,7674.61,1,2.0,Resolved
INV-000127,CUST-0002,2025-01-05,2025-02-04,30,4480.47,0,,No Dispute
INV-000128,CUST-0002,2025-06-03,2025-07-03,30,5755.76,0,,No Dispute
INV-000129,CUST-0002,2025-07-06,2025-08-05,30,4095.93,0,,No Dispute
INV-000130,CUST-0002,2024-05-24,2024-06-23,30,5606.36,0,,No Dispute
INV-000131,CUST-0002,2024-10-29,2024-11-28,30,3964.08,0,,No Dispute
INV-000132,CUST-0002,2024-12-26,2025-01-25,30,6024.32,0,,No Dispute
INV-000133,CUST-0002,2024-10-10,2024-11-09,30,1885.05,0,,No Dispute
INV-000134,CUST-0002,2024-06-04,2024-07-04,30,10574.27,0,,No Dispute
INV-000135,CUST-0002,2025-05-25,2025-06-24,30,3926.87,0,,No Dispute
INV-000136,CUST-0002,2024-06-09,2024-07-09,30,6825.97,1,2.0,Resolved
INV-000137,CUST-0002,2024-07-02,2024-08-01,30,6913.76,0,,No Dispute
INV-000138,CUST-0002,2024-11-03,2024-12-03,30,8899.15,0,,No Dispute
INV-000139,CUST-0002,2025-10-30,2025-11-29,30,6159.38,0,,No Dispute
INV-000140,CUST-0002,2025-03-02,2025-04-01,30,8674.1,0,,No Dispute
INV-000141,CUST-0002,2024-10-13,2024-11-12,30,8418.3,0,,No Dispute
INV-000142,CUST-0002,2025-12-04,2026-01-03,30,2006.23,0,,No Dispute
INV-000143,CUST-0002,2025-05-03,2025-06-02,30,2645.65,0,,No Dispute
INV-000144,CUST-0002,2025-08-16,2025-09-15,30,10717.86,0,,No Dispute
INV-000145,CUST-0002,2025-08-23,2025-09-22,30,4948.0,0,,No Dispute
INV-000146,CUST-0002,2025-02-20,2025-03-22,30,3994.21,0,,No Dispute
INV-000147,CUST-0002,2024-01-03,2024-02-02,30,7194.82,0,,No Dispute
INV-000148,CUST-0002,2024-10-26,2024-11-25,30,6505.3,0,,No Dispute
INV-000149,CUST-0002,2024-01-21,2024-02-20,30,3555.67,1,5.0,Open
INV-000150,CUST-0002,2025-12-15,2026-01-14,30,5490.78,0,,No Dispute
INV-000151,CUST-0002,2025-01-07,2025-02-06,30,4491.17,0,,No Dispute
INV-000152,CUST-0002,2025-10-31,2025-11-30,30,9019.58,0,,No Dispute
INV-000153,CUST-0002,2024-04-17,2024-05-17,30,3405.1,0,,No Dispute
INV-000154,CUST-0002,2024-02-05,2024-03-06,30,5957.54,0,,No Dispute
INV-000155,CUST-0002,2024-10-03,2024-11-02,30,10784.17,0,,No Dispute
INV-000156,CUST-0002,2025-11-12,2025-12-12,30,10950.24,0,,No Dispute
INV-000157,CUST-0002,2025-09-03,2025-10-03,30,5949.25,0,,No Dispute
INV-000158,CUST-0002,2025-08-03,2025-09-02,30,3264.15,0,,No Dispute
INV-000159,CUST-0002,2025-10-16,2025-11-15,30,3917.58,0,,No Dispute
INV-000160,CUST-0002,2024-09-10,2024-10-10,30,2988.63,0,,No Dispute
INV-000161,CUST-0002,2024-06-15,2024-07-15,30,9107.43,1,4.0,Open
INV-000162,CUST-0002,2024-04-11,2024-05-11,30,7573.06,0,,No Dispute
INV-000163,CUST-0002,2025-10-09,2025-11-08,30,5353.04,0,,No Dispute
INV-000164,CUST-0002,2025-05-31,2025-06-30,30,2234.28,0,,No Dispute
INV-000165,CUST-0002,2024-02-27,2024-03-28,30,4996.52,0,,No Dispute
INV-000166,CUST-0002,2025-09-05,2025-10-05,30,7356.73,0,,No Dispute
INV-000167,CUST-0002,2025-04-21,2025-05-21,30,8745.05,0,,No Dispute
INV-000168,CUST-0002,2024-01-12,2024-02-11,30,5149.5,0,,No Dispute
INV-000169,CUST-0002,2025-09-18,2025-10-18,30,3100.37,0,,No Dispute
INV-000170,CUST-0002,2024-03-24,2024-04-23,30,8047.65,0,,No Dispute
INV-000171,CUST-0002,2025-05-14,2025-06-13,30,8941.82,1,1.0,Resolved
INV-000172,CUST-0002,2025-12-02,2026-01-01,30,6195.63,0,,No Dispute
INV-000173,CUST-0002,2024-11-11,2024-12-11,30,10439.96,0,,No Dispute
INV-000174,CUST-0002,2024-06-06,2024-07-06,30,10718.73,0,,No Dispute
INV-000175,CUST-0002,2025-02-02,2025-03-04,30,5731.29,0,,No Dispute
INV-000176,CUST-0002,2024-09-22,2024-10-22,30,10136.05,0,,No Dispute
INV-000177,CUST-0002,2024-12-01,2024-12-31,30,9530.5,0,,No Dispute
INV-000178,CUST-0002,2025-04-26,2025-05-26,30,2215.81,1,1.0,Resolved
INV-000179,CUST-0002,2025-10-14,2025-11-13,30,11332.72,0,,No Dispute
INV-000180,CUST-0002,2025-05-31,2025-06-30,30,9698.0,0,,No Dispute
INV-000181,CUST-0002,2025-04-07,2025-05-07,30,11828.63,0,,No Dispute
INV-000182,CUST-0002,2024-09-19,2024-10-19,30,8767.69,0,,No Dispute
INV-000183,CUST-0002,2024-08-08,2024-09-07,30,8050.91,0,,No Dispute
INV-000184,CUST-0002,2025-04-27,2025-05-27,30,5361.47,0,,No Dispute
INV-000185,CUST-0002,2024-07-01,2024-07-31,30,5869.62,0,,No Dispute
INV-000186,CUST-0002,2025-02-26,2025-03-28,30,7998.96,0,,No Dispute
INV-000187,CUST-0002,2024-06-21,2024-07-21,30,1947.65,0,,No Dispute
INV-000188,CUST-0002,2024-07-01,2024-07-31,30,3067.0,0,,No Dispute
INV-000189,CUST-0002,2025-03-11,2025-04-10,30,10525.43,0,,No Dispute
INV-000190,CUST-0002,2025-09-16,2025-10-16,30,11531.01,0,,No Dispute
INV-000191,CUST-0002,2024-04-06,2024-05-06,30,10329.15,1,4.0,Open
INV-000192,CUST-0002,2025-12-26,2026-01-25,30,8185.03,0,,No Dispute
INV-000193,CUST-0003,2024-03-27,2024-04-26,30,2880.8,1,1.0,Open
INV-000194,CUST-0003,2025-03-10,2025-04-09,30,749.4,1,5.0,Resolved
INV-000195,CUST-0003,2024-07-29,2024-08-28,30,2814.8,0,,No Dispute
INV-000196,CUST-0003,2025-06-03,2025-07-03,30,1427.66,1,4.0,Open
INV-000197,CUST-0003,2024-12-25,2025-01-24,30,2686.32,0,,No Dispute
INV-000198,CUST-0003,2025-09-08,2025-10-08,30,2753.66,0,,No Dispute
INV-000199,CUST-0003,2025-05-02,2025-06-01,30,898.85,0,,No Dispute
INV-000200,CUST-0003,2025-06-06,2025-07-06,30,653.07,1,2.0,Resolved
INV-000201,CUST-0003,2025-09-17,2025-10-17,30,3800.77,0,,No Dispute
INV-000202,CUST-0003,2024-05-01,2024-05-31,30,3355.81,0,,No Dispute
INV-000203,CUST-0003,2025-10-22,2025-11-21,30,3924.39,0,,No Dispute
INV-000204,CUST-0003,2025-04-10,2025-05-10,30,877.8,0,,No Dispute
INV-000205,CUST-0003,2024-03-28,2024-04-27,30,1698.34,0,,No Dispute
INV-000206,CUST-0003,2024-01-19,2024-02-18,30,1030.49,1,4.0,Resolved
INV-000207,CUST-0003,2025-08-06,2025-09-05,30,1363.38,0,,No Dispute
INV-000208,CUST-0003,2024-04-13,2024-05-13,30,1178.84,0,,No Dispute
INV-000209,CUST-0003,2024-08-18,2024-09-17,30,2652.42,0,,No Dispute
INV-000210,CUST-0003,2025-08-24,2025-09-23,30,3439.87,0,,No Dispute
INV-000211,CUST-0003,2025-08-09,2025-09-08,30,3146.93,0,,No Dispute
INV-000212,CUST-0003,2025-01-15,2025-02-14,30,2751.78,0,,No Dispute
INV-000213,CUST-0004,2025-02-08,2025-03-10,30,601.75,0,,No Dispute
INV-000214,CUST-0004,2024-12-01,2024-12-31,30,1289.04,0,,No Dispute
INV-000215,CUST-0004,2024-07-06,2024-08-05,30,3387.67,0,,No Dispute
INV-000216,CUST-0004,2024-11-09,2024-12-09,30,2976.88,0,,No Dispute
INV-000217,CUST-0004,2024-07-01,2024-07-31,30,1325.5,0,,No Dispute
INV-000218,CUST-0004,2024-04-27,2024-05-27,30,2748.98,0,,No Dispute
INV-000219,CUST-0004,2024-05-03,2024-06-02,30,1843.42,0,,No Dispute
INV-000220,CUST-0004,2025-09-10,2025-10-10,30,584.67,0,,No Dispute
INV-000221,CUST-0004,2025-03-01,2025-03-31,30,3484.55,0,,No Dispute
INV-000222,CUST-0004,2025-12-04,2026-01-03,30,2190.39,1,4.0,Resolved
INV-000223,CUST-0004,2025-10-02,2025-11-01,30,3230.75,1,1.0,Resolved
INV-000224,CUST-0004,2025-07-01,2025-07-31,30,546.91,0,,No Dispute
INV-000225,CUST-0004,2024-08-07,2024-09-06,30,3254.94,0,,No Dispute
INV-000226,CUST-0004,2024-08-15,2024-09-14,30,617.65,1,2.0,Resolved
INV-000227,CUST-0004,2025-09-30,2025-10-30,30,1328.75,0,,No Dispute
INV-000228,CUST-0004,2024-01-21,2024-02-20,30,1397.86,0,,No Dispute
INV-000229,CUST-0004,2025-01-18,2025-02-17,30,3885.75,0,,No Dispute
INV-000230,CUST-0004,2024-11-22,2024-12-22,30,2893.14,0,,No Dispute
INV-000231,CUST-0004,2025-07-26,2025-08-25,30,3510.49,0,,No Dispute
INV-000232,CUST-0004,2025-05-08,2025-06-07,30,2104.05,0,,No Dispute
INV-000233,CUST-0004,2024-04-07,2024-05-07,30,3516.95,0,,No Dispute
INV-000234,CUST-0004,2024-08-30,2024-09-29,30,3251.97,0,,No Dispute
INV-000235,CUST-0004,2024-08-01,2024-08-31,30,562.81,1,4.0,Open
INV-000236,CUST-0004,2025-11-10,2025-12-10,30,3947.46,0,,No Dispute
INV-000237,CUST-0004,2025-11-09,2025-12-09,30,2798.73,0,,No Dispute
INV-000238,CUST-0004,2024-09-24,2024-10-24,30,2331.65,0,,No Dispute
INV-000239,CUST-0004,2025-07-12,2025-08-11,30,1185.44,0,,No Dispute
INV-000240,CUST-0005,2025-01-21,2025-03-07,45,5312.56,0,,No Dispute
INV-000241,CUST-0005,2025-06-03,2025-07-18,45,10886.89,0,,No Dispute
INV-000242,CUST-0005,2025-06-27,2025-08-11,45,2735.26,0,,No Dispute
INV-000243,CUST-0005,2025-06-16,2025-07-31,45,9114.45,0,,No Dispute
INV-000244,CUST-0005,2025-05-20,2025-07-04,45,5988.64,0,,No Dispute
INV-000245,CUST-0005,2025-10-06,2025-11-20,45,11721.3,0,,No Dispute
INV-000246,CUST-0005,2025-01-11,2025-02-25,45,6447.26,0,,No Dispute
INV-000247,CUST-0005,2025-08-10,2025-09-24,45,5019.68,0,,No Dispute
INV-000248,CUST-0005,2024-12-03,2025-01-17,45,9362.68,0,,No Dispute
INV-000249,CUST-0005,2024-10-15,2024-11-29,45,2825.78,0,,No Dispute
INV-000250,CUST-0005,2025-10-21,2025-12-05,45,3885.39,0,,No Dispute
INV-000251,CUST-0005,2024-05-22,2024-07-06,45,3732.77,1,5.0,Resolved
INV-000252,CUST-0005,2024-07-25,2024-09-08,45,4233.01,0,,No Dispute
INV-000253,CUST-0005,2025-07-11,2025-08-25,45,6333.76,0,,No Dispute
INV-000254,CUST-0005,2025-05-21,2025-07-05,45,5936.76,1,2.0,Open
INV-000255,CUST-0005,2024-03-23,2024-05-07,45,11714.15,0,,No Dispute
INV-000256,CUST-0005,2025-09-24,2025-11-08,45,4455.97,0,,No Dispute
INV-000257,CUST-0005,2025-04-09,2025-05-24,45,4039.89,1,4.0,Resolved
INV-000258,CUST-0005,2024-02-10,2024-03-26,45,2005.5,0,,No Dispute
INV-000259,CUST-0005,2025-09-23,2025-11-07,45,3445.97,0,,No Dispute
INV-000260,CUST-0005,2025-07-29,2025-09-12,45,9786.19,0,,No Dispute
INV-000261,CUST-0005,2024-07-19,2024-09-02,45,11051.08,0,,No Dispute
INV-000262,CUST-0005,2024-12-08,2025-01-22,45,6019.49,0,,No Dispute
INV-000263,CUST-0005,2025-02-09,2025-03-26,45,7874.44,0,,No Dispute
INV-000264,CUST-0005,2024-12-13,2025-01-27,45,2594.36,0,,No Dispute
INV-000265,CUST-0005,2024-12-12,2025-01-26,45,9307.74,0,,No Dispute
INV-000266,CUST-0005,2025-07-26,2025-09-09,45,6461.18,1,3.0,Resolved
INV-000267,CUST-0005,2024-04-02,2024-05-17,45,6466.2,0,,No Dispute
INV-000268,CUST-0005,2025-12-01,2026-01-15,45,1557.81,1,3.0,Open
INV-000269,CUST-0005,2024-12-06,2025-01-20,45,6104.65,0,,No Dispute
INV-000270,CUST-0005,2025-07-02,2025-08-16,45,4487.9,0,,No Dispute
INV-000271,CUST-0005,2025-01-31,2025-03-17,45,8591.91,1,3.0,Resolved
INV-000272,CUST-0005,2025-08-06,2025-09-20,45,11029.92,0,,No Dispute
INV-000273,CUST-0005,2024-09-06,2024-10-21,45,9074.63,0,,No Dispute
INV-000274,CUST-0005,2025-11-17,2026-01-01,45,10651.78,0,,No Dispute
INV-000275,CUST-0005,2025-10-20,2025-12-04,45,7761.38,0,,No Dispute
INV-000276,CUST-0005,2024-07-20,2024-09-03,45,5300.16,0,,No Dispute
INV-000277,CUST-0005,2025-07-04,2025-08-18,45,10673.84,0,,No Dispute
INV-000278,CUST-0005,2024-12-15,2025-01-29,45,2992.44,1,4.0,Resolved
INV-000279,CUST-0005,2025-07-27,2025-09-10,45,7365.75,0,,No Dispute
INV-000280,CUST-0005,2025-01-09,2025-02-23,45,7196.61,0,,No Dispute
INV-000281,CUST-0005,2024-06-04,2024-07-19,45,7582.3,0,,No Dispute
INV-000282,CUST-0005,2024-04-27,2024-06-11,45,8908.65,0,,No Dispute
INV-000283,CUST-0005,2025-07-21,2025-09-04,45,9500.02,0,,No Dispute
INV-000284,CUST-0005,2025-03-02,2025-04-16,45,5551.68,0,,No Dispute
INV-000285,CUST-0005,2025-11-18,2026-01-02,45,3787.87,0,,No Dispute
INV-000286,CUST-0005,2025-01-10,2025-02-24,45,11763.25,0,,No Dispute
INV-000287,CUST-0005,2024-09-18,2024-11-02,45,9440.24,0,,No Dispute
INV-000288,CUST-0005,2024-05-03,2024-06-17,45,4796.65,0,,No Dispute
INV-000289,CUST-0005,2024-02-28,2024-04-13,45,11591.92,0,,No Dispute
INV-000290,CUST-0005,2024-10-31,2024-12-15,45,7088.7,0,,No Dispute
INV-000291,CUST-0005,2024-04-18,2024-06-02,45,3543.55,0,,No Dispute
INV-000292,CUST-0005,2025-05-13,2025-06-27,45,3235.04,0,,No Dispute
INV-000293,CUST-0005,2024-04-20,2024-06-04,45,10075.95,0,,No Dispute
INV-000294,CUST-0005,2025-10-25,2025-12-09,45,8016.94,0,,No Dispute
INV-000295,CUST-0005,2025-10-20,2025-12-04,45,2889.91,0,,No Dispute
INV-000296,CUST-0005,2025-10-22,2025-12-06,45,9331.53,0,,No Dispute
INV-000297,CUST-0005,2025-08-04,2025-09-18,45,3062.36,0,,No Dispute
INV-000298,CUST-0005,2025-08-04,2025-09-18,45,7681.68,0,,No Dispute
INV-000299,CUST-0005,2025-12-15,2026-01-29,45,11146.71,0,,No Dispute
INV-000300,CUST-0005,2025-11-17,2026-01-01,45,9527.54,0,,No Dispute
INV-000301,CUST-0005,2024-02-17,2024-04-02,45,11959.29,0,,No Dispute
INV-000302,CUST-0005,2024-05-26,2024-07-10,45,4774.94,0,,No Dispute
INV-000303,CUST-0005,2024-04-23,2024-06-07,45,6506.86,0,,No Dispute
INV-000304,CUST-0005,2024-10-03,2024-11-17,45,5266.51,0,,No Dispute
INV-000305,CUST-0005,2024-01-19,2024-03-04,45,3606.84,0,,No Dispute
INV-000306,CUST-0006,2025-10-09,2025-11-08,30,9573.69,0,,No Dispute
INV-000307,CUST-0006,2025-06-18,2025-07-18,30,6620.09,0,,No Dispute
INV-000308,CUST-0006,2025-11-15,2025-12-15,30,8826.44,1,3.0,Resolved
INV-000309,CUST-0006,2025-10-17,2025-11-16,30,6521.73,0,,No Dispute
INV-000310,CUST-0006,2024-10-21,2024-11-20,30,5713.71,0,,No Dispute
INV-000311,CUST-0006,2025-03-12,2025-04-11,30,1853.53,0,,No Dispute
INV-000312,CUST-0006,2024-01-23,2024-02-22,30,10602.8,0,,No Dispute
INV-000313,CUST-0006,2024-02-22,2024-03-23,30,9941.56,0,,No Dispute
INV-000314,CUST-0006,2024-01-12,2024-02-11,30,6715.3,0,,No Dispute
INV-000315,CUST-0006,2025-07-14,2025-08-13,30,4834.66,1,2.0,Open
INV-000316,CUST-0006,2025-12-26,2026-01-25,30,8923.25,0,,No Dispute
INV-000317,CUST-0006,2024-06-05,2024-07-05,30,11274.32,0,,No Dispute
INV-000318,CUST-0006,2025-09-03,2025-10-03,30,11025.6,0,,No Dispute
INV-000319,CUST-0006,2025-02-24,2025-03-26,30,2718.24,1,5.0,Resolved
INV-000320,CUST-0006,2024-08-22,2024-09-21,30,8497.05,0,,No Dispute
INV-000321,CUST-0006,2025-12-13,2026-01-12,30,2606.33,0,,No Dispute
INV-000322,CUST-0006,2025-06-23,2025-07-23,30,10591.11,0,,No Dispute
INV-000323,CUST-0006,2025-03-30,2025-04-29,30,9559.46,0,,No Dispute
INV-000324,CUST-0006,2025-04-03,2025-05-03,30,9170.21,0,,No Dispute
INV-000325,CUST-0006,2025-12-28,2026-01-27,30,11273.48,0,,No Dispute
INV-000326,CUST-0006,2025-05-02,2025-06-01,30,6415.62,0,,No Dispute
INV-000327,CUST-0006,2024-04-27,2024-05-27,30,9711.16,0,,No Dispute
INV-000328,CUST-0006,2025-02-01,2025-03-03,30,5843.25,0,,No Dispute
INV-000329,CUST-0006,2025-06-24,2025-07-24,30,6373.0,0,,No Dispute
INV-000330,CUST-0006,2025-11-17,2025-12-17,30,3807.96,0,,No Dispute
INV-000331,CUST-0006,2025-01-25,2025-02-24,30,1684.3,0,,No Dispute
INV-000332,CUST-0006,2024-01-12,2024-02-11,30,1514.21,0,,No Dispute
INV-000333,CUST-0006,2024-11-26,2024-12-26,30,10212.51,0,,No Dispute
INV-000334,CUST-0006,2024-07-13,2024-08-12,30,8956.42,0,,No Dispute
INV-000335,CUST-0006,2024-08-05,2024-09-04,30,7613.19,0,,No Dispute
INV-000336,CUST-0006,2025-06-23,2025-07-23,30,9657.74,0,,No Dispute
INV-000337,CUST-0006,2025-01-28,2025-02-27,30,4809.04,0,,No Dispute
INV-000338,CUST-0006,2025-03-31,2025-04-30,30,8177.52,0,,No Dispute
INV-000339,CUST-0006,2024-04-11,2024-05-11,30,4550.3,0,,No Dispute
INV-000340,CUST-0006,2024-01-05,2024-02-04,30,6721.78,0,,No Dispute
INV-000341,CUST-0006,2024-01-15,2024-02-14,30,5219.81,0,,No Dispute
INV-000342,CUST-0006,2025-01-24,2025-02-23,30,4384.39,0,,No Dispute
INV-000343,CUST-0006,2024-01-03,2024-02-02,30,3240.37,0,,No Dispute
INV-000344,CUST-0006,2024-11-26,2024-12-26,30,9828.0,0,,No Dispute
INV-000345,CUST-0006,2024-09-08,2024-10-08,30,11945.6,0,,No Dispute
INV-000346,CUST-0006,2024-11-27,2024-12-27,30,4225.19,0,,No Dispute
INV-000347,CUST-0006,2024-09-16,2024-10-16,30,10208.61,0,,No Dispute
INV-000348,CUST-0006,2025-03-25,2025-04-24,30,11654.05,0,,No Dispute
INV-000349,CUST-0006,2025-03-02,2025-04-01,30,8499.31,0,,No Dispute
INV-000350,CUST-0006,2025-02-24,2025-03-26,30,1594.9,0,,No Dispute
INV-000351,CUST-0006,2024-06-18,2024-07-18,30,4877.53,0,,No Dispute
INV-000352,CUST-0006,2024-12-14,2025-01-13,30,6549.35,0,,No Dispute
INV-000353,CUST-0006,2025-06-29,2025-07-29,30,11929.18,1,5.0,Resolved
INV-000354,CUST-0006,2025-09-16,2025-10-16,30,6165.84,0,,No Dispute
INV-000355,CUST-0006,2024-03-31,2024-04-30,30,5863.84,0,,No Dispute
INV-000356,CUST-0006,2024-09-22,2024-10-22,30,10318.07,0,,No Dispute
INV-000357,CUST-0006,2025-08-02,2025-09-01,30,7607.03,0,,No Dispute
INV-000358,CUST-0006,2024-04-18,2024-05-18,30,5207.03,0,,No Dispute
INV-000359,CUST-0006,2024-03-24,2024-04-23,30,6724.17,0,,No Dispute
INV-000360,CUST-0006,2025-07-11,2025-08-10,30,3674.3,0,,No Dispute
INV-000361,CUST-0006,2024-10-06,2024-11-05,30,10180.84,1,4.0,Resolved
INV-000362,CUST-0006,2025-03-08,2025-04-07,30,7160.49,0,,No Dispute
INV-000363,CUST-0006,2025-11-11,2025-12-11,30,1500.12,0,,No Dispute
INV-000364,CUST-0006,2025-09-06,2025-10-06,30,4694.09,0,,No Dispute
INV-000365,CUST-0006,2024-06-17,2024-07-17,30,10408.47,0,,No Dispute
INV-000366,CUST-0006,2024-07-24,2024-08-23,30,2816.24,0,,No Dispute
INV-000367,CUST-0006,2025-07-04,2025-08-03,30,3815.13,0,,No Dispute
INV-000368,CUST-0006,2024-07-20,2024-08-19,30,1717.05,0,,No Dispute
INV-000369,CUST-0006,2025-05-19,2025-06-18,30,5297.96,0,,No Dispute
INV-000370,CUST-0006,2024-07-09,2024-08-08,30,6843.35,0,,No Dispute
INV-000371,CUST-0006,2025-02-26,2025-03-28,30,6348.02,0,,No Dispute
INV-000372,CUST-0006,2025-02-21,2025-03-23,30,9974.24,0,,No Dispute
INV-000373,CUST-0006,2024-12-02,2025-01-01,30,8862.28,0,,No Dispute
INV-000374,CUST-0006,2024-04-09,2024-05-09,30,9755.16,0,,No Dispute
INV-000375,CUST-0006,2024-03-18,2024-04-17,30,8888.85,0,,No Dispute
INV-000376,CUST-0006,2024-06-16,2024-07-16,30,2042.52,0,,No Dispute
INV-000377,CUST-0006,2025-04-27,2025-05-27,30,11500.9,0,,No Dispute
INV-000378,CUST-0007,2025-05-28,2025-06-27,30,3549.95,0,,No Dispute
INV-000379,CUST-0007,2025-09-17,2025-10-17,30,3414.91,0,,No Dispute
INV-000380,CUST-0007,2025-07-18,2025-08-17,30,1573.72,0,,No Dispute
INV-000381,CUST-0007,2024-03-09,2024-04-08,30,739.24,0,,No Dispute
INV-000382,CUST-0007,2025-03-25,2025-04-24,30,1218.9,0,,No Dispute
INV-000383,CUST-0007,2024-03-24,2024-04-23,30,2850.18,0,,No Dispute
INV-000384,CUST-0007,2025-02-07,2025-03-09,30,1472.48,0,,No Dispute
INV-000385,CUST-0007,2024-11-20,2024-12-20,30,3926.35,0,,No Dispute
INV-000386,CUST-0007,2024-07-22,2024-08-21,30,759.15,0,,No Dispute
INV-000387,CUST-0007,2025-08-08,2025-09-07,30,2914.23,0,,No Dispute
INV-000388,CUST-0007,2025-02-06,2025-03-08,30,2682.77,0,,No Dispute
INV-000389,CUST-0007,2024-10-09,2024-11-08,30,2866.09,0,,No Dispute
INV-000390,CUST-0007,2024-09-14,2024-10-14,30,3531.33,0,,No Dispute
INV-000391,CUST-0007,2025-07-13,2025-08-12,30,523.39,0,,No Dispute
INV-000392,CUST-0007,2024-10-27,2024-11-26,30,2540.24,0,,No Dispute
INV-000393,CUST-0007,2024-02-15,2024-03-16,30,1159.89,0,,No Dispute
INV-000394,CUST-0007,2025-10-18,2025-11-17,30,2243.14,0,,No Dispute
INV-000395,CUST-0007,2025-01-01,2025-01-31,30,1405.49,0,,No Dispute
INV-000396,CUST-0007,2024-02-12,2024-03-13,30,2731.91,0,,No Dispute
INV-000397,CUST-0007,2024-04-20,2024-05-20,30,3085.53,1,1.0,Resolved
INV-000398,CUST-0007,2025-06-11,2025-07-11,30,784.02,0,,No Dispute
INV-000399,CUST-0007,2024-11-14,2024-12-14,30,2404.89,0,,No Dispute
INV-000400,CUST-0007,2025-11-21,2025-12-21,30,3197.6,0,,No Dispute
INV-000401,CUST-0007,2025-11-24,2025-12-24,30,3509.38,1,3.0,Resolved
INV-000402,CUST-0007,2025-11-10,2025-12-10,30,2048.91,0,,No Dispute
INV-000403,CUST-0007,2025-05-26,2025-06-25,30,2053.72,1,4.0,Resolved
INV-000404,CUST-0007,2024-07-25,2024-08-24,30,1483.63,0,,No Dispute
INV-000405,CUST-0007,2025-10-06,2025-11-05,30,3252.83,0,,No Dispute
INV-000406,CUST-0007,2024-03-09,2024-04-08,30,527.88,0,,No Dispute
INV-000407,CUST-0007,2024-11-14,2024-12-14,30,768.23,0,,No Dispute
INV-000408,CUST-0007,2025-07-01,2025-07-31,30,2712.76,0,,No Dispute
INV-000409,CUST-0007,2024-01-06,2024-02-05,30,2436.8,0,,No Dispute
INV-000410,CUST-0007,2024-03-16,2024-04-15,30,3505.67,0,,No Dispute
INV-000411,CUST-0007,2025-08-21,2025-09-20,30,1127.39,0,,No Dispute
INV-000412,CUST-0007,2025-03-25,2025-04-24,30,2361.61,0,,No Dispute
INV-000413,CUST-0007,2025-09-25,2025-10-25,30,1739.95,1,4.0,Resolved
INV-000414,CUST-0007,2024-05-06,2024-06-05,30,1319.71,0,,No Dispute
INV-000415,CUST-0007,2025-08-06,2025-09-05,30,3951.86,0,,No Dispute
INV-000416,CUST-0007,2024-06-23,2024-07-23,30,3137.58,0,,No Dispute
INV-000417,CUST-0007,2024-08-26,2024-09-25,30,903.88,0,,No Dispute
INV-000418,CUST-0007,2024-01-17,2024-02-16,30,1221.88,0,,No Dispute
INV-000419,CUST-0007,2024-07-11,2024-08-10,30,563.43,0,,No Dispute
INV-000420,CUST-0008,2025-02-19,2025-05-20,90,24295.31,0,,No Dispute
INV-000421,CUST-0008,2025-05-19,2025-08-17,90,28602.61,0,,No Dispute
INV-000422,CUST-0008,2024-12-04,2025-03-04,90,27156.17,0,,No Dispute
INV-000423,CUST-0008,2024-07-12,2024-10-10,90,6808.29,0,,No Dispute
INV-000424,CUST-0008,2024-04-25,2024-07-24,90,22504.59,0,,No Dispute
INV-000425,CUST-0008,2024-08-08,2024-11-06,90,20094.6,0,,No Dispute
INV-000426,CUST-0008,2025-07-27,2025-10-25,90,15110.97,0,,No Dispute
INV-000427,CUST-0008,2024-03-02,2024-05-31,90,27742.79,0,,No Dispute
INV-000428,CUST-0008,2025-02-12,2025-05-13,90,20687.41,0,,No Dispute
INV-000429,CUST-0008,2025-05-14,2025-08-12,90,8788.76,0,,No Dispute
INV-000430,CUST-0008,2024-08-07,2024-11-05,90,15550.39,0,,No Dispute
INV-000431,CUST-0008,2025-05-04,2025-08-02,90,20627.78,0,,No Dispute
INV-000432,CUST-0008,2025-06-11,2025-09-09,90,10460.86,0,,No Dispute
INV-000433,CUST-0008,2025-10-11,2026-01-09,90,18690.61,0,,No Dispute
INV-000434,CUST-0008,2025-10-19,2026-01-17,90,30879.44,0,,No Dispute
INV-000435,CUST-0008,2024-08-09,2024-11-07,90,11076.13,0,,No Dispute
INV-000436,CUST-0008,2025-08-08,2025-11-06,90,22873.16,0,,No Dispute
INV-000437,CUST-0008,2024-12-05,2025-03-05,90,14945.37,0,,No Dispute
INV-000438,CUST-0008,2025-11-20,2026-02-18,90,26161.85,0,,No Dispute
INV-000439,CUST-0008,2024-09-14,2024-12-13,90,25196.13,0,,No Dispute
INV-000440,CUST-0008,2025-07-26,2025-10-24,90,28166.63,0,,No Dispute
INV-000441,CUST-0008,2025-04-03,2025-07-02,90,14731.52,0,,No Dispute
INV-000442,CUST-0008,2024-06-14,2024-09-12,90,5463.04,0,,No Dispute
INV-000443,CUST-0008,2025-12-09,2026-03-09,90,28339.7,0,,No Dispute
INV-000444,CUST-0008,2025-06-24,2025-09-22,90,25431.71,0,,No Dispute
INV-000445,CUST-0008,2025-10-12,2026-01-10,90,30086.77,0,,No Dispute
INV-000446,CUST-0008,2025-07-15,2025-10-13,90,22536.74,0,,No Dispute
INV-000447,CUST-0008,2024-07-07,2024-10-05,90,23219.23,0,,No Dispute
INV-000448,CUST-0008,2025-02-28,2025-05-29,90,22394.93,0,,No Dispute
INV-000449,CUST-0008,2024-09-16,2024-12-15,90,16173.34,0,,No Dispute
INV-000450,CUST-0008,2025-10-15,2026-01-13,90,6636.33,0,,No Dispute
INV-000451,CUST-0008,2024-04-27,2024-07-26,90,23513.91,0,,No Dispute
INV-000452,CUST-0008,2025-03-13,2025-06-11,90,20746.15,0,,No Dispute
INV-000453,CUST-0008,2025-12-21,2026-03-21,90,21384.87,0,,No Dispute
INV-000454,CUST-0008,2025-06-02,2025-08-31,90,18542.54,0,,No Dispute
INV-000455,CUST-0008,2025-05-25,2025-08-23,90,8380.96,0,,No Dispute
INV-000456,CUST-0008,2024-09-20,2024-12-19,90,30400.88,0,,No Dispute
INV-000457,CUST-0008,2025-05-08,2025-08-06,90,15411.13,0,,No Dispute
INV-000458,CUST-0008,2025-12-28,2026-03-28,90,7726.41,0,,No Dispute
INV-000459,CUST-0008,2025-09-29,2025-12-28,90,9482.59,0,,No Dispute
INV-000460,CUST-0008,2025-07-21,2025-10-19,90,8501.33,0,,No Dispute
INV-000461,CUST-0008,2024-03-26,2024-06-24,90,29252.43,0,,No Dispute
INV-000462,CUST-0008,2024-10-28,2025-01-26,90,26702.73,0,,No Dispute
INV-000463,CUST-0008,2025-03-21,2025-06-19,90,28635.95,0,,No Dispute
INV-000464,CUST-0008,2025-05-04,2025-08-02,90,27204.29,0,,No Dispute
INV-000465,CUST-0008,2025-06-13,2025-09-11,90,23014.73,0,,No Dispute
INV-000466,CUST-0008,2024-08-05,2024-11-03,90,10269.5,0,,No Dispute
INV-000467,CUST-0008,2024-11-22,2025-02-20,90,8159.32,0,,No Dispute
INV-000468,CUST-0008,2025-05-02,2025-07-31,90,10303.32,0,,No Dispute
INV-000469,CUST-0008,2024-09-26,2024-12-25,90,22408.12,0,,No Dispute
INV-000470,CUST-0008,2024-07-09,2024-10-07,90,20413.69,0,,No Dispute
INV-000471,CUST-0008,2025-12-20,2026-03-20,90,12714.1,0,,No Dispute
INV-000472,CUST-0008,2024-03-12,2024-06-10,90,15021.58,0,,No Dispute
INV-000473,CUST-0008,2024-06-25,2024-09-23,90,24695.52,0,,No Dispute
INV-000474,CUST-0008,2025-12-25,2026-03-25,90,28599.94,0,,No Dispute
INV-000475,CUST-0008,2025-07-10,2025-10-08,90,28508.06,0,,No Dispute
INV-000476,CUST-0008,2024-09-29,2024-12-28,90,12936.63,0,,No Dispute
INV-000477,CUST-0008,2025-04-18,2025-07-17,90,26216.94,0,,No Dispute
INV-000478,CUST-0008,2024-01-02,2024-04-01,90,25531.46,0,,No Dispute
INV-000479,CUST-0008,2024-04-03,2024-07-02,90,17843.57,0,,No Dispute
INV-000480,CUST-0008,2025-09-19,2025-12-18,90,23090.88,0,,No Dispute
INV-000481,CUST-0008,2025-01-01,2025-04-01,90,9338.35,1,2.0,Resolved
INV-000482,CUST-0008,2024-03-12,2024-06-10,90,29903.92,0,,No Dispute
INV-000483,CUST-0008,2025-11-13,2026-02-11,90,22590.92,0,,No Dispute
INV-000484,CUST-0008,2025-01-24,2025-04-24,90,14878.92,0,,No Dispute
INV-000485,CUST-0008,2024-08-14,2024-11-12,90,16301.72,0,,No Dispute
INV-000486,CUST-0008,2025-10-29,2026-01-27,90,21126.9,0,,No Dispute
INV-000487,CUST-0008,2025-01-05,2025-04-05,90,18670.92,0,,No Dispute
INV-000488,CUST-0008,2024-10-14,2025-01-12,90,19661.58,0,,No Dispute
INV-000489,CUST-0008,2025-11-26,2026-02-24,90,16955.55,0,,No Dispute
INV-000490,CUST-0008,2025-12-20,2026-03-20,90,17225.97,0,,No Dispute
INV-000491,CUST-0008,2024-10-13,2025-01-11,90,9062.75,0,,No Dispute
INV-000492,CUST-0008,2025-09-21,2025-12-20,90,22871.67,0,,No Dispute
INV-000493,CUST-0008,2024-07-13,2024-10-11,90,25440.3,0,,No Dispute
INV-000494,CUST-0008,2025-11-17,2026-02-15,90,15864.97,0,,No Dispute
INV-000495,CUST-0008,2024-05-11,2024-08-09,90,13474.71,0,,No Dispute
INV-000496,CUST-0008,2024-05-28,2024-08-26,90,16608.86,0,,No Dispute
INV-000497,CUST-0008,2024-05-22,2024-08-20,90,30647.29,0,,No Dispute
INV-000498,CUST-0008,2024-03-10,2024-06-08,90,29365.15,0,,No Dispute
INV-000499,CUST-0008,2025-12-26,2026-03-26,90,19124.86,0,,No Dispute
INV-000500,CUST-0008,2024-12-10,2025-03-10,90,30451.8,0,,No Dispute
INV-000501,CUST-0008,2024-07-15,2024-10-13,90,6815.32,0,,No Dispute
INV-000502,CUST-0008,2024-04-17,2024-07-16,90,7788.16,0,,No Dispute
INV-000503,CUST-0008,2025-08-28,2025-11-26,90,12011.11,0,,No Dispute
INV-000504,CUST-0008,2025-09-04,2025-12-03,90,21577.2,0,,No Dispute
INV-000505,CUST-0008,2024-01-22,2024-04-21,90,17888.46,0,,No Dispute
INV-000506,CUST-0008,2025-10-18,2026-01-16,90,27533.96,0,,No Dispute
INV-000507,CUST-0008,2024-12-31,2025-03-31,90,9932.15,0,,No Dispute
INV-000508,CUST-0008,2024-09-01,2024-11-30,90,10514.66,1,5.0,Open
INV-000509,CUST-0008,2024-08-04,2024-11-02,90,21245.42,0,,No Dispute
INV-000510,CUST-0008,2024-05-25,2024-08-23,90,13966.96,0,,No Dispute
INV-000511,CUST-0008,2024-01-19,2024-04-18,90,25886.45,1,3.0,Resolved
INV-000512,CUST-0008,2024-02-13,2024-05-13,90,26996.12,0,,No Dispute
INV-000513,CUST-0008,2024-06-12,2024-09-10,90,16155.66,0,,No Dispute
INV-000514,CUST-0008,2024-07-08,2024-10-06,90,9219.66,0,,No Dispute
INV-000515,CUST-0008,2024-06-19,2024-09-17,90,12083.26,0,,No Dispute
INV-000516,CUST-0008,2024-05-04,2024-08-02,90,22005.16,0,,No Dispute
INV-000517,CUST-0008,2024-06-21,2024-09-19,90,22767.48,1,2.0,Resolved
INV-000518,CUST-0008,2024-05-25,2024-08-23,90,11736.58,0,,No Dispute
INV-000519,CUST-0008,2025-03-22,2025-06-20,90,12343.96,1,1.0,Resolved
INV-000520,CUST-0008,2025-12-26,2026-03-26,90,27151.52,0,,No Dispute
INV-000521,CUST-0008,2025-05-29,2025-08-27,90,31935.82,0,,No Dispute
INV-000522,CUST-0008,2025-12-14,2026-03-14,90,21814.34,0,,No Dispute
INV-000523,CUST-0008,2024-10-07,2025-01-05,90,9326.09,0,,No Dispute
INV-000524,CUST-0008,2025-05-08,2025-08-06,90,15613.81,0,,No Dispute
INV-000525,CUST-0008,2024-04-08,2024-07-07,90,11344.85,0,,No Dispute
INV-000526,CUST-0008,2025-07-29,2025-10-27,90,12498.42,1,2.0,Resolved
INV-000527,CUST-0008,2025-05-05,2025-08-03,90,13273.69,1,4.0,Resolved
INV-000528,CUST-0008,2024-10-09,2025-01-07,90,20283.93,0,,No Dispute
INV-000529,CUST-0008,2024-05-20,2024-08-18,90,27473.82,0,,No Dispute
INV-000530,CUST-0008,2025-12-20,2026-03-20,90,10217.73,0,,No Dispute
INV-000531,CUST-0008,2025-10-24,2026-01-22,90,10700.4,0,,No Dispute
INV-000532,CUST-0008,2024-08-15,2024-11-13,90,23732.75,0,,No Dispute
INV-000533,CUST-0008,2024-10-11,2025-01-09,90,9029.74,0,,No Dispute
INV-000534,CUST-0008,2024-01-30,2024-04-29,90,15581.59,0,,No Dispute
INV-000535,CUST-0008,2025-11-22,2026-02-20,90,29183.63,0,,No Dispute
INV-000536,CUST-0008,2024-11-30,2025-02-28,90,27303.75,0,,No Dispute
INV-000537,CUST-0008,2024-10-26,2025-01-24,90,7193.2,0,,No Dispute
INV-000538,CUST-0008,2025-01-18,2025-04-18,90,25565.25,0,,No Dispute
INV-000539,CUST-0008,2024-05-17,2024-08-15,90,16542.13,0,,No Dispute
INV-000540,CUST-0008,2024-01-04,2024-04-03,90,21286.19,0,,No Dispute
INV-000541,CUST-0008,2024-11-16,2025-02-14,90,22606.51,0,,No Dispute
INV-000542,CUST-0008,2025-02-13,2025-05-14,90,12771.45,0,,No Dispute
INV-000543,CUST-0008,2024-07-13,2024-10-11,90,13756.89,0,,No Dispute
INV-000544,CUST-0008,2025-11-24,2026-02-22,90,16584.68,0,,No Dispute
INV-000545,CUST-0008,2025-03-19,2025-06-17,90,30462.67,0,,No Dispute
INV-000546,CUST-0008,2025-12-20,2026-03-20,90,10733.02,0,,No Dispute
INV-000547,CUST-0008,2025-07-06,2025-10-04,90,31916.55,0,,No Dispute
INV-000548,CUST-0008,2024-07-19,2024-10-17,90,21813.77,0,,No Dispute
INV-000549,CUST-0008,2025-09-27,2025-12-26,90,24554.87,0,,No Dispute
INV-000550,CUST-0008,2025-06-07,2025-09-05,90,20984.45,0,,No Dispute
INV-000551,CUST-0008,2024-11-09,2025-02-07,90,15977.94,0,,No Dispute
INV-000552,CUST-0008,2024-12-21,2025-03-21,90,21347.99,0,,No Dispute
INV-000553,CUST-0008,2025-04-24,2025-07-23,90,25421.03,0,,No Dispute
INV-000554,CUST-0008,2025-12-18,2026-03-18,90,24677.01,0,,No Dispute
INV-000555,CUST-0008,2024-11-12,2025-02-10,90,14253.73,0,,No Dispute
INV-000556,CUST-0008,2024-04-18,2024-07-17,90,29145.16,0,,No Dispute
INV-000557,CUST-0008,2024-10-13,2025-01-11,90,13713.62,0,,No Dispute
INV-000558,CUST-0008,2024-09-07,2024-12-06,90,27237.37,0,,No Dispute
INV-000559,CUST-0008,2025-05-22,2025-08-20,90,11094.65,0,,No Dispute
INV-000560,CUST-0008,2024-02-23,2024-05-23,90,28587.7,0,,No Dispute
INV-000561,CUST-0008,2024-05-08,2024-08-06,90,15873.0,0,,No Dispute
INV-000562,CUST-0008,2024-07-06,2024-10-04,90,8464.8,0,,No Dispute
INV-000563,CUST-0008,2024-08-30,2024-11-28,90,18498.89,0,,No Dispute
INV-000564,CUST-0008,2025-04-20,2025-07-19,90,16961.91,0,,No Dispute
INV-000565,CUST-0008,2025-09-18,2025-12-17,90,17919.26,0,,No Dispute
INV-000566,CUST-0008,2025-03-10,2025-06-08,90,20810.87,0,,No Dispute
INV-000567,CUST-0008,2025-09-01,2025-11-30,90,18449.51,0,,No Dispute
INV-000568,CUST-0008,2024-08-19,2024-11-17,90,19708.85,0,,No Dispute
INV-000569,CUST-0008,2025-10-27,2026-01-25,90,25802.07,0,,No Dispute
INV-000570,CUST-0008,2024-02-15,2024-05-15,90,24774.49,0,,No Dispute
INV-000571,CUST-0008,2025-01-15,2025-04-15,90,23956.9,0,,No Dispute
INV-000572,CUST-0009,2025-06-06,2025-07-06,30,1795.09,0,,No Dispute
INV-000573,CUST-0009,2025-06-21,2025-07-21,30,3355.19,0,,No Dispute
INV-000574,CUST-0009,2024-09-29,2024-10-29,30,872.18,0,,No Dispute
INV-000575,CUST-0009,2024-12-23,2025-01-22,30,1855.46,0,,No Dispute
INV-000576,CUST-0009,2024-08-04,2024-09-03,30,3791.76,0,,No Dispute
INV-000577,CUST-0009,2024-06-17,2024-07-17,30,1131.81,0,,No Dispute
INV-000578,CUST-0009,2025-05-27,2025-06-26,30,1068.88,0,,No Dispute
INV-000579,CUST-0009,2025-05-27,2025-06-26,30,646.87,0,,No Dispute
INV-000580,CUST-0009,2025-09-26,2025-10-26,30,2874.37,0,,No Dispute
INV-000581,CUST-0009,2025-07-12,2025-08-11,30,3544.78,0,,No Dispute
INV-000582,CUST-0009,2025-10-05,2025-11-04,30,1202.7,0,,No Dispute
INV-000583,CUST-0009,2025-11-23,2025-12-23,30,1183.19,0,,No Dispute
INV-000584,CUST-0009,2025-08-04,2025-09-03,30,2611.67,0,,No Dispute
INV-000585,CUST-0009,2024-02-02,2024-03-03,30,1021.99,0,,No Dispute
INV-000586,CUST-0009,2025-06-24,2025-07-24,30,1481.17,0,,No Dispute
INV-000587,CUST-0009,2025-02-25,2025-03-27,30,1257.16,0,,No Dispute
INV-000588,CUST-0009,2024-07-14,2024-08-13,30,1735.86,0,,No Dispute
INV-000589,CUST-0009,2025-05-17,2025-06-16,30,2594.97,0,,No Dispute
INV-000590,CUST-0009,2025-11-09,2025-12-09,30,2617.81,0,,No Dispute
INV-000591,CUST-0009,2025-04-24,2025-05-24,30,3430.33,0,,No Dispute
INV-000592,CUST-0009,2025-06-01,2025-07-01,30,1847.86,0,,No Dispute
INV-000593,CUST-0009,2024-03-07,2024-04-06,30,1839.74,0,,No Dispute
INV-000594,CUST-0009,2024-01-09,2024-02-08,30,2452.56,0,,No Dispute
INV-000595,CUST-0009,2024-04-22,2024-05-22,30,2759.5,1,3.0,Resolved
INV-000596,CUST-0009,2025-02-23,2025-03-25,30,1753.49,0,,No Dispute
INV-000597,CUST-0009,2025-03-19,2025-04-18,30,1094.55,0,,No Dispute
INV-000598,CUST-0009,2025-04-25,2025-05-25,30,577.76,0,,No Dispute
INV-000599,CUST-0009,2025-03-07,2025-04-06,30,901.64,0,,No Dispute
INV-000600,CUST-0009,2024-03-06,2024-04-05,30,2556.94,0,,No Dispute
INV-000601,CUST-0009,2024-11-04,2024-12-04,30,2905.53,0,,No Dispute
INV-000602,CUST-0009,2025-12-26,2026-01-25,30,1133.12,0,,No Dispute
INV-000603,CUST-0009,2025-06-23,2025-07-23,30,3314.58,0,,No Dispute
INV-000604,CUST-0009,2024-06-16,2024-07-16,30,2420.06,0,,No Dispute
INV-000605,CUST-0009,2024-08-23,2024-09-22,30,3055.61,0,,No Dispute
INV-000606,CUST-0009,2025-10-24,2025-11-23,30,1559.9,0,,No Dispute
INV-000607,CUST-0009,2025-04-07,2025-05-07,30,1065.1,0,,No Dispute
INV-000608,CUST-0009,2024-10-29,2024-11-28,30,588.2,0,,No Dispute
INV-000609,CUST-0009,2024-09-01,2024-10-01,30,2485.87,0,,No Dispute
INV-000610,CUST-0009,2025-10-21,2025-11-20,30,1414.67,0,,No Dispute
INV-000611,CUST-0009,2024-10-23,2024-11-22,30,2236.84,0,,No Dispute
INV-000612,CUST-0009,2025-05-17,2025-06-16,30,2508.48,0,,No Dispute
INV-000613,CUST-0009,2024-02-04,2024-03-05,30,3638.01,0,,No Dispute
INV-000614,CUST-0009,2024-08-08,2024-09-07,30,3335.56,0,,No Dispute
INV-000615,CUST-0009,2025-04-25,2025-05-25,30,1440.79,0,,No Dispute
INV-000616,CUST-0009,2024-01-21,2024-02-20,30,1992.75,0,,No Dispute
INV-000617,CUST-0010,2025-08-22,2025-10-06,45,1901.09,0,,No Dispute
INV-000618,CUST-0010,2024-07-27,2024-09-10,45,570.48,0,,No Dispute
INV-000619,CUST-0010,2025-09-14,2025-10-29,45,2876.73,0,,No Dispute
INV-000620,CUST-0010,2024-11-25,2025-01-09,45,1229.4,0,,No Dispute
INV-000621,CUST-0010,2024-06-12,2024-07-27,45,2250.2,0,,No Dispute
INV-000622,CUST-0010,2025-07-25,2025-09-08,45,1233.92,0,,No Dispute
INV-000623,CUST-0010,2024-03-29,2024-05-13,45,1031.6,0,,No Dispute
INV-000624,CUST-0010,2024-04-15,2024-05-30,45,3041.39,0,,No Dispute
INV-000625,CUST-0010,2025-12-26,2026-02-09,45,1918.64,0,,No Dispute
INV-000626,CUST-0010,2025-06-30,2025-08-14,45,3461.43,0,,No Dispute
INV-000627,CUST-0010,2025-06-02,2025-07-17,45,589.49,0,,No Dispute
INV-000628,CUST-0010,2025-08-14,2025-09-28,45,3330.89,0,,No Dispute
INV-000629,CUST-0010,2025-07-01,2025-08-15,45,1013.43,0,,No Dispute
INV-000630,CUST-0010,2025-11-16,2025-12-31,45,2760.04,0,,No Dispute
INV-000631,CUST-0010,2024-01-21,2024-03-06,45,2889.28,0,,No Dispute
INV-000632,CUST-0010,2024-02-28,2024-04-13,45,3311.36,0,,No Dispute
INV-000633,CUST-0010,2024-08-24,2024-10-08,45,687.72,0,,No Dispute
INV-000634,CUST-0010,2025-11-20,2026-01-04,45,1906.28,0,,No Dispute
INV-000635,CUST-0010,2024-08-11,2024-09-25,45,3763.71,0,,No Dispute
INV-000636,CUST-0010,2025-02-18,2025-04-04,45,996.98,0,,No Dispute
INV-000637,CUST-0010,2024-11-30,2025-01-14,45,748.21,0,,No Dispute
INV-000638,CUST-0010,2025-07-12,2025-08-26,45,3522.2,0,,No Dispute
INV-000639,CUST-0010,2025-12-01,2026-01-15,45,987.39,1,1.0,Resolved
INV-000640,CUST-0010,2024-03-22,2024-05-06,45,2042.33,0,,No Dispute
INV-000641,CUST-0010,2024-12-12,2025-01-26,45,1374.91,0,,No Dispute
INV-000642,CUST-0010,2024-01-22,2024-03-07,45,1184.99,0,,No Dispute
INV-000643,CUST-0010,2025-05-17,2025-07-01,45,3132.4,0,,No Dispute
INV-000644,CUST-0010,2024-03-09,2024-04-23,45,3722.42,0,,No Dispute
INV-000645,CUST-0010,2024-09-21,2024-11-05,45,2438.38,0,,No Dispute
INV-000646,CUST-0010,2025-08-31,2025-10-15,45,3034.1,0,,No Dispute
INV-000647,CUST-0010,2025-11-13,2025-12-28,45,3104.1,0,,No Dispute
INV-000648,CUST-0010,2025-08-21,2025-10-05,45,3125.91,0,,No Dispute
INV-000649,CUST-0010,2024-06-19,2024-08-03,45,2864.55,0,,No Dispute
INV-000650,CUST-0010,2025-12-08,2026-01-22,45,3960.94,0,,No Dispute
INV-000651,CUST-0010,2024-10-22,2024-12-06,45,1478.06,0,,No Dispute
INV-000652,CUST-0010,2025-04-18,2025-06-02,45,1709.53,1,4.0,Open
INV-000653,CUST-0010,2024-07-16,2024-08-30,45,1680.66,0,,No Dispute
INV-000654,CUST-0011,2024-03-23,2024-05-22,60,16560.19,0,,No Dispute
INV-000655,CUST-0011,2024-07-30,2024-09-28,60,26812.37,0,,No Dispute
INV-000656,CUST-0011,2024-05-01,2024-06-30,60,13047.79,0,,No Dispute
INV-000657,CUST-0011,2025-07-22,2025-09-20,60,6904.46,0,,No Dispute
INV-000658,CUST-0011,2024-11-16,2025-01-15,60,30797.1,0,,No Dispute
INV-000659,CUST-0011,2025-06-21,2025-08-20,60,18818.07,0,,No Dispute
INV-000660,CUST-0011,2024-06-10,2024-08-09,60,15180.46,0,,No Dispute
INV-000661,CUST-0011,2024-03-21,2024-05-20,60,18590.32,0,,No Dispute
INV-000662,CUST-0011,2024-02-27,2024-04-27,60,7361.06,0,,No Dispute
INV-000663,CUST-0011,2024-01-27,2024-03-27,60,14512.83,1,5.0,Open
INV-000664,CUST-0011,2024-03-09,2024-05-08,60,8812.37,0,,No Dispute
INV-000665,CUST-0011,2024-06-02,2024-08-01,60,25735.19,0,,No Dispute
INV-000666,CUST-0011,2025-05-29,2025-07-28,60,27300.4,0,,No Dispute
INV-000667,CUST-0011,2025-06-01,2025-07-31,60,14610.86,0,,No Dispute
INV-000668,CUST-0011,2024-04-06,2024-06-05,60,10310.58,0,,No Dispute
INV-000669,CUST-0011,2025-06-10,2025-08-09,60,25501.39,0,,No Dispute
INV-000670,CUST-0011,2024-10-18,2024-12-17,60,18966.92,0,,No Dispute
INV-000671,CUST-0011,2024-06-24,2024-08-23,60,11501.7,0,,No Dispute
INV-000672,CUST-0011,2024-08-16,2024-10-15,60,27920.94,0,,No Dispute
INV-000673,CUST-0011,2025-01-02,2025-03-03,60,20702.23,0,,No Dispute
INV-000674,CUST-0011,2024-09-30,2024-11-29,60,24679.48,0,,No Dispute
INV-000675,CUST-0011,2024-05-11,2024-07-10,60,30705.69,0,,No Dispute
INV-000676,CUST-0011,2025-06-14,2025-08-13,60,7351.95,0,,No Dispute
INV-000677,CUST-0011,2025-11-23,2026-01-22,60,10139.1,0,,No Dispute
INV-000678,CUST-0011,2025-10-04,2025-12-03,60,16709.75,0,,No Dispute
INV-000679,CUST-0011,2024-02-15,2024-04-15,60,25023.94,0,,No Dispute
INV-000680,CUST-0011,2024-04-27,2024-06-26,60,23191.42,0,,No Dispute
INV-000681,CUST-0011,2024-03-11,2024-05-10,60,25232.97,0,,No Dispute
INV-000682,CUST-0011,2025-07-28,2025-09-26,60,7865.39,0,,No Dispute
INV-000683,CUST-0011,2024-05-19,2024-07-18,60,30976.76,0,,No Dispute
INV-000684,CUST-0011,2025-07-31,2025-09-29,60,5596.32,0,,No Dispute
INV-000685,CUST-0011,2025-08-18,2025-10-17,60,28138.04,0,,No Dispute
INV-000686,CUST-0011,2024-12-04,2025-02-02,60,14224.31,0,,No Dispute
INV-000687,CUST-0011,2024-05-02,2024-07-01,60,21581.6,0,,No Dispute
INV-000688,CUST-0011,2025-09-10,2025-11-09,60,7275.14,0,,No Dispute
INV-000689,CUST-0011,2025-06-18,2025-08-17,60,26303.62,0,,No Dispute
INV-000690,CUST-0011,2024-05-28,2024-07-27,60,27586.33,0,,No Dispute
INV-000691,CUST-0011,2024-01-14,2024-03-14,60,23797.2,0,,No Dispute
INV-000692,CUST-0011,2025-05-30,2025-07-29,60,9713.93,0,,No Dispute
INV-000693,CUST-0011,2025-10-03,2025-12-02,60,8278.2,0,,No Dispute
INV-000694,CUST-0011,2025-10-13,2025-12-12,60,18224.22,0,,No Dispute
INV-000695,CUST-0011,2024-04-21,2024-06-20,60,10015.98,0,,No Dispute
INV-000696,CUST-0011,2025-10-22,2025-12-21,60,8694.82,0,,No Dispute
INV-000697,CUST-0011,2025-02-25,2025-04-26,60,27583.22,0,,No Dispute
INV-000698,CUST-0011,2025-10-18,2025-12-17,60,21835.02,0,,No Dispute
INV-000699,CUST-0011,2025-01-16,2025-03-17,60,17354.53,0,,No Dispute
INV-000700,CUST-0011,2024-10-24,2024-12-23,60,10263.87,0,,No Dispute
INV-000701,CUST-0011,2024-02-26,2024-04-26,60,6424.09,0,,No Dispute
INV-000702,CUST-0011,2024-08-16,2024-10-15,60,6077.91,0,,No Dispute
INV-000703,CUST-0011,2025-08-06,2025-10-05,60,7878.84,0,,No Dispute
INV-000704,CUST-0011,2024-08-05,2024-10-04,60,28356.92,0,,No Dispute
INV-000705,CUST-0011,2024-10-01,2024-11-30,60,10439.53,0,,No Dispute
INV-000706,CUST-0011,2025-06-13,2025-08-12,60,29645.62,0,,No Dispute
INV-000707,CUST-0011,2025-09-07,2025-11-06,60,20098.89,0,,No Dispute
INV-000708,CUST-0011,2025-04-29,2025-06-28,60,21286.75,0,,No Dispute
INV-000709,CUST-0011,2024-05-30,2024-07-29,60,20706.48,0,,No Dispute
INV-000710,CUST-0011,2024-06-17,2024-08-16,60,8544.78,0,,No Dispute
INV-000711,CUST-0011,2025-12-10,2026-02-08,60,17802.26,0,,No Dispute
INV-000712,CUST-0011,2024-08-24,2024-10-23,60,8994.88,0,,No Dispute
INV-000713,CUST-0011,2024-03-08,2024-05-07,60,27642.44,0,,No Dispute
INV-000714,CUST-0011,2024-12-18,2025-02-16,60,7341.08,0,,No Dispute
INV-000715,CUST-0011,2025-04-26,2025-06-25,60,30255.65,0,,No Dispute
INV-000716,CUST-0011,2025-02-25,2025-04-26,60,12440.3,0,,No Dispute
INV-000717,CUST-0011,2025-11-13,2026-01-12,60,26545.95,0,,No Dispute
INV-000718,CUST-0011,2024-01-04,2024-03-04,60,29800.08,1,4.0,Open
INV-000719,CUST-0011,2025-02-23,2025-04-24,60,21979.57,0,,No Dispute
INV-000720,CUST-0011,2024-08-13,2024-10-12,60,25417.19,0,,No Dispute
INV-000721,CUST-0011,2024-12-01,2025-01-30,60,6578.37,0,,No Dispute
INV-000722,CUST-0011,2025-11-16,2026-01-15,60,28877.27,0,,No Dispute
INV-000723,CUST-0011,2024-02-28,2024-04-28,60,16089.75,0,,No Dispute
INV-000724,CUST-0011,2025-12-28,2026-02-26,60,17605.71,0,,No Dispute
INV-000725,CUST-0011,2025-04-22,2025-06-21,60,15423.38,0,,No Dispute
INV-000726,CUST-0011,2025-09-27,2025-11-26,60,6856.36,0,,No Dispute
INV-000727,CUST-0011,2024-03-24,2024-05-23,60,6474.48,0,,No Dispute
INV-000728,CUST-0011,2025-02-17,2025-04-18,60,21606.75,0,,No Dispute
INV-000729,CUST-0011,2024-01-07,2024-03-07,60,5257.67,0,,No Dispute
INV-000730,CUST-0011,2024-02-11,2024-04-11,60,13889.23,0,,No Dispute
INV-000731,CUST-0011,2025-11-21,2026-01-20,60,19081.88,0,,No Dispute
INV-000732,CUST-0011,2024-03-18,2024-05-17,60,9976.14,1,1.0,Resolved
INV-000733,CUST-0011,2025-11-08,2026-01-07,60,17340.61,0,,No Dispute
INV-000734,CUST-0011,2024-08-08,2024-10-07,60,26383.81,0,,No Dispute
INV-000735,CUST-0011,2024-08-06,2024-10-05,60,21606.88,0,,No Dispute
INV-000736,CUST-0011,2025-01-06,2025-03-07,60,17226.27,0,,No Dispute
INV-000737,CUST-0011,2025-09-23,2025-11-22,60,17750.71,0,,No Dispute
INV-000738,CUST-0011,2024-01-19,2024-03-19,60,15934.15,0,,No Dispute
INV-000739,CUST-0011,2024-06-01,2024-07-31,60,16868.2,0,,No Dispute
INV-000740,CUST-0011,2024-07-02,2024-08-31,60,31097.08,0,,No Dispute
INV-000741,CUST-0011,2025-05-23,2025-07-22,60,26888.46,0,,No Dispute
INV-000742,CUST-0011,2024-01-17,2024-03-17,60,5649.11,0,,No Dispute
INV-000743,CUST-0011,2025-01-07,2025-03-08,60,30807.76,0,,No Dispute
INV-000744,CUST-0011,2025-12-09,2026-02-07,60,6559.01,0,,No Dispute
INV-000745,CUST-0011,2024-05-25,2024-07-24,60,7445.11,0,,No Dispute
INV-000746,CUST-0011,2024-07-27,2024-09-25,60,29184.61,1,1.0,Open
INV-000747,CUST-0011,2025-02-22,2025-04-23,60,20565.2,0,,No Dispute
INV-000748,CUST-0011,2025-06-05,2025-08-04,60,12042.93,1,4.0,Resolved
INV-000749,CUST-0011,2024-03-22,2024-05-21,60,28435.45,0,,No Dispute
INV-000750,CUST-0011,2025-05-25,2025-07-24,60,20692.82,0,,No Dispute
INV-000751,CUST-0011,2024-06-06,2024-08-05,60,29180.01,0,,No Dispute
INV-000752,CUST-0011,2024-06-07,2024-08-06,60,12383.81,0,,No Dispute
INV-000753,CUST-0011,2024-05-14,2024-07-13,60,13522.1,0,,No Dispute
INV-000754,CUST-0011,2024-04-17,2024-06-16,60,31550.2,0,,No Dispute
INV-000755,CUST-0011,2024-04-28,2024-06-27,60,5209.7,0,,No Dispute
INV-000756,CUST-0011,2024-06-27,2024-08-26,60,10696.19,0,,No Dispute
INV-000757,CUST-0011,2025-05-29,2025-07-28,60,8612.01,0,,No Dispute
INV-000758,CUST-0011,2024-09-25,2024-11-24,60,19709.63,0,,No Dispute
INV-000759,CUST-0011,2025-12-17,2026-02-15,60,14900.33,0,,No Dispute
INV-000760,CUST-0011,2025-04-27,2025-06-26,60,26603.71,0,,No Dispute
INV-000761,CUST-0011,2025-04-17,2025-06-16,60,25998.65,0,,No Dispute
INV-000762,CUST-0011,2024-08-28,2024-10-27,60,6644.45,0,,No Dispute
INV-000763,CUST-0011,2025-04-18,2025-06-17,60,16992.97,0,,No Dispute
INV-000764,CUST-0011,2024-03-24,2024-05-23,60,27998.34,0,,No Dispute
INV-000765,CUST-0011,2024-12-18,2025-02-16,60,15713.31,0,,No Dispute
INV-000766,CUST-0011,2025-06-06,2025-08-05,60,24499.83,0,,No Dispute
INV-000767,CUST-0011,2025-08-09,2025-10-08,60,17130.24,0,,No Dispute
INV-000768,CUST-0011,2025-04-08,2025-06-07,60,17527.61,0,,No Dispute
INV-000769,CUST-0011,2024-03-10,2024-05-09,60,13148.6,0,,No Dispute
INV-000770,CUST-0011,2024-08-26,2024-10-25,60,11798.78,0,,No Dispute
INV-000771,CUST-0011,2025-10-11,2025-12-10,60,12158.06,0,,No Dispute
INV-000772,CUST-0011,2024-03-27,2024-05-26,60,9410.57,0,,No Dispute
INV-000773,CUST-0011,2025-04-08,2025-06-07,60,7881.22,0,,No Dispute
INV-000774,CUST-0011,2024-11-09,2025-01-08,60,21781.01,0,,No Dispute
INV-000775,CUST-0011,2025-07-18,2025-09-16,60,27544.29,0,,No Dispute
INV-000776,CUST-0011,2024-06-27,2024-08-26,60,16792.46,0,,No Dispute
INV-000777,CUST-0011,2025-03-17,2025-05-16,60,7023.92,0,,No Dispute
INV-000778,CUST-0011,2024-04-20,2024-06-19,60,22450.37,0,,No Dispute
INV-000779,CUST-0011,2025-04-30,2025-06-29,60,20885.87,0,,No Dispute
INV-000780,CUST-0011,2025-08-03,2025-10-02,60,28174.92,0,,No Dispute
INV-000781,CUST-0011,2024-03-25,2024-05-24,60,6783.49,0,,No Dispute
INV-000782,CUST-0011,2024-12-11,2025-02-09,60,24313.7,0,,No Dispute
INV-000783,CUST-0011,2025-10-17,2025-12-16,60,21137.42,0,,No Dispute
INV-000784,CUST-0011,2024-07-26,2024-09-24,60,17401.2,0,,No Dispute
INV-000785,CUST-0011,2024-12-23,2025-02-21,60,27648.66,0,,No Dispute
INV-000786,CUST-0011,2024-07-18,2024-09-16,60,29600.25,0,,No Dispute
INV-000787,CUST-0011,2025-05-12,2025-07-11,60,14244.67,0,,No Dispute
INV-000788,CUST-0011,2024-03-24,2024-05-23,60,10114.97,0,,No Dispute
INV-000789,CUST-0011,2025-02-15,2025-04-16,60,7956.26,0,,No Dispute
INV-000790,CUST-0011,2025-05-19,2025-07-18,60,14439.59,0,,No Dispute
INV-000791,CUST-0011,2024-08-07,2024-10-06,60,24321.76,0,,No Dispute
INV-000792,CUST-0011,2025-06-20,2025-08-19,60,25499.45,0,,No Dispute
INV-000793,CUST-0011,2024-03-07,2024-05-06,60,21260.92,0,,No Dispute
INV-000794,CUST-0011,2024-07-22,2024-09-20,60,23166.46,0,,No Dispute
INV-000795,CUST-0011,2024-07-30,2024-09-28,60,22292.08,0,,No Dispute
INV-000796,CUST-0011,2025-09-19,2025-11-18,60,30756.29,0,,No Dispute
INV-000797,CUST-0011,2025-05-06,2025-07-05,60,6298.13,0,,No Dispute
INV-000798,CUST-0011,2024-01-16,2024-03-16,60,25350.44,0,,No Dispute
INV-000799,CUST-0011,2025-12-30,2026-02-28,60,13355.49,0,,No Dispute
INV-000800,CUST-0011,2024-11-10,2025-01-09,60,17360.73,0,,No Dispute
INV-000801,CUST-0011,2025-03-30,2025-05-29,60,11023.33,0,,No Dispute
INV-000802,CUST-0011,2025-06-30,2025-08-29,60,13200.85,0,,No Dispute
INV-000803,CUST-0011,2024-11-20,2025-01-19,60,8817.36,0,,No Dispute
INV-000804,CUST-0011,2024-03-08,2024-05-07,60,29940.75,0,,No Dispute
INV-000805,CUST-0011,2025-09-03,2025-11-02,60,23432.12,0,,No Dispute
INV-000806,CUST-0011,2024-07-06,2024-09-04,60,20376.43,0,,No Dispute
INV-000807,CUST-0011,2024-04-10,2024-06-09,60,9952.44,1,3.0,Resolved
INV-000808,CUST-0011,2024-10-23,2024-12-22,60,26078.88,0,,No Dispute
INV-000809,CUST-0011,2024-01-12,2024-03-12,60,13380.01,0,,No Dispute
INV-000810,CUST-0012,2025-10-10,2025-11-24,45,2684.4,0,,No Dispute
INV-000811,CUST-0012,2025-04-06,2025-05-21,45,1723.33,0,,No Dispute
INV-000812,CUST-0012,2025-03-16,2025-04-30,45,834.46,0,,No Dispute
INV-000813,CUST-0012,2024-11-15,2024-12-30,45,661.69,0,,No Dispute
INV-000814,CUST-0012,2025-04-05,2025-05-20,45,1428.1,0,,No Dispute
INV-000815,CUST-0012,2025-06-03,2025-07-18,45,2260.06,0,,No Dispute
INV-000816,CUST-0012,2025-09-29,2025-11-13,45,2326.07,0,,No Dispute
INV-000817,CUST-0012,2025-01-20,2025-03-06,45,3934.84,0,,No Dispute
INV-000818,CUST-0012,2025-04-15,2025-05-30,45,1485.17,0,,No Dispute
INV-000819,CUST-0012,2025-09-13,2025-10-28,45,2190.97,0,,No Dispute
INV-000820,CUST-0012,2024-10-12,2024-11-26,45,747.44,0,,No Dispute
INV-000821,CUST-0012,2025-11-28,2026-01-12,45,3618.58,0,,No Dispute
INV-000822,CUST-0012,2025-08-19,2025-10-03,45,2693.7,1,4.0,Open
INV-000823,CUST-0012,2025-09-17,2025-11-01,45,1708.43,0,,No Dispute
INV-000824,CUST-0012,2024-10-02,2024-11-16,45,3010.8,0,,No Dispute
INV-000825,CUST-0012,2025-11-12,2025-12-27,45,3126.9,0,,No Dispute
INV-000826,CUST-0012,2025-10-08,2025-11-22,45,2559.51,0,,No Dispute
INV-000827,CUST-0012,2025-11-03,2025-12-18,45,2394.33,0,,No Dispute
INV-000828,CUST-0012,2025-07-04,2025-08-18,45,2275.86,0,,No Dispute
INV-000829,CUST-0012,2025-11-08,2025-12-23,45,502.62,0,,No Dispute
INV-000830,CUST-0012,2024-07-04,2024-08-18,45,3701.95,0,,No Dispute
INV-000831,CUST-0012,2025-10-13,2025-11-27,45,2710.41,0,,No Dispute
INV-000832,CUST-0012,2025-01-28,2025-03-14,45,3222.95,0,,No Dispute
INV-000833,CUST-0012,2024-07-04,2024-08-18,45,1966.23,0,,No Dispute
INV-000834,CUST-0012,2025-05-11,2025-06-25,45,3002.14,0,,No Dispute
INV-000835,CUST-0012,2025-08-28,2025-10-12,45,2178.69,0,,No Dispute
INV-000836,CUST-0012,2024-05-09,2024-06-23,45,586.34,0,,No Dispute
INV-000837,CUST-0012,2024-06-22,2024-08-06,45,3459.75,0,,No Dispute
INV-000838,CUST-0012,2024-07-10,2024-08-24,45,2958.42,0,,No Dispute
INV-000839,CUST-0013,2025-06-24,2025-08-08,45,3176.5,0,,No Dispute
INV-000840,CUST-0013,2025-01-27,2025-03-13,45,8049.31,0,,No Dispute
INV-000841,CUST-0013,2025-07-09,2025-08-23,45,6580.71,0,,No Dispute
INV-000842,CUST-0013,2024-08-18,2024-10-02,45,9808.76,0,,No Dispute
INV-000843,CUST-0013,2024-03-09,2024-04-23,45,2023.53,0,,No Dispute
INV-000844,CUST-0013,2024-04-24,2024-06-08,45,11583.85,1,1.0,Resolved
INV-000845,CUST-0013,2024-01-20,2024-03-05,45,6739.16,0,,No Dispute
INV-000846,CUST-0013,2025-11-11,2025-12-26,45,3068.51,0,,No Dispute
INV-000847,CUST-0013,2025-01-05,2025-02-19,45,8252.14,0,,No Dispute
INV-000848,CUST-0013,2025-04-16,2025-05-31,45,9217.77,0,,No Dispute
INV-000849,CUST-0013,2024-11-27,2025-01-11,45,4617.4,1,1.0,Resolved
INV-000850,CUST-0013,2025-01-18,2025-03-04,45,7969.92,0,,No Dispute
INV-000851,CUST-0013,2024-08-01,2024-09-15,45,4860.6,0,,No Dispute
INV-000852,CUST-0013,2024-02-29,2024-04-14,45,4535.94,0,,No Dispute
INV-000853,CUST-0013,2025-03-08,2025-04-22,45,2328.76,0,,No Dispute
INV-000854,CUST-0013,2024-06-06,2024-07-21,45,10406.13,0,,No Dispute
INV-000855,CUST-0013,2025-06-13,2025-07-28,45,7672.97,0,,No Dispute
INV-000856,CUST-0013,2025-09-04,2025-10-19,45,7041.5,0,,No Dispute
INV-000857,CUST-0013,2024-12-09,2025-01-23,45,11467.45,0,,No Dispute
INV-000858,CUST-0013,2024-01-07,2024-02-21,45,4893.02,0,,No Dispute
INV-000859,CUST-0013,2024-08-15,2024-09-29,45,4420.18,0,,No Dispute
INV-000860,CUST-0013,2025-08-26,2025-10-10,45,8472.35,0,,No Dispute
INV-000861,CUST-0013,2024-08-13,2024-09-27,45,7625.98,0,,No Dispute
INV-000862,CUST-0013,2025-09-25,2025-11-09,45,6003.29,0,,No Dispute
INV-000863,CUST-0013,2025-03-17,2025-05-01,45,3557.79,0,,No Dispute
INV-000864,CUST-0013,2024-01-25,2024-03-10,45,4876.1,1,2.0,Open
INV-000865,CUST-0013,2024-08-14,2024-09-28,45,11885.82,0,,No Dispute
INV-000866,CUST-0013,2024-08-22,2024-10-06,45,11994.34,0,,No Dispute
INV-000867,CUST-0013,2025-06-10,2025-07-25,45,4489.08,0,,No Dispute
INV-000868,CUST-0013,2024-03-24,2024-05-08,45,2574.49,0,,No Dispute
INV-000869,CUST-0013,2025-05-18,2025-07-02,45,11801.53,0,,No Dispute
INV-000870,CUST-0013,2024-04-27,2024-06-11,45,5738.07,0,,No Dispute
INV-000871,CUST-0013,2024-03-18,2024-05-02,45,6806.21,0,,No Dispute
INV-000872,CUST-0013,2024-03-26,2024-05-10,45,6681.54,0,,No Dispute
INV-000873,CUST-0013,2025-06-04,2025-07-19,45,3649.55,0,,No Dispute
INV-000874,CUST-0013,2025-06-01,2025-07-16,45,7033.58,0,,No Dispute
INV-000875,CUST-0013,2025-04-24,2025-06-08,45,2721.48,0,,No Dispute
INV-000876,CUST-0013,2024-08-16,2024-09-30,45,2559.89,0,,No Dispute
INV-000877,CUST-0013,2025-12-15,2026-01-29,45,8206.06,0,,No Dispute
INV-000878,CUST-0013,2024-11-08,2024-12-23,45,11528.16,0,,No Dispute
INV-000879,CUST-0013,2025-11-05,2025-12-20,45,9556.43,0,,No Dispute
INV-000880,CUST-0013,2025-09-09,2025-10-24,45,10831.9,0,,No Dispute
INV-000881,CUST-0013,2024-10-12,2024-11-26,45,6962.04,0,,No Dispute
INV-000882,CUST-0013,2024-04-01,2024-05-16,45,9998.38,0,,No Dispute
INV-000883,CUST-0013,2024-12-29,2025-02-12,45,5597.5,0,,No Dispute
INV-000884,CUST-0013,2024-09-06,2024-10-21,45,10353.02,0,,No Dispute
INV-000885,CUST-0013,2025-03-30,2025-05-14,45,2495.92,0,,No Dispute
INV-000886,CUST-0013,2024-06-21,2024-08-05,45,9872.92,0,,No Dispute
INV-000887,CUST-0013,2025-06-22,2025-08-06,45,1689.85,0,,No Dispute
INV-000888,CUST-0013,2025-01-28,2025-03-14,45,6466.4,0,,No Dispute
INV-000889,CUST-0013,2025-09-10,2025-10-25,45,5079.95,0,,No Dispute
INV-000890,CUST-0013,2024-08-12,2024-09-26,45,10273.17,0,,No Dispute
INV-000891,CUST-0013,2024-08-23,2024-10-07,45,7182.64,0,,No Dispute
INV-000892,CUST-0013,2025-07-05,2025-08-19,45,2986.98,0,,No Dispute
INV-000893,CUST-0013,2025-02-22,2025-04-08,45,11626.54,0,,No Dispute
INV-000894,CUST-0013,2024-10-07,2024-11-21,45,4584.84,0,,No Dispute
INV-000895,CUST-0013,2024-01-08,2024-02-22,45,1727.85,0,,No Dispute
INV-000896,CUST-0013,2025-06-29,2025-08-13,45,7022.44,0,,No Dispute
INV-000897,CUST-0013,2024-01-09,2024-02-23,45,5092.96,0,,No Dispute
INV-000898,CUST-0013,2024-04-24,2024-06-08,45,6849.84,0,,No Dispute
INV-000899,CUST-0013,2024-08-20,2024-10-04,45,5791.35,0,,No Dispute
INV-000900,CUST-0013,2024-06-12,2024-07-27,45,6841.41,0,,No Dispute
INV-000901,CUST-0013,2024-09-09,2024-10-24,45,4505.94,0,,No Dispute
INV-000902,CUST-0013,2024-03-20,2024-05-04,45,10616.13,0,,No Dispute
INV-000903,CUST-0013,2025-01-30,2025-03-16,45,1606.2,0,,No Dispute
INV-000904,CUST-0013,2024-08-20,2024-10-04,45,11156.17,0,,No Dispute
INV-000905,CUST-0013,2024-05-20,2024-07-04,45,8108.95,0,,No Dispute
INV-000906,CUST-0013,2024-10-02,2024-11-16,45,11117.32,0,,No Dispute
INV-000907,CUST-0013,2024-03-25,2024-05-09,45,7605.27,0,,No Dispute
INV-000908,CUST-0013,2025-01-05,2025-02-19,45,4089.89,0,,No Dispute
INV-000909,CUST-0013,2024-04-28,2024-06-12,45,7432.0,0,,No Dispute
INV-000910,CUST-0013,2024-07-22,2024-09-05,45,4417.86,0,,No Dispute
INV-000911,CUST-0013,2025-09-26,2025-11-10,45,9861.0,0,,No Dispute
INV-000912,CUST-0013,2024-07-26,2024-09-09,45,10830.29,0,,No Dispute
INV-000913,CUST-0013,2025-03-19,2025-05-03,45,10494.01,0,,No Dispute
INV-000914,CUST-0013,2024-04-12,2024-05-27,45,9500.31,0,,No Dispute
INV-000915,CUST-0013,2025-03-02,2025-04-16,45,2941.69,0,,No Dispute
INV-000916,CUST-0013,2025-01-26,2025-03-12,45,9736.26,0,,No Dispute
INV-000917,CUST-0013,2025-05-15,2025-06-29,45,9633.85,0,,No Dispute
INV-000918,CUST-0013,2025-03-13,2025-04-27,45,4323.05,1,3.0,Resolved
INV-000919,CUST-0013,2024-04-13,2024-05-28,45,6025.37,0,,No Dispute
INV-000920,CUST-0013,2024-11-13,2024-12-28,45,6741.28,0,,No Dispute
INV-000921,CUST-0013,2025-02-21,2025-04-07,45,11809.92,0,,No Dispute
INV-000922,CUST-0013,2024-02-14,2024-03-30,45,7150.27,0,,No Dispute
INV-000923,CUST-0013,2024-09-23,2024-11-07,45,8298.96,0,,No Dispute
INV-000924,CUST-0014,2024-07-22,2024-09-20,60,2832.16,0,,No Dispute
INV-000925,CUST-0014,2024-07-18,2024-09-16,60,4319.3,0,,No Dispute
INV-000926,CUST-0014,2024-05-08,2024-07-07,60,5581.08,0,,No Dispute
INV-000927,CUST-0014,2024-01-11,2024-03-11,60,1877.64,0,,No Dispute
INV-000928,CUST-0014,2024-08-16,2024-10-15,60,2049.5,0,,No Dispute
INV-000929,CUST-0014,2025-06-10,2025-08-09,60,7139.38,0,,No Dispute
INV-000930,CUST-0014,2025-08-11,2025-10-10,60,11031.38,0,,No Dispute
INV-000931,CUST-0014,2024-10-23,2024-12-22,60,10967.13,0,,No Dispute
INV-000932,CUST-0014,2025-10-30,2025-12-29,60,2144.11,0,,No Dispute
INV-000933,CUST-0014,2025-08-26,2025-10-25,60,6949.73,0,,No Dispute
INV-000934,CUST-0014,2024-04-01,2024-05-31,60,9377.85,0,,No Dispute
INV-000935,CUST-0014,2025-08-27,2025-10-26,60,4473.8,0,,No Dispute
INV-000936,CUST-0014,2025-11-06,2026-01-05,60,10096.84,0,,No Dispute
INV-000937,CUST-0014,2024-06-09,2024-08-08,60,2324.35,0,,No Dispute
INV-000938,CUST-0014,2025-06-03,2025-08-02,60,7473.67,0,,No Dispute
INV-000939,CUST-0014,2025-10-23,2025-12-22,60,5808.19,0,,No Dispute
INV-000940,CUST-0014,2024-05-31,2024-07-30,60,8798.76,0,,No Dispute
INV-000941,CUST-0014,2024-06-04,2024-08-03,60,9575.63,0,,No Dispute
INV-000942,CUST-0014,2024-07-21,2024-09-19,60,6961.42,0,,No Dispute
INV-000943,CUST-0014,2025-07-08,2025-09-06,60,3551.27,0,,No Dispute
INV-000944,CUST-0014,2024-03-19,2024-05-18,60,6767.84,0,,No Dispute
INV-000945,CUST-0014,2024-07-11,2024-09-09,60,10092.79,0,,No Dispute
INV-000946,CUST-0014,2025-03-30,2025-05-29,60,5826.19,0,,No Dispute
INV-000947,CUST-0014,2025-12-13,2026-02-11,60,11022.1,0,,No Dispute
INV-000948,CUST-0014,2025-02-18,2025-04-19,60,8823.2,0,,No Dispute
INV-000949,CUST-0014,2024-02-26,2024-04-26,60,10519.3,0,,No Dispute
INV-000950,CUST-0014,2024-03-24,2024-05-23,60,5888.67,0,,No Dispute
INV-000951,CUST-0014,2025-01-10,2025-03-11,60,6139.46,0,,No Dispute
INV-000952,CUST-0014,2025-01-30,2025-03-31,60,9316.64,0,,No Dispute
INV-000953,CUST-0014,2025-12-15,2026-02-13,60,2164.16,0,,No Dispute
INV-000954,CUST-0014,2025-12-17,2026-02-15,60,4158.61,0,,No Dispute
INV-000955,CUST-0014,2024-06-11,2024-08-10,60,4748.37,0,,No Dispute
INV-000956,CUST-0014,2024-05-17,2024-07-16,60,9796.38,0,,No Dispute
INV-000957,CUST-0014,2024-01-26,2024-03-26,60,8449.53,0,,No Dispute
INV-000958,CUST-0014,2024-11-03,2025-01-02,60,3885.68,0,,No Dispute
INV-000959,CUST-0014,2024-12-21,2025-02-19,60,3886.88,0,,No Dispute
INV-000960,CUST-0014,2024-06-15,2024-08-14,60,5858.63,0,,No Dispute
INV-000961,CUST-0014,2025-05-01,2025-06-30,60,10189.6,0,,No Dispute
INV-000962,CUST-0014,2025-01-15,2025-03-16,60,11596.21,0,,No Dispute
INV-000963,CUST-0014,2025-08-23,2025-10-22,60,3367.74,0,,No Dispute
INV-000964,CUST-0014,2025-06-30,2025-08-29,60,10549.36,0,,No Dispute
INV-000965,CUST-0014,2025-08-19,2025-10-18,60,6055.82,0,,No Dispute
INV-000966,CUST-0014,2025-09-08,2025-11-07,60,2698.93,0,,No Dispute
INV-000967,CUST-0014,2024-06-10,2024-08-09,60,11991.68,0,,No Dispute
INV-000968,CUST-0014,2024-06-17,2024-08-16,60,7212.31,0,,No Dispute
INV-000969,CUST-0014,2025-07-13,2025-09-11,60,6869.06,0,,No Dispute
INV-000970,CUST-0014,2025-03-01,2025-04-30,60,1657.74,0,,No Dispute
INV-000971,CUST-0014,2024-07-06,2024-09-04,60,9157.02,0,,No Dispute
INV-000972,CUST-0014,2024-11-12,2025-01-11,60,4996.04,0,,No Dispute
INV-000973,CUST-0014,2025-06-18,2025-08-17,60,4784.87,0,,No Dispute
INV-000974,CUST-0014,2024-04-08,2024-06-07,60,7121.84,0,,No Dispute
INV-000975,CUST-0014,2024-11-10,2025-01-09,60,3386.4,0,,No Dispute
INV-000976,CUST-0014,2024-10-19,2024-12-18,60,2074.5,0,,No Dispute
INV-000977,CUST-0014,2025-04-02,2025-06-01,60,11287.36,0,,No Dispute
INV-000978,CUST-0014,2024-04-15,2024-06-14,60,2806.56,0,,No Dispute
INV-000979,CUST-0014,2024-05-26,2024-07-25,60,5349.7,0,,No Dispute
INV-000980,CUST-0014,2024-06-26,2024-08-25,60,2772.13,0,,No Dispute
INV-000981,CUST-0014,2025-03-20,2025-05-19,60,7789.62,0,,No Dispute
INV-000982,CUST-0014,2025-04-21,2025-06-20,60,8093.57,0,,No Dispute
INV-000983,CUST-0014,2024-12-10,2025-02-08,60,11556.55,0,,No Dispute
INV-000984,CUST-0014,2025-08-07,2025-10-06,60,11558.78,0,,No Dispute
INV-000985,CUST-0014,2024-10-23,2024-12-22,60,6521.98,0,,No Dispute
INV-000986,CUST-0014,2024-11-25,2025-01-24,60,4877.71,0,,No Dispute
INV-000987,CUST-0014,2025-04-08,2025-06-07,60,6569.98,0,,No Dispute
INV-000988,CUST-0014,2025-02-21,2025-04-22,60,6575.72,0,,No Dispute
INV-000989,CUST-0014,2024-09-09,2024-11-08,60,3595.5,1,3.0,Resolved
INV-000990,CUST-0014,2025-06-04,2025-08-03,60,6572.2,0,,No Dispute
INV-000991,CUST-0014,2024-05-18,2024-07-17,60,11233.54,0,,No Dispute
INV-000992,CUST-0014,2024-02-16,2024-04-16,60,10027.89,0,,No Dispute
INV-000993,CUST-0014,2024-07-23,2024-09-21,60,8389.88,0,,No Dispute
INV-000994,CUST-0014,2025-04-20,2025-06-19,60,3168.71,0,,No Dispute
INV-000995,CUST-0014,2025-01-16,2025-03-17,60,4755.36,0,,No Dispute
INV-000996,CUST-0014,2025-10-14,2025-12-13,60,8964.39,0,,No Dispute
INV-000997,CUST-0014,2024-01-03,2024-03-03,60,6415.49,0,,No Dispute
INV-000998,CUST-0014,2025-07-14,2025-09-12,60,7079.07,0,,No Dispute
INV-000999,CUST-0014,2025-06-10,2025-08-09,60,10642.05,0,,No Dispute
INV-001000,CUST-0014,2024-07-17,2024-09-15,60,2680.05,0,,No Dispute
INV-001001,CUST-0014,2025-08-09,2025-10-08,60,3258.44,0,,No Dispute
INV-001002,CUST-0014,2024-02-02,2024-04-02,60,11315.63,0,,No Dispute
INV-001003,CUST-0014,2025-06-03,2025-08-02,60,3152.4,1,4.0,Open
INV-001004,CUST-0014,2024-05-10,2024-07-09,60,2375.48,0,,No Dispute
INV-001005,CUST-0014,2025-05-01,2025-06-30,60,8025.83,1,3.0,Resolved
INV-001006,CUST-0014,2025-04-27,2025-06-26,60,10276.83,0,,No Dispute
INV-001007,CUST-0014,2024-06-15,2024-08-14,60,7869.95,0,,No Dispute
INV-001008,CUST-0014,2024-02-21,2024-04-21,60,3895.74,0,,No Dispute
INV-001009,CUST-0014,2025-09-12,2025-11-11,60,2301.18,0,,No Dispute
INV-001010,CUST-0014,2024-12-29,2025-02-27,60,10566.02,0,,No Dispute
INV-001011,CUST-0014,2024-08-16,2024-10-15,60,10561.12,0,,No Dispute
INV-001012,CUST-0014,2025-12-02,2026-01-31,60,2322.43,0,,No Dispute
INV-001013,CUST-0014,2025-01-23,2025-03-24,60,4678.13,0,,No Dispute
INV-001014,CUST-0014,2024-01-14,2024-03-14,60,7337.08,0,,No Dispute
INV-001015,CUST-0014,2024-08-08,2024-10-07,60,2875.65,0,,No Dispute
INV-001016,CUST-0014,2025-12-27,2026-02-25,60,5333.0,0,,No Dispute
INV-001017,CUST-0014,2025-01-18,2025-03-19,60,11172.21,0,,No Dispute
INV-001018,CUST-0014,2025-01-14,2025-03-15,60,1845.95,0,,No Dispute
INV-001019,CUST-0014,2025-08-07,2025-10-06,60,11193.85,0,,No Dispute
INV-001020,CUST-0014,2024-07-28,2024-09-26,60,8369.41,0,,No Dispute
INV-001021,CUST-0014,2024-07-22,2024-09-20,60,3614.69,0,,No Dispute
INV-001022,CUST-0014,2024-04-14,2024-06-13,60,4069.82,0,,No Dispute
INV-001023,CUST-0015,2025-04-07,2025-05-22,45,1054.58,0,,No Dispute
INV-001024,CUST-0015,2025-03-10,2025-04-24,45,1935.08,0,,No Dispute
INV-001025,CUST-0015,2025-04-10,2025-05-25,45,1489.34,0,,No Dispute
INV-001026,CUST-0015,2024-11-08,2024-12-23,45,1191.07,0,,No Dispute
INV-001027,CUST-0015,2024-12-16,2025-01-30,45,1426.86,0,,No Dispute
INV-001028,CUST-0015,2024-12-18,2025-02-01,45,1571.69,0,,No Dispute
INV-001029,CUST-0015,2025-08-12,2025-09-26,45,2279.85,0,,No Dispute
INV-001030,CUST-0015,2025-06-21,2025-08-05,45,3525.89,0,,No Dispute
INV-001031,CUST-0015,2025-08-12,2025-09-26,45,1418.46,0,,No Dispute
INV-001032,CUST-0015,2024-05-01,2024-06-15,45,838.87,0,,No Dispute
INV-001033,CUST-0015,2025-01-10,2025-02-24,45,2096.35,0,,No Dispute
INV-001034,CUST-0015,2024-12-14,2025-01-28,45,2199.24,0,,No Dispute
INV-001035,CUST-0015,2025-12-12,2026-01-26,45,2459.62,0,,No Dispute
INV-001036,CUST-0015,2025-12-08,2026-01-22,45,958.78,0,,No Dispute
INV-001037,CUST-0015,2024-12-04,2025-01-18,45,1791.56,0,,No Dispute
INV-001038,CUST-0015,2024-09-17,2024-11-01,45,1384.68,0,,No Dispute
INV-001039,CUST-0015,2024-01-23,2024-03-08,45,1435.23,0,,No Dispute
INV-001040,CUST-0015,2024-08-31,2024-10-15,45,539.66,0,,No Dispute
INV-001041,CUST-0015,2024-01-13,2024-02-27,45,960.48,0,,No Dispute
INV-001042,CUST-0015,2025-09-16,2025-10-31,45,3816.0,0,,No Dispute
INV-001043,CUST-0015,2024-07-05,2024-08-19,45,1684.94,0,,No Dispute
INV-001044,CUST-0015,2025-06-19,2025-08-03,45,3228.44,1,4.0,Resolved
INV-001045,CUST-0015,2024-06-05,2024-07-20,45,2040.78,0,,No Dispute
INV-001046,CUST-0015,2025-11-06,2025-12-21,45,3937.47,0,,No Dispute
INV-001047,CUST-0015,2025-09-21,2025-11-05,45,1930.78,0,,No Dispute
INV-001048,CUST-0015,2025-10-01,2025-11-15,45,1742.48,0,,No Dispute
INV-001049,CUST-0015,2024-08-13,2024-09-27,45,1016.08,1,2.0,Open
INV-001050,CUST-0015,2024-02-29,2024-04-14,45,3172.61,0,,No Dispute
INV-001051,CUST-0015,2025-07-22,2025-09-05,45,2407.09,0,,No Dispute
INV-001052,CUST-0015,2025-08-23,2025-10-07,45,724.88,0,,No Dispute
INV-001053,CUST-0016,2025-03-09,2025-04-08,30,8213.56,0,,No Dispute
INV-001054,CUST-0016,2025-03-19,2025-04-18,30,11094.14,0,,No Dispute
INV-001055,CUST-0016,2024-06-18,2024-07-18,30,7029.25,0,,No Dispute
INV-001056,CUST-0016,2024-03-20,2024-04-19,30,8376.52,0,,No Dispute
INV-001057,CUST-0016,2025-04-20,2025-05-20,30,8880.1,0,,No Dispute
INV-001058,CUST-0016,2024-01-12,2024-02-11,30,7521.66,0,,No Dispute
INV-001059,CUST-0016,2025-04-17,2025-05-17,30,7102.98,0,,No Dispute
INV-001060,CUST-0016,2024-11-26,2024-12-26,30,4311.63,0,,No Dispute
INV-001061,CUST-0016,2025-09-16,2025-10-16,30,1641.93,0,,No Dispute
INV-001062,CUST-0016,2024-05-26,2024-06-25,30,11841.76,0,,No Dispute
INV-001063,CUST-0016,2025-03-03,2025-04-02,30,7176.42,0,,No Dispute
INV-001064,CUST-0016,2025-04-03,2025-05-03,30,3485.32,0,,No Dispute
INV-001065,CUST-0016,2024-07-23,2024-08-22,30,2770.09,0,,No Dispute
INV-001066,CUST-0016,2025-07-19,2025-08-18,30,3335.26,0,,No Dispute
INV-001067,CUST-0016,2025-04-06,2025-05-06,30,11746.64,0,,No Dispute
INV-001068,CUST-0016,2025-12-18,2026-01-17,30,4421.28,0,,No Dispute
INV-001069,CUST-0016,2024-01-23,2024-02-22,30,6424.92,0,,No Dispute
INV-001070,CUST-0016,2024-07-01,2024-07-31,30,2247.39,0,,No Dispute
INV-001071,CUST-0016,2025-06-16,2025-07-16,30,8723.06,0,,No Dispute
INV-001072,CUST-0016,2024-01-28,2024-02-27,30,5865.64,0,,No Dispute
INV-001073,CUST-0016,2024-07-02,2024-08-01,30,8881.41,0,,No Dispute
INV-001074,CUST-0016,2025-10-04,2025-11-03,30,6964.79,0,,No Dispute
INV-001075,CUST-0016,2025-01-22,2025-02-21,30,6232.41,0,,No Dispute
INV-001076,CUST-0016,2024-06-24,2024-07-24,30,8933.45,0,,No Dispute
INV-001077,CUST-0016,2024-10-08,2024-11-07,30,6090.06,0,,No Dispute
INV-001078,CUST-0016,2024-05-26,2024-06-25,30,11961.12,0,,No Dispute
INV-001079,CUST-0016,2024-11-28,2024-12-28,30,10619.0,0,,No Dispute
INV-001080,CUST-0016,2025-12-10,2026-01-09,30,4738.93,1,1.0,Resolved
INV-001081,CUST-0016,2025-11-29,2025-12-29,30,5101.15,0,,No Dispute
INV-001082,CUST-0016,2024-09-04,2024-10-04,30,11594.88,0,,No Dispute
INV-001083,CUST-0016,2025-10-24,2025-11-23,30,7479.57,0,,No Dispute
INV-001084,CUST-0016,2025-03-31,2025-04-30,30,5751.03,0,,No Dispute
INV-001085,CUST-0016,2024-04-30,2024-05-30,30,2862.72,0,,No Dispute
INV-001086,CUST-0016,2024-06-09,2024-07-09,30,11269.71,0,,No Dispute
INV-001087,CUST-0016,2025-05-17,2025-06-16,30,11596.82,0,,No Dispute
INV-001088,CUST-0016,2025-10-04,2025-11-03,30,4908.39,0,,No Dispute
INV-001089,CUST-0016,2025-04-25,2025-05-25,30,4377.44,0,,No Dispute
INV-001090,CUST-0016,2024-07-21,2024-08-20,30,6289.67,0,,No Dispute
INV-001091,CUST-0016,2025-04-17,2025-05-17,30,10686.42,0,,No Dispute
INV-001092,CUST-0016,2024-03-29,2024-04-28,30,4152.15,0,,No Dispute
INV-001093,CUST-0016,2024-09-20,2024-10-20,30,7072.3,0,,No Dispute
INV-001094,CUST-0016,2025-04-16,2025-05-16,30,1799.99,0,,No Dispute
INV-001095,CUST-0016,2025-06-27,2025-07-27,30,4385.38,0,,No Dispute
INV-001096,CUST-0016,2024-01-10,2024-02-09,30,4629.41,0,,No Dispute
INV-001097,CUST-0016,2025-03-11,2025-04-10,30,9209.86,0,,No Dispute
INV-001098,CUST-0016,2024-01-08,2024-02-07,30,3831.86,0,,No Dispute
INV-001099,CUST-0016,2025-03-18,2025-04-17,30,10426.81,0,,No Dispute
INV-001100,CUST-0016,2024-01-25,2024-02-24,30,9215.93,0,,No Dispute
INV-001101,CUST-0016,2024-05-25,2024-06-24,30,10326.64,0,,No Dispute
INV-001102,CUST-0016,2025-03-12,2025-04-11,30,3377.83,0,,No Dispute
INV-001103,CUST-0016,2024-12-10,2025-01-09,30,3489.65,0,,No Dispute
INV-001104,CUST-0016,2025-07-15,2025-08-14,30,5415.2,0,,No Dispute
INV-001105,CUST-0016,2024-01-17,2024-02-16,30,7036.86,0,,No Dispute
INV-001106,CUST-0016,2024-05-17,2024-06-16,30,6225.25,0,,No Dispute
INV-001107,CUST-0016,2025-12-27,2026-01-26,30,2758.82,0,,No Dispute
INV-001108,CUST-0016,2025-04-09,2025-05-09,30,3493.45,0,,No Dispute
INV-001109,CUST-0016,2025-12-28,2026-01-27,30,10339.17,0,,No Dispute
INV-001110,CUST-0016,2024-09-22,2024-10-22,30,10645.16,0,,No Dispute
INV-001111,CUST-0016,2024-07-28,2024-08-27,30,6935.11,0,,No Dispute
INV-001112,CUST-0016,2025-05-02,2025-06-01,30,11344.28,0,,No Dispute
INV-001113,CUST-0016,2025-03-24,2025-04-23,30,7479.97,0,,No Dispute
INV-001114,CUST-0016,2025-09-18,2025-10-18,30,10370.31,0,,No Dispute
INV-001115,CUST-0016,2025-08-25,2025-09-24,30,7384.19,0,,No Dispute
INV-001116,CUST-0016,2025-12-23,2026-01-22,30,1666.46,0,,No Dispute
INV-001117,CUST-0016,2024-06-13,2024-07-13,30,3018.09,0,,No Dispute
INV-001118,CUST-0016,2024-01-19,2024-02-18,30,3362.8,0,,No Dispute
INV-001119,CUST-0016,2025-08-09,2025-09-08,30,8929.12,0,,No Dispute
INV-001120,CUST-0016,2024-12-01,2024-12-31,30,10683.36,0,,No Dispute
INV-001121,CUST-0016,2025-09-15,2025-10-15,30,8579.08,0,,No Dispute
INV-001122,CUST-0016,2025-05-06,2025-06-05,30,1644.2,0,,No Dispute
INV-001123,CUST-0016,2025-04-20,2025-05-20,30,6953.68,0,,No Dispute
INV-001124,CUST-0016,2025-09-19,2025-10-19,30,1652.61,0,,No Dispute
INV-001125,CUST-0016,2025-06-12,2025-07-12,30,7042.26,0,,No Dispute
INV-001126,CUST-0016,2025-06-24,2025-07-24,30,10508.13,0,,No Dispute
INV-001127,CUST-0016,2024-05-17,2024-06-16,30,6282.77,1,1.0,Resolved
INV-001128,CUST-0016,2025-01-31,2025-03-02,30,1756.11,0,,No Dispute
INV-001129,CUST-0016,2024-11-03,2024-12-03,30,3635.84,0,,No Dispute
INV-001130,CUST-0016,2024-05-23,2024-06-22,30,9906.97,0,,No Dispute
INV-001131,CUST-0016,2024-12-13,2025-01-12,30,10472.97,0,,No Dispute
INV-001132,CUST-0016,2025-02-05,2025-03-07,30,6030.84,0,,No Dispute
INV-001133,CUST-0016,2024-08-22,2024-09-21,30,7451.46,0,,No Dispute
INV-001134,CUST-0016,2024-03-16,2024-04-15,30,11413.0,0,,No Dispute
INV-001135,CUST-0016,2025-05-16,2025-06-15,30,10703.89,0,,No Dispute
INV-001136,CUST-0016,2025-01-16,2025-02-15,30,10625.54,0,,No Dispute
INV-001137,CUST-0016,2025-12-17,2026-01-16,30,7952.68,0,,No Dispute
INV-001138,CUST-0016,2025-04-11,2025-05-11,30,6704.37,0,,No Dispute
INV-001139,CUST-0016,2025-05-17,2025-06-16,30,2080.99,0,,No Dispute
INV-001140,CUST-0016,2024-12-29,2025-01-28,30,3534.03,0,,No Dispute
INV-001141,CUST-0017,2024-10-22,2024-11-21,30,10866.78,0,,No Dispute
INV-001142,CUST-0017,2024-08-31,2024-09-30,30,5867.89,0,,No Dispute
INV-001143,CUST-0017,2025-02-03,2025-03-05,30,5529.81,0,,No Dispute
INV-001144,CUST-0017,2024-06-11,2024-07-11,30,6136.11,0,,No Dispute
INV-001145,CUST-0017,2025-06-16,2025-07-16,30,10791.73,0,,No Dispute
INV-001146,CUST-0017,2025-08-22,2025-09-21,30,4569.18,0,,No Dispute
INV-001147,CUST-0017,2025-06-10,2025-07-10,30,2017.65,1,1.0,Resolved
INV-001148,CUST-0017,2025-01-30,2025-03-01,30,11705.48,1,3.0,Resolved
INV-001149,CUST-0017,2025-04-25,2025-05-25,30,2497.01,0,,No Dispute
INV-001150,CUST-0017,2025-03-14,2025-04-13,30,2687.93,0,,No Dispute
INV-001151,CUST-0017,2025-12-19,2026-01-18,30,6491.27,0,,No Dispute
INV-001152,CUST-0017,2025-03-15,2025-04-14,30,2979.12,0,,No Dispute
INV-001153,CUST-0017,2025-10-20,2025-11-19,30,2164.26,0,,No Dispute
INV-001154,CUST-0017,2024-04-04,2024-05-04,30,10231.53,0,,No Dispute
INV-001155,CUST-0017,2025-10-01,2025-10-31,30,7782.21,1,5.0,Resolved
INV-001156,CUST-0017,2024-04-24,2024-05-24,30,4221.76,1,2.0,Resolved
INV-001157,CUST-0017,2025-08-11,2025-09-10,30,8946.4,0,,No Dispute
INV-001158,CUST-0017,2024-11-15,2024-12-15,30,9711.02,0,,No Dispute
INV-001159,CUST-0017,2025-04-14,2025-05-14,30,11089.65,0,,No Dispute
INV-001160,CUST-0017,2024-07-14,2024-08-13,30,4570.11,0,,No Dispute
INV-001161,CUST-0017,2024-06-02,2024-07-02,30,2570.5,0,,No Dispute
INV-001162,CUST-0017,2025-10-03,2025-11-02,30,10313.78,0,,No Dispute
INV-001163,CUST-0017,2024-07-18,2024-08-17,30,6468.74,0,,No Dispute
INV-001164,CUST-0017,2025-02-19,2025-03-21,30,9914.2,0,,No Dispute
INV-001165,CUST-0017,2024-05-04,2024-06-03,30,7006.58,0,,No Dispute
INV-001166,CUST-0017,2025-04-17,2025-05-17,30,9841.03,0,,No Dispute
INV-001167,CUST-0017,2025-10-18,2025-11-17,30,6297.86,0,,No Dispute
INV-001168,CUST-0017,2025-08-29,2025-09-28,30,1827.34,0,,No Dispute
INV-001169,CUST-0017,2024-01-12,2024-02-11,30,8351.09,0,,No Dispute
INV-001170,CUST-0017,2024-11-19,2024-12-19,30,4199.74,0,,No Dispute
INV-001171,CUST-0017,2024-02-18,2024-03-19,30,10112.91,0,,No Dispute
INV-001172,CUST-0017,2025-09-28,2025-10-28,30,4977.69,0,,No Dispute
INV-001173,CUST-0017,2024-04-02,2024-05-02,30,11490.15,0,,No Dispute
INV-001174,CUST-0017,2025-07-13,2025-08-12,30,7069.97,0,,No Dispute
INV-001175,CUST-0017,2024-07-26,2024-08-25,30,3918.6,0,,No Dispute
INV-001176,CUST-0017,2025-11-30,2025-12-30,30,6127.93,0,,No Dispute
INV-001177,CUST-0017,2025-10-29,2025-11-28,30,7846.0,0,,No Dispute
INV-001178,CUST-0017,2025-06-11,2025-07-11,30,9758.07,1,4.0,Resolved
INV-001179,CUST-0017,2024-04-21,2024-05-21,30,4544.87,0,,No Dispute
INV-001180,CUST-0017,2024-03-01,2024-03-31,30,1839.39,0,,No Dispute
INV-001181,CUST-0017,2024-12-07,2025-01-06,30,2167.13,0,,No Dispute
INV-001182,CUST-0017,2025-10-23,2025-11-22,30,5743.56,0,,No Dispute
INV-001183,CUST-0017,2024-04-22,2024-05-22,30,8941.15,0,,No Dispute
INV-001184,CUST-0017,2024-05-11,2024-06-10,30,2583.04,0,,No Dispute
INV-001185,CUST-0017,2025-08-04,2025-09-03,30,5724.09,0,,No Dispute
INV-001186,CUST-0017,2024-08-13,2024-09-12,30,6659.78,0,,No Dispute
INV-001187,CUST-0017,2025-02-06,2025-03-08,30,2635.78,0,,No Dispute
INV-001188,CUST-0017,2025-09-22,2025-10-22,30,8199.97,0,,No Dispute
INV-001189,CUST-0017,2025-11-17,2025-12-17,30,1571.28,0,,No Dispute
INV-001190,CUST-0017,2025-09-23,2025-10-23,30,4030.46,0,,No Dispute
INV-001191,CUST-0017,2025-04-08,2025-05-08,30,9456.22,0,,No Dispute
INV-001192,CUST-0017,2024-07-20,2024-08-19,30,8472.78,0,,No Dispute
INV-001193,CUST-0017,2025-12-24,2026-01-23,30,11800.36,0,,No Dispute
INV-001194,CUST-0017,2025-02-04,2025-03-06,30,5353.48,0,,No Dispute
INV-001195,CUST-0017,2025-07-23,2025-08-22,30,9945.2,0,,No Dispute
INV-001196,CUST-0017,2024-02-28,2024-03-29,30,2820.92,0,,No Dispute
INV-001197,CUST-0017,2024-09-12,2024-10-12,30,2517.63,0,,No Dispute
INV-001198,CUST-0017,2024-08-14,2024-09-13,30,8956.82,0,,No Dispute
INV-001199,CUST-0017,2024-10-19,2024-11-18,30,8511.97,1,3.0,Open
INV-001200,CUST-0017,2025-05-22,2025-06-21,30,9019.56,0,,No Dispute
INV-001201,CUST-0017,2025-10-08,2025-11-07,30,7943.93,0,,No Dispute
INV-001202,CUST-0017,2025-09-11,2025-10-11,30,4858.74,0,,No Dispute
INV-001203,CUST-0017,2024-06-30,2024-07-30,30,10062.62,0,,No Dispute
INV-001204,CUST-0017,2025-12-23,2026-01-22,30,1853.32,0,,No Dispute
INV-001205,CUST-0017,2025-10-17,2025-11-16,30,9090.77,0,,No Dispute
INV-001206,CUST-0017,2025-06-08,2025-07-08,30,10924.05,0,,No Dispute
INV-001207,CUST-0017,2025-11-10,2025-12-10,30,8831.86,0,,No Dispute
INV-001208,CUST-0017,2025-07-12,2025-08-11,30,2809.32,0,,No Dispute
INV-001209,CUST-0017,2025-12-07,2026-01-06,30,7972.84,0,,No Dispute
INV-001210,CUST-0017,2024-11-06,2024-12-06,30,2325.95,0,,No Dispute
INV-001211,CUST-0017,2024-03-12,2024-04-11,30,7207.17,0,,No Dispute
INV-001212,CUST-0017,2024-02-09,2024-03-10,30,6378.12,0,,No Dispute
INV-001213,CUST-0017,2025-12-01,2025-12-31,30,6355.8,0,,No Dispute
INV-001214,CUST-0017,2025-11-15,2025-12-15,30,3387.88,0,,No Dispute
INV-001215,CUST-0017,2024-01-31,2024-03-01,30,1973.43,0,,No Dispute
INV-001216,CUST-0017,2025-11-13,2025-12-13,30,10258.46,0,,No Dispute
INV-001217,CUST-0017,2024-06-05,2024-07-05,30,2042.7,0,,No Dispute
INV-001218,CUST-0017,2025-02-24,2025-03-26,30,6929.77,0,,No Dispute
INV-001219,CUST-0017,2025-03-10,2025-04-09,30,3141.48,0,,No Dispute
INV-001220,CUST-0017,2025-07-07,2025-08-06,30,4412.14,0,,No Dispute
INV-001221,CUST-0017,2025-01-05,2025-02-04,30,2200.16,0,,No Dispute
INV-001222,CUST-0017,2024-10-07,2024-11-06,30,6438.9,0,,No Dispute
INV-001223,CUST-0017,2024-04-21,2024-05-21,30,8893.1,0,,No Dispute
INV-001224,CUST-0017,2025-07-10,2025-08-09,30,10386.02,0,,No Dispute
INV-001225,CUST-0017,2024-07-14,2024-08-13,30,11796.81,0,,No Dispute
INV-001226,CUST-0017,2024-01-08,2024-02-07,30,7492.17,0,,No Dispute
INV-001227,CUST-0017,2024-01-26,2024-02-25,30,1621.02,0,,No Dispute
INV-001228,CUST-0017,2024-07-26,2024-08-25,30,2868.4,0,,No Dispute
INV-001229,CUST-0017,2025-12-18,2026-01-17,30,3514.28,0,,No Dispute
INV-001230,CUST-0017,2025-07-10,2025-08-09,30,8367.24,0,,No Dispute
INV-001231,CUST-0017,2024-06-24,2024-07-24,30,2733.5,0,,No Dispute
INV-001232,CUST-0017,2024-05-20,2024-06-19,30,11422.34,0,,No Dispute
INV-001233,CUST-0017,2025-04-21,2025-05-21,30,11602.95,0,,No Dispute
INV-001234,CUST-0017,2024-08-18,2024-09-17,30,4742.9,0,,No Dispute
INV-001235,CUST-0017,2024-11-06,2024-12-06,30,3811.36,0,,No Dispute
INV-001236,CUST-0017,2025-12-30,2026-01-29,30,6987.01,0,,No Dispute
INV-001237,CUST-0017,2024-12-12,2025-01-11,30,9540.51,0,,No Dispute
INV-001238,CUST-0017,2025-07-26,2025-08-25,30,2917.9,0,,No Dispute
INV-001239,CUST-0017,2024-12-09,2025-01-08,30,7333.98,0,,No Dispute
INV-001240,CUST-0017,2025-04-08,2025-05-08,30,11708.41,0,,No Dispute
INV-001241,CUST-0018,2024-05-04,2024-06-03,30,11190.77,0,,No Dispute
INV-001242,CUST-0018,2025-06-10,2025-07-10,30,10385.04,0,,No Dispute
INV-001243,CUST-0018,2025-05-04,2025-06-03,30,1736.3,0,,No Dispute
INV-001244,CUST-0018,2025-07-08,2025-08-07,30,9767.16,0,,No Dispute
INV-001245,CUST-0018,2025-06-29,2025-07-29,30,10720.21,0,,No Dispute
INV-001246,CUST-0018,2025-07-03,2025-08-02,30,10066.48,0,,No Dispute
INV-001247,CUST-0018,2024-09-27,2024-10-27,30,5759.0,0,,No Dispute
INV-001248,CUST-0018,2024-11-04,2024-12-04,30,5903.57,0,,No Dispute
INV-001249,CUST-0018,2024-09-16,2024-10-16,30,10949.05,0,,No Dispute
INV-001250,CUST-0018,2025-05-28,2025-06-27,30,4447.45,0,,No Dispute
INV-001251,CUST-0018,2024-07-30,2024-08-29,30,3765.94,0,,No Dispute
INV-001252,CUST-0018,2024-03-03,2024-04-02,30,2947.9,0,,No Dispute
INV-001253,CUST-0018,2024-09-15,2024-10-15,30,9236.45,0,,No Dispute
INV-001254,CUST-0018,2025-06-04,2025-07-04,30,5351.46,0,,No Dispute
INV-001255,CUST-0018,2024-09-22,2024-10-22,30,10733.67,0,,No Dispute
INV-001256,CUST-0018,2025-10-21,2025-11-20,30,5381.25,0,,No Dispute
INV-001257,CUST-0018,2025-08-06,2025-09-05,30,11801.88,0,,No Dispute
INV-001258,CUST-0018,2024-04-16,2024-05-16,30,7614.75,0,,No Dispute
INV-001259,CUST-0018,2024-08-18,2024-09-17,30,6020.18,0,,No Dispute
INV-001260,CUST-0018,2025-01-28,2025-02-27,30,6801.19,0,,No Dispute
INV-001261,CUST-0018,2025-04-01,2025-05-01,30,7130.02,0,,No Dispute
INV-001262,CUST-0018,2025-01-29,2025-02-28,30,9563.65,0,,No Dispute
INV-001263,CUST-0018,2025-03-23,2025-04-22,30,10918.44,0,,No Dispute
INV-001264,CUST-0018,2025-12-06,2026-01-05,30,6054.1,0,,No Dispute
INV-001265,CUST-0018,2025-11-08,2025-12-08,30,3302.86,0,,No Dispute
INV-001266,CUST-0018,2025-05-30,2025-06-29,30,7231.98,1,2.0,Resolved
INV-001267,CUST-0018,2024-11-28,2024-12-28,30,11865.75,0,,No Dispute
INV-001268,CUST-0018,2024-04-10,2024-05-10,30,7865.12,0,,No Dispute
INV-001269,CUST-0018,2024-03-14,2024-04-13,30,1562.2,0,,No Dispute
INV-001270,CUST-0018,2024-08-20,2024-09-19,30,10197.97,0,,No Dispute
INV-001271,CUST-0018,2025-12-04,2026-01-03,30,6783.8,0,,No Dispute
INV-001272,CUST-0018,2025-07-13,2025-08-12,30,5979.21,0,,No Dispute
INV-001273,CUST-0018,2024-10-12,2024-11-11,30,10590.14,0,,No Dispute
INV-001274,CUST-0018,2024-01-13,2024-02-12,30,3106.1,0,,No Dispute
INV-001275,CUST-0018,2024-05-09,2024-06-08,30,2339.82,0,,No Dispute
INV-001276,CUST-0018,2025-06-10,2025-07-10,30,2066.29,0,,No Dispute
INV-001277,CUST-0018,2024-06-23,2024-07-23,30,8932.75,0,,No Dispute
INV-001278,CUST-0018,2025-04-02,2025-05-02,30,3740.31,0,,No Dispute
INV-001279,CUST-0018,2025-06-16,2025-07-16,30,9963.12,0,,No Dispute
INV-001280,CUST-0018,2025-08-11,2025-09-10,30,4240.8,0,,No Dispute
INV-001281,CUST-0018,2025-06-07,2025-07-07,30,7120.15,0,,No Dispute
INV-001282,CUST-0018,2025-03-22,2025-04-21,30,3002.35,0,,No Dispute
INV-001283,CUST-0018,2025-09-20,2025-10-20,30,2728.97,0,,No Dispute
INV-001284,CUST-0018,2024-08-11,2024-09-10,30,5242.06,0,,No Dispute
INV-001285,CUST-0018,2024-04-02,2024-05-02,30,9525.4,0,,No Dispute
INV-001286,CUST-0018,2024-01-20,2024-02-19,30,5855.9,0,,No Dispute
INV-001287,CUST-0018,2025-08-05,2025-09-04,30,10380.32,0,,No Dispute
INV-001288,CUST-0018,2025-06-19,2025-07-19,30,11924.44,0,,No Dispute
INV-001289,CUST-0018,2024-10-14,2024-11-13,30,4954.56,0,,No Dispute
INV-001290,CUST-0018,2024-11-13,2024-12-13,30,9689.58,0,,No Dispute
INV-001291,CUST-0018,2024-06-17,2024-07-17,30,7521.75,0,,No Dispute
INV-001292,CUST-0018,2024-04-30,2024-05-30,30,8352.44,0,,No Dispute
INV-001293,CUST-0018,2025-06-14,2025-07-14,30,7883.56,0,,No Dispute
INV-001294,CUST-0018,2025-05-22,2025-06-21,30,1633.94,0,,No Dispute
INV-001295,CUST-0018,2025-05-25,2025-06-24,30,2906.74,0,,No Dispute
INV-001296,CUST-0018,2024-08-26,2024-09-25,30,4996.58,0,,No Dispute
INV-001297,CUST-0018,2024-04-06,2024-05-06,30,4856.35,0,,No Dispute
INV-001298,CUST-0018,2025-04-19,2025-05-19,30,11794.94,0,,No Dispute
INV-001299,CUST-0018,2025-11-03,2025-12-03,30,2288.48,0,,No Dispute
INV-001300,CUST-0018,2025-03-09,2025-04-08,30,7870.56,0,,No Dispute
INV-001301,CUST-0018,2024-09-14,2024-10-14,30,3554.93,1,2.0,Resolved
INV-001302,CUST-0018,2024-08-28,2024-09-27,30,9217.32,0,,No Dispute
INV-001303,CUST-0018,2024-06-14,2024-07-14,30,9075.64,1,1.0,Resolved
INV-001304,CUST-0018,2024-05-20,2024-06-19,30,3887.93,0,,No Dispute
INV-001305,CUST-0018,2025-12-01,2025-12-31,30,8709.16,0,,No Dispute
INV-001306,CUST-0018,2024-01-22,2024-02-21,30,10006.32,0,,No Dispute
INV-001307,CUST-0018,2024-03-24,2024-04-23,30,4419.51,0,,No Dispute
INV-001308,CUST-0018,2025-08-02,2025-09-01,30,1779.33,0,,No Dispute
INV-001309,CUST-0018,2025-01-13,2025-02-12,30,6230.63,1,1.0,Open
INV-001310,CUST-0018,2024-05-16,2024-06-15,30,9230.94,0,,No Dispute
INV-001311,CUST-0018,2025-06-15,2025-07-15,30,3266.42,0,,No Dispute
INV-001312,CUST-0018,2024-07-19,2024-08-18,30,8311.3,0,,No Dispute
INV-001313,CUST-0018,2025-11-14,2025-12-14,30,8726.45,0,,No Dispute
INV-001314,CUST-0018,2024-11-14,2024-12-14,30,6906.76,0,,No Dispute
INV-001315,CUST-0018,2025-01-31,2025-03-02,30,7409.53,1,2.0,Resolved
INV-001316,CUST-0018,2025-05-10,2025-06-09,30,4662.17,0,,No Dispute
INV-001317,CUST-0018,2025-07-22,2025-08-21,30,8424.18,0,,No Dispute
INV-001318,CUST-0018,2024-04-19,2024-05-19,30,4571.67,0,,No Dispute
INV-001319,CUST-0018,2024-02-11,2024-03-12,30,10662.03,0,,No Dispute
INV-001320,CUST-0018,2024-06-26,2024-07-26,30,4455.85,0,,No Dispute
INV-001321,CUST-0018,2025-04-08,2025-05-08,30,7559.78,0,,No Dispute
INV-001322,CUST-0018,2024-09-30,2024-10-30,30,4196.73,0,,No Dispute
INV-001323,CUST-0018,2024-01-26,2024-02-25,30,6925.73,0,,No Dispute
INV-001324,CUST-0019,2024-03-21,2024-05-20,60,14660.19,0,,No Dispute
INV-001325,CUST-0019,2024-02-22,2024-04-22,60,26918.95,0,,No Dispute
INV-001326,CUST-0019,2024-05-20,2024-07-19,60,30119.9,0,,No Dispute
INV-001327,CUST-0019,2025-01-05,2025-03-06,60,14989.97,0,,No Dispute
INV-001328,CUST-0019,2025-01-04,2025-03-05,60,25189.07,0,,No Dispute
INV-001329,CUST-0019,2024-12-17,2025-02-15,60,6117.11,0,,No Dispute
INV-001330,CUST-0019,2025-09-14,2025-11-13,60,8235.27,0,,No Dispute
INV-001331,CUST-0019,2024-04-29,2024-06-28,60,19112.73,0,,No Dispute
INV-001332,CUST-0019,2024-12-30,2025-02-28,60,26903.23,0,,No Dispute
INV-001333,CUST-0019,2025-09-15,2025-11-14,60,13799.03,0,,No Dispute
INV-001334,CUST-0019,2024-10-29,2024-12-28,60,29006.52,0,,No Dispute
INV-001335,CUST-0019,2024-09-23,2024-11-22,60,16226.22,0,,No Dispute
INV-001336,CUST-0019,2025-11-30,2026-01-29,60,19062.02,0,,No Dispute
INV-001337,CUST-0019,2024-10-30,2024-12-29,60,17994.4,0,,No Dispute
INV-001338,CUST-0019,2025-06-16,2025-08-15,60,24815.85,0,,No Dispute
INV-001339,CUST-0019,2025-07-07,2025-09-05,60,27094.51,0,,No Dispute
INV-001340,CUST-0019,2024-05-03,2024-07-02,60,15848.43,0,,No Dispute
INV-001341,CUST-0019,2024-04-02,2024-06-01,60,12478.94,0,,No Dispute
INV-001342,CUST-0019,2024-01-24,2024-03-24,60,5860.89,0,,No Dispute
INV-001343,CUST-0019,2025-03-07,2025-05-06,60,20204.42,1,1.0,Resolved
INV-001344,CUST-0019,2024-11-13,2025-01-12,60,31778.03,0,,No Dispute
INV-001345,CUST-0019,2025-11-22,2026-01-21,60,27765.8,0,,No Dispute
INV-001346,CUST-0019,2025-11-16,2026-01-15,60,20405.16,0,,No Dispute
INV-001347,CUST-0019,2025-01-03,2025-03-04,60,7054.29,0,,No Dispute
INV-001348,CUST-0019,2025-06-05,2025-08-04,60,30433.77,0,,No Dispute
INV-001349,CUST-0019,2024-06-16,2024-08-15,60,26326.91,0,,No Dispute
INV-001350,CUST-0019,2025-11-24,2026-01-23,60,17188.01,0,,No Dispute
INV-001351,CUST-0019,2024-09-15,2024-11-14,60,8309.75,0,,No Dispute
INV-001352,CUST-0019,2025-01-14,2025-03-15,60,8414.97,0,,No Dispute
INV-001353,CUST-0019,2025-02-08,2025-04-09,60,11398.47,0,,No Dispute
INV-001354,CUST-0019,2025-09-27,2025-11-26,60,24358.33,0,,No Dispute
INV-001355,CUST-0019,2025-08-17,2025-10-16,60,31717.04,0,,No Dispute
INV-001356,CUST-0019,2025-04-07,2025-06-06,60,9823.9,0,,No Dispute
INV-001357,CUST-0019,2025-06-09,2025-08-08,60,10929.71,0,,No Dispute
INV-001358,CUST-0019,2025-09-08,2025-11-07,60,31365.55,0,,No Dispute
INV-001359,CUST-0019,2024-01-10,2024-03-10,60,27704.94,0,,No Dispute
INV-001360,CUST-0019,2025-01-31,2025-04-01,60,19818.73,0,,No Dispute
INV-001361,CUST-0019,2024-03-07,2024-05-06,60,30472.56,0,,No Dispute
INV-001362,CUST-0019,2024-04-10,2024-06-09,60,9846.51,0,,No Dispute
INV-001363,CUST-0019,2025-10-01,2025-11-30,60,14385.19,0,,No Dispute
INV-001364,CUST-0019,2024-12-02,2025-01-31,60,30583.41,0,,No Dispute
INV-001365,CUST-0019,2025-08-16,2025-10-15,60,17483.77,0,,No Dispute
INV-001366,CUST-0019,2024-04-24,2024-06-23,60,10616.66,0,,No Dispute
INV-001367,CUST-0019,2024-10-11,2024-12-10,60,8719.6,0,,No Dispute
INV-001368,CUST-0019,2025-09-13,2025-11-12,60,14284.05,0,,No Dispute
INV-001369,CUST-0019,2024-06-19,2024-08-18,60,21313.55,0,,No Dispute
INV-001370,CUST-0019,2024-08-05,2024-10-04,60,11167.04,0,,No Dispute
INV-001371,CUST-0019,2025-10-23,2025-12-22,60,28067.34,0,,No Dispute
INV-001372,CUST-0019,2025-06-19,2025-08-18,60,12691.02,0,,No Dispute
INV-001373,CUST-0019,2025-11-18,2026-01-17,60,22082.79,0,,No Dispute
INV-001374,CUST-0019,2024-02-18,2024-04-18,60,9813.07,0,,No Dispute
INV-001375,CUST-0019,2025-12-12,2026-02-10,60,26944.44,0,,No Dispute
INV-001376,CUST-0019,2025-08-21,2025-10-20,60,7544.49,0,,No Dispute
INV-001377,CUST-0019,2025-08-25,2025-10-24,60,27720.92,1,2.0,Resolved
INV-001378,CUST-0019,2024-08-17,2024-10-16,60,7345.3,0,,No Dispute
INV-001379,CUST-0019,2025-04-21,2025-06-20,60,22317.62,0,,No Dispute
INV-001380,CUST-0019,2025-04-26,2025-06-25,60,20740.96,0,,No Dispute
INV-001381,CUST-0019,2024-10-02,2024-12-01,60,27374.01,0,,No Dispute
INV-001382,CUST-0019,2025-01-02,2025-03-03,60,13001.4,0,,No Dispute
INV-001383,CUST-0019,2024-01-06,2024-03-06,60,7821.02,0,,No Dispute
INV-001384,CUST-0019,2024-06-28,2024-08-27,60,26402.29,0,,No Dispute
INV-001385,CUST-0019,2024-09-22,2024-11-21,60,15265.26,0,,No Dispute
INV-001386,CUST-0019,2024-05-11,2024-07-10,60,18149.43,0,,No Dispute
INV-001387,CUST-0019,2025-09-18,2025-11-17,60,24482.57,0,,No Dispute
INV-001388,CUST-0019,2025-03-21,2025-05-20,60,9554.94,0,,No Dispute
INV-001389,CUST-0019,2024-09-21,2024-11-20,60,15088.14,0,,No Dispute
INV-001390,CUST-0019,2024-06-11,2024-08-10,60,7871.94,0,,No Dispute
INV-001391,CUST-0019,2024-10-27,2024-12-26,60,9837.85,0,,No Dispute
INV-001392,CUST-0019,2025-02-08,2025-04-09,60,21621.52,0,,No Dispute
INV-001393,CUST-0019,2024-01-12,2024-03-12,60,19727.33,0,,No Dispute
INV-001394,CUST-0019,2025-11-13,2026-01-12,60,19372.38,0,,No Dispute
INV-001395,CUST-0019,2024-01-29,2024-03-29,60,24448.72,0,,No Dispute
INV-001396,CUST-0019,2024-03-31,2024-05-30,60,12684.48,0,,No Dispute
INV-001397,CUST-0019,2024-06-28,2024-08-27,60,14804.58,0,,No Dispute
INV-001398,CUST-0019,2024-10-30,2024-12-29,60,21015.21,0,,No Dispute
INV-001399,CUST-0019,2024-07-09,2024-09-07,60,15637.66,0,,No Dispute
INV-001400,CUST-0019,2025-04-19,2025-06-18,60,24800.76,0,,No Dispute
INV-001401,CUST-0019,2025-09-09,2025-11-08,60,23821.46,0,,No Dispute
INV-001402,CUST-0019,2025-08-25,2025-10-24,60,14187.42,0,,No Dispute
INV-001403,CUST-0019,2025-06-06,2025-08-05,60,9208.78,0,,No Dispute
INV-001404,CUST-0019,2024-07-27,2024-09-25,60,11811.27,0,,No Dispute
INV-001405,CUST-0019,2025-04-08,2025-06-07,60,19785.52,0,,No Dispute
INV-001406,CUST-0019,2024-01-27,2024-03-27,60,15977.33,0,,No Dispute
INV-001407,CUST-0019,2024-08-24,2024-10-23,60,9139.0,0,,No Dispute
INV-001408,CUST-0019,2024-01-09,2024-03-09,60,19039.95,0,,No Dispute
INV-001409,CUST-0019,2025-07-16,2025-09-14,60,11583.75,0,,No Dispute
INV-001410,CUST-0019,2025-09-10,2025-11-09,60,31241.96,0,,No Dispute
INV-001411,CUST-0019,2025-07-04,2025-09-02,60,16423.04,0,,No Dispute
INV-001412,CUST-0019,2024-06-11,2024-08-10,60,26680.09,0,,No Dispute
INV-001413,CUST-0019,2024-04-10,2024-06-09,60,23586.09,0,,No Dispute
INV-001414,CUST-0019,2025-12-17,2026-02-15,60,21281.1,0,,No Dispute
INV-001415,CUST-0019,2024-01-17,2024-03-17,60,23033.96,0,,No Dispute
INV-001416,CUST-0019,2025-01-03,2025-03-04,60,31653.53,0,,No Dispute
INV-001417,CUST-0019,2025-06-05,2025-08-04,60,23875.87,0,,No Dispute
INV-001418,CUST-0019,2025-06-01,2025-07-31,60,20126.52,0,,No Dispute
INV-001419,CUST-0019,2025-03-01,2025-04-30,60,6282.98,0,,No Dispute
INV-001420,CUST-0019,2025-08-17,2025-10-16,60,15474.71,0,,No Dispute
INV-001421,CUST-0019,2024-03-11,2024-05-10,60,17865.21,0,,No Dispute
INV-001422,CUST-0019,2024-01-13,2024-03-13,60,30983.45,0,,No Dispute
INV-001423,CUST-0019,2024-11-01,2024-12-31,60,25713.84,0,,No Dispute
INV-001424,CUST-0019,2025-05-09,2025-07-08,60,26079.78,0,,No Dispute
INV-001425,CUST-0019,2025-04-08,2025-06-07,60,5071.07,0,,No Dispute
INV-001426,CUST-0019,2025-10-01,2025-11-30,60,11113.6,0,,No Dispute
INV-001427,CUST-0019,2025-01-29,2025-03-30,60,26411.28,0,,No Dispute
INV-001428,CUST-0019,2025-08-22,2025-10-21,60,19976.88,0,,No Dispute
INV-001429,CUST-0019,2025-03-23,2025-05-22,60,26139.22,0,,No Dispute
INV-001430,CUST-0019,2024-07-22,2024-09-20,60,28000.98,0,,No Dispute
INV-001431,CUST-0019,2025-01-17,2025-03-18,60,5973.01,0,,No Dispute
INV-001432,CUST-0019,2025-03-26,2025-05-25,60,10984.48,0,,No Dispute
INV-001433,CUST-0019,2025-10-13,2025-12-12,60,22740.76,0,,No Dispute
INV-001434,CUST-0019,2025-08-06,2025-10-05,60,25682.7,0,,No Dispute
INV-001435,CUST-0019,2024-07-28,2024-09-26,60,19513.12,0,,No Dispute
INV-001436,CUST-0019,2025-01-27,2025-03-28,60,23782.3,0,,No Dispute
INV-001437,CUST-0019,2024-09-29,2024-11-28,60,7128.09,0,,No Dispute
INV-001438,CUST-0019,2024-11-11,2025-01-10,60,29995.3,0,,No Dispute
INV-001439,CUST-0019,2024-05-31,2024-07-30,60,8532.74,0,,No Dispute
INV-001440,CUST-0019,2024-05-20,2024-07-19,60,31632.32,0,,No Dispute
INV-001441,CUST-0019,2025-12-16,2026-02-14,60,5598.23,0,,No Dispute
INV-001442,CUST-0019,2024-09-28,2024-11-27,60,31850.15,0,,No Dispute
INV-001443,CUST-0019,2024-02-25,2024-04-25,60,11727.71,0,,No Dispute
INV-001444,CUST-0019,2025-02-03,2025-04-04,60,11613.74,0,,No Dispute
INV-001445,CUST-0019,2025-09-09,2025-11-08,60,24176.57,0,,No Dispute
INV-001446,CUST-0019,2025-10-27,2025-12-26,60,6504.86,0,,No Dispute
INV-001447,CUST-0019,2024-05-28,2024-07-27,60,7120.23,0,,No Dispute
INV-001448,CUST-0020,2024-08-31,2024-10-30,60,11772.42,0,,No Dispute
INV-001449,CUST-0020,2024-10-22,2024-12-21,60,9568.7,0,,No Dispute
INV-001450,CUST-0020,2025-04-05,2025-06-04,60,6711.19,0,,No Dispute
INV-001451,CUST-0020,2024-02-03,2024-04-03,60,7408.03,0,,No Dispute
INV-001452,CUST-0020,2024-03-03,2024-05-02,60,7301.29,0,,No Dispute
INV-001453,CUST-0020,2025-11-22,2026-01-21,60,2552.53,0,,No Dispute
INV-001454,CUST-0020,2024-01-09,2024-03-09,60,5416.57,0,,No Dispute
INV-001455,CUST-0020,2025-07-22,2025-09-20,60,1502.53,0,,No Dispute
INV-001456,CUST-0020,2025-10-31,2025-12-30,60,6240.71,0,,No Dispute
INV-001457,CUST-0020,2024-10-30,2024-12-29,60,4417.25,0,,No Dispute
INV-001458,CUST-0020,2025-06-11,2025-08-10,60,6172.7,0,,No Dispute
INV-001459,CUST-0020,2024-05-07,2024-07-06,60,10930.51,0,,No Dispute
INV-001460,CUST-0020,2024-02-08,2024-04-08,60,10151.79,0,,No Dispute
INV-001461,CUST-0020,2025-01-20,2025-03-21,60,7476.09,0,,No Dispute
INV-001462,CUST-0020,2025-12-24,2026-02-22,60,4843.93,0,,No Dispute
INV-001463,CUST-0020,2024-11-03,2025-01-02,60,11765.58,0,,No Dispute
INV-001464,CUST-0020,2025-09-20,2025-11-19,60,9012.81,0,,No Dispute
INV-001465,CUST-0020,2024-02-28,2024-04-28,60,11548.41,0,,No Dispute
INV-001466,CUST-0020,2025-04-15,2025-06-14,60,2804.49,0,,No Dispute
INV-001467,CUST-0020,2025-11-18,2026-01-17,60,3809.99,0,,No Dispute
INV-001468,CUST-0020,2024-01-14,2024-03-14,60,10923.84,0,,No Dispute
INV-001469,CUST-0020,2025-09-26,2025-11-25,60,11300.44,0,,No Dispute
INV-001470,CUST-0020,2025-08-09,2025-10-08,60,8886.84,0,,No Dispute
INV-001471,CUST-0020,2024-09-02,2024-11-01,60,7382.2,0,,No Dispute
INV-001472,CUST-0020,2025-01-28,2025-03-29,60,3358.95,1,4.0,Resolved
INV-001473,CUST-0020,2024-08-06,2024-10-05,60,3623.91,0,,No Dispute
INV-001474,CUST-0020,2024-08-07,2024-10-06,60,3685.15,0,,No Dispute
INV-001475,CUST-0020,2024-11-23,2025-01-22,60,6427.54,0,,No Dispute
INV-001476,CUST-0020,2024-03-17,2024-05-16,60,6332.17,0,,No Dispute
INV-001477,CUST-0020,2024-11-05,2025-01-04,60,7031.07,0,,No Dispute
INV-001478,CUST-0020,2024-08-06,2024-10-05,60,3055.41,0,,No Dispute
INV-001479,CUST-0020,2025-05-17,2025-07-16,60,11331.6,0,,No Dispute
INV-001480,CUST-0020,2025-11-04,2026-01-03,60,6142.62,0,,No Dispute
INV-001481,CUST-0020,2024-08-21,2024-10-20,60,1722.31,0,,No Dispute
INV-001482,CUST-0020,2024-03-21,2024-05-20,60,5875.87,0,,No Dispute
INV-001483,CUST-0020,2024-10-09,2024-12-08,60,10193.08,0,,No Dispute
INV-001484,CUST-0020,2025-12-22,2026-02-20,60,11707.01,0,,No Dispute
INV-001485,CUST-0020,2024-11-08,2025-01-07,60,3718.49,0,,No Dispute
INV-001486,CUST-0020,2025-07-11,2025-09-09,60,4260.25,1,3.0,Resolved
INV-001487,CUST-0020,2024-10-03,2024-12-02,60,9419.96,1,1.0,Resolved
INV-001488,CUST-0020,2025-05-03,2025-07-02,60,8659.25,0,,No Dispute
INV-001489,CUST-0020,2024-09-16,2024-11-15,60,8064.78,0,,No Dispute
INV-001490,CUST-0020,2024-05-15,2024-07-14,60,11208.54,0,,No Dispute
INV-001491,CUST-0020,2024-04-29,2024-06-28,60,10508.5,0,,No Dispute
INV-001492,CUST-0020,2025-12-28,2026-02-26,60,9853.61,0,,No Dispute
INV-001493,CUST-0020,2025-04-10,2025-06-09,60,6480.42,0,,No Dispute
INV-001494,CUST-0020,2025-07-29,2025-09-27,60,10673.56,0,,No Dispute
INV-001495,CUST-0020,2025-12-19,2026-02-17,60,10533.89,0,,No Dispute
INV-001496,CUST-0020,2025-09-18,2025-11-17,60,5814.68,0,,No Dispute
INV-001497,CUST-0020,2024-02-16,2024-04-16,60,10684.37,0,,No Dispute
INV-001498,CUST-0020,2025-07-08,2025-09-06,60,9308.1,0,,No Dispute
INV-001499,CUST-0020,2025-09-07,2025-11-06,60,4707.03,0,,No Dispute
INV-001500,CUST-0020,2024-08-26,2024-10-25,60,1798.8,0,,No Dispute
INV-001501,CUST-0020,2025-02-25,2025-04-26,60,8649.75,0,,No Dispute
INV-001502,CUST-0020,2024-06-09,2024-08-08,60,8906.5,0,,No Dispute
INV-001503,CUST-0020,2024-01-02,2024-03-02,60,8921.3,0,,No Dispute
INV-001504,CUST-0020,2025-08-06,2025-10-05,60,10535.37,0,,No Dispute
INV-001505,CUST-0020,2025-03-03,2025-05-02,60,4373.95,0,,No Dispute
INV-001506,CUST-0020,2025-04-12,2025-06-11,60,9375.64,0,,No Dispute
INV-001507,CUST-0020,2024-09-01,2024-10-31,60,9826.59,0,,No Dispute
INV-001508,CUST-0020,2025-08-15,2025-10-14,60,8656.02,0,,No Dispute
INV-001509,CUST-0020,2024-08-23,2024-10-22,60,6446.37,0,,No Dispute
INV-001510,CUST-0020,2025-03-17,2025-05-16,60,2430.65,0,,No Dispute
INV-001511,CUST-0020,2025-11-25,2026-01-24,60,11218.06,0,,No Dispute
INV-001512,CUST-0020,2025-10-31,2025-12-30,60,8511.66,0,,No Dispute
INV-001513,CUST-0020,2025-03-25,2025-05-24,60,10119.55,0,,No Dispute
INV-001514,CUST-0020,2024-10-12,2024-12-11,60,11978.11,0,,No Dispute
INV-001515,CUST-0020,2024-01-09,2024-03-09,60,11083.36,0,,No Dispute
INV-001516,CUST-0020,2024-09-01,2024-10-31,60,8908.76,0,,No Dispute
INV-001517,CUST-0020,2024-12-23,2025-02-21,60,3597.15,0,,No Dispute
INV-001518,CUST-0020,2025-04-22,2025-06-21,60,7941.18,0,,No Dispute
INV-001519,CUST-0020,2024-02-19,2024-04-19,60,11981.91,0,,No Dispute
INV-001520,CUST-0020,2025-08-28,2025-10-27,60,6282.45,0,,No Dispute
INV-001521,CUST-0020,2024-01-16,2024-03-16,60,6624.97,0,,No Dispute
INV-001522,CUST-0020,2025-01-13,2025-03-14,60,9534.11,0,,No Dispute
INV-001523,CUST-0020,2025-02-25,2025-04-26,60,8154.68,0,,No Dispute
INV-001524,CUST-0020,2024-03-18,2024-05-17,60,5492.53,0,,No Dispute
INV-001525,CUST-0020,2025-08-31,2025-10-30,60,7326.78,0,,No Dispute
INV-001526,CUST-0020,2024-06-05,2024-08-04,60,4051.52,0,,No Dispute
INV-001527,CUST-0020,2025-11-13,2026-01-12,60,10881.16,0,,No Dispute
INV-001528,CUST-0020,2024-01-05,2024-03-05,60,6719.97,0,,No Dispute
INV-001529,CUST-0020,2024-08-11,2024-10-10,60,4511.36,0,,No Dispute
INV-001530,CUST-0020,2024-12-16,2025-02-14,60,10086.85,0,,No Dispute
INV-001531,CUST-0020,2025-09-12,2025-11-11,60,2260.43,0,,No Dispute
INV-001532,CUST-0020,2025-12-19,2026-02-17,60,8248.9,0,,No Dispute
INV-001533,CUST-0020,2024-02-07,2024-04-07,60,5134.17,0,,No Dispute
INV-001534,CUST-0020,2025-11-15,2026-01-14,60,11993.33,0,,No Dispute
INV-001535,CUST-0020,2024-08-01,2024-09-30,60,5313.49,0,,No Dispute
INV-001536,CUST-0020,2025-09-25,2025-11-24,60,9475.4,0,,No Dispute
INV-001537,CUST-0020,2024-05-15,2024-07-14,60,4284.14,0,,No Dispute
INV-001538,CUST-0020,2024-05-25,2024-07-24,60,7801.91,0,,No Dispute
INV-001539,CUST-0020,2024-11-28,2025-01-27,60,3020.95,0,,No Dispute
INV-001540,CUST-0020,2024-06-15,2024-08-14,60,6962.23,0,,No Dispute
INV-001541,CUST-0020,2024-10-16,2024-12-15,60,6078.44,0,,No Dispute
INV-001542,CUST-0020,2025-05-21,2025-07-20,60,11058.64,0,,No Dispute
INV-001543,CUST-0020,2025-06-02,2025-08-01,60,9579.6,0,,No Dispute
INV-001544,CUST-0020,2024-07-22,2024-09-20,60,8090.01,0,,No Dispute
INV-001545,CUST-0020,2024-01-03,2024-03-03,60,7927.75,0,,No Dispute
INV-001546,CUST-0020,2025-03-21,2025-05-20,60,1891.17,1,1.0,Resolved
INV-001547,CUST-0020,2025-07-20,2025-09-18,60,8215.4,0,,No Dispute
INV-001548,CUST-0021,2024-06-15,2024-07-15,30,1655.39,0,,No Dispute
INV-001549,CUST-0021,2025-10-07,2025-11-06,30,3972.44,1,5.0,Resolved
INV-001550,CUST-0021,2024-01-30,2024-02-29,30,607.74,0,,No Dispute
INV-001551,CUST-0021,2025-03-19,2025-04-18,30,1675.25,1,2.0,Resolved
INV-001552,CUST-0021,2025-09-16,2025-10-16,30,3185.47,0,,No Dispute
INV-001553,CUST-0021,2025-05-07,2025-06-06,30,1836.94,0,,No Dispute
INV-001554,CUST-0021,2025-05-17,2025-06-16,30,866.88,0,,No Dispute
INV-001555,CUST-0021,2024-07-04,2024-08-03,30,3793.31,0,,No Dispute
INV-001556,CUST-0021,2025-01-27,2025-02-26,30,2403.78,0,,No Dispute
INV-001557,CUST-0021,2025-09-01,2025-10-01,30,1739.93,0,,No Dispute
INV-001558,CUST-0021,2024-07-16,2024-08-15,30,3383.04,0,,No Dispute
INV-001559,CUST-0021,2024-02-21,2024-03-22,30,2354.21,0,,No Dispute
INV-001560,CUST-0021,2025-04-22,2025-05-22,30,3218.69,0,,No Dispute
INV-001561,CUST-0021,2025-12-26,2026-01-25,30,2417.09,0,,No Dispute
INV-001562,CUST-0021,2025-12-05,2026-01-04,30,3689.4,0,,No Dispute
INV-001563,CUST-0021,2024-09-26,2024-10-26,30,3540.65,0,,No Dispute
INV-001564,CUST-0021,2024-04-01,2024-05-01,30,2289.54,0,,No Dispute
INV-001565,CUST-0021,2024-03-18,2024-04-17,30,1517.6,0,,No Dispute
INV-001566,CUST-0021,2025-12-26,2026-01-25,30,694.53,0,,No Dispute
INV-001567,CUST-0021,2024-08-31,2024-09-30,30,3858.04,0,,No Dispute
INV-001568,CUST-0021,2024-08-08,2024-09-07,30,2197.69,0,,No Dispute
INV-001569,CUST-0021,2024-06-15,2024-07-15,30,3394.32,0,,No Dispute
INV-001570,CUST-0021,2025-12-19,2026-01-18,30,2385.87,0,,No Dispute
INV-001571,CUST-0021,2025-12-18,2026-01-17,30,2055.38,0,,No Dispute
INV-001572,CUST-0021,2024-01-23,2024-02-22,30,2116.22,0,,No Dispute
INV-001573,CUST-0021,2024-04-01,2024-05-01,30,3562.62,0,,No Dispute
INV-001574,CUST-0021,2024-12-07,2025-01-06,30,3736.22,1,2.0,Resolved
INV-001575,CUST-0021,2025-12-06,2026-01-05,30,1286.24,0,,No Dispute
INV-001576,CUST-0022,2025-02-15,2025-04-16,60,2900.2,0,,No Dispute
INV-001577,CUST-0022,2024-02-17,2024-04-17,60,5373.23,0,,No Dispute
INV-001578,CUST-0022,2025-03-06,2025-05-05,60,4825.85,0,,No Dispute
INV-001579,CUST-0022,2024-07-24,2024-09-22,60,11476.9,0,,No Dispute
INV-001580,CUST-0022,2024-07-07,2024-09-05,60,11966.91,0,,No Dispute
INV-001581,CUST-0022,2025-09-30,2025-11-29,60,11799.52,0,,No Dispute
INV-001582,CUST-0022,2025-03-16,2025-05-15,60,3704.28,0,,No Dispute
INV-001583,CUST-0022,2024-12-05,2025-02-03,60,1967.01,0,,No Dispute
INV-001584,CUST-0022,2024-02-11,2024-04-11,60,7865.03,0,,No Dispute
INV-001585,CUST-0022,2025-06-14,2025-08-13,60,5060.42,0,,No Dispute
INV-001586,CUST-0022,2025-11-19,2026-01-18,60,9850.51,0,,No Dispute
INV-001587,CUST-0022,2024-08-27,2024-10-26,60,8832.29,0,,No Dispute
INV-001588,CUST-0022,2024-07-07,2024-09-05,60,9363.64,0,,No Dispute
INV-001589,CUST-0022,2025-04-03,2025-06-02,60,5287.85,0,,No Dispute
INV-001590,CUST-0022,2025-07-29,2025-09-27,60,10103.0,0,,No Dispute
INV-001591,CUST-0022,2024-11-11,2025-01-10,60,9518.29,0,,No Dispute
INV-001592,CUST-0022,2025-05-09,2025-07-08,60,11856.33,0,,No Dispute
INV-001593,CUST-0022,2024-11-03,2025-01-02,60,8265.84,0,,No Dispute
INV-001594,CUST-0022,2025-08-30,2025-10-29,60,10842.22,0,,No Dispute
INV-001595,CUST-0022,2024-11-02,2025-01-01,60,11523.69,0,,No Dispute
INV-001596,CUST-0022,2024-10-27,2024-12-26,60,10444.29,0,,No Dispute
INV-001597,CUST-0022,2024-09-19,2024-11-18,60,10844.28,0,,No Dispute
INV-001598,CUST-0022,2024-08-28,2024-10-27,60,4561.56,0,,No Dispute
INV-001599,CUST-0022,2024-10-29,2024-12-28,60,2063.1,0,,No Dispute
INV-001600,CUST-0022,2025-12-15,2026-02-13,60,2598.7,0,,No Dispute
INV-001601,CUST-0022,2025-06-12,2025-08-11,60,2718.18,0,,No Dispute
INV-001602,CUST-0022,2024-03-18,2024-05-17,60,10383.04,0,,No Dispute
INV-001603,CUST-0022,2025-08-03,2025-10-02,60,4693.16,0,,No Dispute
INV-001604,CUST-0022,2024-01-18,2024-03-18,60,2348.18,0,,No Dispute
INV-001605,CUST-0022,2024-03-06,2024-05-05,60,9181.88,0,,No Dispute
INV-001606,CUST-0022,2024-02-02,2024-04-02,60,4678.85,0,,No Dispute
INV-001607,CUST-0022,2024-06-28,2024-08-27,60,8390.52,0,,No Dispute
INV-001608,CUST-0022,2025-03-14,2025-05-13,60,1560.07,0,,No Dispute
INV-001609,CUST-0022,2024-12-03,2025-02-01,60,2132.31,0,,No Dispute
INV-001610,CUST-0022,2024-11-28,2025-01-27,60,5851.7,0,,No Dispute
INV-001611,CUST-0022,2025-03-20,2025-05-19,60,1836.19,0,,No Dispute
INV-001612,CUST-0022,2024-08-07,2024-10-06,60,10512.25,0,,No Dispute
INV-001613,CUST-0022,2025-01-04,2025-03-05,60,11073.62,0,,No Dispute
INV-001614,CUST-0022,2024-11-26,2025-01-25,60,5175.75,0,,No Dispute
INV-001615,CUST-0022,2025-07-07,2025-09-05,60,7349.19,0,,No Dispute
INV-001616,CUST-0022,2025-08-09,2025-10-08,60,10860.28,0,,No Dispute
INV-001617,CUST-0022,2025-04-11,2025-06-10,60,3166.96,0,,No Dispute
INV-001618,CUST-0022,2024-11-29,2025-01-28,60,7478.02,0,,No Dispute
INV-001619,CUST-0022,2024-10-22,2024-12-21,60,11014.02,0,,No Dispute
INV-001620,CUST-0022,2024-01-08,2024-03-08,60,10416.8,0,,No Dispute
INV-001621,CUST-0022,2025-11-07,2026-01-06,60,4200.36,0,,No Dispute
INV-001622,CUST-0022,2024-07-09,2024-09-07,60,2049.66,0,,No Dispute
INV-001623,CUST-0022,2025-09-10,2025-11-09,60,6883.22,0,,No Dispute
INV-001624,CUST-0022,2025-05-01,2025-06-30,60,10687.26,0,,No Dispute
INV-001625,CUST-0022,2024-09-08,2024-11-07,60,8915.24,1,4.0,Resolved
INV-001626,CUST-0022,2025-07-30,2025-09-28,60,1525.77,0,,No Dispute
INV-001627,CUST-0022,2024-06-14,2024-08-13,60,7531.5,0,,No Dispute
INV-001628,CUST-0022,2025-11-07,2026-01-06,60,5557.36,0,,No Dispute
INV-001629,CUST-0022,2024-07-28,2024-09-26,60,2887.51,0,,No Dispute
INV-001630,CUST-0022,2024-05-24,2024-07-23,60,9427.28,0,,No Dispute
INV-001631,CUST-0022,2025-03-25,2025-05-24,60,7089.65,0,,No Dispute
INV-001632,CUST-0022,2025-06-10,2025-08-09,60,7076.65,0,,No Dispute
INV-001633,CUST-0022,2025-02-22,2025-04-23,60,4960.19,0,,No Dispute
INV-001634,CUST-0022,2025-06-14,2025-08-13,60,6229.1,0,,No Dispute
INV-001635,CUST-0022,2025-12-16,2026-02-14,60,1920.14,0,,No Dispute
INV-001636,CUST-0022,2024-03-09,2024-05-08,60,9179.12,0,,No Dispute
INV-001637,CUST-0022,2025-08-01,2025-09-30,60,8157.81,1,2.0,Resolved
INV-001638,CUST-0022,2024-05-19,2024-07-18,60,7479.87,0,,No Dispute
INV-001639,CUST-0022,2024-12-21,2025-02-19,60,11543.82,0,,No Dispute
INV-001640,CUST-0022,2025-08-12,2025-10-11,60,10438.46,0,,No Dispute
INV-001641,CUST-0022,2024-07-09,2024-09-07,60,3203.41,0,,No Dispute
INV-001642,CUST-0022,2024-05-30,2024-07-29,60,2722.23,0,,No Dispute
INV-001643,CUST-0022,2024-01-22,2024-03-22,60,9711.95,0,,No Dispute
INV-001644,CUST-0022,2024-07-25,2024-09-23,60,3374.08,0,,No Dispute
INV-001645,CUST-0022,2024-04-19,2024-06-18,60,10265.38,0,,No Dispute
INV-001646,CUST-0022,2024-02-20,2024-04-20,60,6601.12,0,,No Dispute
INV-001647,CUST-0023,2024-08-21,2024-10-20,60,21014.05,0,,No Dispute
INV-001648,CUST-0023,2025-02-18,2025-04-19,60,29447.65,0,,No Dispute
INV-001649,CUST-0023,2025-03-21,2025-05-20,60,9143.33,0,,No Dispute
INV-001650,CUST-0023,2024-07-21,2024-09-19,60,26158.23,0,,No Dispute
INV-001651,CUST-0023,2024-03-26,2024-05-25,60,31675.33,1,3.0,Resolved
INV-001652,CUST-0023,2024-12-03,2025-02-01,60,22850.53,1,5.0,Resolved
INV-001653,CUST-0023,2024-09-15,2024-11-14,60,6771.96,0,,No Dispute
INV-001654,CUST-0023,2025-03-17,2025-05-16,60,23970.93,0,,No Dispute
INV-001655,CUST-0023,2025-06-24,2025-08-23,60,21948.78,0,,No Dispute
INV-001656,CUST-0023,2024-09-18,2024-11-17,60,11236.09,0,,No Dispute
INV-001657,CUST-0023,2024-02-07,2024-04-07,60,17808.06,0,,No Dispute
INV-001658,CUST-0023,2024-08-20,2024-10-19,60,29220.04,0,,No Dispute
INV-001659,CUST-0023,2025-05-21,2025-07-20,60,29186.57,0,,No Dispute
INV-001660,CUST-0023,2024-02-05,2024-04-05,60,29162.59,0,,No Dispute
INV-001661,CUST-0023,2024-01-13,2024-03-13,60,7429.12,0,,No Dispute
INV-001662,CUST-0023,2024-07-25,2024-09-23,60,11604.54,0,,No Dispute
INV-001663,CUST-0023,2024-10-20,2024-12-19,60,22110.76,0,,No Dispute
INV-001664,CUST-0023,2025-10-23,2025-12-22,60,29425.71,0,,No Dispute
INV-001665,CUST-0023,2025-07-19,2025-09-17,60,10779.42,0,,No Dispute
INV-001666,CUST-0023,2024-05-21,2024-07-20,60,6380.55,0,,No Dispute
INV-001667,CUST-0023,2024-04-13,2024-06-12,60,27633.94,0,,No Dispute
INV-001668,CUST-0023,2025-01-03,2025-03-04,60,20634.96,0,,No Dispute
INV-001669,CUST-0023,2024-02-28,2024-04-28,60,8095.28,0,,No Dispute
INV-001670,CUST-0023,2024-11-12,2025-01-11,60,14175.33,0,,No Dispute
INV-001671,CUST-0023,2024-06-03,2024-08-02,60,29755.62,0,,No Dispute
INV-001672,CUST-0023,2024-10-09,2024-12-08,60,30550.34,0,,No Dispute
INV-001673,CUST-0023,2025-12-04,2026-02-02,60,15910.17,0,,No Dispute
INV-001674,CUST-0023,2024-11-09,2025-01-08,60,25768.04,0,,No Dispute
INV-001675,CUST-0023,2024-02-07,2024-04-07,60,16331.15,0,,No Dispute
INV-001676,CUST-0023,2024-10-24,2024-12-23,60,16723.9,0,,No Dispute
INV-001677,CUST-0023,2025-09-19,2025-11-18,60,28448.49,0,,No Dispute
INV-001678,CUST-0023,2025-07-18,2025-09-16,60,14443.86,0,,No Dispute
INV-001679,CUST-0023,2025-04-02,2025-06-01,60,22618.23,0,,No Dispute
INV-001680,CUST-0023,2024-05-27,2024-07-26,60,17112.56,0,,No Dispute
INV-001681,CUST-0023,2025-03-31,2025-05-30,60,28792.33,0,,No Dispute
INV-001682,CUST-0023,2024-11-24,2025-01-23,60,18661.55,0,,No Dispute
INV-001683,CUST-0023,2024-09-19,2024-11-18,60,20674.02,0,,No Dispute
INV-001684,CUST-0023,2025-07-24,2025-09-22,60,19312.39,0,,No Dispute
INV-001685,CUST-0023,2024-08-16,2024-10-15,60,17122.45,0,,No Dispute
INV-001686,CUST-0023,2024-09-02,2024-11-01,60,28946.48,0,,No Dispute
INV-001687,CUST-0023,2025-01-23,2025-03-24,60,11045.23,0,,No Dispute
INV-001688,CUST-0023,2024-03-19,2024-05-18,60,28267.89,0,,No Dispute
INV-001689,CUST-0023,2025-08-02,2025-10-01,60,14835.85,0,,No Dispute
INV-001690,CUST-0023,2024-10-10,2024-12-09,60,13619.93,0,,No Dispute
INV-001691,CUST-0023,2025-06-05,2025-08-04,60,10734.01,0,,No Dispute
INV-001692,CUST-0023,2024-11-11,2025-01-10,60,23980.07,0,,No Dispute
INV-001693,CUST-0023,2024-08-07,2024-10-06,60,12102.39,0,,No Dispute
INV-001694,CUST-0023,2024-08-09,2024-10-08,60,25549.99,0,,No Dispute
INV-001695,CUST-0023,2025-11-13,2026-01-12,60,19742.66,0,,No Dispute
INV-001696,CUST-0023,2025-06-16,2025-08-15,60,13325.59,0,,No Dispute
INV-001697,CUST-0023,2024-07-04,2024-09-02,60,28850.94,0,,No Dispute
INV-001698,CUST-0023,2025-01-14,2025-03-15,60,15210.09,0,,No Dispute
INV-001699,CUST-0023,2025-06-11,2025-08-10,60,10838.29,0,,No Dispute
INV-001700,CUST-0023,2025-05-18,2025-07-17,60,19998.74,0,,No Dispute
INV-001701,CUST-0023,2025-06-15,2025-08-14,60,8223.82,0,,No Dispute
INV-001702,CUST-0023,2025-02-26,2025-04-27,60,21040.83,0,,No Dispute
INV-001703,CUST-0023,2024-01-12,2024-03-12,60,17166.83,0,,No Dispute
INV-001704,CUST-0023,2024-04-12,2024-06-11,60,9867.83,0,,No Dispute
INV-001705,CUST-0023,2024-02-06,2024-04-06,60,28245.12,0,,No Dispute
INV-001706,CUST-0023,2025-01-08,2025-03-09,60,6255.39,0,,No Dispute
INV-001707,CUST-0023,2024-03-25,2024-05-24,60,26826.33,0,,No Dispute
INV-001708,CUST-0023,2025-02-16,2025-04-17,60,29770.5,0,,No Dispute
INV-001709,CUST-0023,2025-11-09,2026-01-08,60,24307.85,0,,No Dispute
INV-001710,CUST-0023,2024-03-31,2024-05-30,60,23325.26,0,,No Dispute
INV-001711,CUST-0023,2025-12-04,2026-02-02,60,26518.67,0,,No Dispute
INV-001712,CUST-0023,2025-12-13,2026-02-11,60,30648.79,0,,No Dispute
INV-001713,CUST-0023,2024-09-15,2024-11-14,60,7368.82,0,,No Dispute
INV-001714,CUST-0023,2024-03-26,2024-05-25,60,26216.12,0,,No Dispute
INV-001715,CUST-0023,2024-06-09,2024-08-08,60,12399.46,0,,No Dispute
INV-001716,CUST-0023,2025-06-11,2025-08-10,60,30081.56,0,,No Dispute
INV-001717,CUST-0023,2025-05-23,2025-07-22,60,21570.23,0,,No Dispute
INV-001718,CUST-0023,2024-07-02,2024-08-31,60,28909.14,0,,No Dispute
INV-001719,CUST-0023,2025-01-13,2025-03-14,60,11807.84,0,,No Dispute
INV-001720,CUST-0023,2024-10-11,2024-12-10,60,30657.67,0,,No Dispute
INV-001721,CUST-0023,2024-11-09,2025-01-08,60,26468.8,0,,No Dispute
INV-001722,CUST-0023,2025-10-04,2025-12-03,60,5571.42,0,,No Dispute
INV-001723,CUST-0023,2024-01-14,2024-03-14,60,9652.42,0,,No Dispute
INV-001724,CUST-0023,2024-12-23,2025-02-21,60,6587.49,0,,No Dispute
INV-001725,CUST-0023,2024-11-27,2025-01-26,60,28348.71,0,,No Dispute
INV-001726,CUST-0023,2025-05-05,2025-07-04,60,31195.07,0,,No Dispute
INV-001727,CUST-0023,2025-09-01,2025-10-31,60,15317.1,0,,No Dispute
INV-001728,CUST-0023,2025-10-18,2025-12-17,60,19496.33,0,,No Dispute
INV-001729,CUST-0023,2024-04-26,2024-06-25,60,11824.05,0,,No Dispute
INV-001730,CUST-0023,2024-06-28,2024-08-27,60,20374.68,0,,No Dispute
INV-001731,CUST-0023,2024-06-10,2024-08-09,60,18410.29,0,,No Dispute
INV-001732,CUST-0023,2025-04-10,2025-06-09,60,28731.2,0,,No Dispute
INV-001733,CUST-0023,2024-09-13,2024-11-12,60,6034.3,0,,No Dispute
INV-001734,CUST-0023,2024-07-14,2024-09-12,60,5990.47,0,,No Dispute
INV-001735,CUST-0023,2025-10-19,2025-12-18,60,13981.49,0,,No Dispute
INV-001736,CUST-0023,2024-06-19,2024-08-18,60,11714.68,0,,No Dispute
INV-001737,CUST-0023,2025-05-22,2025-07-21,60,5598.31,1,2.0,Resolved
INV-001738,CUST-0023,2025-02-13,2025-04-14,60,15371.1,0,,No Dispute
INV-001739,CUST-0023,2024-08-16,2024-10-15,60,28511.88,0,,No Dispute
INV-001740,CUST-0023,2025-10-18,2025-12-17,60,23095.44,0,,No Dispute
INV-001741,CUST-0023,2024-04-15,2024-06-14,60,23175.34,0,,No Dispute
INV-001742,CUST-0023,2024-08-03,2024-10-02,60,29188.06,0,,No Dispute
INV-001743,CUST-0023,2024-10-28,2024-12-27,60,10236.05,0,,No Dispute
INV-001744,CUST-0023,2025-11-01,2025-12-31,60,25428.82,0,,No Dispute
INV-001745,CUST-0023,2025-04-19,2025-06-18,60,16781.48,0,,No Dispute
INV-001746,CUST-0023,2024-08-25,2024-10-24,60,9448.01,1,2.0,Open
INV-001747,CUST-0023,2025-02-05,2025-04-06,60,29827.33,0,,No Dispute
INV-001748,CUST-0023,2025-10-26,2025-12-25,60,7637.99,0,,No Dispute
INV-001749,CUST-0023,2024-03-24,2024-05-23,60,5825.35,0,,No Dispute
INV-001750,CUST-0023,2024-10-14,2024-12-13,60,30761.53,0,,No Dispute
INV-001751,CUST-0023,2024-03-10,2024-05-09,60,12371.32,0,,No Dispute
INV-001752,CUST-0023,2024-02-01,2024-04-01,60,31694.24,0,,No Dispute
INV-001753,CUST-0023,2024-05-27,2024-07-26,60,17269.06,0,,No Dispute
INV-001754,CUST-0023,2025-02-02,2025-04-03,60,12424.17,0,,No Dispute
INV-001755,CUST-0023,2025-10-08,2025-12-07,60,8209.52,0,,No Dispute
INV-001756,CUST-0023,2024-12-05,2025-02-03,60,13042.66,0,,No Dispute
INV-001757,CUST-0023,2024-06-01,2024-07-31,60,18478.71,0,,No Dispute
INV-001758,CUST-0023,2024-09-19,2024-11-18,60,8283.69,0,,No Dispute
INV-001759,CUST-0023,2025-09-28,2025-11-27,60,16271.31,0,,No Dispute
INV-001760,CUST-0023,2025-01-10,2025-03-11,60,5297.76,0,,No Dispute
INV-001761,CUST-0023,2024-04-17,2024-06-16,60,8099.49,1,4.0,Resolved
INV-001762,CUST-0023,2025-01-22,2025-03-23,60,7764.81,0,,No Dispute
INV-001763,CUST-0023,2025-11-02,2026-01-01,60,7092.12,0,,No Dispute
INV-001764,CUST-0023,2025-11-01,2025-12-31,60,29040.77,0,,No Dispute
INV-001765,CUST-0023,2024-02-21,2024-04-21,60,14991.57,0,,No Dispute
INV-001766,CUST-0023,2025-04-10,2025-06-09,60,23464.87,1,3.0,Open
INV-001767,CUST-0023,2024-09-02,2024-11-01,60,23318.52,0,,No Dispute
INV-001768,CUST-0023,2024-07-10,2024-09-08,60,26412.94,0,,No Dispute
INV-001769,CUST-0023,2025-09-17,2025-11-16,60,13660.64,0,,No Dispute
INV-001770,CUST-0023,2024-03-24,2024-05-23,60,17632.49,0,,No Dispute
INV-001771,CUST-0023,2025-07-26,2025-09-24,60,20910.34,0,,No Dispute
INV-001772,CUST-0023,2024-05-04,2024-07-03,60,27618.95,0,,No Dispute
INV-001773,CUST-0023,2024-01-30,2024-03-30,60,6908.12,0,,No Dispute
INV-001774,CUST-0023,2024-07-13,2024-09-11,60,7875.81,0,,No Dispute
INV-001775,CUST-0023,2024-06-19,2024-08-18,60,30046.35,0,,No Dispute
INV-001776,CUST-0023,2025-02-10,2025-04-11,60,27591.19,0,,No Dispute
INV-001777,CUST-0023,2024-07-21,2024-09-19,60,18773.74,0,,No Dispute
INV-001778,CUST-0023,2024-06-09,2024-08-08,60,14144.35,0,,No Dispute
INV-001779,CUST-0023,2024-07-12,2024-09-10,60,10313.33,0,,No Dispute
INV-001780,CUST-0023,2025-07-08,2025-09-06,60,15692.66,0,,No Dispute
INV-001781,CUST-0023,2025-12-02,2026-01-31,60,25438.86,0,,No Dispute
INV-001782,CUST-0023,2025-02-14,2025-04-15,60,20239.93,0,,No Dispute
INV-001783,CUST-0023,2025-01-03,2025-03-04,60,16565.26,0,,No Dispute
INV-001784,CUST-0023,2025-09-18,2025-11-17,60,11639.24,0,,No Dispute
INV-001785,CUST-0023,2024-11-24,2025-01-23,60,23120.04,1,1.0,Resolved
INV-001786,CUST-0023,2024-04-01,2024-05-31,60,21940.85,0,,No Dispute
INV-001787,CUST-0023,2024-08-21,2024-10-20,60,27924.91,0,,No Dispute
INV-001788,CUST-0023,2025-04-18,2025-06-17,60,22803.78,0,,No Dispute
INV-001789,CUST-0023,2025-08-13,2025-10-12,60,27884.25,0,,No Dispute
INV-001790,CUST-0023,2025-07-19,2025-09-17,60,24514.57,0,,No Dispute
INV-001791,CUST-0023,2025-08-06,2025-10-05,60,26655.69,0,,No Dispute
INV-001792,CUST-0023,2024-08-12,2024-10-11,60,31296.4,0,,No Dispute
INV-001793,CUST-0023,2025-10-25,2025-12-24,60,17514.81,0,,No Dispute
INV-001794,CUST-0023,2024-02-07,2024-04-07,60,14387.14,0,,No Dispute
INV-001795,CUST-0023,2025-01-28,2025-03-29,60,17208.93,0,,No Dispute
INV-001796,CUST-0023,2024-06-25,2024-08-24,60,26025.93,0,,No Dispute
INV-001797,CUST-0023,2024-10-09,2024-12-08,60,10811.28,0,,No Dispute
INV-001798,CUST-0023,2025-01-04,2025-03-05,60,21960.93,0,,No Dispute
INV-001799,CUST-0023,2024-05-12,2024-07-11,60,17058.18,0,,No Dispute
INV-001800,CUST-0023,2024-02-28,2024-04-28,60,23390.72,1,1.0,Resolved
INV-001801,CUST-0023,2024-10-19,2024-12-18,60,6962.42,0,,No Dispute
INV-001802,CUST-0024,2024-11-22,2025-01-06,45,1161.24,0,,No Dispute
INV-001803,CUST-0024,2024-06-13,2024-07-28,45,1065.66,0,,No Dispute
INV-001804,CUST-0024,2024-01-05,2024-02-19,45,3169.4,0,,No Dispute
INV-001805,CUST-0024,2024-11-02,2024-12-17,45,1314.08,0,,No Dispute
INV-001806,CUST-0024,2024-01-10,2024-02-24,45,2050.05,0,,No Dispute
INV-001807,CUST-0024,2025-08-13,2025-09-27,45,756.76,0,,No Dispute
INV-001808,CUST-0024,2024-11-11,2024-12-26,45,788.24,0,,No Dispute
INV-001809,CUST-0024,2025-03-13,2025-04-27,45,736.44,1,4.0,Open
INV-001810,CUST-0024,2025-06-12,2025-07-27,45,3168.0,1,4.0,Resolved
INV-001811,CUST-0024,2024-08-19,2024-10-03,45,3216.08,0,,No Dispute
INV-001812,CUST-0024,2024-10-04,2024-11-18,45,1600.91,0,,No Dispute
INV-001813,CUST-0024,2025-04-07,2025-05-22,45,3171.87,0,,No Dispute
INV-001814,CUST-0024,2025-08-20,2025-10-04,45,1086.68,0,,No Dispute
INV-001815,CUST-0024,2024-04-16,2024-05-31,45,773.11,0,,No Dispute
INV-001816,CUST-0024,2024-02-20,2024-04-05,45,1255.95,0,,No Dispute
INV-001817,CUST-0024,2024-07-20,2024-09-03,45,3230.59,0,,No Dispute
INV-001818,CUST-0024,2025-09-20,2025-11-04,45,3612.33,0,,No Dispute
INV-001819,CUST-0024,2025-06-10,2025-07-25,45,2218.74,0,,No Dispute
INV-001820,CUST-0024,2025-06-10,2025-07-25,45,1511.52,0,,No Dispute
INV-001821,CUST-0024,2024-03-24,2024-05-08,45,1647.82,0,,No Dispute
INV-001822,CUST-0024,2025-06-25,2025-08-09,45,1812.69,0,,No Dispute
INV-001823,CUST-0024,2024-03-22,2024-05-06,45,2010.96,0,,No Dispute
INV-001824,CUST-0024,2024-12-08,2025-01-22,45,3692.23,0,,No Dispute
INV-001825,CUST-0024,2024-12-18,2025-02-01,45,1699.1,0,,No Dispute
INV-001826,CUST-0025,2024-07-29,2024-10-27,90,30524.89,0,,No Dispute
INV-001827,CUST-0025,2024-06-17,2024-09-15,90,6398.15,0,,No Dispute
INV-001828,CUST-0025,2025-12-11,2026-03-11,90,18411.07,0,,No Dispute
INV-001829,CUST-0025,2025-09-08,2025-12-07,90,17886.5,0,,No Dispute
INV-001830,CUST-0025,2025-12-12,2026-03-12,90,18429.29,0,,No Dispute
INV-001831,CUST-0025,2025-05-07,2025-08-05,90,25655.06,0,,No Dispute
INV-001832,CUST-0025,2025-04-18,2025-07-17,90,6725.93,0,,No Dispute
INV-001833,CUST-0025,2024-09-18,2024-12-17,90,19890.24,0,,No Dispute
INV-001834,CUST-0025,2024-03-05,2024-06-03,90,23434.08,0,,No Dispute
INV-001835,CUST-0025,2024-01-12,2024-04-11,90,21203.35,0,,No Dispute
INV-001836,CUST-0025,2024-04-28,2024-07-27,90,16103.14,0,,No Dispute
INV-001837,CUST-0025,2025-07-07,2025-10-05,90,10865.95,0,,No Dispute
INV-001838,CUST-0025,2024-01-12,2024-04-11,90,20263.17,0,,No Dispute
INV-001839,CUST-0025,2024-10-25,2025-01-23,90,28035.1,0,,No Dispute
INV-001840,CUST-0025,2024-01-24,2024-04-23,90,17581.1,0,,No Dispute
INV-001841,CUST-0025,2025-09-29,2025-12-28,90,22439.75,0,,No Dispute
INV-001842,CUST-0025,2024-08-29,2024-11-27,90,13205.32,0,,No Dispute
INV-001843,CUST-0025,2024-01-16,2024-04-15,90,9189.31,0,,No Dispute
INV-001844,CUST-0025,2025-03-25,2025-06-23,90,26358.95,0,,No Dispute
INV-001845,CUST-0025,2025-01-16,2025-04-16,90,7317.74,0,,No Dispute
INV-001846,CUST-0025,2025-03-15,2025-06-13,90,22373.74,0,,No Dispute
INV-001847,CUST-0025,2024-11-27,2025-02-25,90,21345.81,0,,No Dispute
INV-001848,CUST-0025,2024-09-02,2024-12-01,90,14435.09,0,,No Dispute
INV-001849,CUST-0025,2024-05-09,2024-08-07,90,6748.85,0,,No Dispute
INV-001850,CUST-0025,2024-07-08,2024-10-06,90,14069.67,0,,No Dispute
INV-001851,CUST-0025,2025-02-01,2025-05-02,90,25668.46,0,,No Dispute
INV-001852,CUST-0025,2024-09-14,2024-12-13,90,15145.5,0,,No Dispute
INV-001853,CUST-0025,2025-03-01,2025-05-30,90,13676.51,0,,No Dispute
INV-001854,CUST-0025,2024-12-01,2025-03-01,90,31631.61,0,,No Dispute
INV-001855,CUST-0025,2024-05-12,2024-08-10,90,12359.47,0,,No Dispute
INV-001856,CUST-0025,2025-11-15,2026-02-13,90,6449.82,0,,No Dispute
INV-001857,CUST-0025,2025-11-15,2026-02-13,90,11891.24,0,,No Dispute
INV-001858,CUST-0025,2024-12-15,2025-03-15,90,16208.9,0,,No Dispute
INV-001859,CUST-0025,2025-12-13,2026-03-13,90,19184.69,0,,No Dispute
INV-001860,CUST-0025,2024-01-26,2024-04-25,90,19337.08,0,,No Dispute
INV-001861,CUST-0025,2025-07-03,2025-10-01,90,11715.09,0,,No Dispute
INV-001862,CUST-0025,2025-11-24,2026-02-22,90,6607.21,0,,No Dispute
INV-001863,CUST-0025,2025-08-06,2025-11-04,90,8287.3,0,,No Dispute
INV-001864,CUST-0025,2024-05-16,2024-08-14,90,15295.39,0,,No Dispute
INV-001865,CUST-0025,2025-09-23,2025-12-22,90,19411.79,0,,No Dispute
INV-001866,CUST-0025,2025-10-27,2026-01-25,90,21890.02,0,,No Dispute
INV-001867,CUST-0025,2024-02-02,2024-05-02,90,12489.15,0,,No Dispute
INV-001868,CUST-0025,2025-10-18,2026-01-16,90,21168.52,0,,No Dispute
INV-001869,CUST-0025,2025-06-03,2025-09-01,90,24930.91,0,,No Dispute
INV-001870,CUST-0025,2024-09-02,2024-12-01,90,27313.2,0,,No Dispute
INV-001871,CUST-0025,2025-10-21,2026-01-19,90,24520.2,0,,No Dispute
INV-001872,CUST-0025,2024-08-17,2024-11-15,90,12746.4,0,,No Dispute
INV-001873,CUST-0025,2024-08-10,2024-11-08,90,27752.76,0,,No Dispute
INV-001874,CUST-0025,2025-08-30,2025-11-28,90,31782.02,0,,No Dispute
INV-001875,CUST-0025,2024-06-08,2024-09-06,90,6877.08,1,5.0,Resolved
INV-001876,CUST-0025,2024-11-03,2025-02-01,90,15836.4,0,,No Dispute
INV-001877,CUST-0025,2025-04-12,2025-07-11,90,7902.46,0,,No Dispute
INV-001878,CUST-0025,2024-10-20,2025-01-18,90,15260.2,0,,No Dispute
INV-001879,CUST-0025,2025-02-08,2025-05-09,90,9510.08,0,,No Dispute
INV-001880,CUST-0025,2024-02-01,2024-05-01,90,21681.01,0,,No Dispute
INV-001881,CUST-0025,2024-09-05,2024-12-04,90,23782.26,0,,No Dispute
INV-001882,CUST-0025,2025-01-05,2025-04-05,90,24788.9,0,,No Dispute
INV-001883,CUST-0025,2024-02-12,2024-05-12,90,9886.27,0,,No Dispute
INV-001884,CUST-0025,2024-07-20,2024-10-18,90,16788.59,0,,No Dispute
INV-001885,CUST-0025,2025-07-06,2025-10-04,90,9656.13,1,1.0,Resolved
INV-001886,CUST-0025,2025-12-14,2026-03-14,90,13263.6,0,,No Dispute
INV-001887,CUST-0025,2024-04-14,2024-07-13,90,11983.29,0,,No Dispute
INV-001888,CUST-0025,2024-09-19,2024-12-18,90,20733.48,0,,No Dispute
INV-001889,CUST-0025,2025-11-16,2026-02-14,90,13682.88,1,1.0,Resolved
INV-001890,CUST-0025,2024-11-03,2025-02-01,90,23085.5,0,,No Dispute
INV-001891,CUST-0025,2025-08-03,2025-11-01,90,21558.65,0,,No Dispute
INV-001892,CUST-0025,2024-05-06,2024-08-04,90,14697.43,0,,No Dispute
INV-001893,CUST-0025,2025-04-21,2025-07-20,90,16323.53,0,,No Dispute
INV-001894,CUST-0025,2024-09-02,2024-12-01,90,29226.63,0,,No Dispute
INV-001895,CUST-0025,2025-03-22,2025-06-20,90,31568.49,0,,No Dispute
INV-001896,CUST-0025,2024-04-27,2024-07-26,90,30796.18,0,,No Dispute
INV-001897,CUST-0025,2025-10-02,2025-12-31,90,12438.72,0,,No Dispute
INV-001898,CUST-0025,2025-11-15,2026-02-13,90,25093.99,0,,No Dispute
INV-001899,CUST-0025,2024-02-23,2024-05-23,90,17768.68,0,,No Dispute
INV-001900,CUST-0025,2025-07-17,2025-10-15,90,16528.09,0,,No Dispute
INV-001901,CUST-0025,2025-02-02,2025-05-03,90,10283.86,0,,No Dispute
INV-001902,CUST-0025,2025-03-03,2025-06-01,90,9685.5,0,,No Dispute
INV-001903,CUST-0025,2024-07-24,2024-10-22,90,15816.08,0,,No Dispute
INV-001904,CUST-0025,2025-12-08,2026-03-08,90,9040.19,0,,No Dispute
INV-001905,CUST-0025,2024-06-07,2024-09-05,90,7265.37,0,,No Dispute
INV-001906,CUST-0025,2025-01-24,2025-04-24,90,10612.99,0,,No Dispute
INV-001907,CUST-0025,2025-07-26,2025-10-24,90,30915.77,0,,No Dispute
INV-001908,CUST-0025,2025-06-16,2025-09-14,90,20793.28,0,,No Dispute
INV-001909,CUST-0025,2025-04-20,2025-07-19,90,30875.41,0,,No Dispute
INV-001910,CUST-0025,2025-05-30,2025-08-28,90,18542.62,0,,No Dispute
INV-001911,CUST-0025,2024-07-20,2024-10-18,90,7165.61,0,,No Dispute
INV-001912,CUST-0025,2024-11-06,2025-02-04,90,24307.74,0,,No Dispute
INV-001913,CUST-0025,2024-07-25,2024-10-23,90,14001.72,0,,No Dispute
INV-001914,CUST-0025,2024-08-21,2024-11-19,90,26954.25,0,,No Dispute
INV-001915,CUST-0025,2025-05-10,2025-08-08,90,8146.7,0,,No Dispute
INV-001916,CUST-0025,2025-10-07,2026-01-05,90,18674.45,0,,No Dispute
INV-001917,CUST-0025,2024-02-13,2024-05-13,90,14675.93,0,,No Dispute
INV-001918,CUST-0025,2024-06-22,2024-09-20,90,27071.99,0,,No Dispute
INV-001919,CUST-0025,2025-03-13,2025-06-11,90,6752.94,0,,No Dispute
INV-001920,CUST-0025,2024-04-11,2024-07-10,90,10577.91,0,,No Dispute
INV-001921,CUST-0025,2025-09-26,2025-12-25,90,21290.31,1,5.0,Resolved
INV-001922,CUST-0025,2025-02-10,2025-05-11,90,14245.69,0,,No Dispute
INV-001923,CUST-0025,2024-04-28,2024-07-27,90,20913.29,0,,No Dispute
INV-001924,CUST-0025,2025-05-01,2025-07-30,90,11415.77,0,,No Dispute
INV-001925,CUST-0025,2025-01-24,2025-04-24,90,9343.04,0,,No Dispute
INV-001926,CUST-0025,2024-01-20,2024-04-19,90,6762.29,0,,No Dispute
INV-001927,CUST-0025,2025-03-16,2025-06-14,90,8190.2,0,,No Dispute
INV-001928,CUST-0025,2024-04-08,2024-07-07,90,29854.96,0,,No Dispute
INV-001929,CUST-0025,2025-02-19,2025-05-20,90,20446.04,0,,No Dispute
INV-001930,CUST-0025,2024-10-04,2025-01-02,90,31474.59,0,,No Dispute
INV-001931,CUST-0025,2025-05-30,2025-08-28,90,16197.78,1,1.0,Resolved
INV-001932,CUST-0025,2024-10-19,2025-01-17,90,20717.28,0,,No Dispute
INV-001933,CUST-0025,2025-09-13,2025-12-12,90,22047.52,0,,No Dispute
INV-001934,CUST-0025,2025-07-20,2025-10-18,90,13233.24,0,,No Dispute
INV-001935,CUST-0025,2024-12-20,2025-03-20,90,19508.04,0,,No Dispute
INV-001936,CUST-0025,2024-09-21,2024-12-20,90,30746.45,0,,No Dispute
INV-001937,CUST-0025,2024-06-18,2024-09-16,90,22785.56,0,,No Dispute
INV-001938,CUST-0025,2024-01-26,2024-04-25,90,15022.19,0,,No Dispute
INV-001939,CUST-0025,2024-07-09,2024-10-07,90,9157.68,0,,No Dispute
INV-001940,CUST-0025,2025-02-08,2025-05-09,90,21237.16,0,,No Dispute
INV-001941,CUST-0025,2025-05-19,2025-08-17,90,28830.59,0,,No Dispute
INV-001942,CUST-0025,2024-12-27,2025-03-27,90,23703.1,0,,No Dispute
INV-001943,CUST-0025,2025-02-02,2025-05-03,90,13016.64,0,,No Dispute
INV-001944,CUST-0025,2025-02-10,2025-05-11,90,10199.55,0,,No Dispute
INV-001945,CUST-0025,2024-01-02,2024-04-01,90,9431.09,0,,No Dispute
INV-001946,CUST-0025,2025-08-18,2025-11-16,90,10423.51,0,,No Dispute
INV-001947,CUST-0025,2024-07-17,2024-10-15,90,30566.19,1,5.0,Resolved
INV-001948,CUST-0025,2024-07-19,2024-10-17,90,10303.66,0,,No Dispute
INV-001949,CUST-0025,2025-07-31,2025-10-29,90,29608.53,0,,No Dispute
INV-001950,CUST-0025,2024-05-19,2024-08-17,90,10466.92,0,,No Dispute
INV-001951,CUST-0025,2025-01-18,2025-04-18,90,11367.57,0,,No Dispute
INV-001952,CUST-0025,2024-03-19,2024-06-17,90,19558.38,0,,No Dispute
INV-001953,CUST-0025,2024-06-20,2024-09-18,90,5050.56,0,,No Dispute
INV-001954,CUST-0025,2024-02-21,2024-05-21,90,22355.13,0,,No Dispute
INV-001955,CUST-0025,2025-08-26,2025-11-24,90,20884.47,0,,No Dispute
INV-001956,CUST-0025,2025-01-16,2025-04-16,90,12798.05,0,,No Dispute
INV-001957,CUST-0025,2024-11-13,2025-02-11,90,6240.11,0,,No Dispute
INV-001958,CUST-0025,2024-06-25,2024-09-23,90,30249.37,0,,No Dispute
INV-001959,CUST-0026,2024-07-21,2024-09-04,45,5320.16,0,,No Dispute
INV-001960,CUST-0026,2024-10-19,2024-12-03,45,5242.13,0,,No Dispute
INV-001961,CUST-0026,2024-10-01,2024-11-15,45,8094.88,0,,No Dispute
INV-001962,CUST-0026,2024-08-29,2024-10-13,45,6356.62,0,,No Dispute
INV-001963,CUST-0026,2024-03-25,2024-05-09,45,11810.14,0,,No Dispute
INV-001964,CUST-0026,2024-07-02,2024-08-16,45,9018.97,0,,No Dispute
INV-001965,CUST-0026,2025-06-25,2025-08-09,45,1758.97,0,,No Dispute
INV-001966,CUST-0026,2025-08-10,2025-09-24,45,11603.92,0,,No Dispute
INV-001967,CUST-0026,2024-09-17,2024-11-01,45,8579.48,0,,No Dispute
INV-001968,CUST-0026,2025-01-26,2025-03-12,45,6134.28,0,,No Dispute
INV-001969,CUST-0026,2025-05-17,2025-07-01,45,5142.0,1,4.0,Resolved
INV-001970,CUST-0026,2024-01-31,2024-03-16,45,4108.26,0,,No Dispute
INV-001971,CUST-0026,2025-12-28,2026-02-11,45,11678.4,0,,No Dispute
INV-001972,CUST-0026,2025-09-27,2025-11-11,45,5924.07,0,,No Dispute
INV-001973,CUST-0026,2025-10-21,2025-12-05,45,7353.94,0,,No Dispute
INV-001974,CUST-0026,2025-02-21,2025-04-07,45,7091.41,0,,No Dispute
INV-001975,CUST-0026,2025-08-14,2025-09-28,45,4788.19,0,,No Dispute
INV-001976,CUST-0026,2024-06-23,2024-08-07,45,4254.88,0,,No Dispute
INV-001977,CUST-0026,2024-09-09,2024-10-24,45,8627.89,0,,No Dispute
INV-001978,CUST-0026,2024-05-16,2024-06-30,45,6536.14,0,,No Dispute
INV-001979,CUST-0026,2025-12-30,2026-02-13,45,6197.49,0,,No Dispute
INV-001980,CUST-0026,2025-03-31,2025-05-15,45,3418.3,0,,No Dispute
INV-001981,CUST-0026,2024-03-17,2024-05-01,45,10491.93,0,,No Dispute
INV-001982,CUST-0026,2024-06-16,2024-07-31,45,4738.42,0,,No Dispute
INV-001983,CUST-0026,2024-02-18,2024-04-03,45,6022.52,0,,No Dispute
INV-001984,CUST-0026,2024-12-02,2025-01-16,45,1713.58,0,,No Dispute
INV-001985,CUST-0026,2025-03-04,2025-04-18,45,5239.75,0,,No Dispute
INV-001986,CUST-0026,2025-05-20,2025-07-04,45,10030.23,0,,No Dispute
INV-001987,CUST-0026,2024-06-25,2024-08-09,45,6308.05,0,,No Dispute
INV-001988,CUST-0026,2024-10-31,2024-12-15,45,2379.99,0,,No Dispute
INV-001989,CUST-0026,2024-05-20,2024-07-04,45,7877.24,0,,No Dispute
INV-001990,CUST-0026,2025-12-11,2026-01-25,45,3926.97,0,,No Dispute
INV-001991,CUST-0026,2024-10-21,2024-12-05,45,9169.9,0,,No Dispute
INV-001992,CUST-0026,2024-09-06,2024-10-21,45,7437.76,0,,No Dispute
INV-001993,CUST-0026,2025-04-13,2025-05-28,45,8191.44,0,,No Dispute
INV-001994,CUST-0026,2024-09-01,2024-10-16,45,6866.05,0,,No Dispute
INV-001995,CUST-0026,2024-03-06,2024-04-20,45,4406.19,0,,No Dispute
INV-001996,CUST-0026,2025-06-10,2025-07-25,45,8702.07,0,,No Dispute
INV-001997,CUST-0026,2024-04-19,2024-06-03,45,11579.25,0,,No Dispute
INV-001998,CUST-0026,2025-12-22,2026-02-05,45,9351.33,0,,No Dispute
INV-001999,CUST-0026,2024-11-29,2025-01-13,45,6283.91,0,,No Dispute
INV-002000,CUST-0026,2024-07-25,2024-09-08,45,2188.7,0,,No Dispute
INV-002001,CUST-0026,2025-06-30,2025-08-14,45,3416.58,0,,No Dispute
INV-002002,CUST-0026,2025-10-13,2025-11-27,45,10356.12,0,,No Dispute
INV-002003,CUST-0026,2024-06-01,2024-07-16,45,5005.34,0,,No Dispute
INV-002004,CUST-0026,2024-03-07,2024-04-21,45,9831.14,1,3.0,Resolved
INV-002005,CUST-0026,2025-02-06,2025-03-23,45,3991.8,0,,No Dispute
INV-002006,CUST-0026,2025-06-02,2025-07-17,45,8978.61,0,,No Dispute
INV-002007,CUST-0026,2024-07-13,2024-08-27,45,3872.86,0,,No Dispute
INV-002008,CUST-0026,2024-03-06,2024-04-20,45,7293.38,0,,No Dispute
INV-002009,CUST-0026,2024-03-31,2024-05-15,45,9349.53,0,,No Dispute
INV-002010,CUST-0026,2025-06-21,2025-08-05,45,11724.92,1,3.0,Open
INV-002011,CUST-0026,2025-04-01,2025-05-16,45,8862.92,0,,No Dispute
INV-002012,CUST-0026,2025-10-14,2025-11-28,45,5934.44,0,,No Dispute
INV-002013,CUST-0026,2025-01-23,2025-03-09,45,10580.44,0,,No Dispute
INV-002014,CUST-0026,2024-06-28,2024-08-12,45,7616.79,0,,No Dispute
INV-002015,CUST-0026,2024-04-01,2024-05-16,45,10018.53,0,,No Dispute
INV-002016,CUST-0026,2025-10-29,2025-12-13,45,1852.9,0,,No Dispute
INV-002017,CUST-0026,2025-09-22,2025-11-06,45,6005.0,0,,No Dispute
INV-002018,CUST-0026,2024-09-28,2024-11-12,45,1812.7,0,,No Dispute
INV-002019,CUST-0026,2024-05-09,2024-06-23,45,11670.96,0,,No Dispute
INV-002020,CUST-0026,2025-05-28,2025-07-12,45,1724.58,0,,No Dispute
INV-002021,CUST-0026,2024-07-11,2024-08-25,45,6297.39,0,,No Dispute
INV-002022,CUST-0026,2024-10-20,2024-12-04,45,7486.27,0,,No Dispute
INV-002023,CUST-0026,2024-10-17,2024-12-01,45,5941.65,0,,No Dispute
INV-002024,CUST-0026,2024-09-09,2024-10-24,45,9340.58,0,,No Dispute
INV-002025,CUST-0026,2024-05-02,2024-06-16,45,10462.34,0,,No Dispute
INV-002026,CUST-0026,2024-02-09,2024-03-25,45,10874.33,0,,No Dispute
INV-002027,CUST-0026,2025-03-22,2025-05-06,45,8902.68,0,,No Dispute
INV-002028,CUST-0026,2024-01-15,2024-02-29,45,7353.48,0,,No Dispute
INV-002029,CUST-0026,2025-07-14,2025-08-28,45,8658.87,0,,No Dispute
INV-002030,CUST-0026,2024-01-29,2024-03-14,45,9095.27,0,,No Dispute
INV-002031,CUST-0026,2024-11-19,2025-01-03,45,8721.62,0,,No Dispute
INV-002032,CUST-0026,2025-06-03,2025-07-18,45,9458.74,0,,No Dispute
INV-002033,CUST-0026,2025-07-11,2025-08-25,45,2849.73,0,,No Dispute
INV-002034,CUST-0026,2025-01-18,2025-03-04,45,2048.56,0,,No Dispute
INV-002035,CUST-0026,2025-09-15,2025-10-30,45,4555.06,0,,No Dispute
INV-002036,CUST-0026,2024-11-29,2025-01-13,45,8130.47,0,,No Dispute
INV-002037,CUST-0026,2025-10-16,2025-11-30,45,11433.02,0,,No Dispute
INV-002038,CUST-0026,2025-10-03,2025-11-17,45,7378.33,0,,No Dispute
INV-002039,CUST-0026,2025-09-07,2025-10-22,45,11337.84,1,4.0,Resolved
INV-002040,CUST-0026,2025-03-11,2025-04-25,45,4800.31,0,,No Dispute
INV-002041,CUST-0026,2024-04-09,2024-05-24,45,6862.03,0,,No Dispute
INV-002042,CUST-0026,2024-03-28,2024-05-12,45,11216.56,0,,No Dispute
INV-002043,CUST-0026,2025-12-08,2026-01-22,45,2923.18,0,,No Dispute
INV-002044,CUST-0026,2025-02-24,2025-04-10,45,8640.6,0,,No Dispute
INV-002045,CUST-0026,2024-08-03,2024-09-17,45,2872.56,0,,No Dispute
INV-002046,CUST-0026,2024-08-29,2024-10-13,45,3031.52,0,,No Dispute
INV-002047,CUST-0026,2024-05-04,2024-06-18,45,9632.29,0,,No Dispute
INV-002048,CUST-0026,2025-12-09,2026-01-23,45,6627.72,1,4.0,Resolved
INV-002049,CUST-0026,2024-03-05,2024-04-19,45,10732.9,0,,No Dispute
INV-002050,CUST-0026,2025-04-27,2025-06-11,45,3764.71,0,,No Dispute
INV-002051,CUST-0026,2024-03-29,2024-05-13,45,2389.97,0,,No Dispute
INV-002052,CUST-0026,2025-07-22,2025-09-05,45,9502.8,0,,No Dispute
INV-002053,CUST-0026,2025-09-17,2025-11-01,45,9989.39,0,,No Dispute
INV-002054,CUST-0026,2025-07-18,2025-09-01,45,6036.54,0,,No Dispute
INV-002055,CUST-0026,2025-09-08,2025-10-23,45,7684.91,0,,No Dispute
INV-002056,CUST-0026,2025-02-17,2025-04-03,45,5572.94,0,,No Dispute
INV-002057,CUST-0026,2025-01-14,2025-02-28,45,2997.27,0,,No Dispute
INV-002058,CUST-0026,2025-03-19,2025-05-03,45,7372.59,0,,No Dispute
INV-002059,CUST-0026,2024-04-30,2024-06-14,45,1795.07,0,,No Dispute
INV-002060,CUST-0026,2025-06-27,2025-08-11,45,1768.0,0,,No Dispute
INV-002061,CUST-0027,2024-06-13,2024-07-28,45,7625.86,0,,No Dispute
INV-002062,CUST-0027,2024-06-16,2024-07-31,45,10696.8,0,,No Dispute
INV-002063,CUST-0027,2024-01-10,2024-02-24,45,10790.43,0,,No Dispute
INV-002064,CUST-0027,2024-05-22,2024-07-06,45,6937.33,0,,No Dispute
INV-002065,CUST-0027,2025-07-09,2025-08-23,45,6826.36,0,,No Dispute
INV-002066,CUST-0027,2025-02-25,2025-04-11,45,1905.16,1,2.0,Resolved
INV-002067,CUST-0027,2025-02-20,2025-04-06,45,2006.56,0,,No Dispute
INV-002068,CUST-0027,2025-11-29,2026-01-13,45,6970.34,0,,No Dispute
INV-002069,CUST-0027,2024-09-12,2024-10-27,45,8761.49,1,1.0,Open
INV-002070,CUST-0027,2025-09-19,2025-11-03,45,2639.54,0,,No Dispute
INV-002071,CUST-0027,2025-09-15,2025-10-30,45,3736.64,0,,No Dispute
INV-002072,CUST-0027,2025-03-12,2025-04-26,45,1908.8,1,4.0,Open
INV-002073,CUST-0027,2025-12-27,2026-02-10,45,10889.39,0,,No Dispute
INV-002074,CUST-0027,2024-04-12,2024-05-27,45,10666.57,0,,No Dispute
INV-002075,CUST-0027,2025-07-24,2025-09-07,45,4054.68,0,,No Dispute
INV-002076,CUST-0027,2025-08-05,2025-09-19,45,5987.86,0,,No Dispute
INV-002077,CUST-0027,2025-06-28,2025-08-12,45,9764.56,0,,No Dispute
INV-002078,CUST-0027,2025-08-23,2025-10-07,45,5182.54,0,,No Dispute
INV-002079,CUST-0027,2024-06-08,2024-07-23,45,9088.64,0,,No Dispute
INV-002080,CUST-0027,2025-02-22,2025-04-08,45,7224.98,0,,No Dispute
INV-002081,CUST-0027,2025-01-01,2025-02-15,45,4987.82,1,2.0,Resolved
INV-002082,CUST-0027,2025-01-25,2025-03-11,45,4480.38,0,,No Dispute
INV-002083,CUST-0027,2024-07-10,2024-08-24,45,1785.63,0,,No Dispute
INV-002084,CUST-0027,2024-07-13,2024-08-27,45,8345.72,0,,No Dispute
INV-002085,CUST-0027,2025-10-22,2025-12-06,45,11282.1,0,,No Dispute
INV-002086,CUST-0027,2024-11-29,2025-01-13,45,7550.66,0,,No Dispute
INV-002087,CUST-0027,2024-07-07,2024-08-21,45,7716.68,0,,No Dispute
INV-002088,CUST-0027,2024-06-09,2024-07-24,45,6639.22,0,,No Dispute
INV-002089,CUST-0027,2024-12-23,2025-02-06,45,7736.34,0,,No Dispute
INV-002090,CUST-0027,2024-01-29,2024-03-14,45,7294.96,0,,No Dispute
INV-002091,CUST-0027,2024-01-20,2024-03-05,45,8162.99,0,,No Dispute
INV-002092,CUST-0027,2024-02-02,2024-03-18,45,3595.67,1,5.0,Open
INV-002093,CUST-0027,2025-07-15,2025-08-29,45,10329.71,0,,No Dispute
INV-002094,CUST-0027,2024-07-05,2024-08-19,45,4649.09,0,,No Dispute
INV-002095,CUST-0027,2024-05-09,2024-06-23,45,7876.91,1,1.0,Resolved
INV-002096,CUST-0027,2024-01-30,2024-03-15,45,3465.38,0,,No Dispute
INV-002097,CUST-0027,2024-08-09,2024-09-23,45,9160.87,0,,No Dispute
INV-002098,CUST-0027,2025-08-26,2025-10-10,45,9997.0,0,,No Dispute
INV-002099,CUST-0027,2025-01-31,2025-03-17,45,11733.4,0,,No Dispute
INV-002100,CUST-0027,2025-10-04,2025-11-18,45,9112.19,1,2.0,Resolved
INV-002101,CUST-0027,2024-05-28,2024-07-12,45,3462.55,0,,No Dispute
INV-002102,CUST-0027,2025-10-12,2025-11-26,45,11852.6,1,3.0,Resolved
INV-002103,CUST-0027,2025-12-30,2026-02-13,45,6317.83,0,,No Dispute
INV-002104,CUST-0027,2024-12-01,2025-01-15,45,3090.57,0,,No Dispute
INV-002105,CUST-0027,2025-09-04,2025-10-19,45,6427.07,0,,No Dispute
INV-002106,CUST-0027,2024-06-27,2024-08-11,45,5799.71,0,,No Dispute
INV-002107,CUST-0027,2024-08-21,2024-10-05,45,8490.71,0,,No Dispute
INV-002108,CUST-0027,2024-03-21,2024-05-05,45,4992.02,0,,No Dispute
INV-002109,CUST-0027,2025-09-22,2025-11-06,45,10062.01,0,,No Dispute
INV-002110,CUST-0027,2024-03-17,2024-05-01,45,6967.39,0,,No Dispute
INV-002111,CUST-0027,2025-01-11,2025-02-25,45,5145.25,0,,No Dispute
INV-002112,CUST-0027,2024-10-02,2024-11-16,45,8086.91,0,,No Dispute
INV-002113,CUST-0027,2024-12-20,2025-02-03,45,8270.98,0,,No Dispute
INV-002114,CUST-0027,2025-06-12,2025-07-27,45,7517.92,0,,No Dispute
INV-002115,CUST-0027,2024-12-31,2025-02-14,45,5744.02,0,,No Dispute
INV-002116,CUST-0027,2025-10-20,2025-12-04,45,5582.35,0,,No Dispute
INV-002117,CUST-0027,2025-11-26,2026-01-10,45,8865.73,0,,No Dispute
INV-002118,CUST-0027,2024-03-23,2024-05-07,45,6936.28,1,1.0,Resolved
INV-002119,CUST-0027,2024-06-30,2024-08-14,45,11250.37,0,,No Dispute
INV-002120,CUST-0027,2025-11-09,2025-12-24,45,9965.2,0,,No Dispute
INV-002121,CUST-0027,2024-07-14,2024-08-28,45,1922.57,0,,No Dispute
INV-002122,CUST-0027,2024-02-27,2024-04-12,45,6539.82,0,,No Dispute
INV-002123,CUST-0027,2024-11-17,2025-01-01,45,10234.59,0,,No Dispute
INV-002124,CUST-0027,2024-04-24,2024-06-08,45,3699.0,0,,No Dispute
INV-002125,CUST-0027,2024-05-03,2024-06-17,45,5934.69,0,,No Dispute
INV-002126,CUST-0027,2025-07-29,2025-09-12,45,9297.63,0,,No Dispute
INV-002127,CUST-0027,2025-11-15,2025-12-30,45,7488.49,0,,No Dispute
INV-002128,CUST-0027,2025-09-02,2025-10-17,45,1922.59,0,,No Dispute
INV-002129,CUST-0027,2024-03-05,2024-04-19,45,1547.06,0,,No Dispute
INV-002130,CUST-0027,2025-06-13,2025-07-28,45,3403.92,0,,No Dispute
INV-002131,CUST-0027,2025-11-01,2025-12-16,45,3878.82,0,,No Dispute
INV-002132,CUST-0027,2025-03-21,2025-05-05,45,2828.53,1,2.0,Resolved
INV-002133,CUST-0027,2025-10-18,2025-12-02,45,5813.85,0,,No Dispute
INV-002134,CUST-0027,2025-01-17,2025-03-03,45,4025.38,0,,No Dispute
INV-002135,CUST-0027,2025-11-25,2026-01-09,45,6311.59,1,2.0,Open
INV-002136,CUST-0027,2025-07-20,2025-09-03,45,3003.23,0,,No Dispute
INV-002137,CUST-0027,2024-03-28,2024-05-12,45,7663.77,0,,No Dispute
INV-002138,CUST-0027,2024-03-11,2024-04-25,45,9821.12,0,,No Dispute
INV-002139,CUST-0027,2024-07-22,2024-09-05,45,10702.51,0,,No Dispute
INV-002140,CUST-0027,2025-05-05,2025-06-19,45,7880.61,0,,No Dispute
INV-002141,CUST-0027,2024-08-10,2024-09-24,45,11601.79,0,,No Dispute
INV-002142,CUST-0027,2024-03-06,2024-04-20,45,9742.49,0,,No Dispute
INV-002143,CUST-0027,2024-09-19,2024-11-03,45,3670.07,0,,No Dispute
INV-002144,CUST-0027,2024-01-03,2024-02-17,45,4692.74,1,4.0,Resolved
INV-002145,CUST-0027,2024-02-21,2024-04-06,45,9620.62,0,,No Dispute
INV-002146,CUST-0027,2025-09-25,2025-11-09,45,4252.38,0,,No Dispute
INV-002147,CUST-0027,2025-07-06,2025-08-20,45,7910.31,0,,No Dispute
INV-002148,CUST-0027,2024-08-16,2024-09-30,45,11677.04,0,,No Dispute
INV-002149,CUST-0027,2025-05-08,2025-06-22,45,4518.3,0,,No Dispute
INV-002150,CUST-0027,2025-09-15,2025-10-30,45,5054.1,0,,No Dispute
INV-002151,CUST-0027,2025-11-18,2026-01-02,45,6043.88,0,,No Dispute
INV-002152,CUST-0027,2025-03-22,2025-05-06,45,10282.11,0,,No Dispute
INV-002153,CUST-0027,2024-12-24,2025-02-07,45,3266.0,0,,No Dispute
INV-002154,CUST-0027,2025-04-23,2025-06-07,45,7086.14,0,,No Dispute
INV-002155,CUST-0027,2024-11-23,2025-01-07,45,9620.89,0,,No Dispute
INV-002156,CUST-0027,2024-06-05,2024-07-20,45,11012.53,0,,No Dispute
INV-002157,CUST-0027,2025-07-25,2025-09-08,45,10553.64,0,,No Dispute
INV-002158,CUST-0027,2025-11-30,2026-01-14,45,3734.93,0,,No Dispute
INV-002159,CUST-0027,2024-04-06,2024-05-21,45,2605.58,0,,No Dispute
INV-002160,CUST-0027,2024-01-19,2024-03-04,45,7975.66,0,,No Dispute
INV-002161,CUST-0027,2025-10-17,2025-12-01,45,9391.59,0,,No Dispute
INV-002162,CUST-0027,2024-01-08,2024-02-22,45,11020.17,0,,No Dispute
INV-002163,CUST-0027,2024-01-11,2024-02-25,45,3393.1,0,,No Dispute
INV-002164,CUST-0027,2024-11-18,2025-01-02,45,11052.95,0,,No Dispute
INV-002165,CUST-0027,2025-04-14,2025-05-29,45,6425.58,0,,No Dispute
INV-002166,CUST-0027,2025-10-12,2025-11-26,45,9045.32,0,,No Dispute
INV-002167,CUST-0028,2025-03-24,2025-04-23,30,2640.36,0,,No Dispute
INV-002168,CUST-0028,2024-05-14,2024-06-13,30,1142.47,0,,No Dispute
INV-002169,CUST-0028,2025-08-04,2025-09-03,30,1108.62,0,,No Dispute
INV-002170,CUST-0028,2024-09-22,2024-10-22,30,2497.57,0,,No Dispute
INV-002171,CUST-0028,2024-08-21,2024-09-20,30,3155.27,0,,No Dispute
INV-002172,CUST-0028,2025-05-03,2025-06-02,30,3199.6,0,,No Dispute
INV-002173,CUST-0028,2025-04-20,2025-05-20,30,2016.12,0,,No Dispute
INV-002174,CUST-0028,2024-05-18,2024-06-17,30,2740.91,0,,No Dispute
INV-002175,CUST-0028,2024-05-13,2024-06-12,30,813.95,0,,No Dispute
INV-002176,CUST-0028,2025-04-02,2025-05-02,30,3566.14,0,,No Dispute
INV-002177,CUST-0028,2024-04-02,2024-05-02,30,1153.03,0,,No Dispute
INV-002178,CUST-0028,2025-06-02,2025-07-02,30,2980.47,0,,No Dispute
INV-002179,CUST-0028,2024-11-03,2024-12-03,30,3598.3,0,,No Dispute
INV-002180,CUST-0028,2024-01-31,2024-03-01,30,992.9,0,,No Dispute
INV-002181,CUST-0028,2025-05-15,2025-06-14,30,919.44,0,,No Dispute
INV-002182,CUST-0028,2024-11-27,2024-12-27,30,1145.87,0,,No Dispute
INV-002183,CUST-0028,2024-09-01,2024-10-01,30,3189.44,0,,No Dispute
INV-002184,CUST-0028,2024-01-07,2024-02-06,30,2652.19,0,,No Dispute
INV-002185,CUST-0028,2024-10-19,2024-11-18,30,601.86,1,4.0,Resolved
INV-002186,CUST-0028,2025-09-22,2025-10-22,30,979.86,0,,No Dispute
INV-002187,CUST-0028,2024-08-21,2024-09-20,30,3564.79,0,,No Dispute
INV-002188,CUST-0028,2024-06-23,2024-07-23,30,3177.65,0,,No Dispute
INV-002189,CUST-0028,2024-07-17,2024-08-16,30,1570.5,1,4.0,Open
INV-002190,CUST-0028,2025-11-21,2025-12-21,30,1052.3,0,,No Dispute
INV-002191,CUST-0028,2024-12-21,2025-01-20,30,1840.38,0,,No Dispute
INV-002192,CUST-0028,2025-08-07,2025-09-06,30,2507.83,0,,No Dispute
INV-002193,CUST-0028,2024-10-26,2024-11-25,30,696.1,0,,No Dispute
INV-002194,CUST-0028,2024-10-28,2024-11-27,30,2034.47,0,,No Dispute
INV-002195,CUST-0028,2024-07-09,2024-08-08,30,3938.38,0,,No Dispute
INV-002196,CUST-0028,2025-10-26,2025-11-25,30,2321.21,0,,No Dispute
INV-002197,CUST-0028,2025-06-04,2025-07-04,30,2868.58,0,,No Dispute
INV-002198,CUST-0028,2024-06-25,2024-07-25,30,1680.95,0,,No Dispute
INV-002199,CUST-0029,2024-05-05,2024-06-04,30,2428.3,0,,No Dispute
INV-002200,CUST-0029,2024-02-20,2024-03-21,30,1934.46,0,,No Dispute
INV-002201,CUST-0029,2025-09-29,2025-10-29,30,3394.48,0,,No Dispute
INV-002202,CUST-0029,2025-11-24,2025-12-24,30,2488.8,0,,No Dispute
INV-002203,CUST-0029,2024-05-20,2024-06-19,30,2432.94,0,,No Dispute
INV-002204,CUST-0029,2024-11-14,2024-12-14,30,2299.73,0,,No Dispute
INV-002205,CUST-0029,2025-03-11,2025-04-10,30,3506.19,0,,No Dispute
INV-002206,CUST-0029,2025-08-31,2025-09-30,30,1846.49,0,,No Dispute
INV-002207,CUST-0029,2025-07-27,2025-08-26,30,2379.53,0,,No Dispute
INV-002208,CUST-0029,2024-06-19,2024-07-19,30,2393.01,0,,No Dispute
INV-002209,CUST-0029,2024-09-28,2024-10-28,30,1922.4,0,,No Dispute
INV-002210,CUST-0029,2025-10-07,2025-11-06,30,2659.15,0,,No Dispute
INV-002211,CUST-0029,2025-09-19,2025-10-19,30,843.08,0,,No Dispute
INV-002212,CUST-0029,2024-01-28,2024-02-27,30,1527.55,0,,No Dispute
INV-002213,CUST-0029,2025-06-11,2025-07-11,30,3279.98,0,,No Dispute
INV-002214,CUST-0029,2025-08-07,2025-09-06,30,3313.14,0,,No Dispute
INV-002215,CUST-0029,2025-08-09,2025-09-08,30,3757.48,0,,No Dispute
INV-002216,CUST-0029,2024-02-21,2024-03-22,30,1362.3,0,,No Dispute
INV-002217,CUST-0029,2025-03-18,2025-04-17,30,1897.9,0,,No Dispute
INV-002218,CUST-0029,2025-01-05,2025-02-04,30,3516.4,0,,No Dispute
INV-002219,CUST-0029,2025-11-10,2025-12-10,30,2514.16,0,,No Dispute
INV-002220,CUST-0029,2025-08-05,2025-09-04,30,1606.36,0,,No Dispute
INV-002221,CUST-0029,2025-02-20,2025-03-22,30,1197.69,0,,No Dispute
INV-002222,CUST-0029,2024-04-29,2024-05-29,30,1704.6,0,,No Dispute
INV-002223,CUST-0029,2024-06-08,2024-07-08,30,1475.92,0,,No Dispute
INV-002224,CUST-0029,2024-12-17,2025-01-16,30,764.17,0,,No Dispute
INV-002225,CUST-0029,2025-01-30,2025-03-01,30,980.26,0,,No Dispute
INV-002226,CUST-0029,2024-02-03,2024-03-04,30,2083.87,0,,No Dispute
INV-002227,CUST-0029,2025-08-05,2025-09-04,30,3088.43,0,,No Dispute
INV-002228,CUST-0029,2024-11-12,2024-12-12,30,2282.06,0,,No Dispute
INV-002229,CUST-0029,2024-08-01,2024-08-31,30,1302.15,0,,No Dispute
INV-002230,CUST-0029,2024-11-17,2024-12-17,30,3743.03,0,,No Dispute
INV-002231,CUST-0029,2025-10-29,2025-11-28,30,1343.89,0,,No Dispute
INV-002232,CUST-0029,2024-04-21,2024-05-21,30,1707.68,0,,No Dispute
INV-002233,CUST-0029,2025-08-15,2025-09-14,30,2290.45,0,,No Dispute
INV-002234,CUST-0029,2024-01-21,2024-02-20,30,1663.57,0,,No Dispute
INV-002235,CUST-0029,2025-04-04,2025-05-04,30,1859.38,0,,No Dispute
INV-002236,CUST-0029,2025-12-09,2026-01-08,30,3216.41,0,,No Dispute
INV-002237,CUST-0029,2024-04-20,2024-05-20,30,3144.64,0,,No Dispute
INV-002238,CUST-0029,2025-04-29,2025-05-29,30,1763.4,0,,No Dispute
INV-002239,CUST-0030,2025-04-25,2025-05-25,30,10337.91,0,,No Dispute
INV-002240,CUST-0030,2025-06-23,2025-07-23,30,3993.42,0,,No Dispute
INV-002241,CUST-0030,2024-07-20,2024-08-19,30,8671.1,0,,No Dispute
INV-002242,CUST-0030,2025-08-21,2025-09-20,30,3802.95,0,,No Dispute
INV-002243,CUST-0030,2024-04-24,2024-05-24,30,3300.04,0,,No Dispute
INV-002244,CUST-0030,2024-02-10,2024-03-11,30,8828.75,0,,No Dispute
INV-002245,CUST-0030,2025-07-05,2025-08-04,30,4797.08,0,,No Dispute
INV-002246,CUST-0030,2025-03-20,2025-04-19,30,8612.44,0,,No Dispute
INV-002247,CUST-0030,2024-06-09,2024-07-09,30,10717.36,0,,No Dispute
INV-002248,CUST-0030,2024-03-26,2024-04-25,30,8737.38,0,,No Dispute
INV-002249,CUST-0030,2024-09-08,2024-10-08,30,2381.89,0,,No Dispute
INV-002250,CUST-0030,2024-01-01,2024-01-31,30,2654.78,0,,No Dispute
INV-002251,CUST-0030,2024-06-21,2024-07-21,30,8806.57,0,,No Dispute
INV-002252,CUST-0030,2025-07-09,2025-08-08,30,1794.06,0,,No Dispute
INV-002253,CUST-0030,2025-02-24,2025-03-26,30,10770.72,0,,No Dispute
INV-002254,CUST-0030,2025-02-05,2025-03-07,30,7324.26,0,,No Dispute
INV-002255,CUST-0030,2025-09-21,2025-10-21,30,8380.92,0,,No Dispute
INV-002256,CUST-0030,2025-07-29,2025-08-28,30,10360.62,0,,No Dispute
INV-002257,CUST-0030,2024-10-27,2024-11-26,30,3457.26,0,,No Dispute
INV-002258,CUST-0030,2025-04-15,2025-05-15,30,7621.57,0,,No Dispute
INV-002259,CUST-0030,2025-08-20,2025-09-19,30,11176.82,0,,No Dispute
INV-002260,CUST-0030,2024-02-27,2024-03-28,30,7899.96,0,,No Dispute
INV-002261,CUST-0030,2024-06-09,2024-07-09,30,5095.01,0,,No Dispute
INV-002262,CUST-0030,2025-02-01,2025-03-03,30,11647.1,0,,No Dispute
INV-002263,CUST-0030,2024-07-07,2024-08-06,30,11806.9,0,,No Dispute
INV-002264,CUST-0030,2024-01-12,2024-02-11,30,9497.65,0,,No Dispute
INV-002265,CUST-0030,2024-12-11,2025-01-10,30,9300.22,0,,No Dispute
INV-002266,CUST-0030,2024-04-27,2024-05-27,30,8654.77,0,,No Dispute
INV-002267,CUST-0030,2025-02-06,2025-03-08,30,1997.17,0,,No Dispute
INV-002268,CUST-0030,2024-11-19,2024-12-19,30,9367.55,0,,No Dispute
INV-002269,CUST-0030,2025-11-28,2025-12-28,30,4930.94,0,,No Dispute
INV-002270,CUST-0030,2024-08-07,2024-09-06,30,9634.6,0,,No Dispute
INV-002271,CUST-0030,2025-01-17,2025-02-16,30,3634.48,0,,No Dispute
INV-002272,CUST-0030,2025-12-28,2026-01-27,30,11085.02,0,,No Dispute
INV-002273,CUST-0030,2025-11-01,2025-12-01,30,3894.81,0,,No Dispute
INV-002274,CUST-0030,2025-08-10,2025-09-09,30,11035.62,0,,No Dispute
INV-002275,CUST-0030,2024-01-31,2024-03-01,30,3520.99,0,,No Dispute
INV-002276,CUST-0030,2024-03-11,2024-04-10,30,6381.05,0,,No Dispute
INV-002277,CUST-0030,2025-04-11,2025-05-11,30,5942.05,0,,No Dispute
INV-002278,CUST-0030,2025-09-25,2025-10-25,30,11598.33,0,,No Dispute
INV-002279,CUST-0030,2025-06-10,2025-07-10,30,3136.53,0,,No Dispute
INV-002280,CUST-0030,2024-06-28,2024-07-28,30,1848.47,0,,No Dispute
INV-002281,CUST-0030,2024-12-19,2025-01-18,30,9721.38,0,,No Dispute
INV-002282,CUST-0030,2025-08-18,2025-09-17,30,10301.67,0,,No Dispute
INV-002283,CUST-0030,2024-06-04,2024-07-04,30,9849.16,0,,No Dispute
INV-002284,CUST-0030,2025-10-25,2025-11-24,30,6603.04,0,,No Dispute
INV-002285,CUST-0030,2025-04-21,2025-05-21,30,11163.15,0,,No Dispute
INV-002286,CUST-0030,2025-03-23,2025-04-22,30,9021.48,0,,No Dispute
INV-002287,CUST-0030,2024-07-20,2024-08-19,30,4921.27,0,,No Dispute
INV-002288,CUST-0030,2025-04-19,2025-05-19,30,11890.26,0,,No Dispute
INV-002289,CUST-0030,2024-08-27,2024-09-26,30,11277.86,0,,No Dispute
INV-002290,CUST-0030,2025-04-09,2025-05-09,30,4534.32,0,,No Dispute
INV-002291,CUST-0030,2025-06-02,2025-07-02,30,8524.62,0,,No Dispute
INV-002292,CUST-0030,2025-01-25,2025-02-24,30,7237.9,0,,No Dispute
INV-002293,CUST-0030,2024-12-08,2025-01-07,30,8841.53,0,,No Dispute
INV-002294,CUST-0030,2024-02-07,2024-03-08,30,1828.35,0,,No Dispute
INV-002295,CUST-0030,2025-12-12,2026-01-11,30,11728.83,0,,No Dispute
INV-002296,CUST-0030,2025-03-03,2025-04-02,30,8547.45,0,,No Dispute
INV-002297,CUST-0030,2024-11-30,2024-12-30,30,10814.99,1,1.0,Resolved
INV-002298,CUST-0030,2024-09-15,2024-10-15,30,1611.38,0,,No Dispute
INV-002299,CUST-0030,2025-04-10,2025-05-10,30,9801.37,0,,No Dispute
INV-002300,CUST-0030,2025-11-06,2025-12-06,30,3605.35,0,,No Dispute
INV-002301,CUST-0030,2025-01-13,2025-02-12,30,10205.89,0,,No Dispute
INV-002302,CUST-0030,2024-06-05,2024-07-05,30,4558.68,0,,No Dispute
INV-002303,CUST-0030,2024-06-21,2024-07-21,30,6622.46,0,,No Dispute
INV-002304,CUST-0030,2024-06-09,2024-07-09,30,6085.42,0,,No Dispute
INV-002305,CUST-0030,2024-07-20,2024-08-19,30,10771.0,0,,No Dispute
INV-002306,CUST-0030,2024-01-06,2024-02-05,30,6569.58,0,,No Dispute
INV-002307,CUST-0030,2025-09-19,2025-10-19,30,8001.07,0,,No Dispute
INV-002308,CUST-0030,2025-08-15,2025-09-14,30,1930.46,0,,No Dispute
INV-002309,CUST-0031,2024-09-07,2024-11-06,60,5944.97,0,,No Dispute
INV-002310,CUST-0031,2025-11-08,2026-01-07,60,21123.07,0,,No Dispute
INV-002311,CUST-0031,2024-07-12,2024-09-10,60,10438.88,0,,No Dispute
INV-002312,CUST-0031,2025-04-01,2025-05-31,60,10120.49,0,,No Dispute
INV-002313,CUST-0031,2024-09-03,2024-11-02,60,29547.78,0,,No Dispute
INV-002314,CUST-0031,2025-04-09,2025-06-08,60,29568.1,0,,No Dispute
INV-002315,CUST-0031,2025-03-13,2025-05-12,60,9972.87,0,,No Dispute
INV-002316,CUST-0031,2025-07-15,2025-09-13,60,7410.59,0,,No Dispute
INV-002317,CUST-0031,2024-05-16,2024-07-15,60,13922.08,0,,No Dispute
INV-002318,CUST-0031,2024-02-21,2024-04-21,60,16000.76,0,,No Dispute
INV-002319,CUST-0031,2025-02-06,2025-04-07,60,20912.41,0,,No Dispute
INV-002320,CUST-0031,2024-09-23,2024-11-22,60,10025.57,0,,No Dispute
INV-002321,CUST-0031,2024-04-22,2024-06-21,60,7335.75,0,,No Dispute
INV-002322,CUST-0031,2025-11-30,2026-01-29,60,24115.47,0,,No Dispute
INV-002323,CUST-0031,2025-02-15,2025-04-16,60,15590.7,0,,No Dispute
INV-002324,CUST-0031,2025-08-04,2025-10-03,60,7361.95,0,,No Dispute
INV-002325,CUST-0031,2025-01-23,2025-03-24,60,22656.48,0,,No Dispute
INV-002326,CUST-0031,2025-12-24,2026-02-22,60,25095.59,0,,No Dispute
INV-002327,CUST-0031,2024-01-22,2024-03-22,60,11580.36,1,2.0,Resolved
INV-002328,CUST-0031,2025-07-08,2025-09-06,60,29805.54,0,,No Dispute
INV-002329,CUST-0031,2025-04-26,2025-06-25,60,26547.26,0,,No Dispute
INV-002330,CUST-0031,2025-04-15,2025-06-14,60,9162.21,0,,No Dispute
INV-002331,CUST-0031,2024-01-13,2024-03-13,60,9508.29,0,,No Dispute
INV-002332,CUST-0031,2024-03-29,2024-05-28,60,28227.76,0,,No Dispute
INV-002333,CUST-0031,2024-02-13,2024-04-13,60,22733.44,0,,No Dispute
INV-002334,CUST-0031,2025-05-27,2025-07-26,60,20380.84,0,,No Dispute
INV-002335,CUST-0031,2024-05-20,2024-07-19,60,6194.6,0,,No Dispute
INV-002336,CUST-0031,2025-02-26,2025-04-27,60,31658.3,0,,No Dispute
INV-002337,CUST-0031,2025-07-14,2025-09-12,60,19529.11,0,,No Dispute
INV-002338,CUST-0031,2025-05-15,2025-07-14,60,27734.21,0,,No Dispute
INV-002339,CUST-0031,2024-02-25,2024-04-25,60,14912.08,0,,No Dispute
INV-002340,CUST-0031,2025-05-22,2025-07-21,60,20265.4,0,,No Dispute
INV-002341,CUST-0031,2025-02-28,2025-04-29,60,10521.78,0,,No Dispute
INV-002342,CUST-0031,2024-07-29,2024-09-27,60,12337.75,0,,No Dispute
INV-002343,CUST-0031,2024-08-25,2024-10-24,60,11801.52,0,,No Dispute
INV-002344,CUST-0031,2024-06-21,2024-08-20,60,12883.11,0,,No Dispute
INV-002345,CUST-0031,2024-03-20,2024-05-19,60,5869.3,0,,No Dispute
INV-002346,CUST-0031,2025-03-21,2025-05-20,60,27122.35,0,,No Dispute
INV-002347,CUST-0031,2024-09-22,2024-11-21,60,13657.95,0,,No Dispute
INV-002348,CUST-0031,2024-06-24,2024-08-23,60,21128.83,0,,No Dispute
INV-002349,CUST-0031,2024-03-16,2024-05-15,60,22645.64,0,,No Dispute
INV-002350,CUST-0031,2024-10-03,2024-12-02,60,13064.47,0,,No Dispute
INV-002351,CUST-0031,2024-09-18,2024-11-17,60,6195.98,0,,No Dispute
INV-002352,CUST-0031,2024-10-10,2024-12-09,60,28080.52,1,4.0,Resolved
INV-002353,CUST-0031,2024-04-03,2024-06-02,60,6914.51,0,,No Dispute
INV-002354,CUST-0031,2024-10-08,2024-12-07,60,9965.58,0,,No Dispute
INV-002355,CUST-0031,2024-12-07,2025-02-05,60,6052.77,0,,No Dispute
INV-002356,CUST-0031,2024-04-20,2024-06-19,60,23002.41,0,,No Dispute
INV-002357,CUST-0031,2025-08-13,2025-10-12,60,6023.76,0,,No Dispute
INV-002358,CUST-0031,2025-09-08,2025-11-07,60,27596.39,0,,No Dispute
INV-002359,CUST-0031,2024-01-17,2024-03-17,60,12900.1,0,,No Dispute
INV-002360,CUST-0031,2025-06-07,2025-08-06,60,21626.32,0,,No Dispute
INV-002361,CUST-0031,2024-05-10,2024-07-09,60,29754.23,0,,No Dispute
INV-002362,CUST-0031,2024-12-17,2025-02-15,60,16785.16,0,,No Dispute
INV-002363,CUST-0031,2024-09-14,2024-11-13,60,17380.82,0,,No Dispute
INV-002364,CUST-0031,2025-01-05,2025-03-06,60,11608.5,0,,No Dispute
INV-002365,CUST-0031,2024-01-31,2024-03-31,60,8023.27,0,,No Dispute
INV-002366,CUST-0031,2025-05-15,2025-07-14,60,6442.25,0,,No Dispute
INV-002367,CUST-0031,2024-02-23,2024-04-23,60,30254.24,0,,No Dispute
INV-002368,CUST-0031,2025-03-19,2025-05-18,60,20515.34,0,,No Dispute
INV-002369,CUST-0031,2024-08-15,2024-10-14,60,24730.58,0,,No Dispute
INV-002370,CUST-0031,2025-12-21,2026-02-19,60,18377.73,0,,No Dispute
INV-002371,CUST-0031,2025-06-08,2025-08-07,60,13723.4,0,,No Dispute
INV-002372,CUST-0031,2024-03-18,2024-05-17,60,18338.74,0,,No Dispute
INV-002373,CUST-0031,2024-07-19,2024-09-17,60,17378.63,1,3.0,Open
INV-002374,CUST-0031,2024-12-29,2025-02-27,60,20879.01,0,,No Dispute
INV-002375,CUST-0031,2024-09-17,2024-11-16,60,28610.0,0,,No Dispute
INV-002376,CUST-0031,2024-02-23,2024-04-23,60,17402.35,0,,No Dispute
INV-002377,CUST-0031,2025-12-21,2026-02-19,60,26529.08,0,,No Dispute
INV-002378,CUST-0031,2025-04-26,2025-06-25,60,14430.15,0,,No Dispute
INV-002379,CUST-0031,2024-08-26,2024-10-25,60,20875.3,0,,No Dispute
INV-002380,CUST-0031,2024-09-12,2024-11-11,60,6931.55,0,,No Dispute
INV-002381,CUST-0031,2024-09-09,2024-11-08,60,8526.85,0,,No Dispute
INV-002382,CUST-0031,2025-09-22,2025-11-21,60,25404.28,0,,No Dispute
INV-002383,CUST-0031,2025-06-18,2025-08-17,60,20545.25,0,,No Dispute
INV-002384,CUST-0031,2024-12-22,2025-02-20,60,12769.16,0,,No Dispute
INV-002385,CUST-0031,2024-01-12,2024-03-12,60,18329.65,0,,No Dispute
INV-002386,CUST-0031,2024-01-28,2024-03-28,60,16773.33,0,,No Dispute
INV-002387,CUST-0031,2025-03-29,2025-05-28,60,11413.12,0,,No Dispute
INV-002388,CUST-0031,2024-04-30,2024-06-29,60,30538.05,0,,No Dispute
INV-002389,CUST-0031,2025-12-30,2026-02-28,60,24349.05,0,,No Dispute
INV-002390,CUST-0031,2024-08-02,2024-10-01,60,12147.7,0,,No Dispute
INV-002391,CUST-0031,2025-06-11,2025-08-10,60,5927.94,0,,No Dispute
INV-002392,CUST-0031,2025-06-01,2025-07-31,60,21606.28,0,,No Dispute
INV-002393,CUST-0031,2025-02-19,2025-04-20,60,13947.61,0,,No Dispute
INV-002394,CUST-0031,2025-01-27,2025-03-28,60,15623.97,0,,No Dispute
INV-002395,CUST-0031,2024-05-08,2024-07-07,60,24364.05,0,,No Dispute
INV-002396,CUST-0031,2024-03-06,2024-05-05,60,5790.93,0,,No Dispute
INV-002397,CUST-0031,2024-02-15,2024-04-15,60,23188.1,0,,No Dispute
INV-002398,CUST-0031,2024-12-02,2025-01-31,60,21796.28,1,2.0,Resolved
INV-002399,CUST-0031,2025-01-08,2025-03-09,60,22618.21,0,,No Dispute
INV-002400,CUST-0031,2024-04-21,2024-06-20,60,16281.11,0,,No Dispute
INV-002401,CUST-0031,2024-08-07,2024-10-06,60,5827.81,0,,No Dispute
INV-002402,CUST-0031,2024-05-15,2024-07-14,60,12006.18,0,,No Dispute
INV-002403,CUST-0031,2024-07-26,2024-09-24,60,29315.98,0,,No Dispute
INV-002404,CUST-0031,2025-01-28,2025-03-29,60,14743.89,0,,No Dispute
INV-002405,CUST-0031,2025-07-06,2025-09-04,60,23589.83,0,,No Dispute
INV-002406,CUST-0031,2025-10-12,2025-12-11,60,28650.22,0,,No Dispute
INV-002407,CUST-0031,2025-02-23,2025-04-24,60,20030.78,0,,No Dispute
INV-002408,CUST-0031,2025-04-29,2025-06-28,60,20443.53,0,,No Dispute
INV-002409,CUST-0031,2025-11-26,2026-01-25,60,19625.01,0,,No Dispute
INV-002410,CUST-0031,2024-05-27,2024-07-26,60,19252.6,0,,No Dispute
INV-002411,CUST-0031,2024-01-29,2024-03-29,60,22920.28,0,,No Dispute
INV-002412,CUST-0031,2024-11-07,2025-01-06,60,17606.9,0,,No Dispute
INV-002413,CUST-0031,2024-08-27,2024-10-26,60,31002.1,0,,No Dispute
INV-002414,CUST-0031,2024-10-02,2024-12-01,60,19493.92,0,,No Dispute
INV-002415,CUST-0031,2024-09-25,2024-11-24,60,6537.73,0,,No Dispute
INV-002416,CUST-0031,2025-06-09,2025-08-08,60,31034.0,0,,No Dispute
INV-002417,CUST-0031,2025-10-27,2025-12-26,60,26202.96,0,,No Dispute
INV-002418,CUST-0031,2024-06-30,2024-08-29,60,20274.65,0,,No Dispute
INV-002419,CUST-0031,2025-08-21,2025-10-20,60,26003.34,0,,No Dispute
INV-002420,CUST-0031,2025-08-07,2025-10-06,60,22189.67,0,,No Dispute
INV-002421,CUST-0031,2024-10-03,2024-12-02,60,12213.98,0,,No Dispute
INV-002422,CUST-0031,2024-08-15,2024-10-14,60,31645.27,0,,No Dispute
INV-002423,CUST-0031,2024-03-10,2024-05-09,60,28861.52,0,,No Dispute
INV-002424,CUST-0031,2025-07-29,2025-09-27,60,14391.35,1,5.0,Open
INV-002425,CUST-0031,2024-01-02,2024-03-02,60,19508.62,0,,No Dispute
INV-002426,CUST-0031,2025-01-25,2025-03-26,60,12254.23,0,,No Dispute
INV-002427,CUST-0031,2024-02-04,2024-04-04,60,23610.67,0,,No Dispute
INV-002428,CUST-0031,2024-02-26,2024-04-26,60,11607.83,0,,No Dispute
INV-002429,CUST-0031,2024-02-21,2024-04-21,60,18632.05,0,,No Dispute
INV-002430,CUST-0031,2025-06-19,2025-08-18,60,6234.62,0,,No Dispute
INV-002431,CUST-0031,2025-08-26,2025-10-25,60,9102.99,1,1.0,Resolved
INV-002432,CUST-0031,2024-10-18,2024-12-17,60,17212.48,0,,No Dispute
INV-002433,CUST-0031,2024-12-25,2025-02-23,60,31512.08,0,,No Dispute
INV-002434,CUST-0032,2024-07-05,2024-10-03,90,16117.64,0,,No Dispute
INV-002435,CUST-0032,2025-07-05,2025-10-03,90,13614.19,0,,No Dispute
INV-002436,CUST-0032,2025-08-20,2025-11-18,90,15079.23,0,,No Dispute
INV-002437,CUST-0032,2024-11-07,2025-02-05,90,20304.12,0,,No Dispute
INV-002438,CUST-0032,2024-07-21,2024-10-19,90,28867.17,0,,No Dispute
INV-002439,CUST-0032,2025-11-10,2026-02-08,90,22462.92,0,,No Dispute
INV-002440,CUST-0032,2025-06-29,2025-09-27,90,10286.16,0,,No Dispute
INV-002441,CUST-0032,2024-02-02,2024-05-02,90,29526.33,0,,No Dispute
INV-002442,CUST-0032,2024-06-15,2024-09-13,90,14171.32,0,,No Dispute
INV-002443,CUST-0032,2024-04-10,2024-07-09,90,26507.96,0,,No Dispute
INV-002444,CUST-0032,2025-04-13,2025-07-12,90,13693.54,1,1.0,Resolved
INV-002445,CUST-0032,2024-11-19,2025-02-17,90,25878.05,0,,No Dispute
INV-002446,CUST-0032,2025-02-13,2025-05-14,90,25154.41,0,,No Dispute
INV-002447,CUST-0032,2025-07-18,2025-10-16,90,14981.97,0,,No Dispute
INV-002448,CUST-0032,2025-01-04,2025-04-04,90,25245.66,0,,No Dispute
INV-002449,CUST-0032,2024-12-15,2025-03-15,90,31541.44,0,,No Dispute
INV-002450,CUST-0032,2024-02-15,2024-05-15,90,30552.31,0,,No Dispute
INV-002451,CUST-0032,2025-08-18,2025-11-16,90,25419.96,0,,No Dispute
INV-002452,CUST-0032,2025-07-06,2025-10-04,90,19289.9,0,,No Dispute
INV-002453,CUST-0032,2025-11-26,2026-02-24,90,28575.3,0,,No Dispute
INV-002454,CUST-0032,2025-06-01,2025-08-30,90,11787.1,0,,No Dispute
INV-002455,CUST-0032,2025-11-26,2026-02-24,90,17399.41,0,,No Dispute
INV-002456,CUST-0032,2025-06-17,2025-09-15,90,16620.6,0,,No Dispute
INV-002457,CUST-0032,2025-06-17,2025-09-15,90,18398.35,0,,No Dispute
INV-002458,CUST-0032,2025-08-31,2025-11-29,90,18656.15,0,,No Dispute
INV-002459,CUST-0032,2025-07-01,2025-09-29,90,24671.26,0,,No Dispute
INV-002460,CUST-0032,2024-05-29,2024-08-27,90,19077.66,0,,No Dispute
INV-002461,CUST-0032,2024-02-26,2024-05-26,90,12853.75,0,,No Dispute
INV-002462,CUST-0032,2025-11-12,2026-02-10,90,24588.65,0,,No Dispute
INV-002463,CUST-0032,2024-07-20,2024-10-18,90,28595.94,0,,No Dispute
INV-002464,CUST-0032,2025-06-14,2025-09-12,90,16032.33,0,,No Dispute
INV-002465,CUST-0032,2025-06-12,2025-09-10,90,23219.5,0,,No Dispute
INV-002466,CUST-0032,2024-12-25,2025-03-25,90,9579.85,0,,No Dispute
INV-002467,CUST-0032,2024-09-27,2024-12-26,90,24694.99,0,,No Dispute
INV-002468,CUST-0032,2025-08-02,2025-10-31,90,27769.17,0,,No Dispute
INV-002469,CUST-0032,2025-07-03,2025-10-01,90,6061.63,0,,No Dispute
INV-002470,CUST-0032,2025-06-07,2025-09-05,90,10732.68,0,,No Dispute
INV-002471,CUST-0032,2025-06-12,2025-09-10,90,30747.29,0,,No Dispute
INV-002472,CUST-0032,2024-08-10,2024-11-08,90,24276.8,0,,No Dispute
INV-002473,CUST-0032,2025-01-29,2025-04-29,90,14470.34,0,,No Dispute
INV-002474,CUST-0032,2024-06-23,2024-09-21,90,18241.08,0,,No Dispute
INV-002475,CUST-0032,2024-09-06,2024-12-05,90,8313.05,1,5.0,Open
INV-002476,CUST-0032,2025-07-24,2025-10-22,90,22062.19,0,,No Dispute
INV-002477,CUST-0032,2025-04-29,2025-07-28,90,22126.03,0,,No Dispute
INV-002478,CUST-0032,2024-11-22,2025-02-20,90,17749.31,0,,No Dispute
INV-002479,CUST-0032,2025-01-14,2025-04-14,90,22589.85,0,,No Dispute
INV-002480,CUST-0032,2024-12-10,2025-03-10,90,19240.55,0,,No Dispute
INV-002481,CUST-0032,2024-05-12,2024-08-10,90,24593.31,0,,No Dispute
INV-002482,CUST-0032,2025-01-29,2025-04-29,90,7817.05,1,1.0,Open
INV-002483,CUST-0032,2025-05-02,2025-07-31,90,6132.33,0,,No Dispute
INV-002484,CUST-0032,2024-10-20,2025-01-18,90,30736.07,0,,No Dispute
INV-002485,CUST-0032,2024-10-23,2025-01-21,90,9453.56,0,,No Dispute
INV-002486,CUST-0032,2024-08-13,2024-11-11,90,27914.05,0,,No Dispute
INV-002487,CUST-0032,2025-03-19,2025-06-17,90,26742.31,0,,No Dispute
INV-002488,CUST-0032,2025-02-20,2025-05-21,90,15880.99,0,,No Dispute
INV-002489,CUST-0032,2024-06-01,2024-08-30,90,21247.64,0,,No Dispute
INV-002490,CUST-0032,2024-12-20,2025-03-20,90,20459.27,0,,No Dispute
INV-002491,CUST-0032,2025-02-12,2025-05-13,90,20690.99,0,,No Dispute
INV-002492,CUST-0032,2025-04-17,2025-07-16,90,22498.35,0,,No Dispute
INV-002493,CUST-0032,2025-05-09,2025-08-07,90,5593.21,0,,No Dispute
INV-002494,CUST-0032,2025-03-14,2025-06-12,90,28223.98,0,,No Dispute
INV-002495,CUST-0032,2024-12-02,2025-03-02,90,21097.21,0,,No Dispute
INV-002496,CUST-0032,2025-12-01,2026-03-01,90,5560.73,0,,No Dispute
INV-002497,CUST-0032,2025-10-09,2026-01-07,90,18808.96,0,,No Dispute
INV-002498,CUST-0032,2024-11-02,2025-01-31,90,22369.76,0,,No Dispute
INV-002499,CUST-0032,2025-10-16,2026-01-14,90,14410.76,0,,No Dispute
INV-002500,CUST-0032,2025-06-27,2025-09-25,90,18425.95,0,,No Dispute
INV-002501,CUST-0032,2024-06-19,2024-09-17,90,31580.45,0,,No Dispute
INV-002502,CUST-0032,2025-10-21,2026-01-19,90,24692.33,0,,No Dispute
INV-002503,CUST-0032,2025-03-07,2025-06-05,90,14210.3,0,,No Dispute
INV-002504,CUST-0032,2024-09-26,2024-12-25,90,10568.16,0,,No Dispute
INV-002505,CUST-0032,2025-07-19,2025-10-17,90,15093.68,0,,No Dispute
INV-002506,CUST-0032,2025-06-29,2025-09-27,90,29736.08,0,,No Dispute
INV-002507,CUST-0032,2024-12-17,2025-03-17,90,16915.4,0,,No Dispute
INV-002508,CUST-0032,2024-01-05,2024-04-04,90,26681.52,0,,No Dispute
INV-002509,CUST-0032,2024-10-11,2025-01-09,90,29316.94,0,,No Dispute
INV-002510,CUST-0032,2024-10-24,2025-01-22,90,27492.34,0,,No Dispute
INV-002511,CUST-0032,2024-09-02,2024-12-01,90,10892.67,0,,No Dispute
INV-002512,CUST-0032,2025-11-15,2026-02-13,90,26819.21,0,,No Dispute
INV-002513,CUST-0032,2025-09-04,2025-12-03,90,31259.92,0,,No Dispute
INV-002514,CUST-0032,2024-02-10,2024-05-10,90,10817.24,0,,No Dispute
INV-002515,CUST-0032,2025-07-24,2025-10-22,90,29153.07,0,,No Dispute
INV-002516,CUST-0032,2024-12-04,2025-03-04,90,29523.79,0,,No Dispute
INV-002517,CUST-0032,2024-06-02,2024-08-31,90,18457.93,0,,No Dispute
INV-002518,CUST-0032,2025-08-10,2025-11-08,90,20757.53,1,5.0,Resolved
INV-002519,CUST-0032,2024-02-08,2024-05-08,90,7072.7,0,,No Dispute
INV-002520,CUST-0032,2025-09-03,2025-12-02,90,18199.65,0,,No Dispute
INV-002521,CUST-0032,2024-07-16,2024-10-14,90,23408.14,0,,No Dispute
INV-002522,CUST-0032,2024-12-04,2025-03-04,90,13966.03,0,,No Dispute
INV-002523,CUST-0032,2025-06-07,2025-09-05,90,10508.23,0,,No Dispute
INV-002524,CUST-0032,2025-05-25,2025-08-23,90,12604.55,0,,No Dispute
INV-002525,CUST-0032,2024-10-10,2025-01-08,90,23150.82,1,2.0,Open
INV-002526,CUST-0032,2025-03-07,2025-06-05,90,27265.05,0,,No Dispute
INV-002527,CUST-0032,2025-05-24,2025-08-22,90,19315.99,0,,No Dispute
INV-002528,CUST-0032,2025-10-03,2026-01-01,90,16376.64,0,,No Dispute
INV-002529,CUST-0032,2025-09-06,2025-12-05,90,15439.94,0,,No Dispute
INV-002530,CUST-0032,2024-01-18,2024-04-17,90,15226.29,0,,No Dispute
INV-002531,CUST-0032,2024-02-16,2024-05-16,90,26793.42,0,,No Dispute
INV-002532,CUST-0032,2025-09-06,2025-12-05,90,26936.31,0,,No Dispute
INV-002533,CUST-0032,2024-03-27,2024-06-25,90,20125.2,0,,No Dispute
INV-002534,CUST-0032,2024-01-31,2024-04-30,90,27411.77,0,,No Dispute
INV-002535,CUST-0032,2025-06-23,2025-09-21,90,9592.2,0,,No Dispute
INV-002536,CUST-0032,2025-02-09,2025-05-10,90,17679.98,0,,No Dispute
INV-002537,CUST-0032,2025-04-24,2025-07-23,90,10390.81,1,3.0,Resolved
INV-002538,CUST-0032,2024-04-21,2024-07-20,90,26456.35,0,,No Dispute
INV-002539,CUST-0032,2024-01-03,2024-04-02,90,11370.7,0,,No Dispute
INV-002540,CUST-0032,2025-09-01,2025-11-30,90,15126.11,0,,No Dispute
INV-002541,CUST-0032,2025-03-30,2025-06-28,90,31265.95,0,,No Dispute
INV-002542,CUST-0032,2025-09-15,2025-12-14,90,27141.73,0,,No Dispute
INV-002543,CUST-0032,2025-11-25,2026-02-23,90,30873.71,0,,No Dispute
INV-002544,CUST-0032,2024-08-23,2024-11-21,90,17975.61,0,,No Dispute
INV-002545,CUST-0032,2025-09-06,2025-12-05,90,17110.98,0,,No Dispute
INV-002546,CUST-0032,2024-02-01,2024-05-01,90,20922.92,0,,No Dispute
INV-002547,CUST-0032,2025-07-24,2025-10-22,90,6078.05,0,,No Dispute
INV-002548,CUST-0032,2024-04-30,2024-07-29,90,21875.61,0,,No Dispute
INV-002549,CUST-0032,2024-08-28,2024-11-26,90,11642.95,0,,No Dispute
INV-002550,CUST-0032,2025-03-11,2025-06-09,90,10742.31,0,,No Dispute
INV-002551,CUST-0032,2025-02-26,2025-05-27,90,5945.85,0,,No Dispute
INV-002552,CUST-0032,2024-07-03,2024-10-01,90,16488.27,0,,No Dispute
INV-002553,CUST-0032,2025-07-13,2025-10-11,90,21995.92,0,,No Dispute
INV-002554,CUST-0032,2025-04-14,2025-07-13,90,22739.02,0,,No Dispute
INV-002555,CUST-0032,2024-06-29,2024-09-27,90,26671.02,0,,No Dispute
INV-002556,CUST-0032,2025-06-23,2025-09-21,90,27899.68,0,,No Dispute
INV-002557,CUST-0032,2025-09-25,2025-12-24,90,22308.14,0,,No Dispute
INV-002558,CUST-0032,2025-09-12,2025-12-11,90,20410.76,0,,No Dispute
INV-002559,CUST-0032,2024-01-30,2024-04-29,90,10502.43,1,1.0,Resolved
INV-002560,CUST-0032,2025-07-26,2025-10-24,90,11053.66,0,,No Dispute
INV-002561,CUST-0032,2025-05-06,2025-08-04,90,19744.47,0,,No Dispute
INV-002562,CUST-0032,2024-04-02,2024-07-01,90,11389.7,0,,No Dispute
INV-002563,CUST-0032,2024-01-30,2024-04-29,90,22356.24,0,,No Dispute
INV-002564,CUST-0032,2024-10-28,2025-01-26,90,19185.02,0,,No Dispute
INV-002565,CUST-0032,2025-04-10,2025-07-09,90,28259.09,0,,No Dispute
INV-002566,CUST-0032,2025-09-27,2025-12-26,90,27449.24,0,,No Dispute
INV-002567,CUST-0032,2024-08-27,2024-11-25,90,29640.27,0,,No Dispute
INV-002568,CUST-0032,2024-12-05,2025-03-05,90,11776.27,0,,No Dispute
INV-002569,CUST-0032,2025-10-30,2026-01-28,90,9585.15,0,,No Dispute
INV-002570,CUST-0032,2025-06-06,2025-09-04,90,16072.42,0,,No Dispute
INV-002571,CUST-0033,2025-12-01,2026-01-30,60,6355.83,0,,No Dispute
INV-002572,CUST-0033,2024-08-19,2024-10-18,60,16887.83,0,,No Dispute
INV-002573,CUST-0033,2024-12-23,2025-02-21,60,5979.38,0,,No Dispute
INV-002574,CUST-0033,2025-11-09,2026-01-08,60,14895.96,0,,No Dispute
INV-002575,CUST-0033,2024-08-05,2024-10-04,60,16527.77,1,2.0,Open
INV-002576,CUST-0033,2024-11-25,2025-01-24,60,9656.26,0,,No Dispute
INV-002577,CUST-0033,2024-12-18,2025-02-16,60,31000.47,0,,No Dispute
INV-002578,CUST-0033,2025-10-20,2025-12-19,60,25566.46,0,,No Dispute
INV-002579,CUST-0033,2024-06-02,2024-08-01,60,23366.66,0,,No Dispute
INV-002580,CUST-0033,2025-05-16,2025-07-15,60,12239.96,0,,No Dispute
INV-002581,CUST-0033,2025-01-24,2025-03-25,60,12668.77,1,1.0,Open
INV-002582,CUST-0033,2025-01-14,2025-03-15,60,9397.55,0,,No Dispute
INV-002583,CUST-0033,2024-10-03,2024-12-02,60,28710.89,0,,No Dispute
INV-002584,CUST-0033,2025-06-02,2025-08-01,60,25291.93,0,,No Dispute
INV-002585,CUST-0033,2024-02-24,2024-04-24,60,5829.63,0,,No Dispute
INV-002586,CUST-0033,2025-09-09,2025-11-08,60,20344.24,0,,No Dispute
INV-002587,CUST-0033,2025-01-31,2025-04-01,60,24675.15,0,,No Dispute
INV-002588,CUST-0033,2024-02-12,2024-04-12,60,20039.18,0,,No Dispute
INV-002589,CUST-0033,2025-09-02,2025-11-01,60,21364.41,1,5.0,Resolved
INV-002590,CUST-0033,2025-06-09,2025-08-08,60,14049.13,0,,No Dispute
INV-002591,CUST-0033,2024-03-08,2024-05-07,60,25293.75,0,,No Dispute
INV-002592,CUST-0033,2025-06-17,2025-08-16,60,13618.7,0,,No Dispute
INV-002593,CUST-0033,2025-10-03,2025-12-02,60,11688.88,0,,No Dispute
INV-002594,CUST-0033,2025-10-07,2025-12-06,60,14730.76,0,,No Dispute
INV-002595,CUST-0033,2025-03-18,2025-05-17,60,18391.39,0,,No Dispute
INV-002596,CUST-0033,2025-06-11,2025-08-10,60,10401.33,0,,No Dispute
INV-002597,CUST-0033,2025-11-20,2026-01-19,60,17883.8,0,,No Dispute
INV-002598,CUST-0033,2025-02-22,2025-04-23,60,25725.07,0,,No Dispute
INV-002599,CUST-0033,2025-07-09,2025-09-07,60,22581.12,0,,No Dispute
INV-002600,CUST-0033,2025-08-01,2025-09-30,60,8916.17,1,3.0,Resolved
INV-002601,CUST-0033,2024-02-25,2024-04-25,60,18014.4,0,,No Dispute
INV-002602,CUST-0033,2025-10-17,2025-12-16,60,10870.42,0,,No Dispute
INV-002603,CUST-0033,2025-09-30,2025-11-29,60,24441.39,0,,No Dispute
INV-002604,CUST-0033,2024-03-13,2024-05-12,60,16873.75,0,,No Dispute
INV-002605,CUST-0033,2024-02-21,2024-04-21,60,9187.53,0,,No Dispute
INV-002606,CUST-0033,2024-01-11,2024-03-11,60,22232.27,0,,No Dispute
INV-002607,CUST-0033,2025-05-29,2025-07-28,60,31100.16,0,,No Dispute
INV-002608,CUST-0033,2024-10-16,2024-12-15,60,24781.34,0,,No Dispute
INV-002609,CUST-0033,2024-10-04,2024-12-03,60,17958.83,0,,No Dispute
INV-002610,CUST-0033,2024-08-04,2024-10-03,60,18526.91,0,,No Dispute
INV-002611,CUST-0033,2025-11-19,2026-01-18,60,11349.2,0,,No Dispute
INV-002612,CUST-0033,2025-12-08,2026-02-06,60,26159.19,0,,No Dispute
INV-002613,CUST-0033,2024-05-09,2024-07-08,60,16801.41,0,,No Dispute
INV-002614,CUST-0033,2025-05-21,2025-07-20,60,23553.69,0,,No Dispute
INV-002615,CUST-0033,2024-12-13,2025-02-11,60,16074.44,0,,No Dispute
INV-002616,CUST-0033,2024-06-17,2024-08-16,60,8810.83,0,,No Dispute
INV-002617,CUST-0033,2025-02-05,2025-04-06,60,9824.71,0,,No Dispute
INV-002618,CUST-0033,2024-08-12,2024-10-11,60,13572.48,0,,No Dispute
INV-002619,CUST-0033,2024-03-11,2024-05-10,60,19764.59,0,,No Dispute
INV-002620,CUST-0033,2024-05-26,2024-07-25,60,30220.07,0,,No Dispute
INV-002621,CUST-0033,2024-03-22,2024-05-21,60,26082.29,0,,No Dispute
INV-002622,CUST-0033,2025-01-09,2025-03-10,60,19651.66,0,,No Dispute
INV-002623,CUST-0033,2024-03-13,2024-05-12,60,6820.44,0,,No Dispute
INV-002624,CUST-0033,2025-05-08,2025-07-07,60,14912.13,0,,No Dispute
INV-002625,CUST-0033,2024-11-23,2025-01-22,60,10467.47,0,,No Dispute
INV-002626,CUST-0033,2025-03-24,2025-05-23,60,28593.24,0,,No Dispute
INV-002627,CUST-0033,2025-11-24,2026-01-23,60,26846.44,0,,No Dispute
INV-002628,CUST-0033,2024-09-11,2024-11-10,60,20849.12,0,,No Dispute
INV-002629,CUST-0033,2024-07-03,2024-09-01,60,21458.14,0,,No Dispute
INV-002630,CUST-0033,2025-11-04,2026-01-03,60,8780.69,0,,No Dispute
INV-002631,CUST-0033,2024-05-20,2024-07-19,60,6637.55,0,,No Dispute
INV-002632,CUST-0033,2024-10-16,2024-12-15,60,23766.94,0,,No Dispute
INV-002633,CUST-0033,2025-03-09,2025-05-08,60,26313.15,0,,No Dispute
INV-002634,CUST-0033,2025-04-15,2025-06-14,60,23738.77,0,,No Dispute
INV-002635,CUST-0033,2025-08-30,2025-10-29,60,20728.39,0,,No Dispute
INV-002636,CUST-0033,2025-08-31,2025-10-30,60,14055.11,0,,No Dispute
INV-002637,CUST-0033,2024-04-26,2024-06-25,60,11795.34,0,,No Dispute
INV-002638,CUST-0033,2025-07-22,2025-09-20,60,28208.11,0,,No Dispute
INV-002639,CUST-0033,2025-05-29,2025-07-28,60,26166.94,0,,No Dispute
INV-002640,CUST-0033,2025-04-06,2025-06-05,60,7635.13,0,,No Dispute
INV-002641,CUST-0033,2024-03-19,2024-05-18,60,18531.5,0,,No Dispute
INV-002642,CUST-0033,2025-01-08,2025-03-09,60,22612.62,0,,No Dispute
INV-002643,CUST-0033,2024-02-13,2024-04-13,60,11191.61,0,,No Dispute
INV-002644,CUST-0033,2024-01-25,2024-03-25,60,24058.94,0,,No Dispute
INV-002645,CUST-0033,2025-12-27,2026-02-25,60,31629.11,0,,No Dispute
INV-002646,CUST-0033,2024-02-14,2024-04-14,60,5487.8,0,,No Dispute
INV-002647,CUST-0033,2025-01-18,2025-03-19,60,11739.75,0,,No Dispute
INV-002648,CUST-0033,2024-04-17,2024-06-16,60,30696.79,0,,No Dispute
INV-002649,CUST-0033,2024-06-13,2024-08-12,60,18776.96,0,,No Dispute
INV-002650,CUST-0033,2025-12-22,2026-02-20,60,10537.2,0,,No Dispute
INV-002651,CUST-0033,2024-02-13,2024-04-13,60,6240.98,0,,No Dispute
INV-002652,CUST-0033,2025-09-15,2025-11-14,60,24516.15,0,,No Dispute
INV-002653,CUST-0033,2025-12-02,2026-01-31,60,29684.25,0,,No Dispute
INV-002654,CUST-0033,2025-11-23,2026-01-22,60,18666.59,0,,No Dispute
INV-002655,CUST-0033,2024-10-13,2024-12-12,60,22503.45,0,,No Dispute
INV-002656,CUST-0033,2024-11-21,2025-01-20,60,18115.02,0,,No Dispute
INV-002657,CUST-0033,2025-12-22,2026-02-20,60,30781.84,0,,No Dispute
INV-002658,CUST-0033,2024-09-09,2024-11-08,60,9932.6,0,,No Dispute
INV-002659,CUST-0033,2025-12-24,2026-02-22,60,20331.18,0,,No Dispute
INV-002660,CUST-0033,2024-06-25,2024-08-24,60,22327.15,0,,No Dispute
INV-002661,CUST-0033,2024-01-31,2024-03-31,60,14233.43,0,,No Dispute
INV-002662,CUST-0033,2024-07-25,2024-09-23,60,31717.84,0,,No Dispute
INV-002663,CUST-0033,2024-03-07,2024-05-06,60,25893.3,0,,No Dispute
INV-002664,CUST-0033,2025-10-11,2025-12-10,60,16767.33,0,,No Dispute
INV-002665,CUST-0033,2025-05-23,2025-07-22,60,9752.89,0,,No Dispute
INV-002666,CUST-0033,2024-09-26,2024-11-25,60,14261.64,0,,No Dispute
INV-002667,CUST-0033,2024-05-13,2024-07-12,60,26275.2,0,,No Dispute
INV-002668,CUST-0033,2024-02-15,2024-04-15,60,12119.85,0,,No Dispute
INV-002669,CUST-0033,2025-04-06,2025-06-05,60,16220.12,0,,No Dispute
INV-002670,CUST-0033,2025-04-28,2025-06-27,60,22299.8,0,,No Dispute
INV-002671,CUST-0033,2025-01-24,2025-03-25,60,30691.31,0,,No Dispute
INV-002672,CUST-0033,2024-10-17,2024-12-16,60,21602.77,0,,No Dispute
INV-002673,CUST-0033,2025-09-25,2025-11-24,60,31851.04,0,,No Dispute
INV-002674,CUST-0033,2025-02-07,2025-04-08,60,11008.95,0,,No Dispute
INV-002675,CUST-0033,2024-05-26,2024-07-25,60,5675.98,0,,No Dispute
INV-002676,CUST-0033,2024-12-12,2025-02-10,60,30472.54,0,,No Dispute
INV-002677,CUST-0033,2025-08-12,2025-10-11,60,24088.92,0,,No Dispute
INV-002678,CUST-0033,2024-06-27,2024-08-26,60,21387.53,0,,No Dispute
INV-002679,CUST-0033,2024-06-17,2024-08-16,60,27068.35,0,,No Dispute
INV-002680,CUST-0033,2025-09-21,2025-11-20,60,29434.46,0,,No Dispute
INV-002681,CUST-0033,2025-10-15,2025-12-14,60,16573.43,0,,No Dispute
INV-002682,CUST-0033,2024-03-16,2024-05-15,60,28241.46,1,2.0,Open
INV-002683,CUST-0033,2025-11-26,2026-01-25,60,11820.73,0,,No Dispute
INV-002684,CUST-0033,2025-05-20,2025-07-19,60,21564.9,0,,No Dispute
INV-002685,CUST-0033,2024-01-22,2024-03-22,60,19788.32,0,,No Dispute
INV-002686,CUST-0033,2025-06-14,2025-08-13,60,6675.22,0,,No Dispute
INV-002687,CUST-0033,2024-01-07,2024-03-07,60,30852.27,0,,No Dispute
INV-002688,CUST-0033,2024-06-13,2024-08-12,60,26099.0,0,,No Dispute
INV-002689,CUST-0033,2024-10-10,2024-12-09,60,13585.35,0,,No Dispute
INV-002690,CUST-0033,2024-06-09,2024-08-08,60,20460.67,0,,No Dispute
INV-002691,CUST-0033,2025-03-04,2025-05-03,60,29386.58,1,2.0,Resolved
INV-002692,CUST-0033,2025-08-20,2025-10-19,60,5501.0,0,,No Dispute
INV-002693,CUST-0033,2024-06-26,2024-08-25,60,26836.04,0,,No Dispute
INV-002694,CUST-0033,2025-08-15,2025-10-14,60,9497.29,1,1.0,Open
INV-002695,CUST-0033,2024-12-27,2025-02-25,60,15277.9,0,,No Dispute
INV-002696,CUST-0033,2024-03-24,2024-05-23,60,31040.4,0,,No Dispute
INV-002697,CUST-0033,2025-12-08,2026-02-06,60,15644.53,0,,No Dispute
INV-002698,CUST-0033,2024-07-28,2024-09-26,60,25546.01,0,,No Dispute
INV-002699,CUST-0033,2024-10-05,2024-12-04,60,29955.33,0,,No Dispute
INV-002700,CUST-0033,2024-04-22,2024-06-21,60,18277.9,0,,No Dispute
INV-002701,CUST-0033,2025-04-13,2025-06-12,60,13235.5,1,1.0,Open
INV-002702,CUST-0034,2024-04-12,2024-05-12,30,7164.99,0,,No Dispute
INV-002703,CUST-0034,2024-08-17,2024-09-16,30,3286.55,1,5.0,Resolved
INV-002704,CUST-0034,2025-12-14,2026-01-13,30,9285.24,0,,No Dispute
INV-002705,CUST-0034,2024-08-19,2024-09-18,30,3489.29,0,,No Dispute
INV-002706,CUST-0034,2024-03-17,2024-04-16,30,5245.95,0,,No Dispute
INV-002707,CUST-0034,2024-04-02,2024-05-02,30,9330.28,0,,No Dispute
INV-002708,CUST-0034,2024-09-23,2024-10-23,30,2151.54,0,,No Dispute
INV-002709,CUST-0034,2025-07-20,2025-08-19,30,10812.81,0,,No Dispute
INV-002710,CUST-0034,2025-11-06,2025-12-06,30,8071.59,0,,No Dispute
INV-002711,CUST-0034,2025-07-23,2025-08-22,30,3620.0,0,,No Dispute
INV-002712,CUST-0034,2025-08-18,2025-09-17,30,1822.91,0,,No Dispute
INV-002713,CUST-0034,2025-09-30,2025-10-30,30,9323.99,0,,No Dispute
INV-002714,CUST-0034,2025-12-08,2026-01-07,30,10866.27,0,,No Dispute
INV-002715,CUST-0034,2024-03-25,2024-04-24,30,9239.62,0,,No Dispute
INV-002716,CUST-0034,2025-10-16,2025-11-15,30,5875.91,0,,No Dispute
INV-002717,CUST-0034,2025-11-07,2025-12-07,30,11435.45,0,,No Dispute
INV-002718,CUST-0034,2025-10-07,2025-11-06,30,3073.0,0,,No Dispute
INV-002719,CUST-0034,2024-11-15,2024-12-15,30,9951.73,0,,No Dispute
INV-002720,CUST-0034,2025-01-02,2025-02-01,30,6054.6,0,,No Dispute
INV-002721,CUST-0034,2025-09-12,2025-10-12,30,5486.08,0,,No Dispute
INV-002722,CUST-0034,2024-11-10,2024-12-10,30,2394.75,1,2.0,Resolved
INV-002723,CUST-0034,2024-04-14,2024-05-14,30,2324.44,0,,No Dispute
INV-002724,CUST-0034,2025-11-06,2025-12-06,30,8709.93,0,,No Dispute
INV-002725,CUST-0034,2024-02-04,2024-03-05,30,5808.21,0,,No Dispute
INV-002726,CUST-0034,2025-09-07,2025-10-07,30,11837.64,0,,No Dispute
INV-002727,CUST-0034,2024-07-19,2024-08-18,30,8023.25,0,,No Dispute
INV-002728,CUST-0034,2025-04-16,2025-05-16,30,10919.87,0,,No Dispute
INV-002729,CUST-0034,2024-06-25,2024-07-25,30,10733.84,0,,No Dispute
INV-002730,CUST-0034,2025-12-09,2026-01-08,30,8600.59,0,,No Dispute
INV-002731,CUST-0034,2024-03-17,2024-04-16,30,7475.27,0,,No Dispute
INV-002732,CUST-0034,2024-09-04,2024-10-04,30,7461.49,0,,No Dispute
INV-002733,CUST-0034,2024-09-30,2024-10-30,30,11153.92,0,,No Dispute
INV-002734,CUST-0034,2025-03-26,2025-04-25,30,7437.61,0,,No Dispute
INV-002735,CUST-0034,2024-08-26,2024-09-25,30,7534.45,0,,No Dispute
INV-002736,CUST-0034,2024-11-09,2024-12-09,30,10851.72,0,,No Dispute
INV-002737,CUST-0034,2024-04-10,2024-05-10,30,5226.69,0,,No Dispute
INV-002738,CUST-0034,2025-08-10,2025-09-09,30,4467.88,0,,No Dispute
INV-002739,CUST-0034,2025-09-24,2025-10-24,30,3894.92,1,5.0,Resolved
INV-002740,CUST-0034,2025-06-16,2025-07-16,30,3307.76,0,,No Dispute
INV-002741,CUST-0034,2025-07-29,2025-08-28,30,9855.68,0,,No Dispute
INV-002742,CUST-0034,2025-01-30,2025-03-01,30,3051.1,0,,No Dispute
INV-002743,CUST-0034,2024-01-02,2024-02-01,30,4550.28,0,,No Dispute
INV-002744,CUST-0034,2024-01-09,2024-02-08,30,11540.1,0,,No Dispute
INV-002745,CUST-0034,2025-10-27,2025-11-26,30,4717.81,0,,No Dispute
INV-002746,CUST-0034,2024-08-08,2024-09-07,30,6455.32,0,,No Dispute
INV-002747,CUST-0034,2025-07-31,2025-08-30,30,3131.39,0,,No Dispute
INV-002748,CUST-0034,2025-09-02,2025-10-02,30,3064.94,0,,No Dispute
INV-002749,CUST-0034,2025-11-23,2025-12-23,30,2096.84,0,,No Dispute
INV-002750,CUST-0034,2024-09-17,2024-10-17,30,6232.23,0,,No Dispute
INV-002751,CUST-0034,2025-05-11,2025-06-10,30,11554.85,0,,No Dispute
INV-002752,CUST-0034,2024-08-06,2024-09-05,30,10638.44,0,,No Dispute
INV-002753,CUST-0034,2024-03-08,2024-04-07,30,4517.49,0,,No Dispute
INV-002754,CUST-0034,2025-05-18,2025-06-17,30,5647.24,0,,No Dispute
INV-002755,CUST-0034,2025-03-04,2025-04-03,30,3598.99,0,,No Dispute
INV-002756,CUST-0034,2025-01-11,2025-02-10,30,8407.4,0,,No Dispute
INV-002757,CUST-0034,2025-07-28,2025-08-27,30,4628.47,0,,No Dispute
INV-002758,CUST-0034,2025-08-22,2025-09-21,30,10017.28,0,,No Dispute
INV-002759,CUST-0034,2024-06-19,2024-07-19,30,11542.21,0,,No Dispute
INV-002760,CUST-0034,2024-07-13,2024-08-12,30,11447.12,0,,No Dispute
INV-002761,CUST-0034,2025-11-07,2025-12-07,30,11387.8,0,,No Dispute
INV-002762,CUST-0034,2025-02-28,2025-03-30,30,4711.23,0,,No Dispute
INV-002763,CUST-0034,2025-06-07,2025-07-07,30,6928.49,0,,No Dispute
INV-002764,CUST-0034,2025-11-15,2025-12-15,30,4395.61,0,,No Dispute
INV-002765,CUST-0034,2024-01-16,2024-02-15,30,2376.5,1,1.0,Resolved
INV-002766,CUST-0034,2025-06-19,2025-07-19,30,2031.78,0,,No Dispute
INV-002767,CUST-0034,2025-08-30,2025-09-29,30,9533.56,1,5.0,Open
INV-002768,CUST-0034,2024-10-20,2024-11-19,30,9521.53,0,,No Dispute
INV-002769,CUST-0034,2024-10-11,2024-11-10,30,6059.73,0,,No Dispute
INV-002770,CUST-0034,2025-01-09,2025-02-08,30,7164.91,0,,No Dispute
INV-002771,CUST-0034,2024-11-10,2024-12-10,30,4337.15,0,,No Dispute
INV-002772,CUST-0034,2024-03-15,2024-04-14,30,10954.32,0,,No Dispute
INV-002773,CUST-0034,2024-12-29,2025-01-28,30,7798.21,0,,No Dispute
INV-002774,CUST-0034,2024-10-01,2024-10-31,30,11465.68,0,,No Dispute
INV-002775,CUST-0034,2025-03-31,2025-04-30,30,4282.42,0,,No Dispute
INV-002776,CUST-0034,2024-03-13,2024-04-12,30,9470.08,0,,No Dispute
INV-002777,CUST-0034,2025-05-19,2025-06-18,30,7445.01,0,,No Dispute
INV-002778,CUST-0034,2024-02-14,2024-03-15,30,10759.86,0,,No Dispute
INV-002779,CUST-0034,2024-02-14,2024-03-15,30,9626.59,0,,No Dispute
INV-002780,CUST-0034,2024-03-02,2024-04-01,30,6926.91,0,,No Dispute
INV-002781,CUST-0034,2024-12-19,2025-01-18,30,11660.45,0,,No Dispute
INV-002782,CUST-0034,2025-01-27,2025-02-26,30,3754.55,0,,No Dispute
INV-002783,CUST-0034,2025-07-11,2025-08-10,30,2426.46,0,,No Dispute
INV-002784,CUST-0035,2025-01-14,2025-02-28,45,5976.52,0,,No Dispute
INV-002785,CUST-0035,2024-04-27,2024-06-11,45,6337.79,0,,No Dispute
INV-002786,CUST-0035,2024-05-21,2024-07-05,45,1933.3,0,,No Dispute
INV-002787,CUST-0035,2025-03-13,2025-04-27,45,3183.77,0,,No Dispute
INV-002788,CUST-0035,2024-07-02,2024-08-16,45,7966.27,0,,No Dispute
INV-002789,CUST-0035,2025-04-29,2025-06-13,45,2026.77,0,,No Dispute
INV-002790,CUST-0035,2024-04-07,2024-05-22,45,11549.09,0,,No Dispute
INV-002791,CUST-0035,2025-12-24,2026-02-07,45,2957.84,0,,No Dispute
INV-002792,CUST-0035,2024-07-27,2024-09-10,45,10602.91,0,,No Dispute
INV-002793,CUST-0035,2025-09-24,2025-11-08,45,8119.56,0,,No Dispute
INV-002794,CUST-0035,2025-07-01,2025-08-15,45,9490.58,0,,No Dispute
INV-002795,CUST-0035,2024-12-22,2025-02-05,45,3154.7,0,,No Dispute
INV-002796,CUST-0035,2025-12-01,2026-01-15,45,1621.34,0,,No Dispute
INV-002797,CUST-0035,2024-12-31,2025-02-14,45,8248.29,0,,No Dispute
INV-002798,CUST-0035,2024-04-07,2024-05-22,45,8538.95,0,,No Dispute
INV-002799,CUST-0035,2024-12-12,2025-01-26,45,11457.43,0,,No Dispute
INV-002800,CUST-0035,2025-03-30,2025-05-14,45,6602.68,0,,No Dispute
INV-002801,CUST-0035,2024-03-14,2024-04-28,45,11107.97,0,,No Dispute
INV-002802,CUST-0035,2025-12-07,2026-01-21,45,9349.45,0,,No Dispute
INV-002803,CUST-0035,2025-05-02,2025-06-16,45,5529.28,0,,No Dispute
INV-002804,CUST-0035,2024-09-19,2024-11-03,45,10059.66,0,,No Dispute
INV-002805,CUST-0035,2025-06-16,2025-07-31,45,8049.08,0,,No Dispute
INV-002806,CUST-0035,2025-08-01,2025-09-15,45,11405.49,0,,No Dispute
INV-002807,CUST-0035,2025-01-28,2025-03-14,45,11975.87,0,,No Dispute
INV-002808,CUST-0035,2025-03-12,2025-04-26,45,10836.87,0,,No Dispute
INV-002809,CUST-0035,2025-01-31,2025-03-17,45,9509.03,0,,No Dispute
INV-002810,CUST-0035,2024-04-28,2024-06-12,45,2461.29,0,,No Dispute
INV-002811,CUST-0035,2025-05-14,2025-06-28,45,4190.55,0,,No Dispute
INV-002812,CUST-0035,2025-09-13,2025-10-28,45,8625.32,0,,No Dispute
INV-002813,CUST-0035,2024-12-26,2025-02-09,45,2249.99,0,,No Dispute
INV-002814,CUST-0035,2025-07-29,2025-09-12,45,11826.6,0,,No Dispute
INV-002815,CUST-0035,2025-12-02,2026-01-16,45,9688.78,0,,No Dispute
INV-002816,CUST-0035,2025-03-10,2025-04-24,45,9381.83,0,,No Dispute
INV-002817,CUST-0035,2024-02-21,2024-04-06,45,9120.23,0,,No Dispute
INV-002818,CUST-0035,2025-01-08,2025-02-22,45,4410.86,0,,No Dispute
INV-002819,CUST-0035,2025-08-15,2025-09-29,45,11947.83,1,3.0,Open
INV-002820,CUST-0035,2024-07-16,2024-08-30,45,6387.9,0,,No Dispute
INV-002821,CUST-0035,2024-07-25,2024-09-08,45,10503.1,0,,No Dispute
INV-002822,CUST-0035,2024-12-09,2025-01-23,45,9251.74,1,2.0,Resolved
INV-002823,CUST-0035,2024-12-02,2025-01-16,45,8857.06,0,,No Dispute
INV-002824,CUST-0035,2025-09-10,2025-10-25,45,4777.92,0,,No Dispute
INV-002825,CUST-0035,2024-12-24,2025-02-07,45,3176.25,0,,No Dispute
INV-002826,CUST-0035,2024-05-07,2024-06-21,45,9623.53,0,,No Dispute
INV-002827,CUST-0035,2025-10-18,2025-12-02,45,7200.6,0,,No Dispute
INV-002828,CUST-0035,2025-05-28,2025-07-12,45,4180.19,0,,No Dispute
INV-002829,CUST-0035,2024-02-25,2024-04-10,45,10656.66,0,,No Dispute
INV-002830,CUST-0035,2025-03-23,2025-05-07,45,2245.79,0,,No Dispute
INV-002831,CUST-0035,2025-04-01,2025-05-16,45,2614.52,0,,No Dispute
INV-002832,CUST-0035,2024-04-02,2024-05-17,45,6328.38,0,,No Dispute
INV-002833,CUST-0035,2024-05-10,2024-06-24,45,9096.98,0,,No Dispute
INV-002834,CUST-0035,2024-09-22,2024-11-06,45,4121.33,0,,No Dispute
INV-002835,CUST-0035,2024-02-14,2024-03-30,45,3474.6,0,,No Dispute
INV-002836,CUST-0035,2025-08-19,2025-10-03,45,1825.83,0,,No Dispute
INV-002837,CUST-0035,2025-03-24,2025-05-08,45,9834.46,1,3.0,Open
INV-002838,CUST-0035,2025-03-19,2025-05-03,45,7151.31,1,2.0,Resolved
INV-002839,CUST-0035,2024-10-25,2024-12-09,45,2479.66,0,,No Dispute
INV-002840,CUST-0035,2024-06-27,2024-08-11,45,10827.51,0,,No Dispute
INV-002841,CUST-0035,2024-02-01,2024-03-17,45,7751.05,0,,No Dispute
INV-002842,CUST-0035,2024-09-17,2024-11-01,45,9210.25,0,,No Dispute
INV-002843,CUST-0035,2025-08-29,2025-10-13,45,8273.39,0,,No Dispute
INV-002844,CUST-0035,2024-03-19,2024-05-03,45,6690.0,0,,No Dispute
INV-002845,CUST-0035,2024-02-11,2024-03-27,45,4090.41,0,,No Dispute
INV-002846,CUST-0035,2024-06-13,2024-07-28,45,7202.37,0,,No Dispute
INV-002847,CUST-0036,2024-08-06,2024-09-05,30,9298.39,0,,No Dispute
INV-002848,CUST-0036,2024-03-07,2024-04-06,30,7976.92,0,,No Dispute
INV-002849,CUST-0036,2024-08-28,2024-09-27,30,9490.22,0,,No Dispute
INV-002850,CUST-0036,2024-09-02,2024-10-02,30,2499.22,0,,No Dispute
INV-002851,CUST-0036,2025-09-06,2025-10-06,30,9037.21,0,,No Dispute
INV-002852,CUST-0036,2025-08-27,2025-09-26,30,8758.02,0,,No Dispute
INV-002853,CUST-0036,2024-01-10,2024-02-09,30,10434.77,0,,No Dispute
INV-002854,CUST-0036,2025-04-07,2025-05-07,30,5770.78,1,4.0,Resolved
INV-002855,CUST-0036,2024-12-08,2025-01-07,30,8894.76,0,,No Dispute
INV-002856,CUST-0036,2025-04-30,2025-05-30,30,1506.42,0,,No Dispute
INV-002857,CUST-0036,2024-09-16,2024-10-16,30,8347.16,0,,No Dispute
INV-002858,CUST-0036,2024-07-18,2024-08-17,30,1658.63,0,,No Dispute
INV-002859,CUST-0036,2025-01-17,2025-02-16,30,4223.49,0,,No Dispute
INV-002860,CUST-0036,2025-11-15,2025-12-15,30,2334.66,0,,No Dispute
INV-002861,CUST-0036,2025-03-07,2025-04-06,30,10801.95,0,,No Dispute
INV-002862,CUST-0036,2024-01-29,2024-02-28,30,5904.76,0,,No Dispute
INV-002863,CUST-0036,2024-02-11,2024-03-12,30,11855.83,1,4.0,Resolved
INV-002864,CUST-0036,2024-03-20,2024-04-19,30,11232.88,0,,No Dispute
INV-002865,CUST-0036,2024-02-11,2024-03-12,30,9621.78,0,,No Dispute
INV-002866,CUST-0036,2025-03-05,2025-04-04,30,11436.33,0,,No Dispute
INV-002867,CUST-0036,2024-01-30,2024-02-29,30,3059.72,1,3.0,Resolved
INV-002868,CUST-0036,2024-09-09,2024-10-09,30,11948.04,0,,No Dispute
INV-002869,CUST-0036,2025-03-13,2025-04-12,30,10353.43,0,,No Dispute
INV-002870,CUST-0036,2024-10-16,2024-11-15,30,4363.6,0,,No Dispute
INV-002871,CUST-0036,2024-02-28,2024-03-29,30,8267.02,0,,No Dispute
INV-002872,CUST-0036,2025-11-02,2025-12-02,30,11907.0,0,,No Dispute
INV-002873,CUST-0036,2025-09-17,2025-10-17,30,10385.58,0,,No Dispute
INV-002874,CUST-0036,2024-08-21,2024-09-20,30,4731.42,0,,No Dispute
INV-002875,CUST-0036,2024-03-16,2024-04-15,30,11201.53,0,,No Dispute
INV-002876,CUST-0036,2024-12-31,2025-01-30,30,5218.37,1,4.0,Resolved
INV-002877,CUST-0036,2024-10-21,2024-11-20,30,5529.01,0,,No Dispute
INV-002878,CUST-0036,2024-10-24,2024-11-23,30,3390.52,0,,No Dispute
INV-002879,CUST-0036,2025-02-16,2025-03-18,30,11787.07,0,,No Dispute
INV-002880,CUST-0036,2025-04-11,2025-05-11,30,4023.21,0,,No Dispute
INV-002881,CUST-0036,2025-01-30,2025-03-01,30,4395.34,0,,No Dispute
INV-002882,CUST-0036,2024-02-28,2024-03-29,30,8668.57,0,,No Dispute
INV-002883,CUST-0036,2025-11-06,2025-12-06,30,11190.17,0,,No Dispute
INV-002884,CUST-0036,2024-08-27,2024-09-26,30,7942.28,0,,No Dispute
INV-002885,CUST-0036,2024-11-13,2024-12-13,30,4692.89,0,,No Dispute
INV-002886,CUST-0036,2025-04-10,2025-05-10,30,2011.82,0,,No Dispute
INV-002887,CUST-0036,2024-06-24,2024-07-24,30,6323.12,0,,No Dispute
INV-002888,CUST-0036,2024-02-27,2024-03-28,30,5538.13,0,,No Dispute
INV-002889,CUST-0036,2024-04-11,2024-05-11,30,6230.82,0,,No Dispute
INV-002890,CUST-0036,2025-02-09,2025-03-11,30,7421.03,0,,No Dispute
INV-002891,CUST-0036,2024-04-20,2024-05-20,30,9386.27,0,,No Dispute
INV-002892,CUST-0036,2025-08-03,2025-09-02,30,7028.45,0,,No Dispute
INV-002893,CUST-0036,2024-08-14,2024-09-13,30,2860.31,0,,No Dispute
INV-002894,CUST-0036,2025-08-08,2025-09-07,30,5325.41,0,,No Dispute
INV-002895,CUST-0036,2024-05-11,2024-06-10,30,11519.28,0,,No Dispute
INV-002896,CUST-0036,2024-05-04,2024-06-03,30,9127.94,0,,No Dispute
INV-002897,CUST-0036,2024-10-31,2024-11-30,30,1685.13,0,,No Dispute
INV-002898,CUST-0036,2025-02-02,2025-03-04,30,2170.23,0,,No Dispute
INV-002899,CUST-0036,2024-09-09,2024-10-09,30,3042.18,0,,No Dispute
INV-002900,CUST-0036,2025-04-24,2025-05-24,30,8772.64,1,1.0,Resolved
INV-002901,CUST-0036,2025-12-26,2026-01-25,30,1960.39,0,,No Dispute
INV-002902,CUST-0036,2024-08-27,2024-09-26,30,4928.94,0,,No Dispute
INV-002903,CUST-0036,2024-02-29,2024-03-30,30,5108.42,0,,No Dispute
INV-002904,CUST-0036,2024-12-14,2025-01-13,30,11789.7,0,,No Dispute
INV-002905,CUST-0036,2024-05-24,2024-06-23,30,7595.95,0,,No Dispute
INV-002906,CUST-0036,2025-02-21,2025-03-23,30,4223.5,0,,No Dispute
INV-002907,CUST-0036,2024-11-29,2024-12-29,30,1649.0,0,,No Dispute
INV-002908,CUST-0036,2025-02-11,2025-03-13,30,1776.71,0,,No Dispute
INV-002909,CUST-0036,2025-05-08,2025-06-07,30,5653.79,1,2.0,Resolved
INV-002910,CUST-0036,2024-11-28,2024-12-28,30,2167.0,0,,No Dispute
INV-002911,CUST-0036,2024-12-24,2025-01-23,30,10084.08,0,,No Dispute
INV-002912,CUST-0036,2024-03-12,2024-04-11,30,9913.78,0,,No Dispute
INV-002913,CUST-0036,2024-03-14,2024-04-13,30,11970.97,1,4.0,Open
INV-002914,CUST-0036,2024-10-05,2024-11-04,30,10126.68,0,,No Dispute
INV-002915,CUST-0036,2024-06-10,2024-07-10,30,2110.61,0,,No Dispute
INV-002916,CUST-0036,2024-08-06,2024-09-05,30,11560.19,0,,No Dispute
INV-002917,CUST-0036,2024-07-05,2024-08-04,30,4974.57,0,,No Dispute
INV-002918,CUST-0036,2024-04-22,2024-05-22,30,3078.82,0,,No Dispute
INV-002919,CUST-0036,2025-10-13,2025-11-12,30,11476.04,0,,No Dispute
INV-002920,CUST-0036,2025-08-07,2025-09-06,30,10861.52,0,,No Dispute
INV-002921,CUST-0036,2025-09-30,2025-10-30,30,8320.31,0,,No Dispute
INV-002922,CUST-0036,2025-09-03,2025-10-03,30,6338.53,0,,No Dispute
INV-002923,CUST-0036,2025-05-30,2025-06-29,30,7467.81,0,,No Dispute
INV-002924,CUST-0036,2025-02-21,2025-03-23,30,4484.37,0,,No Dispute
INV-002925,CUST-0036,2025-10-06,2025-11-05,30,2939.05,0,,No Dispute
INV-002926,CUST-0036,2024-06-17,2024-07-17,30,2400.81,0,,No Dispute
INV-002927,CUST-0036,2024-06-09,2024-07-09,30,1785.19,0,,No Dispute
INV-002928,CUST-0036,2024-06-16,2024-07-16,30,5565.84,0,,No Dispute
INV-002929,CUST-0036,2025-07-31,2025-08-30,30,5532.16,0,,No Dispute
INV-002930,CUST-0036,2025-08-21,2025-09-20,30,2328.48,1,4.0,Resolved
INV-002931,CUST-0036,2024-07-01,2024-07-31,30,6782.03,0,,No Dispute
INV-002932,CUST-0036,2024-02-06,2024-03-07,30,2529.99,0,,No Dispute
INV-002933,CUST-0036,2025-12-29,2026-01-28,30,3098.73,1,2.0,Open
INV-002934,CUST-0036,2024-05-10,2024-06-09,30,8558.53,0,,No Dispute
INV-002935,CUST-0036,2024-08-07,2024-09-06,30,8388.08,0,,No Dispute
INV-002936,CUST-0036,2024-05-28,2024-06-27,30,3690.36,0,,No Dispute
INV-002937,CUST-0036,2024-12-21,2025-01-20,30,8351.62,0,,No Dispute
INV-002938,CUST-0036,2024-10-28,2024-11-27,30,5210.85,0,,No Dispute
INV-002939,CUST-0036,2025-11-04,2025-12-04,30,8652.12,0,,No Dispute
INV-002940,CUST-0036,2024-12-20,2025-01-19,30,1767.53,0,,No Dispute
INV-002941,CUST-0036,2025-08-11,2025-09-10,30,4560.4,0,,No Dispute
INV-002942,CUST-0036,2025-01-15,2025-02-14,30,8270.9,0,,No Dispute
INV-002943,CUST-0036,2025-01-28,2025-02-27,30,11224.39,0,,No Dispute
INV-002944,CUST-0036,2025-01-12,2025-02-11,30,7909.99,0,,No Dispute
INV-002945,CUST-0036,2025-08-05,2025-09-04,30,10737.85,0,,No Dispute
INV-002946,CUST-0036,2025-07-16,2025-08-15,30,9324.09,0,,No Dispute
INV-002947,CUST-0036,2025-04-17,2025-05-17,30,4243.03,0,,No Dispute
INV-002948,CUST-0036,2025-10-19,2025-11-18,30,11768.56,0,,No Dispute
INV-002949,CUST-0036,2024-06-08,2024-07-08,30,2283.5,0,,No Dispute
INV-002950,CUST-0037,2024-09-28,2024-11-27,60,29395.34,0,,No Dispute
INV-002951,CUST-0037,2024-07-15,2024-09-13,60,6913.91,0,,No Dispute
INV-002952,CUST-0037,2025-10-12,2025-12-11,60,10521.01,0,,No Dispute
INV-002953,CUST-0037,2024-10-18,2024-12-17,60,9377.83,0,,No Dispute
INV-002954,CUST-0037,2025-06-07,2025-08-06,60,16314.49,0,,No Dispute
INV-002955,CUST-0037,2025-01-29,2025-03-30,60,18838.11,0,,No Dispute
INV-002956,CUST-0037,2024-10-13,2024-12-12,60,24686.63,0,,No Dispute
INV-002957,CUST-0037,2025-03-02,2025-05-01,60,18708.74,0,,No Dispute
INV-002958,CUST-0037,2025-11-26,2026-01-25,60,13550.17,0,,No Dispute
INV-002959,CUST-0037,2024-02-18,2024-04-18,60,29310.2,0,,No Dispute
INV-002960,CUST-0037,2025-03-06,2025-05-05,60,15604.5,0,,No Dispute
INV-002961,CUST-0037,2024-08-30,2024-10-29,60,24077.29,0,,No Dispute
INV-002962,CUST-0037,2024-09-20,2024-11-19,60,11497.41,0,,No Dispute
INV-002963,CUST-0037,2024-04-27,2024-06-26,60,8673.04,0,,No Dispute
INV-002964,CUST-0037,2025-08-14,2025-10-13,60,11003.62,0,,No Dispute
INV-002965,CUST-0037,2025-01-02,2025-03-03,60,29539.62,1,4.0,Resolved
INV-002966,CUST-0037,2025-05-11,2025-07-10,60,6154.1,0,,No Dispute
INV-002967,CUST-0037,2025-12-28,2026-02-26,60,11890.46,0,,No Dispute
INV-002968,CUST-0037,2024-12-07,2025-02-05,60,14091.35,0,,No Dispute
INV-002969,CUST-0037,2025-10-19,2025-12-18,60,9909.2,0,,No Dispute
INV-002970,CUST-0037,2024-10-25,2024-12-24,60,15482.48,0,,No Dispute
INV-002971,CUST-0037,2025-09-27,2025-11-26,60,7854.85,1,2.0,Resolved
INV-002972,CUST-0037,2025-05-16,2025-07-15,60,12264.38,0,,No Dispute
INV-002973,CUST-0037,2025-06-12,2025-08-11,60,9710.58,0,,No Dispute
INV-002974,CUST-0037,2025-01-19,2025-03-20,60,24202.59,0,,No Dispute
INV-002975,CUST-0037,2024-04-07,2024-06-06,60,29263.72,0,,No Dispute
INV-002976,CUST-0037,2024-10-15,2024-12-14,60,31553.47,0,,No Dispute
INV-002977,CUST-0037,2024-12-31,2025-03-01,60,18332.76,0,,No Dispute
INV-002978,CUST-0037,2025-11-23,2026-01-22,60,23238.97,0,,No Dispute
INV-002979,CUST-0037,2024-03-06,2024-05-05,60,14864.16,0,,No Dispute
INV-002980,CUST-0037,2025-11-01,2025-12-31,60,19050.59,0,,No Dispute
INV-002981,CUST-0037,2024-02-01,2024-04-01,60,20451.27,0,,No Dispute
INV-002982,CUST-0037,2025-03-11,2025-05-10,60,29261.75,0,,No Dispute
INV-002983,CUST-0037,2025-04-10,2025-06-09,60,21385.21,0,,No Dispute
INV-002984,CUST-0037,2025-06-28,2025-08-27,60,18127.63,0,,No Dispute
INV-002985,CUST-0037,2024-08-16,2024-10-15,60,18269.91,0,,No Dispute
INV-002986,CUST-0037,2024-08-10,2024-10-09,60,11731.58,0,,No Dispute
INV-002987,CUST-0037,2024-09-13,2024-11-12,60,15707.62,0,,No Dispute
INV-002988,CUST-0037,2024-02-22,2024-04-22,60,10070.74,0,,No Dispute
INV-002989,CUST-0037,2024-09-12,2024-11-11,60,30461.32,0,,No Dispute
INV-002990,CUST-0037,2025-03-14,2025-05-13,60,31749.55,0,,No Dispute
INV-002991,CUST-0037,2024-11-10,2025-01-09,60,9256.12,0,,No Dispute
INV-002992,CUST-0037,2025-07-20,2025-09-18,60,7278.41,0,,No Dispute
INV-002993,CUST-0037,2024-05-17,2024-07-16,60,16063.17,0,,No Dispute
INV-002994,CUST-0037,2025-12-09,2026-02-07,60,7286.74,0,,No Dispute
INV-002995,CUST-0037,2025-06-12,2025-08-11,60,10697.36,1,4.0,Resolved
INV-002996,CUST-0037,2025-06-13,2025-08-12,60,18546.57,0,,No Dispute
INV-002997,CUST-0037,2024-12-28,2025-02-26,60,29337.6,1,3.0,Resolved
INV-002998,CUST-0037,2024-04-13,2024-06-12,60,21973.04,0,,No Dispute
INV-002999,CUST-0037,2024-07-17,2024-09-15,60,6680.01,0,,No Dispute
INV-003000,CUST-0037,2024-03-26,2024-05-25,60,19327.21,0,,No Dispute
INV-003001,CUST-0037,2025-12-08,2026-02-06,60,9719.81,0,,No Dispute
INV-003002,CUST-0037,2025-11-10,2026-01-09,60,20958.28,0,,No Dispute
INV-003003,CUST-0037,2025-12-27,2026-02-25,60,11446.93,0,,No Dispute
INV-003004,CUST-0037,2025-05-16,2025-07-15,60,23471.75,0,,No Dispute
INV-003005,CUST-0037,2025-11-05,2026-01-04,60,27219.66,0,,No Dispute
INV-003006,CUST-0037,2025-02-08,2025-04-09,60,17514.54,0,,No Dispute
INV-003007,CUST-0037,2025-04-25,2025-06-24,60,8653.35,0,,No Dispute
INV-003008,CUST-0037,2025-06-06,2025-08-05,60,18557.46,0,,No Dispute
INV-003009,CUST-0037,2024-03-23,2024-05-22,60,19909.28,0,,No Dispute
INV-003010,CUST-0037,2024-08-29,2024-10-28,60,28165.01,0,,No Dispute
INV-003011,CUST-0037,2024-10-27,2024-12-26,60,6892.96,0,,No Dispute
INV-003012,CUST-0037,2024-05-07,2024-07-06,60,23055.32,0,,No Dispute
INV-003013,CUST-0037,2024-05-20,2024-07-19,60,25501.74,0,,No Dispute
INV-003014,CUST-0037,2024-09-14,2024-11-13,60,9981.82,0,,No Dispute
INV-003015,CUST-0037,2024-08-22,2024-10-21,60,22038.6,0,,No Dispute
INV-003016,CUST-0037,2025-12-27,2026-02-25,60,25028.95,0,,No Dispute
INV-003017,CUST-0037,2024-07-28,2024-09-26,60,13815.35,0,,No Dispute
INV-003018,CUST-0037,2024-06-17,2024-08-16,60,11302.68,0,,No Dispute
INV-003019,CUST-0037,2024-10-01,2024-11-30,60,25404.12,0,,No Dispute
INV-003020,CUST-0037,2024-03-05,2024-05-04,60,25305.27,0,,No Dispute
INV-003021,CUST-0037,2024-10-22,2024-12-21,60,10284.26,0,,No Dispute
INV-003022,CUST-0037,2024-12-12,2025-02-10,60,16487.13,0,,No Dispute
INV-003023,CUST-0037,2025-06-26,2025-08-25,60,29455.11,0,,No Dispute
INV-003024,CUST-0037,2024-06-23,2024-08-22,60,25871.86,0,,No Dispute
INV-003025,CUST-0037,2025-07-25,2025-09-23,60,21054.16,0,,No Dispute
INV-003026,CUST-0037,2025-02-15,2025-04-16,60,5926.95,0,,No Dispute
INV-003027,CUST-0037,2024-12-18,2025-02-16,60,31064.41,0,,No Dispute
INV-003028,CUST-0037,2024-01-10,2024-03-10,60,18488.18,0,,No Dispute
INV-003029,CUST-0037,2025-07-30,2025-09-28,60,30552.88,0,,No Dispute
INV-003030,CUST-0037,2025-06-21,2025-08-20,60,28823.39,0,,No Dispute
INV-003031,CUST-0037,2025-01-26,2025-03-27,60,18481.51,0,,No Dispute
INV-003032,CUST-0037,2024-02-08,2024-04-08,60,7109.28,0,,No Dispute
INV-003033,CUST-0037,2025-10-06,2025-12-05,60,21378.8,0,,No Dispute
INV-003034,CUST-0037,2024-01-29,2024-03-29,60,27441.0,0,,No Dispute
INV-003035,CUST-0037,2024-12-24,2025-02-22,60,13685.47,0,,No Dispute
INV-003036,CUST-0037,2025-04-06,2025-06-05,60,21230.49,0,,No Dispute
INV-003037,CUST-0037,2024-09-28,2024-11-27,60,6508.98,0,,No Dispute
INV-003038,CUST-0037,2024-08-21,2024-10-20,60,29615.48,0,,No Dispute
INV-003039,CUST-0037,2025-07-25,2025-09-23,60,19976.32,0,,No Dispute
INV-003040,CUST-0037,2024-10-11,2024-12-10,60,6226.07,0,,No Dispute
INV-003041,CUST-0037,2025-01-23,2025-03-24,60,29624.82,0,,No Dispute
INV-003042,CUST-0037,2025-11-15,2026-01-14,60,24871.32,0,,No Dispute
INV-003043,CUST-0037,2024-02-03,2024-04-03,60,19407.86,0,,No Dispute
INV-003044,CUST-0037,2025-09-18,2025-11-17,60,18162.93,0,,No Dispute
INV-003045,CUST-0037,2024-03-23,2024-05-22,60,10187.86,0,,No Dispute
INV-003046,CUST-0037,2024-09-03,2024-11-02,60,12622.7,0,,No Dispute
INV-003047,CUST-0037,2024-07-13,2024-09-11,60,21789.25,0,,No Dispute
INV-003048,CUST-0037,2025-05-16,2025-07-15,60,19459.0,0,,No Dispute
INV-003049,CUST-0037,2024-05-26,2024-07-25,60,13299.22,0,,No Dispute
INV-003050,CUST-0037,2024-12-10,2025-02-08,60,9100.93,0,,No Dispute
INV-003051,CUST-0037,2025-08-06,2025-10-05,60,19326.34,0,,No Dispute
INV-003052,CUST-0037,2024-06-07,2024-08-06,60,23858.98,0,,No Dispute
INV-003053,CUST-0037,2025-10-19,2025-12-18,60,28375.59,0,,No Dispute
INV-003054,CUST-0037,2025-09-23,2025-11-22,60,8057.1,0,,No Dispute
INV-003055,CUST-0037,2024-08-21,2024-10-20,60,16826.41,0,,No Dispute
INV-003056,CUST-0037,2025-12-19,2026-02-17,60,17764.97,0,,No Dispute
INV-003057,CUST-0037,2025-07-29,2025-09-27,60,25245.24,0,,No Dispute
INV-003058,CUST-0037,2025-08-21,2025-10-20,60,21359.46,0,,No Dispute
INV-003059,CUST-0037,2025-02-11,2025-04-12,60,13186.74,0,,No Dispute
INV-003060,CUST-0037,2024-10-12,2024-12-11,60,21771.43,0,,No Dispute
INV-003061,CUST-0037,2025-05-01,2025-06-30,60,29754.43,0,,No Dispute
INV-003062,CUST-0037,2024-09-28,2024-11-27,60,29002.27,0,,No Dispute
INV-003063,CUST-0037,2025-03-11,2025-05-10,60,18582.19,0,,No Dispute
INV-003064,CUST-0037,2024-09-21,2024-11-20,60,12849.82,0,,No Dispute
INV-003065,CUST-0037,2024-10-27,2024-12-26,60,17724.03,1,5.0,Open
INV-003066,CUST-0037,2024-05-16,2024-07-15,60,10527.98,0,,No Dispute
INV-003067,CUST-0037,2024-04-19,2024-06-18,60,30562.72,0,,No Dispute
INV-003068,CUST-0037,2024-12-22,2025-02-20,60,8086.8,0,,No Dispute
INV-003069,CUST-0037,2024-05-16,2024-07-15,60,31721.71,0,,No Dispute
INV-003070,CUST-0037,2024-08-17,2024-10-16,60,15126.59,0,,No Dispute
INV-003071,CUST-0037,2024-12-17,2025-02-15,60,20291.61,0,,No Dispute
INV-003072,CUST-0037,2024-10-26,2024-12-25,60,14717.26,0,,No Dispute
INV-003073,CUST-0037,2024-05-18,2024-07-17,60,29840.43,1,3.0,Resolved
INV-003074,CUST-0037,2024-03-04,2024-05-03,60,7336.38,0,,No Dispute
INV-003075,CUST-0037,2024-01-17,2024-03-17,60,30722.85,0,,No Dispute
INV-003076,CUST-0037,2024-05-23,2024-07-22,60,22809.78,0,,No Dispute
INV-003077,CUST-0037,2025-06-19,2025-08-18,60,26342.99,0,,No Dispute
INV-003078,CUST-0037,2025-10-13,2025-12-12,60,17009.69,0,,No Dispute
INV-003079,CUST-0037,2025-01-05,2025-03-06,60,22105.28,0,,No Dispute
INV-003080,CUST-0037,2025-07-23,2025-09-21,60,15308.04,0,,No Dispute
INV-003081,CUST-0037,2024-02-27,2024-04-27,60,23103.87,0,,No Dispute
INV-003082,CUST-0037,2024-09-28,2024-11-27,60,7013.49,0,,No Dispute
INV-003083,CUST-0038,2025-04-17,2025-06-01,45,6304.25,0,,No Dispute
INV-003084,CUST-0038,2025-03-23,2025-05-07,45,2744.54,0,,No Dispute
INV-003085,CUST-0038,2024-05-29,2024-07-13,45,2716.61,0,,No Dispute
INV-003086,CUST-0038,2025-10-12,2025-11-26,45,7866.63,0,,No Dispute
INV-003087,CUST-0038,2024-02-01,2024-03-17,45,5505.96,0,,No Dispute
INV-003088,CUST-0038,2025-08-19,2025-10-03,45,11234.86,0,,No Dispute
INV-003089,CUST-0038,2025-07-19,2025-09-02,45,2878.55,0,,No Dispute
INV-003090,CUST-0038,2025-06-07,2025-07-22,45,2601.69,1,1.0,Resolved
INV-003091,CUST-0038,2025-11-14,2025-12-29,45,4135.56,0,,No Dispute
INV-003092,CUST-0038,2025-01-18,2025-03-04,45,10510.22,0,,No Dispute
INV-003093,CUST-0038,2025-10-12,2025-11-26,45,11955.69,0,,No Dispute
INV-003094,CUST-0038,2024-06-01,2024-07-16,45,7086.19,0,,No Dispute
INV-003095,CUST-0038,2024-09-10,2024-10-25,45,3375.52,0,,No Dispute
INV-003096,CUST-0038,2024-02-06,2024-03-22,45,8227.26,0,,No Dispute
INV-003097,CUST-0038,2025-12-21,2026-02-04,45,1514.93,0,,No Dispute
INV-003098,CUST-0038,2024-11-02,2024-12-17,45,1536.66,0,,No Dispute
INV-003099,CUST-0038,2025-05-28,2025-07-12,45,4102.56,0,,No Dispute
INV-003100,CUST-0038,2024-08-20,2024-10-04,45,9003.81,0,,No Dispute
INV-003101,CUST-0038,2024-09-09,2024-10-24,45,8646.55,0,,No Dispute
INV-003102,CUST-0038,2025-10-14,2025-11-28,45,1636.77,0,,No Dispute
INV-003103,CUST-0038,2024-08-24,2024-10-08,45,2962.42,0,,No Dispute
INV-003104,CUST-0038,2025-06-05,2025-07-20,45,9517.64,0,,No Dispute
INV-003105,CUST-0038,2024-10-02,2024-11-16,45,3251.53,0,,No Dispute
INV-003106,CUST-0038,2025-11-18,2026-01-02,45,11691.84,0,,No Dispute
INV-003107,CUST-0038,2024-08-03,2024-09-17,45,1673.49,0,,No Dispute
INV-003108,CUST-0038,2024-12-07,2025-01-21,45,11003.99,0,,No Dispute
INV-003109,CUST-0038,2024-07-04,2024-08-18,45,6092.31,0,,No Dispute
INV-003110,CUST-0038,2024-12-11,2025-01-25,45,5588.84,1,4.0,Open
INV-003111,CUST-0038,2025-06-04,2025-07-19,45,8982.95,0,,No Dispute
INV-003112,CUST-0038,2024-07-06,2024-08-20,45,11698.6,0,,No Dispute
INV-003113,CUST-0038,2025-10-23,2025-12-07,45,2750.49,0,,No Dispute
INV-003114,CUST-0038,2025-11-16,2025-12-31,45,10037.27,0,,No Dispute
INV-003115,CUST-0038,2025-09-14,2025-10-29,45,9283.65,0,,No Dispute
INV-003116,CUST-0038,2024-04-14,2024-05-29,45,7150.02,0,,No Dispute
INV-003117,CUST-0038,2025-07-30,2025-09-13,45,6988.22,0,,No Dispute
INV-003118,CUST-0038,2024-07-21,2024-09-04,45,10403.48,0,,No Dispute
INV-003119,CUST-0038,2024-03-04,2024-04-18,45,4361.77,0,,No Dispute
INV-003120,CUST-0038,2024-11-10,2024-12-25,45,6844.55,0,,No Dispute
INV-003121,CUST-0038,2024-06-28,2024-08-12,45,10373.68,0,,No Dispute
INV-003122,CUST-0038,2024-04-05,2024-05-20,45,5180.36,0,,No Dispute
INV-003123,CUST-0038,2025-09-15,2025-10-30,45,11642.76,0,,No Dispute
INV-003124,CUST-0038,2025-12-11,2026-01-25,45,6921.32,0,,No Dispute
INV-003125,CUST-0038,2024-04-09,2024-05-24,45,6409.49,0,,No Dispute
INV-003126,CUST-0038,2025-06-17,2025-08-01,45,10660.48,0,,No Dispute
INV-003127,CUST-0038,2025-03-30,2025-05-14,45,6802.8,0,,No Dispute
INV-003128,CUST-0038,2025-08-11,2025-09-25,45,4560.85,0,,No Dispute
INV-003129,CUST-0038,2024-09-27,2024-11-11,45,10718.48,0,,No Dispute
INV-003130,CUST-0038,2024-03-17,2024-05-01,45,10901.3,0,,No Dispute
INV-003131,CUST-0038,2025-07-19,2025-09-02,45,5237.37,1,4.0,Resolved
INV-003132,CUST-0038,2024-06-23,2024-08-07,45,5282.87,0,,No Dispute
INV-003133,CUST-0038,2025-12-07,2026-01-21,45,3021.54,0,,No Dispute
INV-003134,CUST-0038,2025-03-08,2025-04-22,45,5346.66,0,,No Dispute
INV-003135,CUST-0038,2025-05-17,2025-07-01,45,3275.25,0,,No Dispute
INV-003136,CUST-0038,2025-02-26,2025-04-12,45,9713.05,0,,No Dispute
INV-003137,CUST-0038,2024-01-22,2024-03-07,45,8703.18,0,,No Dispute
INV-003138,CUST-0038,2024-10-18,2024-12-02,45,8299.75,0,,No Dispute
INV-003139,CUST-0038,2024-04-19,2024-06-03,45,5339.86,0,,No Dispute
INV-003140,CUST-0038,2024-04-09,2024-05-24,45,10586.88,0,,No Dispute
INV-003141,CUST-0038,2024-11-24,2025-01-08,45,10376.3,0,,No Dispute
INV-003142,CUST-0038,2024-02-18,2024-04-03,45,5758.76,0,,No Dispute
INV-003143,CUST-0038,2025-08-10,2025-09-24,45,10713.21,0,,No Dispute
INV-003144,CUST-0038,2024-12-30,2025-02-13,45,11375.57,0,,No Dispute
INV-003145,CUST-0038,2025-07-17,2025-08-31,45,1928.75,0,,No Dispute
INV-003146,CUST-0038,2024-02-02,2024-03-18,45,11245.47,0,,No Dispute
INV-003147,CUST-0038,2024-09-26,2024-11-10,45,2580.31,0,,No Dispute
INV-003148,CUST-0038,2025-12-19,2026-02-02,45,3841.35,0,,No Dispute
INV-003149,CUST-0038,2025-01-22,2025-03-08,45,4692.48,0,,No Dispute
INV-003150,CUST-0038,2025-03-22,2025-05-06,45,6764.57,0,,No Dispute
INV-003151,CUST-0038,2025-06-25,2025-08-09,45,2240.49,0,,No Dispute
INV-003152,CUST-0039,2025-02-13,2025-04-14,60,10994.97,0,,No Dispute
INV-003153,CUST-0039,2024-12-26,2025-02-24,60,30260.27,0,,No Dispute
INV-003154,CUST-0039,2024-02-12,2024-04-12,60,18703.69,0,,No Dispute
INV-003155,CUST-0039,2025-04-03,2025-06-02,60,30857.99,0,,No Dispute
INV-003156,CUST-0039,2024-12-05,2025-02-03,60,28962.1,0,,No Dispute
INV-003157,CUST-0039,2025-03-09,2025-05-08,60,18685.87,0,,No Dispute
INV-003158,CUST-0039,2024-05-30,2024-07-29,60,31546.22,0,,No Dispute
INV-003159,CUST-0039,2025-05-28,2025-07-27,60,31811.22,0,,No Dispute
INV-003160,CUST-0039,2025-09-19,2025-11-18,60,26462.13,0,,No Dispute
INV-003161,CUST-0039,2024-10-15,2024-12-14,60,7766.7,0,,No Dispute
INV-003162,CUST-0039,2025-02-25,2025-04-26,60,31221.64,0,,No Dispute
INV-003163,CUST-0039,2025-04-01,2025-05-31,60,5840.24,0,,No Dispute
INV-003164,CUST-0039,2024-06-27,2024-08-26,60,20204.02,0,,No Dispute
INV-003165,CUST-0039,2024-01-09,2024-03-09,60,29651.89,0,,No Dispute
INV-003166,CUST-0039,2024-09-26,2024-11-25,60,22479.2,0,,No Dispute
INV-003167,CUST-0039,2024-05-03,2024-07-02,60,13468.84,0,,No Dispute
INV-003168,CUST-0039,2024-08-31,2024-10-30,60,6984.72,0,,No Dispute
INV-003169,CUST-0039,2025-06-08,2025-08-07,60,9226.87,0,,No Dispute
INV-003170,CUST-0039,2025-07-25,2025-09-23,60,13100.71,0,,No Dispute
INV-003171,CUST-0039,2025-09-15,2025-11-14,60,6362.65,1,4.0,Open
INV-003172,CUST-0039,2025-01-24,2025-03-25,60,20892.4,0,,No Dispute
INV-003173,CUST-0039,2025-10-08,2025-12-07,60,5399.69,0,,No Dispute
INV-003174,CUST-0039,2025-02-19,2025-04-20,60,24088.14,0,,No Dispute
INV-003175,CUST-0039,2025-11-10,2026-01-09,60,14697.3,0,,No Dispute
INV-003176,CUST-0039,2025-03-25,2025-05-24,60,28482.72,0,,No Dispute
INV-003177,CUST-0039,2025-05-02,2025-07-01,60,7288.78,0,,No Dispute
INV-003178,CUST-0039,2024-11-03,2025-01-02,60,31123.84,0,,No Dispute
INV-003179,CUST-0039,2025-07-05,2025-09-03,60,8769.54,0,,No Dispute
INV-003180,CUST-0039,2025-11-11,2026-01-10,60,11394.08,0,,No Dispute
INV-003181,CUST-0039,2025-09-09,2025-11-08,60,27589.25,0,,No Dispute
INV-003182,CUST-0039,2025-09-12,2025-11-11,60,20652.69,0,,No Dispute
INV-003183,CUST-0039,2025-06-22,2025-08-21,60,21316.59,0,,No Dispute
INV-003184,CUST-0039,2025-10-03,2025-12-02,60,20763.61,0,,No Dispute
INV-003185,CUST-0039,2025-04-18,2025-06-17,60,19451.46,0,,No Dispute
INV-003186,CUST-0039,2025-10-28,2025-12-27,60,21680.39,0,,No Dispute
INV-003187,CUST-0039,2025-06-02,2025-08-01,60,6579.27,0,,No Dispute
INV-003188,CUST-0039,2025-01-17,2025-03-18,60,15448.72,0,,No Dispute
INV-003189,CUST-0039,2025-08-27,2025-10-26,60,27774.65,0,,No Dispute
INV-003190,CUST-0039,2025-08-31,2025-10-30,60,21294.65,0,,No Dispute
INV-003191,CUST-0039,2024-11-22,2025-01-21,60,5943.24,0,,No Dispute
INV-003192,CUST-0039,2024-08-03,2024-10-02,60,11121.75,0,,No Dispute
INV-003193,CUST-0039,2024-03-06,2024-05-05,60,17347.64,0,,No Dispute
INV-003194,CUST-0039,2025-12-04,2026-02-02,60,9613.5,0,,No Dispute
INV-003195,CUST-0039,2024-05-11,2024-07-10,60,13294.63,0,,No Dispute
INV-003196,CUST-0039,2024-04-04,2024-06-03,60,9344.44,0,,No Dispute
INV-003197,CUST-0039,2024-09-12,2024-11-11,60,14732.4,0,,No Dispute
INV-003198,CUST-0039,2025-08-07,2025-10-06,60,25453.83,0,,No Dispute
INV-003199,CUST-0039,2024-03-25,2024-05-24,60,20779.92,0,,No Dispute
INV-003200,CUST-0039,2024-07-18,2024-09-16,60,16023.65,0,,No Dispute
INV-003201,CUST-0039,2024-02-10,2024-04-10,60,10653.69,0,,No Dispute
INV-003202,CUST-0039,2025-08-08,2025-10-07,60,26881.14,1,1.0,Resolved
INV-003203,CUST-0039,2024-10-30,2024-12-29,60,7551.06,0,,No Dispute
INV-003204,CUST-0039,2025-06-24,2025-08-23,60,5289.52,0,,No Dispute
INV-003205,CUST-0039,2025-01-05,2025-03-06,60,18470.95,0,,No Dispute
INV-003206,CUST-0039,2025-03-21,2025-05-20,60,14125.74,0,,No Dispute
INV-003207,CUST-0039,2025-03-16,2025-05-15,60,12403.61,0,,No Dispute
INV-003208,CUST-0039,2025-03-05,2025-05-04,60,30195.41,0,,No Dispute
INV-003209,CUST-0039,2024-01-12,2024-03-12,60,25297.34,0,,No Dispute
INV-003210,CUST-0039,2025-02-09,2025-04-10,60,7444.82,0,,No Dispute
INV-003211,CUST-0039,2025-05-21,2025-07-20,60,12199.24,0,,No Dispute
INV-003212,CUST-0039,2025-12-28,2026-02-26,60,26048.61,0,,No Dispute
INV-003213,CUST-0039,2025-09-16,2025-11-15,60,13429.1,0,,No Dispute
INV-003214,CUST-0039,2025-12-18,2026-02-16,60,13624.54,0,,No Dispute
INV-003215,CUST-0039,2025-10-15,2025-12-14,60,8478.98,0,,No Dispute
INV-003216,CUST-0039,2025-03-20,2025-05-19,60,6188.23,0,,No Dispute
INV-003217,CUST-0039,2025-03-25,2025-05-24,60,26722.63,0,,No Dispute
INV-003218,CUST-0039,2025-07-06,2025-09-04,60,30931.18,0,,No Dispute
INV-003219,CUST-0039,2025-05-10,2025-07-09,60,31061.15,0,,No Dispute
INV-003220,CUST-0039,2025-12-17,2026-02-15,60,30816.5,0,,No Dispute
INV-003221,CUST-0039,2024-06-09,2024-08-08,60,19816.16,0,,No Dispute
INV-003222,CUST-0039,2024-01-30,2024-03-30,60,17231.18,0,,No Dispute
INV-003223,CUST-0039,2024-09-19,2024-11-18,60,28950.64,0,,No Dispute
INV-003224,CUST-0039,2024-06-08,2024-08-07,60,9031.13,0,,No Dispute
INV-003225,CUST-0039,2024-06-10,2024-08-09,60,18975.17,0,,No Dispute
INV-003226,CUST-0039,2025-11-27,2026-01-26,60,7372.43,0,,No Dispute
INV-003227,CUST-0039,2024-12-18,2025-02-16,60,25120.94,0,,No Dispute
INV-003228,CUST-0039,2024-08-01,2024-09-30,60,28250.72,0,,No Dispute
INV-003229,CUST-0039,2024-08-25,2024-10-24,60,27451.98,0,,No Dispute
INV-003230,CUST-0039,2024-08-09,2024-10-08,60,31460.57,0,,No Dispute
INV-003231,CUST-0039,2024-08-30,2024-10-29,60,30940.42,0,,No Dispute
INV-003232,CUST-0039,2024-07-11,2024-09-09,60,26675.58,0,,No Dispute
INV-003233,CUST-0039,2024-10-13,2024-12-12,60,10434.12,0,,No Dispute
INV-003234,CUST-0039,2024-05-20,2024-07-19,60,20073.8,0,,No Dispute
INV-003235,CUST-0039,2025-01-05,2025-03-06,60,29777.74,0,,No Dispute
INV-003236,CUST-0039,2025-10-17,2025-12-16,60,9501.25,0,,No Dispute
INV-003237,CUST-0039,2025-02-21,2025-04-22,60,14921.41,0,,No Dispute
INV-003238,CUST-0039,2025-02-02,2025-04-03,60,23418.77,1,3.0,Resolved
INV-003239,CUST-0039,2024-07-01,2024-08-30,60,28934.54,0,,No Dispute
INV-003240,CUST-0039,2024-10-25,2024-12-24,60,10748.94,0,,No Dispute
INV-003241,CUST-0039,2025-05-31,2025-07-30,60,13594.78,0,,No Dispute
INV-003242,CUST-0039,2025-01-14,2025-03-15,60,7358.4,0,,No Dispute
INV-003243,CUST-0039,2024-03-13,2024-05-12,60,30746.5,0,,No Dispute
INV-003244,CUST-0039,2025-08-31,2025-10-30,60,23716.66,0,,No Dispute
INV-003245,CUST-0039,2024-09-04,2024-11-03,60,8514.42,0,,No Dispute
INV-003246,CUST-0039,2025-02-22,2025-04-23,60,14900.2,0,,No Dispute
INV-003247,CUST-0039,2024-02-26,2024-04-26,60,28845.95,0,,No Dispute
INV-003248,CUST-0039,2025-02-19,2025-04-20,60,31379.39,0,,No Dispute
INV-003249,CUST-0039,2024-08-05,2024-10-04,60,27966.92,1,2.0,Resolved
INV-003250,CUST-0039,2024-10-19,2024-12-18,60,28403.14,0,,No Dispute
INV-003251,CUST-0039,2025-07-15,2025-09-13,60,18197.13,0,,No Dispute
INV-003252,CUST-0039,2025-05-02,2025-07-01,60,19683.02,0,,No Dispute
INV-003253,CUST-0039,2024-08-27,2024-10-26,60,16887.54,0,,No Dispute
INV-003254,CUST-0039,2024-10-24,2024-12-23,60,9730.34,0,,No Dispute
INV-003255,CUST-0039,2025-10-08,2025-12-07,60,21853.29,0,,No Dispute
INV-003256,CUST-0039,2024-04-26,2024-06-25,60,17700.7,0,,No Dispute
INV-003257,CUST-0039,2025-02-25,2025-04-26,60,28514.36,0,,No Dispute
INV-003258,CUST-0039,2024-03-13,2024-05-12,60,7646.84,0,,No Dispute
INV-003259,CUST-0039,2025-09-23,2025-11-22,60,31358.51,0,,No Dispute
INV-003260,CUST-0039,2024-09-22,2024-11-21,60,23766.29,0,,No Dispute
INV-003261,CUST-0039,2024-03-06,2024-05-05,60,15541.2,0,,No Dispute
INV-003262,CUST-0039,2024-09-05,2024-11-04,60,12951.83,0,,No Dispute
INV-003263,CUST-0039,2024-09-02,2024-11-01,60,27862.71,0,,No Dispute
INV-003264,CUST-0039,2024-01-15,2024-03-15,60,21952.54,0,,No Dispute
INV-003265,CUST-0039,2025-11-16,2026-01-15,60,22280.93,0,,No Dispute
INV-003266,CUST-0039,2025-10-07,2025-12-06,60,23069.96,0,,No Dispute
INV-003267,CUST-0039,2024-04-10,2024-06-09,60,5708.45,0,,No Dispute
INV-003268,CUST-0039,2025-06-12,2025-08-11,60,15105.11,0,,No Dispute
INV-003269,CUST-0039,2024-09-03,2024-11-02,60,9289.01,0,,No Dispute
INV-003270,CUST-0039,2025-07-14,2025-09-12,60,30439.3,0,,No Dispute
INV-003271,CUST-0039,2024-06-23,2024-08-22,60,23053.9,0,,No Dispute
INV-003272,CUST-0039,2024-02-09,2024-04-09,60,27132.21,0,,No Dispute
INV-003273,CUST-0039,2025-12-29,2026-02-27,60,30991.61,0,,No Dispute
INV-003274,CUST-0039,2025-05-22,2025-07-21,60,16507.53,0,,No Dispute
INV-003275,CUST-0039,2025-01-31,2025-04-01,60,8661.77,0,,No Dispute
INV-003276,CUST-0039,2025-02-23,2025-04-24,60,25555.32,0,,No Dispute
INV-003277,CUST-0039,2025-10-26,2025-12-25,60,27834.58,1,5.0,Resolved
INV-003278,CUST-0039,2025-03-26,2025-05-25,60,24465.53,0,,No Dispute
INV-003279,CUST-0039,2024-01-05,2024-03-05,60,26225.86,0,,No Dispute
INV-003280,CUST-0039,2024-02-02,2024-04-02,60,31178.94,0,,No Dispute
INV-003281,CUST-0039,2024-08-31,2024-10-30,60,7833.22,1,5.0,Resolved
INV-003282,CUST-0039,2024-05-09,2024-07-08,60,16906.34,0,,No Dispute
INV-003283,CUST-0039,2025-04-17,2025-06-16,60,21942.2,0,,No Dispute
INV-003284,CUST-0039,2025-11-23,2026-01-22,60,19681.99,0,,No Dispute
INV-003285,CUST-0039,2024-10-22,2024-12-21,60,17839.93,0,,No Dispute
INV-003286,CUST-0039,2025-09-29,2025-11-28,60,21205.46,0,,No Dispute
INV-003287,CUST-0039,2025-04-10,2025-06-09,60,26815.4,0,,No Dispute
INV-003288,CUST-0039,2024-07-21,2024-09-19,60,11813.77,0,,No Dispute
INV-003289,CUST-0039,2025-10-02,2025-12-01,60,8283.53,0,,No Dispute
INV-003290,CUST-0039,2024-05-13,2024-07-12,60,23955.73,0,,No Dispute
INV-003291,CUST-0039,2024-10-30,2024-12-29,60,22220.75,0,,No Dispute
INV-003292,CUST-0039,2025-12-16,2026-02-14,60,24396.21,0,,No Dispute
INV-003293,CUST-0039,2025-07-27,2025-09-25,60,24610.46,0,,No Dispute
INV-003294,CUST-0039,2025-08-30,2025-10-29,60,13686.89,0,,No Dispute
INV-003295,CUST-0039,2025-02-25,2025-04-26,60,13326.31,0,,No Dispute
INV-003296,CUST-0039,2025-12-23,2026-02-21,60,21694.45,0,,No Dispute
INV-003297,CUST-0039,2025-04-13,2025-06-12,60,27364.81,0,,No Dispute
INV-003298,CUST-0039,2024-06-15,2024-08-14,60,12022.3,0,,No Dispute
INV-003299,CUST-0040,2024-02-21,2024-03-22,30,4420.83,0,,No Dispute
INV-003300,CUST-0040,2024-12-24,2025-01-23,30,6971.34,0,,No Dispute
INV-003301,CUST-0040,2024-12-27,2025-01-26,30,8835.35,0,,No Dispute
INV-003302,CUST-0040,2025-09-03,2025-10-03,30,11558.12,0,,No Dispute
INV-003303,CUST-0040,2025-10-18,2025-11-17,30,7090.41,0,,No Dispute
INV-003304,CUST-0040,2024-08-23,2024-09-22,30,8375.01,0,,No Dispute
INV-003305,CUST-0040,2025-04-02,2025-05-02,30,11829.5,0,,No Dispute
INV-003306,CUST-0040,2025-03-19,2025-04-18,30,2568.54,1,1.0,Resolved
INV-003307,CUST-0040,2025-01-30,2025-03-01,30,4053.26,0,,No Dispute
INV-003308,CUST-0040,2025-06-22,2025-07-22,30,5599.2,1,1.0,Open
INV-003309,CUST-0040,2024-01-20,2024-02-19,30,7264.11,0,,No Dispute
INV-003310,CUST-0040,2025-03-04,2025-04-03,30,6337.41,1,1.0,Open
INV-003311,CUST-0040,2025-04-26,2025-05-26,30,10978.89,0,,No Dispute
INV-003312,CUST-0040,2025-07-26,2025-08-25,30,8722.45,0,,No Dispute
INV-003313,CUST-0040,2024-07-08,2024-08-07,30,10398.29,1,5.0,Resolved
INV-003314,CUST-0040,2025-10-21,2025-11-20,30,2950.63,0,,No Dispute
INV-003315,CUST-0040,2024-10-31,2024-11-30,30,11031.48,0,,No Dispute
INV-003316,CUST-0040,2025-02-24,2025-03-26,30,11847.56,1,4.0,Open
INV-003317,CUST-0040,2025-12-11,2026-01-10,30,9971.52,0,,No Dispute
INV-003318,CUST-0040,2024-08-03,2024-09-02,30,4048.69,0,,No Dispute
INV-003319,CUST-0040,2025-09-09,2025-10-09,30,8244.78,0,,No Dispute
INV-003320,CUST-0040,2025-05-01,2025-05-31,30,11234.33,0,,No Dispute
INV-003321,CUST-0040,2024-07-11,2024-08-10,30,6667.44,0,,No Dispute
INV-003322,CUST-0040,2024-12-16,2025-01-15,30,4400.2,0,,No Dispute
INV-003323,CUST-0040,2025-06-10,2025-07-10,30,5434.69,0,,No Dispute
INV-003324,CUST-0040,2025-02-08,2025-03-10,30,6477.66,0,,No Dispute
INV-003325,CUST-0040,2025-09-22,2025-10-22,30,8908.47,0,,No Dispute
INV-003326,CUST-0040,2025-11-12,2025-12-12,30,6670.36,0,,No Dispute
INV-003327,CUST-0040,2025-08-23,2025-09-22,30,5899.83,0,,No Dispute
INV-003328,CUST-0040,2024-09-15,2024-10-15,30,7052.34,0,,No Dispute
INV-003329,CUST-0040,2024-12-21,2025-01-20,30,7712.74,0,,No Dispute
INV-003330,CUST-0040,2024-03-10,2024-04-09,30,11490.79,0,,No Dispute
INV-003331,CUST-0040,2025-06-14,2025-07-14,30,8998.29,0,,No Dispute
INV-003332,CUST-0040,2025-01-29,2025-02-28,30,10854.08,1,4.0,Open
INV-003333,CUST-0040,2025-01-14,2025-02-13,30,11117.54,0,,No Dispute
INV-003334,CUST-0040,2025-12-09,2026-01-08,30,7663.35,0,,No Dispute
INV-003335,CUST-0040,2025-10-22,2025-11-21,30,9784.61,0,,No Dispute
INV-003336,CUST-0040,2024-12-15,2025-01-14,30,3584.67,1,2.0,Resolved
INV-003337,CUST-0040,2024-12-26,2025-01-25,30,11542.01,1,3.0,Resolved
INV-003338,CUST-0040,2024-08-12,2024-09-11,30,6473.48,0,,No Dispute
INV-003339,CUST-0040,2024-02-17,2024-03-18,30,5960.81,0,,No Dispute
INV-003340,CUST-0040,2025-05-13,2025-06-12,30,9047.82,0,,No Dispute
INV-003341,CUST-0040,2025-07-08,2025-08-07,30,2364.31,0,,No Dispute
INV-003342,CUST-0040,2025-09-04,2025-10-04,30,11267.51,0,,No Dispute
INV-003343,CUST-0040,2024-09-14,2024-10-14,30,4832.76,0,,No Dispute
INV-003344,CUST-0040,2024-05-08,2024-06-07,30,9669.95,0,,No Dispute
INV-003345,CUST-0040,2025-10-04,2025-11-03,30,5677.51,0,,No Dispute
INV-003346,CUST-0040,2024-02-19,2024-03-20,30,4730.77,0,,No Dispute
INV-003347,CUST-0040,2024-09-30,2024-10-30,30,2826.23,0,,No Dispute
INV-003348,CUST-0040,2025-09-22,2025-10-22,30,11061.34,0,,No Dispute
INV-003349,CUST-0040,2024-04-18,2024-05-18,30,6610.02,0,,No Dispute
INV-003350,CUST-0040,2024-01-29,2024-02-28,30,4730.3,0,,No Dispute
INV-003351,CUST-0040,2025-10-09,2025-11-08,30,9968.76,1,2.0,Resolved
INV-003352,CUST-0040,2025-10-24,2025-11-23,30,10588.54,0,,No Dispute
INV-003353,CUST-0040,2024-01-21,2024-02-20,30,10994.95,0,,No Dispute
INV-003354,CUST-0040,2024-04-17,2024-05-17,30,3367.84,1,3.0,Resolved
INV-003355,CUST-0040,2024-10-26,2024-11-25,30,8063.06,0,,No Dispute
INV-003356,CUST-0040,2025-06-23,2025-07-23,30,4425.14,0,,No Dispute
INV-003357,CUST-0040,2024-02-21,2024-03-22,30,9294.95,0,,No Dispute
INV-003358,CUST-0040,2025-06-12,2025-07-12,30,4536.61,0,,No Dispute
INV-003359,CUST-0040,2024-12-23,2025-01-22,30,5836.78,0,,No Dispute
INV-003360,CUST-0040,2024-12-18,2025-01-17,30,11075.67,0,,No Dispute
INV-003361,CUST-0040,2024-02-27,2024-03-28,30,8945.41,0,,No Dispute
INV-003362,CUST-0040,2024-09-25,2024-10-25,30,1800.63,0,,No Dispute
INV-003363,CUST-0040,2024-01-05,2024-02-04,30,2004.12,0,,No Dispute
INV-003364,CUST-0040,2024-08-26,2024-09-25,30,11813.33,1,2.0,Open
INV-003365,CUST-0040,2025-12-20,2026-01-19,30,10725.5,0,,No Dispute
INV-003366,CUST-0040,2024-10-27,2024-11-26,30,5318.52,0,,No Dispute
INV-003367,CUST-0040,2025-08-22,2025-09-21,30,9945.38,0,,No Dispute
INV-003368,CUST-0040,2025-05-24,2025-06-23,30,10155.49,0,,No Dispute
INV-003369,CUST-0040,2025-06-14,2025-07-14,30,6730.77,1,2.0,Open
INV-003370,CUST-0040,2024-03-07,2024-04-06,30,8964.0,0,,No Dispute
INV-003371,CUST-0040,2025-08-04,2025-09-03,30,2463.06,0,,No Dispute
INV-003372,CUST-0040,2024-07-07,2024-08-06,30,6897.55,0,,No Dispute
INV-003373,CUST-0040,2024-11-26,2024-12-26,30,4977.88,1,1.0,Resolved
INV-003374,CUST-0040,2025-11-29,2025-12-29,30,1653.55,0,,No Dispute
INV-003375,CUST-0040,2024-09-29,2024-10-29,30,8534.96,1,5.0,Resolved
INV-003376,CUST-0040,2024-07-06,2024-08-05,30,2982.91,0,,No Dispute
INV-003377,CUST-0040,2025-01-17,2025-02-16,30,11041.55,0,,No Dispute
INV-003378,CUST-0040,2025-02-01,2025-03-03,30,7015.36,0,,No Dispute
INV-003379,CUST-0040,2025-03-13,2025-04-12,30,6392.81,0,,No Dispute
INV-003380,CUST-0040,2024-06-24,2024-07-24,30,4528.64,0,,No Dispute
INV-003381,CUST-0040,2025-09-29,2025-10-29,30,10040.9,0,,No Dispute
INV-003382,CUST-0040,2024-09-10,2024-10-10,30,10202.55,0,,No Dispute
INV-003383,CUST-0040,2024-09-13,2024-10-13,30,2874.04,0,,No Dispute
INV-003384,CUST-0040,2025-12-25,2026-01-24,30,2159.1,0,,No Dispute
INV-003385,CUST-0040,2025-12-12,2026-01-11,30,11115.52,0,,No Dispute
INV-003386,CUST-0040,2025-03-11,2025-04-10,30,11655.68,1,1.0,Resolved
INV-003387,CUST-0040,2025-10-30,2025-11-29,30,10252.0,0,,No Dispute
INV-003388,CUST-0040,2024-11-23,2024-12-23,30,2462.08,1,1.0,Resolved
INV-003389,CUST-0040,2025-12-02,2026-01-01,30,4837.22,0,,No Dispute
INV-003390,CUST-0040,2025-03-29,2025-04-28,30,7832.07,0,,No Dispute
INV-003391,CUST-0040,2025-06-01,2025-07-01,30,3341.6,0,,No Dispute
INV-003392,CUST-0040,2025-11-05,2025-12-05,30,9608.1,0,,No Dispute
INV-003393,CUST-0040,2024-01-04,2024-02-03,30,8865.79,1,1.0,Resolved
INV-003394,CUST-0040,2024-06-16,2024-07-16,30,11264.27,0,,No Dispute
INV-003395,CUST-0040,2024-05-27,2024-06-26,30,11581.84,0,,No Dispute
INV-003396,CUST-0040,2024-02-20,2024-03-21,30,4779.0,0,,No Dispute
INV-003397,CUST-0040,2025-08-05,2025-09-04,30,2871.02,0,,No Dispute
INV-003398,CUST-0040,2025-02-15,2025-03-17,30,4317.02,0,,No Dispute
INV-003399,CUST-0040,2024-07-22,2024-08-21,30,5956.59,0,,No Dispute
INV-003400,CUST-0040,2024-06-20,2024-07-20,30,5927.78,1,3.0,Open
INV-003401,CUST-0040,2024-02-06,2024-03-07,30,8015.8,0,,No Dispute
INV-003402,CUST-0041,2024-11-25,2025-01-09,45,4865.35,0,,No Dispute
INV-003403,CUST-0041,2024-06-03,2024-07-18,45,3848.59,0,,No Dispute
INV-003404,CUST-0041,2025-06-28,2025-08-12,45,9367.58,0,,No Dispute
INV-003405,CUST-0041,2024-11-29,2025-01-13,45,10356.64,0,,No Dispute
INV-003406,CUST-0041,2025-01-22,2025-03-08,45,8855.0,0,,No Dispute
INV-003407,CUST-0041,2024-10-13,2024-11-27,45,10151.08,0,,No Dispute
INV-003408,CUST-0041,2025-01-07,2025-02-21,45,5182.53,0,,No Dispute
INV-003409,CUST-0041,2024-01-03,2024-02-17,45,1715.02,0,,No Dispute
INV-003410,CUST-0041,2024-10-18,2024-12-02,45,10799.03,0,,No Dispute
INV-003411,CUST-0041,2025-05-24,2025-07-08,45,2375.17,0,,No Dispute
INV-003412,CUST-0041,2025-02-24,2025-04-10,45,3680.66,0,,No Dispute
INV-003413,CUST-0041,2025-05-05,2025-06-19,45,3963.84,0,,No Dispute
INV-003414,CUST-0041,2025-11-12,2025-12-27,45,8632.83,0,,No Dispute
INV-003415,CUST-0041,2024-11-01,2024-12-16,45,3407.23,0,,No Dispute
INV-003416,CUST-0041,2024-01-26,2024-03-11,45,7903.18,0,,No Dispute
INV-003417,CUST-0041,2025-01-14,2025-02-28,45,9686.69,0,,No Dispute
INV-003418,CUST-0041,2024-07-27,2024-09-10,45,6681.32,1,4.0,Resolved
INV-003419,CUST-0041,2024-05-08,2024-06-22,45,5670.94,0,,No Dispute
INV-003420,CUST-0041,2025-05-19,2025-07-03,45,4024.71,0,,No Dispute
INV-003421,CUST-0041,2025-04-04,2025-05-19,45,8747.73,0,,No Dispute
INV-003422,CUST-0041,2025-08-18,2025-10-02,45,5240.07,0,,No Dispute
INV-003423,CUST-0041,2024-07-23,2024-09-06,45,6979.04,0,,No Dispute
INV-003424,CUST-0041,2024-11-13,2024-12-28,45,11532.08,0,,No Dispute
INV-003425,CUST-0041,2024-10-31,2024-12-15,45,4774.82,0,,No Dispute
INV-003426,CUST-0041,2024-06-11,2024-07-26,45,8670.85,0,,No Dispute
INV-003427,CUST-0041,2024-06-29,2024-08-13,45,5141.42,0,,No Dispute
INV-003428,CUST-0041,2025-12-23,2026-02-06,45,5229.25,0,,No Dispute
INV-003429,CUST-0041,2024-07-31,2024-09-14,45,10487.1,0,,No Dispute
INV-003430,CUST-0041,2024-11-01,2024-12-16,45,6466.33,0,,No Dispute
INV-003431,CUST-0041,2024-06-15,2024-07-30,45,2713.71,0,,No Dispute
INV-003432,CUST-0041,2025-08-31,2025-10-15,45,9010.05,0,,No Dispute
INV-003433,CUST-0041,2025-03-18,2025-05-02,45,7664.67,0,,No Dispute
INV-003434,CUST-0041,2024-12-08,2025-01-22,45,8913.8,0,,No Dispute
INV-003435,CUST-0041,2024-02-23,2024-04-08,45,6880.26,0,,No Dispute
INV-003436,CUST-0041,2024-06-08,2024-07-23,45,10178.08,0,,No Dispute
INV-003437,CUST-0041,2024-12-08,2025-01-22,45,2437.05,0,,No Dispute
INV-003438,CUST-0041,2024-04-29,2024-06-13,45,2538.9,0,,No Dispute
INV-003439,CUST-0041,2024-11-24,2025-01-08,45,4170.51,0,,No Dispute
INV-003440,CUST-0041,2024-05-07,2024-06-21,45,3530.23,0,,No Dispute
INV-003441,CUST-0041,2025-05-22,2025-07-06,45,4998.73,0,,No Dispute
INV-003442,CUST-0041,2024-04-15,2024-05-30,45,8663.58,0,,No Dispute
INV-003443,CUST-0041,2025-12-28,2026-02-11,45,5704.25,0,,No Dispute
INV-003444,CUST-0041,2025-06-24,2025-08-08,45,6192.85,0,,No Dispute
INV-003445,CUST-0041,2024-03-02,2024-04-16,45,2875.8,0,,No Dispute
INV-003446,CUST-0041,2024-11-16,2024-12-31,45,3631.2,0,,No Dispute
INV-003447,CUST-0041,2025-03-31,2025-05-15,45,8538.21,0,,No Dispute
INV-003448,CUST-0041,2024-01-16,2024-03-01,45,6932.85,0,,No Dispute
INV-003449,CUST-0041,2025-12-07,2026-01-21,45,4704.54,0,,No Dispute
INV-003450,CUST-0041,2024-06-05,2024-07-20,45,6831.93,0,,No Dispute
INV-003451,CUST-0041,2025-01-11,2025-02-25,45,3081.3,0,,No Dispute
INV-003452,CUST-0041,2024-08-04,2024-09-18,45,9700.82,0,,No Dispute
INV-003453,CUST-0041,2024-04-28,2024-06-12,45,6402.74,0,,No Dispute
INV-003454,CUST-0041,2025-02-05,2025-03-22,45,2515.7,0,,No Dispute
INV-003455,CUST-0041,2024-04-14,2024-05-29,45,7594.51,0,,No Dispute
INV-003456,CUST-0041,2024-07-11,2024-08-25,45,9637.76,0,,No Dispute
INV-003457,CUST-0041,2025-10-12,2025-11-26,45,4814.2,1,3.0,Resolved
INV-003458,CUST-0041,2025-06-16,2025-07-31,45,6073.92,0,,No Dispute
INV-003459,CUST-0041,2025-11-12,2025-12-27,45,2489.39,0,,No Dispute
INV-003460,CUST-0041,2025-03-26,2025-05-10,45,3100.5,0,,No Dispute
INV-003461,CUST-0041,2025-07-31,2025-09-14,45,8939.9,0,,No Dispute
INV-003462,CUST-0041,2024-09-10,2024-10-25,45,4023.93,0,,No Dispute
INV-003463,CUST-0041,2024-04-06,2024-05-21,45,8422.56,0,,No Dispute
INV-003464,CUST-0041,2024-06-04,2024-07-19,45,9520.51,0,,No Dispute
INV-003465,CUST-0041,2024-11-04,2024-12-19,45,5041.84,0,,No Dispute
INV-003466,CUST-0041,2025-05-07,2025-06-21,45,11346.74,0,,No Dispute
INV-003467,CUST-0041,2024-11-19,2025-01-03,45,2712.3,0,,No Dispute
INV-003468,CUST-0041,2025-05-20,2025-07-04,45,5286.94,0,,No Dispute
INV-003469,CUST-0041,2025-07-12,2025-08-26,45,8946.32,0,,No Dispute
INV-003470,CUST-0041,2025-09-07,2025-10-22,45,10727.67,0,,No Dispute
INV-003471,CUST-0041,2024-06-19,2024-08-03,45,10397.92,0,,No Dispute
INV-003472,CUST-0041,2025-11-14,2025-12-29,45,6490.18,0,,No Dispute
INV-003473,CUST-0041,2024-10-11,2024-11-25,45,3667.61,0,,No Dispute
INV-003474,CUST-0041,2025-03-04,2025-04-18,45,8047.27,0,,No Dispute
INV-003475,CUST-0041,2025-01-22,2025-03-08,45,9975.18,0,,No Dispute
INV-003476,CUST-0041,2024-09-18,2024-11-02,45,2895.33,0,,No Dispute
INV-003477,CUST-0041,2025-08-30,2025-10-14,45,4149.91,0,,No Dispute
INV-003478,CUST-0041,2025-03-10,2025-04-24,45,1537.97,0,,No Dispute
INV-003479,CUST-0041,2025-01-12,2025-02-26,45,9433.49,0,,No Dispute
INV-003480,CUST-0041,2024-08-14,2024-09-28,45,9217.64,0,,No Dispute
INV-003481,CUST-0041,2024-09-25,2024-11-09,45,3863.52,0,,No Dispute
INV-003482,CUST-0041,2025-07-22,2025-09-05,45,6053.28,0,,No Dispute
INV-003483,CUST-0041,2024-05-06,2024-06-20,45,3823.41,0,,No Dispute
INV-003484,CUST-0041,2024-09-16,2024-10-31,45,7509.23,0,,No Dispute
INV-003485,CUST-0041,2024-04-02,2024-05-17,45,5106.03,0,,No Dispute
INV-003486,CUST-0041,2024-11-14,2024-12-29,45,4612.01,0,,No Dispute
INV-003487,CUST-0042,2025-07-16,2025-08-30,45,10147.3,0,,No Dispute
INV-003488,CUST-0042,2025-06-05,2025-07-20,45,9889.26,0,,No Dispute
INV-003489,CUST-0042,2025-03-18,2025-05-02,45,5731.59,0,,No Dispute
INV-003490,CUST-0042,2025-04-24,2025-06-08,45,10749.54,0,,No Dispute
INV-003491,CUST-0042,2024-01-07,2024-02-21,45,10642.56,0,,No Dispute
INV-003492,CUST-0042,2025-05-23,2025-07-07,45,9786.81,0,,No Dispute
INV-003493,CUST-0042,2025-05-28,2025-07-12,45,10269.99,0,,No Dispute
INV-003494,CUST-0042,2025-02-11,2025-03-28,45,8896.53,0,,No Dispute
INV-003495,CUST-0042,2024-08-26,2024-10-10,45,3107.69,0,,No Dispute
INV-003496,CUST-0042,2025-10-30,2025-12-14,45,2039.81,0,,No Dispute
INV-003497,CUST-0042,2025-02-15,2025-04-01,45,5274.45,0,,No Dispute
INV-003498,CUST-0042,2025-04-07,2025-05-22,45,8357.93,0,,No Dispute
INV-003499,CUST-0042,2024-07-30,2024-09-13,45,11339.8,0,,No Dispute
INV-003500,CUST-0042,2025-04-05,2025-05-20,45,3828.64,0,,No Dispute
INV-003501,CUST-0042,2025-12-01,2026-01-15,45,4104.63,1,5.0,Resolved
INV-003502,CUST-0042,2025-03-11,2025-04-25,45,3359.52,0,,No Dispute
INV-003503,CUST-0042,2025-12-30,2026-02-13,45,11428.36,0,,No Dispute
INV-003504,CUST-0042,2024-09-07,2024-10-22,45,10227.47,0,,No Dispute
INV-003505,CUST-0042,2025-06-07,2025-07-22,45,5866.32,0,,No Dispute
INV-003506,CUST-0042,2025-08-15,2025-09-29,45,1718.79,0,,No Dispute
INV-003507,CUST-0042,2025-11-04,2025-12-19,45,3936.07,0,,No Dispute
INV-003508,CUST-0042,2024-07-29,2024-09-12,45,8196.33,0,,No Dispute
INV-003509,CUST-0042,2025-02-12,2025-03-29,45,3825.76,0,,No Dispute
INV-003510,CUST-0042,2025-06-09,2025-07-24,45,2760.73,0,,No Dispute
INV-003511,CUST-0042,2025-12-24,2026-02-07,45,11180.67,0,,No Dispute
INV-003512,CUST-0042,2024-08-25,2024-10-09,45,8244.75,0,,No Dispute
INV-003513,CUST-0042,2024-11-19,2025-01-03,45,9073.5,0,,No Dispute
INV-003514,CUST-0042,2024-02-06,2024-03-22,45,11655.64,0,,No Dispute
INV-003515,CUST-0042,2024-02-22,2024-04-07,45,11076.67,0,,No Dispute
INV-003516,CUST-0042,2025-03-12,2025-04-26,45,2925.97,0,,No Dispute
INV-003517,CUST-0042,2024-04-15,2024-05-30,45,2895.64,0,,No Dispute
INV-003518,CUST-0042,2024-11-16,2024-12-31,45,9306.75,0,,No Dispute
INV-003519,CUST-0042,2024-06-08,2024-07-23,45,7415.58,0,,No Dispute
INV-003520,CUST-0042,2025-07-22,2025-09-05,45,7922.56,0,,No Dispute
INV-003521,CUST-0042,2024-12-15,2025-01-29,45,6406.78,0,,No Dispute
INV-003522,CUST-0042,2024-03-12,2024-04-26,45,1709.92,0,,No Dispute
INV-003523,CUST-0042,2024-10-16,2024-11-30,45,4871.78,0,,No Dispute
INV-003524,CUST-0042,2025-02-25,2025-04-11,45,8440.89,0,,No Dispute
INV-003525,CUST-0042,2024-09-13,2024-10-28,45,8381.99,0,,No Dispute
INV-003526,CUST-0042,2024-04-15,2024-05-30,45,8740.77,0,,No Dispute
INV-003527,CUST-0042,2025-09-11,2025-10-26,45,7356.42,0,,No Dispute
INV-003528,CUST-0042,2025-05-05,2025-06-19,45,6211.28,0,,No Dispute
INV-003529,CUST-0042,2025-03-10,2025-04-24,45,7469.4,0,,No Dispute
INV-003530,CUST-0042,2024-12-13,2025-01-27,45,2247.85,0,,No Dispute
INV-003531,CUST-0042,2025-11-12,2025-12-27,45,7387.33,0,,No Dispute
INV-003532,CUST-0042,2025-06-08,2025-07-23,45,1517.35,0,,No Dispute
INV-003533,CUST-0042,2024-11-08,2024-12-23,45,7360.07,0,,No Dispute
INV-003534,CUST-0042,2024-02-06,2024-03-22,45,1650.89,1,3.0,Open
INV-003535,CUST-0042,2024-07-29,2024-09-12,45,3128.13,0,,No Dispute
INV-003536,CUST-0042,2024-11-11,2024-12-26,45,11918.72,0,,No Dispute
INV-003537,CUST-0042,2024-03-20,2024-05-04,45,5900.22,0,,No Dispute
INV-003538,CUST-0042,2025-11-10,2025-12-25,45,5824.1,0,,No Dispute
INV-003539,CUST-0042,2025-04-18,2025-06-02,45,3257.41,0,,No Dispute
INV-003540,CUST-0042,2025-11-04,2025-12-19,45,3923.23,0,,No Dispute
INV-003541,CUST-0042,2025-06-09,2025-07-24,45,11046.85,0,,No Dispute
INV-003542,CUST-0042,2025-05-03,2025-06-17,45,6643.81,0,,No Dispute
INV-003543,CUST-0042,2024-01-09,2024-02-23,45,3981.83,0,,No Dispute
INV-003544,CUST-0042,2025-05-21,2025-07-05,45,2176.03,0,,No Dispute
INV-003545,CUST-0042,2024-02-18,2024-04-03,45,8339.07,0,,No Dispute
INV-003546,CUST-0042,2025-07-04,2025-08-18,45,7560.36,0,,No Dispute
INV-003547,CUST-0042,2024-11-17,2025-01-01,45,8349.12,0,,No Dispute
INV-003548,CUST-0042,2024-05-03,2024-06-17,45,11177.89,1,5.0,Resolved
INV-003549,CUST-0042,2024-12-05,2025-01-19,45,7008.52,0,,No Dispute
INV-003550,CUST-0042,2024-05-26,2024-07-10,45,9743.48,1,4.0,Open
INV-003551,CUST-0042,2025-02-04,2025-03-21,45,4507.88,0,,No Dispute
INV-003552,CUST-0042,2024-04-28,2024-06-12,45,9468.67,0,,No Dispute
INV-003553,CUST-0042,2024-08-16,2024-09-30,45,6506.09,0,,No Dispute
INV-003554,CUST-0042,2024-10-31,2024-12-15,45,3652.06,0,,No Dispute
INV-003555,CUST-0042,2024-01-02,2024-02-16,45,5375.93,0,,No Dispute
INV-003556,CUST-0042,2024-09-28,2024-11-12,45,4019.14,0,,No Dispute
INV-003557,CUST-0042,2024-12-16,2025-01-30,45,2470.14,0,,No Dispute
INV-003558,CUST-0042,2024-06-25,2024-08-09,45,11242.12,0,,No Dispute
INV-003559,CUST-0042,2024-01-20,2024-03-05,45,8219.42,0,,No Dispute
INV-003560,CUST-0042,2025-02-02,2025-03-19,45,11562.25,0,,No Dispute
INV-003561,CUST-0042,2025-08-07,2025-09-21,45,2218.0,0,,No Dispute
INV-003562,CUST-0042,2024-03-28,2024-05-12,45,8426.12,0,,No Dispute
INV-003563,CUST-0042,2025-12-14,2026-01-28,45,11867.28,0,,No Dispute
INV-003564,CUST-0042,2025-11-23,2026-01-07,45,5597.93,0,,No Dispute
INV-003565,CUST-0042,2024-01-12,2024-02-26,45,6257.91,0,,No Dispute
INV-003566,CUST-0042,2024-11-23,2025-01-07,45,2507.56,0,,No Dispute
INV-003567,CUST-0042,2024-12-31,2025-02-14,45,6700.67,0,,No Dispute
INV-003568,CUST-0042,2024-09-06,2024-10-21,45,5070.1,0,,No Dispute
INV-003569,CUST-0042,2024-12-09,2025-01-23,45,3676.55,0,,No Dispute
INV-003570,CUST-0042,2025-05-26,2025-07-10,45,6259.77,0,,No Dispute
INV-003571,CUST-0042,2025-08-21,2025-10-05,45,3441.71,1,5.0,Resolved
INV-003572,CUST-0042,2024-04-27,2024-06-11,45,5337.27,0,,No Dispute
INV-003573,CUST-0042,2024-11-29,2025-01-13,45,6263.23,0,,No Dispute
INV-003574,CUST-0042,2024-08-01,2024-09-15,45,5348.66,0,,No Dispute
INV-003575,CUST-0042,2024-05-22,2024-07-06,45,6255.8,1,5.0,Resolved
INV-003576,CUST-0042,2024-05-09,2024-06-23,45,10888.02,0,,No Dispute
INV-003577,CUST-0043,2025-06-20,2025-08-19,60,5462.61,0,,No Dispute
INV-003578,CUST-0043,2025-12-29,2026-02-27,60,11707.91,0,,No Dispute
INV-003579,CUST-0043,2025-02-03,2025-04-04,60,9899.69,0,,No Dispute
INV-003580,CUST-0043,2024-05-10,2024-07-09,60,9712.03,0,,No Dispute
INV-003581,CUST-0043,2024-05-04,2024-07-03,60,6911.43,0,,No Dispute
INV-003582,CUST-0043,2024-03-24,2024-05-23,60,7357.37,0,,No Dispute
INV-003583,CUST-0043,2025-01-29,2025-03-30,60,6812.67,0,,No Dispute
INV-003584,CUST-0043,2025-03-28,2025-05-27,60,8067.43,0,,No Dispute
INV-003585,CUST-0043,2025-09-25,2025-11-24,60,7382.2,0,,No Dispute
INV-003586,CUST-0043,2025-07-28,2025-09-26,60,8465.75,0,,No Dispute
INV-003587,CUST-0043,2025-03-05,2025-05-04,60,7279.3,0,,No Dispute
INV-003588,CUST-0043,2024-02-11,2024-04-11,60,3556.43,0,,No Dispute
INV-003589,CUST-0043,2025-11-29,2026-01-28,60,1542.9,0,,No Dispute
INV-003590,CUST-0043,2025-12-27,2026-02-25,60,10589.43,0,,No Dispute
INV-003591,CUST-0043,2025-03-20,2025-05-19,60,9541.74,0,,No Dispute
INV-003592,CUST-0043,2024-02-17,2024-04-17,60,5808.65,0,,No Dispute
INV-003593,CUST-0043,2024-01-05,2024-03-05,60,7074.03,0,,No Dispute
INV-003594,CUST-0043,2024-11-26,2025-01-25,60,2341.51,0,,No Dispute
INV-003595,CUST-0043,2024-07-01,2024-08-30,60,11940.87,0,,No Dispute
INV-003596,CUST-0043,2024-07-03,2024-09-01,60,3939.13,0,,No Dispute
INV-003597,CUST-0043,2024-06-21,2024-08-20,60,7345.56,0,,No Dispute
INV-003598,CUST-0043,2024-09-28,2024-11-27,60,10156.38,0,,No Dispute
INV-003599,CUST-0043,2025-11-21,2026-01-20,60,9032.12,0,,No Dispute
INV-003600,CUST-0043,2025-08-01,2025-09-30,60,3676.09,0,,No Dispute
INV-003601,CUST-0043,2024-12-16,2025-02-14,60,8066.62,0,,No Dispute
INV-003602,CUST-0043,2024-03-20,2024-05-19,60,9119.83,0,,No Dispute
INV-003603,CUST-0043,2025-12-03,2026-02-01,60,7700.58,0,,No Dispute
INV-003604,CUST-0043,2025-09-22,2025-11-21,60,9564.63,0,,No Dispute
INV-003605,CUST-0043,2024-10-20,2024-12-19,60,9632.05,0,,No Dispute
INV-003606,CUST-0043,2025-10-27,2025-12-26,60,7604.92,0,,No Dispute
INV-003607,CUST-0043,2024-02-17,2024-04-17,60,5914.61,0,,No Dispute
INV-003608,CUST-0043,2024-11-02,2025-01-01,60,9217.09,0,,No Dispute
INV-003609,CUST-0043,2024-08-04,2024-10-03,60,5691.61,0,,No Dispute
INV-003610,CUST-0043,2025-07-06,2025-09-04,60,3741.94,1,3.0,Open
INV-003611,CUST-0043,2025-04-22,2025-06-21,60,9807.02,0,,No Dispute
INV-003612,CUST-0043,2024-04-03,2024-06-02,60,5399.0,0,,No Dispute
INV-003613,CUST-0043,2025-01-18,2025-03-19,60,5656.78,0,,No Dispute
INV-003614,CUST-0043,2025-04-27,2025-06-26,60,10625.3,0,,No Dispute
INV-003615,CUST-0043,2024-01-21,2024-03-21,60,5447.86,0,,No Dispute
INV-003616,CUST-0043,2025-01-27,2025-03-28,60,5574.51,0,,No Dispute
INV-003617,CUST-0043,2024-07-09,2024-09-07,60,11280.96,0,,No Dispute
INV-003618,CUST-0043,2024-06-06,2024-08-05,60,9086.11,0,,No Dispute
INV-003619,CUST-0043,2024-02-25,2024-04-25,60,4186.14,0,,No Dispute
INV-003620,CUST-0043,2024-04-14,2024-06-13,60,10237.12,0,,No Dispute
INV-003621,CUST-0043,2024-12-06,2025-02-04,60,10080.88,0,,No Dispute
INV-003622,CUST-0043,2024-11-17,2025-01-16,60,4737.16,0,,No Dispute
INV-003623,CUST-0043,2024-12-01,2025-01-30,60,11726.77,0,,No Dispute
INV-003624,CUST-0043,2025-05-08,2025-07-07,60,9727.72,0,,No Dispute
INV-003625,CUST-0043,2024-08-19,2024-10-18,60,4735.33,0,,No Dispute
INV-003626,CUST-0043,2024-03-29,2024-05-28,60,8320.85,0,,No Dispute
INV-003627,CUST-0043,2025-06-17,2025-08-16,60,10690.7,0,,No Dispute
INV-003628,CUST-0043,2025-07-15,2025-09-13,60,6984.0,0,,No Dispute
INV-003629,CUST-0043,2025-12-10,2026-02-08,60,6156.85,0,,No Dispute
INV-003630,CUST-0043,2024-08-12,2024-10-11,60,5240.13,0,,No Dispute
INV-003631,CUST-0043,2024-12-22,2025-02-20,60,5794.78,0,,No Dispute
INV-003632,CUST-0043,2025-08-17,2025-10-16,60,2663.23,0,,No Dispute
INV-003633,CUST-0043,2025-05-06,2025-07-05,60,2084.92,0,,No Dispute
INV-003634,CUST-0043,2024-04-28,2024-06-27,60,10520.48,0,,No Dispute
INV-003635,CUST-0043,2024-12-15,2025-02-13,60,1678.83,0,,No Dispute
INV-003636,CUST-0043,2024-02-02,2024-04-02,60,3898.83,0,,No Dispute
INV-003637,CUST-0043,2025-08-26,2025-10-25,60,6088.3,0,,No Dispute
INV-003638,CUST-0043,2025-10-02,2025-12-01,60,4884.37,0,,No Dispute
INV-003639,CUST-0043,2025-03-26,2025-05-25,60,6594.46,0,,No Dispute
INV-003640,CUST-0043,2024-04-23,2024-06-22,60,5440.03,0,,No Dispute
INV-003641,CUST-0043,2024-04-27,2024-06-26,60,4768.01,0,,No Dispute
INV-003642,CUST-0043,2024-10-25,2024-12-24,60,2166.22,0,,No Dispute
INV-003643,CUST-0043,2025-08-08,2025-10-07,60,6662.95,0,,No Dispute
INV-003644,CUST-0043,2025-05-20,2025-07-19,60,6514.34,0,,No Dispute
INV-003645,CUST-0043,2024-11-27,2025-01-26,60,8055.95,0,,No Dispute
INV-003646,CUST-0043,2025-07-03,2025-09-01,60,9387.25,0,,No Dispute
INV-003647,CUST-0043,2025-09-28,2025-11-27,60,2854.15,0,,No Dispute
INV-003648,CUST-0043,2025-10-15,2025-12-14,60,7775.04,0,,No Dispute
INV-003649,CUST-0043,2025-03-13,2025-05-12,60,6271.23,0,,No Dispute
INV-003650,CUST-0043,2024-10-04,2024-12-03,60,4209.2,0,,No Dispute
INV-003651,CUST-0043,2025-02-16,2025-04-17,60,2005.78,0,,No Dispute
INV-003652,CUST-0043,2025-05-05,2025-07-04,60,6570.03,0,,No Dispute
INV-003653,CUST-0043,2024-05-30,2024-07-29,60,2198.34,0,,No Dispute
INV-003654,CUST-0043,2025-12-04,2026-02-02,60,7960.77,0,,No Dispute
INV-003655,CUST-0043,2025-04-26,2025-06-25,60,3865.29,0,,No Dispute
INV-003656,CUST-0043,2024-05-01,2024-06-30,60,7015.96,0,,No Dispute
INV-003657,CUST-0044,2024-08-14,2024-09-13,30,2523.72,0,,No Dispute
INV-003658,CUST-0044,2024-03-09,2024-04-08,30,3225.88,1,5.0,Resolved
INV-003659,CUST-0044,2024-02-18,2024-03-19,30,3039.94,0,,No Dispute
INV-003660,CUST-0044,2024-04-05,2024-05-05,30,610.28,0,,No Dispute
INV-003661,CUST-0044,2025-01-26,2025-02-25,30,1822.33,0,,No Dispute
INV-003662,CUST-0044,2024-10-31,2024-11-30,30,915.64,0,,No Dispute
INV-003663,CUST-0044,2025-05-21,2025-06-20,30,2956.89,0,,No Dispute
INV-003664,CUST-0044,2025-01-02,2025-02-01,30,3765.39,0,,No Dispute
INV-003665,CUST-0044,2024-03-26,2024-04-25,30,2461.44,0,,No Dispute
INV-003666,CUST-0044,2025-09-15,2025-10-15,30,850.27,0,,No Dispute
INV-003667,CUST-0044,2025-12-26,2026-01-25,30,2546.73,0,,No Dispute
INV-003668,CUST-0044,2025-08-25,2025-09-24,30,2457.21,0,,No Dispute
INV-003669,CUST-0044,2025-03-09,2025-04-08,30,3068.3,0,,No Dispute
INV-003670,CUST-0044,2024-09-21,2024-10-21,30,2327.02,0,,No Dispute
INV-003671,CUST-0044,2024-05-25,2024-06-24,30,1720.53,0,,No Dispute
INV-003672,CUST-0044,2025-02-21,2025-03-23,30,3372.25,0,,No Dispute
INV-003673,CUST-0044,2025-05-27,2025-06-26,30,2471.32,0,,No Dispute
INV-003674,CUST-0044,2024-01-30,2024-02-29,30,3270.88,0,,No Dispute
INV-003675,CUST-0044,2025-09-06,2025-10-06,30,585.7,0,,No Dispute
INV-003676,CUST-0044,2025-08-17,2025-09-16,30,3421.89,0,,No Dispute
INV-003677,CUST-0044,2024-02-11,2024-03-12,30,1949.0,0,,No Dispute
INV-003678,CUST-0044,2024-08-31,2024-09-30,30,3212.63,0,,No Dispute
INV-003679,CUST-0044,2024-03-19,2024-04-18,30,2193.68,0,,No Dispute
INV-003680,CUST-0044,2025-12-02,2026-01-01,30,3937.61,0,,No Dispute
INV-003681,CUST-0044,2024-12-29,2025-01-28,30,1784.1,0,,No Dispute
INV-003682,CUST-0044,2025-05-11,2025-06-10,30,2954.18,0,,No Dispute
INV-003683,CUST-0044,2025-11-12,2025-12-12,30,855.25,1,2.0,Open
INV-003684,CUST-0044,2025-07-09,2025-08-08,30,2558.63,0,,No Dispute
INV-003685,CUST-0044,2024-05-15,2024-06-14,30,2056.26,0,,No Dispute
INV-003686,CUST-0044,2024-12-07,2025-01-06,30,2040.65,0,,No Dispute
INV-003687,CUST-0044,2025-07-11,2025-08-10,30,2517.87,0,,No Dispute
INV-003688,CUST-0044,2024-02-11,2024-03-12,30,3924.52,0,,No Dispute
INV-003689,CUST-0044,2025-10-08,2025-11-07,30,3052.62,0,,No Dispute
INV-003690,CUST-0044,2025-12-29,2026-01-28,30,1439.84,0,,No Dispute
INV-003691,CUST-0044,2025-01-28,2025-02-27,30,2524.57,0,,No Dispute
INV-003692,CUST-0044,2025-08-01,2025-08-31,30,2132.27,0,,No Dispute
INV-003693,CUST-0045,2025-03-12,2025-04-11,30,570.81,0,,No Dispute
INV-003694,CUST-0045,2024-06-05,2024-07-05,30,2034.64,0,,No Dispute
INV-003695,CUST-0045,2024-05-23,2024-06-22,30,984.37,0,,No Dispute
INV-003696,CUST-0045,2025-03-07,2025-04-06,30,3309.24,0,,No Dispute
INV-003697,CUST-0045,2024-08-03,2024-09-02,30,1547.46,0,,No Dispute
INV-003698,CUST-0045,2024-05-02,2024-06-01,30,3800.88,0,,No Dispute
INV-003699,CUST-0045,2025-03-25,2025-04-24,30,2618.99,0,,No Dispute
INV-003700,CUST-0045,2025-05-27,2025-06-26,30,2652.83,0,,No Dispute
INV-003701,CUST-0045,2024-02-12,2024-03-13,30,3655.29,0,,No Dispute
INV-003702,CUST-0045,2025-05-27,2025-06-26,30,986.62,0,,No Dispute
INV-003703,CUST-0045,2024-06-16,2024-07-16,30,1542.79,0,,No Dispute
INV-003704,CUST-0045,2024-10-15,2024-11-14,30,603.54,0,,No Dispute
INV-003705,CUST-0045,2024-04-30,2024-05-30,30,2932.22,0,,No Dispute
INV-003706,CUST-0045,2025-10-06,2025-11-05,30,2063.63,0,,No Dispute
INV-003707,CUST-0045,2024-07-23,2024-08-22,30,3349.34,0,,No Dispute
INV-003708,CUST-0045,2024-12-02,2025-01-01,30,1765.67,0,,No Dispute
INV-003709,CUST-0045,2024-03-04,2024-04-03,30,3897.24,0,,No Dispute
INV-003710,CUST-0045,2025-12-13,2026-01-12,30,3892.0,0,,No Dispute
INV-003711,CUST-0045,2025-01-29,2025-02-28,30,3847.68,0,,No Dispute
INV-003712,CUST-0045,2025-07-29,2025-08-28,30,3880.41,0,,No Dispute
INV-003713,CUST-0045,2024-07-09,2024-08-08,30,3848.12,0,,No Dispute
INV-003714,CUST-0045,2025-04-26,2025-05-26,30,1526.98,0,,No Dispute
INV-003715,CUST-0045,2024-10-05,2024-11-04,30,1838.87,0,,No Dispute
INV-003716,CUST-0045,2024-11-30,2024-12-30,30,1743.52,0,,No Dispute
INV-003717,CUST-0045,2024-10-15,2024-11-14,30,1526.65,0,,No Dispute
INV-003718,CUST-0045,2024-08-19,2024-09-18,30,538.91,0,,No Dispute
INV-003719,CUST-0045,2025-01-15,2025-02-14,30,3703.1,0,,No Dispute
INV-003720,CUST-0045,2025-11-13,2025-12-13,30,2952.45,0,,No Dispute
INV-003721,CUST-0045,2024-07-24,2024-08-23,30,729.78,0,,No Dispute
INV-003722,CUST-0045,2024-02-01,2024-03-02,30,3281.05,0,,No Dispute
INV-003723,CUST-0045,2025-02-28,2025-03-30,30,1345.19,0,,No Dispute
INV-003724,CUST-0045,2024-06-15,2024-07-15,30,1933.14,0,,No Dispute
INV-003725,CUST-0045,2025-03-05,2025-04-04,30,2256.63,0,,No Dispute
INV-003726,CUST-0045,2025-09-05,2025-10-05,30,1687.0,1,3.0,Resolved
INV-003727,CUST-0045,2024-10-23,2024-11-22,30,2360.38,0,,No Dispute
INV-003728,CUST-0045,2024-04-19,2024-05-19,30,1682.45,0,,No Dispute
INV-003729,CUST-0046,2025-06-14,2025-07-14,30,7420.99,0,,No Dispute
INV-003730,CUST-0046,2024-09-29,2024-10-29,30,4680.4,0,,No Dispute
INV-003731,CUST-0046,2025-06-10,2025-07-10,30,7416.04,0,,No Dispute
INV-003732,CUST-0046,2024-01-11,2024-02-10,30,11921.54,0,,No Dispute
INV-003733,CUST-0046,2025-02-13,2025-03-15,30,3545.77,0,,No Dispute
INV-003734,CUST-0046,2025-06-09,2025-07-09,30,11464.94,0,,No Dispute
INV-003735,CUST-0046,2025-01-08,2025-02-07,30,10570.8,1,1.0,Resolved
INV-003736,CUST-0046,2024-09-26,2024-10-26,30,8633.59,0,,No Dispute
INV-003737,CUST-0046,2025-08-13,2025-09-12,30,9868.72,0,,No Dispute
INV-003738,CUST-0046,2024-04-27,2024-05-27,30,4474.12,0,,No Dispute
INV-003739,CUST-0046,2024-10-27,2024-11-26,30,4924.32,0,,No Dispute
INV-003740,CUST-0046,2024-08-31,2024-09-30,30,5928.71,0,,No Dispute
INV-003741,CUST-0046,2025-04-05,2025-05-05,30,2773.15,0,,No Dispute
INV-003742,CUST-0046,2024-03-12,2024-04-11,30,9992.41,0,,No Dispute
INV-003743,CUST-0046,2024-04-23,2024-05-23,30,6875.92,0,,No Dispute
INV-003744,CUST-0046,2025-03-29,2025-04-28,30,2817.31,0,,No Dispute
INV-003745,CUST-0046,2024-05-11,2024-06-10,30,8196.51,0,,No Dispute
INV-003746,CUST-0046,2024-08-28,2024-09-27,30,6364.24,0,,No Dispute
INV-003747,CUST-0046,2024-06-27,2024-07-27,30,8851.64,0,,No Dispute
INV-003748,CUST-0046,2024-04-30,2024-05-30,30,3381.5,0,,No Dispute
INV-003749,CUST-0046,2025-04-15,2025-05-15,30,3417.29,0,,No Dispute
INV-003750,CUST-0046,2024-11-17,2024-12-17,30,6914.22,0,,No Dispute
INV-003751,CUST-0046,2025-10-19,2025-11-18,30,3339.32,0,,No Dispute
INV-003752,CUST-0046,2025-08-29,2025-09-28,30,6119.61,0,,No Dispute
INV-003753,CUST-0046,2024-08-22,2024-09-21,30,3754.7,0,,No Dispute
INV-003754,CUST-0046,2025-02-26,2025-03-28,30,11826.96,0,,No Dispute
INV-003755,CUST-0046,2025-11-09,2025-12-09,30,7200.12,0,,No Dispute
INV-003756,CUST-0046,2024-02-20,2024-03-21,30,5411.08,0,,No Dispute
INV-003757,CUST-0046,2025-03-29,2025-04-28,30,7223.01,0,,No Dispute
INV-003758,CUST-0046,2024-05-24,2024-06-23,30,4851.64,0,,No Dispute
INV-003759,CUST-0046,2024-04-03,2024-05-03,30,10638.72,0,,No Dispute
INV-003760,CUST-0046,2025-01-17,2025-02-16,30,3499.02,0,,No Dispute
INV-003761,CUST-0046,2024-08-27,2024-09-26,30,4453.22,0,,No Dispute
INV-003762,CUST-0046,2025-11-26,2025-12-26,30,1580.6,0,,No Dispute
INV-003763,CUST-0046,2024-04-10,2024-05-10,30,9973.26,0,,No Dispute
INV-003764,CUST-0046,2024-10-22,2024-11-21,30,10173.86,0,,No Dispute
INV-003765,CUST-0046,2025-01-16,2025-02-15,30,2605.37,0,,No Dispute
INV-003766,CUST-0046,2025-08-08,2025-09-07,30,5038.69,0,,No Dispute
INV-003767,CUST-0046,2025-04-17,2025-05-17,30,7717.53,0,,No Dispute
INV-003768,CUST-0046,2024-10-24,2024-11-23,30,5247.45,0,,No Dispute
INV-003769,CUST-0046,2025-12-14,2026-01-13,30,6925.09,0,,No Dispute
INV-003770,CUST-0046,2024-04-12,2024-05-12,30,7637.35,0,,No Dispute
INV-003771,CUST-0046,2025-02-16,2025-03-18,30,10732.66,0,,No Dispute
INV-003772,CUST-0046,2025-12-19,2026-01-18,30,1739.62,0,,No Dispute
INV-003773,CUST-0046,2025-01-17,2025-02-16,30,9438.64,0,,No Dispute
INV-003774,CUST-0046,2024-01-30,2024-02-29,30,10647.56,0,,No Dispute
INV-003775,CUST-0046,2024-03-13,2024-04-12,30,11694.58,0,,No Dispute
INV-003776,CUST-0046,2024-05-03,2024-06-02,30,5424.37,0,,No Dispute
INV-003777,CUST-0046,2025-04-21,2025-05-21,30,1547.18,0,,No Dispute
INV-003778,CUST-0046,2025-08-23,2025-09-22,30,8092.03,0,,No Dispute
INV-003779,CUST-0046,2024-11-10,2024-12-10,30,4223.41,0,,No Dispute
INV-003780,CUST-0046,2025-01-06,2025-02-05,30,2185.25,0,,No Dispute
INV-003781,CUST-0046,2024-09-18,2024-10-18,30,6775.22,0,,No Dispute
INV-003782,CUST-0046,2025-09-30,2025-10-30,30,11162.71,0,,No Dispute
INV-003783,CUST-0046,2024-03-19,2024-04-18,30,4444.91,0,,No Dispute
INV-003784,CUST-0046,2025-10-01,2025-10-31,30,7304.72,0,,No Dispute
INV-003785,CUST-0046,2024-02-01,2024-03-02,30,11001.37,0,,No Dispute
INV-003786,CUST-0046,2025-12-22,2026-01-21,30,10816.61,0,,No Dispute
INV-003787,CUST-0046,2025-07-05,2025-08-04,30,2296.46,0,,No Dispute
INV-003788,CUST-0046,2025-12-01,2025-12-31,30,1802.91,0,,No Dispute
INV-003789,CUST-0046,2025-06-23,2025-07-23,30,2719.99,0,,No Dispute
INV-003790,CUST-0046,2024-05-05,2024-06-04,30,4192.6,0,,No Dispute
INV-003791,CUST-0046,2024-01-08,2024-02-07,30,11375.09,1,1.0,Resolved
INV-003792,CUST-0046,2024-09-14,2024-10-14,30,9772.77,0,,No Dispute
INV-003793,CUST-0046,2024-06-18,2024-07-18,30,4328.33,0,,No Dispute
INV-003794,CUST-0046,2024-03-18,2024-04-17,30,6918.18,0,,No Dispute
INV-003795,CUST-0046,2024-09-08,2024-10-08,30,3847.21,0,,No Dispute
INV-003796,CUST-0046,2024-11-05,2024-12-05,30,8925.66,0,,No Dispute
INV-003797,CUST-0046,2025-09-20,2025-10-20,30,7141.83,0,,No Dispute
INV-003798,CUST-0046,2025-11-15,2025-12-15,30,3684.89,0,,No Dispute
INV-003799,CUST-0046,2025-03-14,2025-04-13,30,10959.17,0,,No Dispute
INV-003800,CUST-0046,2024-04-27,2024-05-27,30,7615.79,0,,No Dispute
INV-003801,CUST-0046,2024-06-24,2024-07-24,30,8089.13,0,,No Dispute
INV-003802,CUST-0046,2025-09-14,2025-10-14,30,5458.73,0,,No Dispute
INV-003803,CUST-0046,2024-08-14,2024-09-13,30,10783.72,0,,No Dispute
INV-003804,CUST-0046,2025-02-18,2025-03-20,30,11436.12,0,,No Dispute
INV-003805,CUST-0046,2025-07-06,2025-08-05,30,11488.28,0,,No Dispute
INV-003806,CUST-0046,2024-04-11,2024-05-11,30,4849.49,0,,No Dispute
INV-003807,CUST-0046,2024-11-28,2024-12-28,30,8515.51,0,,No Dispute
INV-003808,CUST-0046,2024-12-14,2025-01-13,30,3784.63,0,,No Dispute
INV-003809,CUST-0046,2024-04-07,2024-05-07,30,2275.39,0,,No Dispute
INV-003810,CUST-0046,2025-08-15,2025-09-14,30,3156.65,1,3.0,Resolved
INV-003811,CUST-0046,2024-07-24,2024-08-23,30,10766.81,0,,No Dispute
INV-003812,CUST-0046,2024-03-03,2024-04-02,30,6385.73,0,,No Dispute
INV-003813,CUST-0046,2024-12-12,2025-01-11,30,2792.03,0,,No Dispute
INV-003814,CUST-0046,2024-09-21,2024-10-21,30,4534.86,0,,No Dispute
INV-003815,CUST-0046,2025-09-28,2025-10-28,30,6462.07,0,,No Dispute
INV-003816,CUST-0046,2024-02-07,2024-03-08,30,5028.54,0,,No Dispute
INV-003817,CUST-0046,2024-12-08,2025-01-07,30,8150.15,0,,No Dispute
INV-003818,CUST-0046,2025-12-14,2026-01-13,30,4822.49,0,,No Dispute
INV-003819,CUST-0046,2025-08-13,2025-09-12,30,6514.94,0,,No Dispute
INV-003820,CUST-0046,2025-05-26,2025-06-25,30,2783.66,0,,No Dispute
INV-003821,CUST-0046,2024-05-14,2024-06-13,30,2892.02,0,,No Dispute
INV-003822,CUST-0046,2024-11-05,2024-12-05,30,9442.3,0,,No Dispute
INV-003823,CUST-0046,2025-11-07,2025-12-07,30,8045.85,0,,No Dispute
INV-003824,CUST-0046,2025-06-04,2025-07-04,30,5486.9,0,,No Dispute
INV-003825,CUST-0046,2024-06-23,2024-07-23,30,3289.83,0,,No Dispute
INV-003826,CUST-0046,2025-09-15,2025-10-15,30,10642.9,0,,No Dispute
INV-003827,CUST-0046,2024-05-29,2024-06-28,30,3655.18,0,,No Dispute
INV-003828,CUST-0046,2025-06-08,2025-07-08,30,4432.43,1,1.0,Resolved
INV-003829,CUST-0046,2025-01-30,2025-03-01,30,9681.8,0,,No Dispute
INV-003830,CUST-0046,2024-04-05,2024-05-05,30,9446.91,0,,No Dispute
INV-003831,CUST-0046,2025-03-03,2025-04-02,30,4079.22,0,,No Dispute
INV-003832,CUST-0047,2025-01-24,2025-02-23,30,976.09,0,,No Dispute
INV-003833,CUST-0047,2024-05-06,2024-06-05,30,3248.45,0,,No Dispute
INV-003834,CUST-0047,2024-02-25,2024-03-26,30,2969.65,1,5.0,Resolved
INV-003835,CUST-0047,2024-05-20,2024-06-19,30,2062.14,0,,No Dispute
INV-003836,CUST-0047,2025-11-05,2025-12-05,30,3329.86,0,,No Dispute
INV-003837,CUST-0047,2024-08-03,2024-09-02,30,1244.5,0,,No Dispute
INV-003838,CUST-0047,2024-01-14,2024-02-13,30,3397.35,0,,No Dispute
INV-003839,CUST-0047,2025-07-19,2025-08-18,30,2995.11,0,,No Dispute
INV-003840,CUST-0047,2024-02-12,2024-03-13,30,3291.33,0,,No Dispute
INV-003841,CUST-0047,2025-08-18,2025-09-17,30,2566.72,0,,No Dispute
INV-003842,CUST-0047,2025-12-08,2026-01-07,30,3783.06,0,,No Dispute
INV-003843,CUST-0047,2024-11-01,2024-12-01,30,1973.14,0,,No Dispute
INV-003844,CUST-0047,2025-05-21,2025-06-20,30,1653.02,0,,No Dispute
INV-003845,CUST-0047,2024-09-01,2024-10-01,30,2503.31,0,,No Dispute
INV-003846,CUST-0047,2025-05-25,2025-06-24,30,2909.08,0,,No Dispute
INV-003847,CUST-0047,2024-01-22,2024-02-21,30,618.13,0,,No Dispute
INV-003848,CUST-0047,2025-08-09,2025-09-08,30,1203.89,0,,No Dispute
INV-003849,CUST-0047,2024-06-08,2024-07-08,30,3963.73,0,,No Dispute
INV-003850,CUST-0047,2025-01-10,2025-02-09,30,1439.1,0,,No Dispute
INV-003851,CUST-0047,2025-09-10,2025-10-10,30,1261.36,0,,No Dispute
INV-003852,CUST-0047,2024-10-28,2024-11-27,30,1396.03,0,,No Dispute
INV-003853,CUST-0047,2024-09-19,2024-10-19,30,519.5,0,,No Dispute
INV-003854,CUST-0047,2024-05-13,2024-06-12,30,1147.55,1,2.0,Open
INV-003855,CUST-0047,2025-06-06,2025-07-06,30,3975.38,0,,No Dispute
INV-003856,CUST-0047,2025-05-14,2025-06-13,30,2626.89,0,,No Dispute
INV-003857,CUST-0047,2025-04-03,2025-05-03,30,3501.46,0,,No Dispute
INV-003858,CUST-0047,2024-05-20,2024-06-19,30,813.25,0,,No Dispute
INV-003859,CUST-0047,2024-08-20,2024-09-19,30,2110.34,0,,No Dispute
INV-003860,CUST-0048,2024-12-15,2025-02-13,60,5894.98,1,4.0,Resolved
INV-003861,CUST-0048,2025-03-19,2025-05-18,60,5918.66,0,,No Dispute
INV-003862,CUST-0048,2024-07-02,2024-08-31,60,2001.81,1,2.0,Resolved
INV-003863,CUST-0048,2024-04-12,2024-06-11,60,3996.9,0,,No Dispute
INV-003864,CUST-0048,2025-10-09,2025-12-08,60,8647.21,0,,No Dispute
INV-003865,CUST-0048,2025-08-29,2025-10-28,60,9179.44,0,,No Dispute
INV-003866,CUST-0048,2024-06-11,2024-08-10,60,5051.1,1,3.0,Resolved
INV-003867,CUST-0048,2024-04-02,2024-06-01,60,6479.47,0,,No Dispute
INV-003868,CUST-0048,2025-02-13,2025-04-14,60,4396.32,0,,No Dispute
INV-003869,CUST-0048,2024-01-27,2024-03-27,60,4901.65,0,,No Dispute
INV-003870,CUST-0048,2025-05-13,2025-07-12,60,4962.41,0,,No Dispute
INV-003871,CUST-0048,2025-10-19,2025-12-18,60,7836.76,0,,No Dispute
INV-003872,CUST-0048,2024-08-13,2024-10-12,60,11980.37,0,,No Dispute
INV-003873,CUST-0048,2025-03-15,2025-05-14,60,10978.53,0,,No Dispute
INV-003874,CUST-0048,2025-12-01,2026-01-30,60,9006.69,0,,No Dispute
INV-003875,CUST-0048,2024-02-14,2024-04-14,60,8363.26,0,,No Dispute
INV-003876,CUST-0048,2024-11-30,2025-01-29,60,2407.89,0,,No Dispute
INV-003877,CUST-0048,2024-08-02,2024-10-01,60,4207.0,0,,No Dispute
INV-003878,CUST-0048,2025-05-21,2025-07-20,60,4431.56,0,,No Dispute
INV-003879,CUST-0048,2025-08-04,2025-10-03,60,6527.64,0,,No Dispute
INV-003880,CUST-0048,2025-03-02,2025-05-01,60,2518.71,0,,No Dispute
INV-003881,CUST-0048,2024-08-30,2024-10-29,60,4746.7,0,,No Dispute
INV-003882,CUST-0048,2024-12-16,2025-02-14,60,10983.43,0,,No Dispute
INV-003883,CUST-0048,2025-05-29,2025-07-28,60,9741.86,0,,No Dispute
INV-003884,CUST-0048,2025-04-25,2025-06-24,60,6939.05,0,,No Dispute
INV-003885,CUST-0048,2024-02-03,2024-04-03,60,4617.11,0,,No Dispute
INV-003886,CUST-0048,2025-11-12,2026-01-11,60,6671.37,0,,No Dispute
INV-003887,CUST-0048,2025-08-13,2025-10-12,60,10061.17,0,,No Dispute
INV-003888,CUST-0048,2024-10-14,2024-12-13,60,4225.93,0,,No Dispute
INV-003889,CUST-0048,2024-03-31,2024-05-30,60,2035.26,0,,No Dispute
INV-003890,CUST-0048,2025-02-10,2025-04-11,60,4396.94,0,,No Dispute
INV-003891,CUST-0048,2024-01-13,2024-03-13,60,9121.99,1,3.0,Resolved
INV-003892,CUST-0048,2024-02-12,2024-04-12,60,11925.84,0,,No Dispute
INV-003893,CUST-0048,2025-04-10,2025-06-09,60,10617.2,0,,No Dispute
INV-003894,CUST-0048,2024-01-16,2024-03-16,60,3711.74,0,,No Dispute
INV-003895,CUST-0048,2024-09-29,2024-11-28,60,2808.35,0,,No Dispute
INV-003896,CUST-0048,2024-10-06,2024-12-05,60,8348.5,0,,No Dispute
INV-003897,CUST-0048,2024-11-16,2025-01-15,60,8945.89,0,,No Dispute
INV-003898,CUST-0048,2025-11-12,2026-01-11,60,7346.5,0,,No Dispute
INV-003899,CUST-0048,2024-06-16,2024-08-15,60,8578.67,0,,No Dispute
INV-003900,CUST-0048,2025-02-02,2025-04-03,60,1605.0,0,,No Dispute
INV-003901,CUST-0048,2024-05-25,2024-07-24,60,3657.32,0,,No Dispute
INV-003902,CUST-0048,2024-12-02,2025-01-31,60,1797.27,0,,No Dispute
INV-003903,CUST-0048,2024-07-03,2024-09-01,60,8575.83,0,,No Dispute
INV-003904,CUST-0048,2024-03-17,2024-05-16,60,2255.62,0,,No Dispute
INV-003905,CUST-0048,2024-10-06,2024-12-05,60,10391.78,0,,No Dispute
INV-003906,CUST-0048,2024-02-22,2024-04-22,60,6724.65,0,,No Dispute
INV-003907,CUST-0048,2025-12-01,2026-01-30,60,7723.64,0,,No Dispute
INV-003908,CUST-0048,2024-06-18,2024-08-17,60,8630.94,0,,No Dispute
INV-003909,CUST-0048,2024-08-31,2024-10-30,60,6692.29,0,,No Dispute
INV-003910,CUST-0048,2025-05-13,2025-07-12,60,9406.3,0,,No Dispute
INV-003911,CUST-0048,2024-09-22,2024-11-21,60,1600.11,0,,No Dispute
INV-003912,CUST-0048,2024-12-19,2025-02-17,60,7383.84,0,,No Dispute
INV-003913,CUST-0048,2025-06-08,2025-08-07,60,11709.56,0,,No Dispute
INV-003914,CUST-0048,2025-06-11,2025-08-10,60,6620.95,0,,No Dispute
INV-003915,CUST-0048,2025-02-14,2025-04-15,60,5640.68,0,,No Dispute
INV-003916,CUST-0048,2025-11-30,2026-01-29,60,3930.26,0,,No Dispute
INV-003917,CUST-0048,2024-11-24,2025-01-23,60,9966.1,1,2.0,Open
INV-003918,CUST-0048,2024-01-02,2024-03-02,60,11388.75,0,,No Dispute
INV-003919,CUST-0048,2025-03-27,2025-05-26,60,9169.69,0,,No Dispute
INV-003920,CUST-0048,2024-05-16,2024-07-15,60,4495.85,0,,No Dispute
INV-003921,CUST-0048,2024-07-25,2024-09-23,60,11827.3,0,,No Dispute
INV-003922,CUST-0048,2025-06-10,2025-08-09,60,6749.17,0,,No Dispute
INV-003923,CUST-0048,2025-02-23,2025-04-24,60,11611.35,0,,No Dispute
INV-003924,CUST-0048,2025-02-25,2025-04-26,60,2262.92,0,,No Dispute
INV-003925,CUST-0048,2025-10-19,2025-12-18,60,5947.56,0,,No Dispute
INV-003926,CUST-0048,2025-06-21,2025-08-20,60,10270.69,0,,No Dispute
INV-003927,CUST-0048,2024-03-16,2024-05-15,60,4663.0,0,,No Dispute
INV-003928,CUST-0048,2024-07-27,2024-09-25,60,9210.89,0,,No Dispute
INV-003929,CUST-0048,2024-02-29,2024-04-29,60,9342.43,0,,No Dispute
INV-003930,CUST-0049,2024-11-30,2025-01-14,45,2301.99,0,,No Dispute
INV-003931,CUST-0049,2025-03-13,2025-04-27,45,2846.23,0,,No Dispute
INV-003932,CUST-0049,2024-10-09,2024-11-23,45,1968.61,0,,No Dispute
INV-003933,CUST-0049,2024-03-09,2024-04-23,45,558.22,0,,No Dispute
INV-003934,CUST-0049,2025-06-13,2025-07-28,45,3873.79,0,,No Dispute
INV-003935,CUST-0049,2025-06-17,2025-08-01,45,3452.48,0,,No Dispute
INV-003936,CUST-0049,2024-09-08,2024-10-23,45,2188.9,0,,No Dispute
INV-003937,CUST-0049,2025-11-03,2025-12-18,45,1938.19,0,,No Dispute
INV-003938,CUST-0049,2024-01-23,2024-03-08,45,1929.0,0,,No Dispute
INV-003939,CUST-0049,2024-08-01,2024-09-15,45,2293.16,0,,No Dispute
INV-003940,CUST-0049,2025-09-22,2025-11-06,45,594.34,1,1.0,Resolved
INV-003941,CUST-0049,2025-01-28,2025-03-14,45,3537.2,0,,No Dispute
INV-003942,CUST-0049,2025-03-30,2025-05-14,45,864.13,0,,No Dispute
INV-003943,CUST-0049,2025-06-13,2025-07-28,45,2695.48,0,,No Dispute
INV-003944,CUST-0049,2025-02-07,2025-03-24,45,3606.35,0,,No Dispute
INV-003945,CUST-0049,2025-06-03,2025-07-18,45,2068.18,0,,No Dispute
INV-003946,CUST-0049,2024-11-13,2024-12-28,45,2111.88,0,,No Dispute
INV-003947,CUST-0049,2025-01-17,2025-03-03,45,1307.68,0,,No Dispute
INV-003948,CUST-0049,2024-11-16,2024-12-31,45,2037.66,0,,No Dispute
INV-003949,CUST-0049,2025-09-15,2025-10-30,45,3771.19,0,,No Dispute
INV-003950,CUST-0049,2024-10-30,2024-12-14,45,873.4,1,1.0,Resolved
INV-003951,CUST-0049,2025-06-18,2025-08-02,45,2183.72,0,,No Dispute
INV-003952,CUST-0049,2025-06-30,2025-08-14,45,1643.22,0,,No Dispute
INV-003953,CUST-0049,2025-07-03,2025-08-17,45,2916.78,0,,No Dispute
INV-003954,CUST-0049,2025-08-18,2025-10-02,45,1838.52,1,3.0,Resolved
INV-003955,CUST-0049,2025-01-08,2025-02-22,45,1754.83,0,,No Dispute
INV-003956,CUST-0049,2024-11-06,2024-12-21,45,701.95,0,,No Dispute
INV-003957,CUST-0049,2024-01-30,2024-03-15,45,1937.4,0,,No Dispute
INV-003958,CUST-0049,2024-12-02,2025-01-16,45,3064.68,0,,No Dispute
INV-003959,CUST-0049,2025-08-05,2025-09-19,45,2574.05,0,,No Dispute
INV-003960,CUST-0049,2025-02-02,2025-03-19,45,1426.75,0,,No Dispute
INV-003961,CUST-0049,2024-03-07,2024-04-21,45,1751.47,0,,No Dispute
INV-003962,CUST-0049,2025-01-11,2025-02-25,45,557.42,0,,No Dispute
INV-003963,CUST-0049,2025-02-26,2025-04-12,45,2927.77,0,,No Dispute
INV-003964,CUST-0049,2024-04-27,2024-06-11,45,3100.18,0,,No Dispute
INV-003965,CUST-0049,2024-02-18,2024-04-03,45,3816.93,0,,No Dispute
INV-003966,CUST-0049,2025-05-19,2025-07-03,45,3023.65,0,,No Dispute
INV-003967,CUST-0049,2025-01-30,2025-03-16,45,2779.43,1,3.0,Open
INV-003968,CUST-0049,2024-07-22,2024-09-05,45,1025.42,0,,No Dispute
INV-003969,CUST-0049,2025-05-09,2025-06-23,45,2064.89,0,,No Dispute
INV-003970,CUST-0049,2024-02-01,2024-03-17,45,3201.52,0,,No Dispute
INV-003971,CUST-0049,2024-01-08,2024-02-22,45,1705.34,0,,No Dispute
INV-003972,CUST-0049,2024-07-05,2024-08-19,45,3910.96,0,,No Dispute
INV-003973,CUST-0049,2024-10-06,2024-11-20,45,3175.49,0,,No Dispute
INV-003974,CUST-0049,2025-08-14,2025-09-28,45,3361.06,0,,No Dispute
INV-003975,CUST-0049,2025-09-28,2025-11-12,45,1743.32,0,,No Dispute
INV-003976,CUST-0049,2024-10-16,2024-11-30,45,1818.5,0,,No Dispute
INV-003977,CUST-0050,2024-07-30,2024-09-28,60,3030.82,0,,No Dispute
INV-003978,CUST-0050,2024-06-20,2024-08-19,60,11490.59,0,,No Dispute
INV-003979,CUST-0050,2025-02-19,2025-04-20,60,6478.99,0,,No Dispute
INV-003980,CUST-0050,2024-09-05,2024-11-04,60,4020.35,0,,No Dispute
INV-003981,CUST-0050,2025-01-19,2025-03-20,60,5599.75,0,,No Dispute
INV-003982,CUST-0050,2025-03-05,2025-05-04,60,4138.81,0,,No Dispute
INV-003983,CUST-0050,2024-11-25,2025-01-24,60,8468.91,0,,No Dispute
INV-003984,CUST-0050,2025-10-19,2025-12-18,60,3501.51,0,,No Dispute
INV-003985,CUST-0050,2025-11-11,2026-01-10,60,8923.34,0,,No Dispute
INV-003986,CUST-0050,2025-11-23,2026-01-22,60,8789.62,0,,No Dispute
INV-003987,CUST-0050,2024-04-14,2024-06-13,60,5797.36,0,,No Dispute
INV-003988,CUST-0050,2024-04-26,2024-06-25,60,3972.12,0,,No Dispute
INV-003989,CUST-0050,2025-10-16,2025-12-15,60,3685.41,0,,No Dispute
INV-003990,CUST-0050,2024-05-07,2024-07-06,60,7732.84,0,,No Dispute
INV-003991,CUST-0050,2024-05-08,2024-07-07,60,2764.31,1,4.0,Open
INV-003992,CUST-0050,2024-09-16,2024-11-15,60,10156.73,0,,No Dispute
INV-003993,CUST-0050,2024-07-25,2024-09-23,60,10773.42,0,,No Dispute
INV-003994,CUST-0050,2024-08-25,2024-10-24,60,3237.86,0,,No Dispute
INV-003995,CUST-0050,2025-09-20,2025-11-19,60,2671.26,0,,No Dispute
INV-003996,CUST-0050,2025-01-17,2025-03-18,60,7431.44,0,,No Dispute
INV-003997,CUST-0050,2025-06-07,2025-08-06,60,8873.3,0,,No Dispute
INV-003998,CUST-0050,2024-06-03,2024-08-02,60,6466.37,0,,No Dispute
INV-003999,CUST-0050,2025-06-11,2025-08-10,60,7904.9,1,5.0,Resolved
INV-004000,CUST-0050,2025-01-17,2025-03-18,60,11995.78,1,5.0,Open
INV-004001,CUST-0050,2024-09-21,2024-11-20,60,7385.41,0,,No Dispute
INV-004002,CUST-0050,2024-10-22,2024-12-21,60,10057.49,0,,No Dispute
INV-004003,CUST-0050,2025-02-01,2025-04-02,60,5789.12,0,,No Dispute
INV-004004,CUST-0050,2024-12-18,2025-02-16,60,2152.24,0,,No Dispute
INV-004005,CUST-0050,2024-06-28,2024-08-27,60,8080.1,0,,No Dispute
INV-004006,CUST-0050,2025-03-13,2025-05-12,60,4097.01,0,,No Dispute
INV-004007,CUST-0050,2024-08-11,2024-10-10,60,11572.31,0,,No Dispute
INV-004008,CUST-0050,2024-07-02,2024-08-31,60,6947.9,0,,No Dispute
INV-004009,CUST-0050,2025-10-09,2025-12-08,60,4968.6,0,,No Dispute
INV-004010,CUST-0050,2024-07-04,2024-09-02,60,9372.1,0,,No Dispute
INV-004011,CUST-0050,2024-12-03,2025-02-01,60,3290.45,0,,No Dispute
INV-004012,CUST-0050,2024-01-14,2024-03-14,60,3207.05,1,1.0,Open
INV-004013,CUST-0050,2025-02-04,2025-04-05,60,2304.7,0,,No Dispute
INV-004014,CUST-0050,2024-09-12,2024-11-11,60,10071.55,0,,No Dispute
INV-004015,CUST-0050,2025-05-31,2025-07-30,60,2375.96,0,,No Dispute
INV-004016,CUST-0050,2024-03-06,2024-05-05,60,7735.16,0,,No Dispute
INV-004017,CUST-0050,2025-03-09,2025-05-08,60,11067.97,0,,No Dispute
INV-004018,CUST-0050,2024-09-05,2024-11-04,60,7639.37,0,,No Dispute
INV-004019,CUST-0050,2025-10-08,2025-12-07,60,6427.35,0,,No Dispute
INV-004020,CUST-0050,2024-08-07,2024-10-06,60,11287.07,0,,No Dispute
INV-004021,CUST-0050,2025-05-24,2025-07-23,60,7276.12,0,,No Dispute
INV-004022,CUST-0050,2025-08-24,2025-10-23,60,6046.28,1,1.0,Resolved
INV-004023,CUST-0050,2025-07-22,2025-09-20,60,11044.01,0,,No Dispute
INV-004024,CUST-0050,2024-07-20,2024-09-18,60,4918.42,0,,No Dispute
INV-004025,CUST-0050,2024-01-30,2024-03-30,60,2855.22,1,3.0,Resolved
INV-004026,CUST-0050,2025-11-09,2026-01-08,60,7271.82,0,,No Dispute
INV-004027,CUST-0050,2025-03-28,2025-05-27,60,9431.04,0,,No Dispute
INV-004028,CUST-0050,2024-03-02,2024-05-01,60,7992.22,0,,No Dispute
INV-004029,CUST-0050,2024-01-02,2024-03-02,60,3816.55,0,,No Dispute
INV-004030,CUST-0050,2024-08-15,2024-10-14,60,4557.96,0,,No Dispute
INV-004031,CUST-0050,2025-12-24,2026-02-22,60,2351.32,0,,No Dispute
INV-004032,CUST-0050,2024-05-31,2024-07-30,60,8995.34,0,,No Dispute
INV-004033,CUST-0050,2024-04-05,2024-06-04,60,2492.89,0,,No Dispute
INV-004034,CUST-0050,2024-09-01,2024-10-31,60,4558.12,0,,No Dispute
INV-004035,CUST-0050,2025-07-24,2025-09-22,60,8418.42,1,1.0,Resolved
INV-004036,CUST-0050,2025-10-27,2025-12-26,60,2643.53,0,,No Dispute
INV-004037,CUST-0050,2024-03-22,2024-05-21,60,8556.39,0,,No Dispute
INV-004038,CUST-0050,2024-12-28,2025-02-26,60,8900.42,0,,No Dispute
INV-004039,CUST-0050,2024-02-02,2024-04-02,60,6044.26,0,,No Dispute
INV-004040,CUST-0050,2024-10-31,2024-12-30,60,1947.81,0,,No Dispute
INV-004041,CUST-0050,2024-09-27,2024-11-26,60,1583.22,0,,No Dispute
INV-004042,CUST-0050,2025-05-04,2025-07-03,60,4441.26,0,,No Dispute
INV-004043,CUST-0050,2025-07-11,2025-09-09,60,9780.64,0,,No Dispute
INV-004044,CUST-0050,2025-07-30,2025-09-28,60,7974.06,0,,No Dispute
INV-004045,CUST-0050,2024-03-13,2024-05-12,60,11150.23,0,,No Dispute
INV-004046,CUST-0050,2024-12-20,2025-02-18,60,7179.89,0,,No Dispute
INV-004047,CUST-0050,2025-06-26,2025-08-25,60,2978.15,0,,No Dispute
INV-004048,CUST-0050,2025-11-08,2026-01-07,60,3261.89,0,,No Dispute
INV-004049,CUST-0050,2024-05-15,2024-07-14,60,7820.21,0,,No Dispute
INV-004050,CUST-0050,2025-10-21,2025-12-20,60,11212.96,1,2.0,Resolved
INV-004051,CUST-0050,2024-09-05,2024-11-04,60,9686.02,0,,No Dispute
INV-004052,CUST-0050,2024-12-26,2025-02-24,60,8359.18,0,,No Dispute
INV-004053,CUST-0050,2024-04-07,2024-06-06,60,5165.48,0,,No Dispute
INV-004054,CUST-0050,2025-03-27,2025-05-26,60,6221.41,0,,No Dispute
INV-004055,CUST-0050,2025-09-20,2025-11-19,60,5353.52,0,,No Dispute
INV-004056,CUST-0050,2025-03-24,2025-05-23,60,9611.46,0,,No Dispute
INV-004057,CUST-0050,2025-04-09,2025-06-08,60,10418.51,0,,No Dispute
INV-004058,CUST-0050,2024-03-02,2024-05-01,60,3152.85,0,,No Dispute
INV-004059,CUST-0050,2025-12-09,2026-02-07,60,6649.93,0,,No Dispute
INV-004060,CUST-0050,2024-07-28,2024-09-26,60,7981.67,1,5.0,Open
INV-004061,CUST-0050,2025-12-26,2026-02-24,60,7745.15,0,,No Dispute
INV-004062,CUST-0050,2024-12-22,2025-02-20,60,4595.23,0,,No Dispute
INV-004063,CUST-0050,2025-07-31,2025-09-29,60,11110.11,1,4.0,Resolved
INV-004064,CUST-0050,2025-11-11,2026-01-10,60,5529.74,0,,No Dispute
INV-004065,CUST-0050,2025-03-22,2025-05-21,60,11827.44,0,,No Dispute
INV-004066,CUST-0050,2025-06-27,2025-08-26,60,10859.42,0,,No Dispute
INV-004067,CUST-0050,2024-03-29,2024-05-28,60,5209.5,0,,No Dispute
INV-004068,CUST-0050,2025-09-16,2025-11-15,60,8259.5,0,,No Dispute
INV-004069,CUST-0050,2025-06-20,2025-08-19,60,1502.58,0,,No Dispute
INV-004070,CUST-0050,2024-10-02,2024-12-01,60,10120.72,0,,No Dispute
INV-004071,CUST-0050,2024-01-27,2024-03-27,60,7767.99,0,,No Dispute
INV-004072,CUST-0050,2025-12-03,2026-02-01,60,3966.84,0,,No Dispute
INV-004073,CUST-0050,2024-05-24,2024-07-23,60,7780.39,0,,No Dispute
INV-004074,CUST-0050,2024-11-05,2025-01-04,60,8113.36,1,1.0,Resolved
INV-004075,CUST-0050,2025-03-04,2025-05-03,60,8389.79,0,,No Dispute
INV-004076,CUST-0051,2025-09-19,2025-10-19,30,9678.07,1,3.0,Open
INV-004077,CUST-0051,2024-08-28,2024-09-27,30,7539.18,0,,No Dispute
INV-004078,CUST-0051,2024-05-21,2024-06-20,30,5717.7,0,,No Dispute
INV-004079,CUST-0051,2024-08-31,2024-09-30,30,3682.56,1,3.0,Resolved
INV-004080,CUST-0051,2025-03-25,2025-04-24,30,7441.92,1,5.0,Open
INV-004081,CUST-0051,2024-03-08,2024-04-07,30,10046.8,0,,No Dispute
INV-004082,CUST-0051,2024-07-30,2024-08-29,30,9874.14,0,,No Dispute
INV-004083,CUST-0051,2024-06-16,2024-07-16,30,2620.54,1,2.0,Open
INV-004084,CUST-0051,2025-05-10,2025-06-09,30,3946.55,0,,No Dispute
INV-004085,CUST-0051,2024-04-09,2024-05-09,30,5763.95,0,,No Dispute
INV-004086,CUST-0051,2024-06-27,2024-07-27,30,5197.55,0,,No Dispute
INV-004087,CUST-0051,2024-03-03,2024-04-02,30,8917.29,0,,No Dispute
INV-004088,CUST-0051,2025-11-11,2025-12-11,30,8912.37,0,,No Dispute
INV-004089,CUST-0051,2025-05-22,2025-06-21,30,1802.56,0,,No Dispute
INV-004090,CUST-0051,2024-12-03,2025-01-02,30,3977.96,0,,No Dispute
INV-004091,CUST-0051,2024-12-11,2025-01-10,30,10578.68,1,3.0,Resolved
INV-004092,CUST-0051,2024-03-27,2024-04-26,30,4384.93,0,,No Dispute
INV-004093,CUST-0051,2025-06-23,2025-07-23,30,8144.45,0,,No Dispute
INV-004094,CUST-0051,2024-09-15,2024-10-15,30,11262.96,0,,No Dispute
INV-004095,CUST-0051,2025-01-19,2025-02-18,30,6573.86,0,,No Dispute
INV-004096,CUST-0051,2025-10-04,2025-11-03,30,5113.14,0,,No Dispute
INV-004097,CUST-0051,2024-03-31,2024-04-30,30,11654.74,0,,No Dispute
INV-004098,CUST-0051,2025-11-15,2025-12-15,30,4940.74,0,,No Dispute
INV-004099,CUST-0051,2024-03-11,2024-04-10,30,10767.35,0,,No Dispute
INV-004100,CUST-0051,2024-10-12,2024-11-11,30,5768.06,0,,No Dispute
INV-004101,CUST-0051,2024-08-06,2024-09-05,30,11468.45,0,,No Dispute
INV-004102,CUST-0051,2024-10-11,2024-11-10,30,10216.45,0,,No Dispute
INV-004103,CUST-0051,2025-02-07,2025-03-09,30,7787.92,0,,No Dispute
INV-004104,CUST-0051,2025-03-28,2025-04-27,30,7360.69,0,,No Dispute
INV-004105,CUST-0051,2024-06-06,2024-07-06,30,3064.12,0,,No Dispute
INV-004106,CUST-0051,2025-05-23,2025-06-22,30,2109.63,0,,No Dispute
INV-004107,CUST-0051,2024-01-20,2024-02-19,30,8298.1,0,,No Dispute
INV-004108,CUST-0051,2024-10-25,2024-11-24,30,11352.0,0,,No Dispute
INV-004109,CUST-0051,2024-02-22,2024-03-23,30,5747.04,0,,No Dispute
INV-004110,CUST-0051,2025-05-16,2025-06-15,30,3168.53,0,,No Dispute
INV-004111,CUST-0051,2025-03-02,2025-04-01,30,7840.51,0,,No Dispute
INV-004112,CUST-0051,2025-10-18,2025-11-17,30,4268.47,0,,No Dispute
INV-004113,CUST-0051,2025-10-05,2025-11-04,30,7334.76,1,1.0,Open
INV-004114,CUST-0051,2025-10-18,2025-11-17,30,8164.2,0,,No Dispute
INV-004115,CUST-0051,2024-01-25,2024-02-24,30,9910.34,0,,No Dispute
INV-004116,CUST-0051,2025-10-01,2025-10-31,30,9674.95,0,,No Dispute
INV-004117,CUST-0051,2025-03-14,2025-04-13,30,1908.12,0,,No Dispute
INV-004118,CUST-0051,2024-07-07,2024-08-06,30,7809.76,0,,No Dispute
INV-004119,CUST-0051,2025-05-15,2025-06-14,30,8142.01,0,,No Dispute
INV-004120,CUST-0051,2025-05-06,2025-06-05,30,7277.79,1,2.0,Resolved
INV-004121,CUST-0051,2025-03-13,2025-04-12,30,7840.65,0,,No Dispute
INV-004122,CUST-0051,2024-06-18,2024-07-18,30,8864.41,0,,No Dispute
INV-004123,CUST-0051,2025-07-18,2025-08-17,30,9151.02,1,5.0,Resolved
INV-004124,CUST-0051,2025-09-29,2025-10-29,30,6534.02,0,,No Dispute
INV-004125,CUST-0051,2025-04-10,2025-05-10,30,9136.75,0,,No Dispute
INV-004126,CUST-0051,2025-06-26,2025-07-26,30,10579.73,1,5.0,Resolved
INV-004127,CUST-0051,2025-01-04,2025-02-03,30,10769.38,1,5.0,Open
INV-004128,CUST-0051,2025-10-26,2025-11-25,30,11624.61,1,3.0,Resolved
INV-004129,CUST-0051,2024-09-13,2024-10-13,30,9656.84,0,,No Dispute
INV-004130,CUST-0051,2024-11-24,2024-12-24,30,7052.16,0,,No Dispute
INV-004131,CUST-0051,2025-12-27,2026-01-26,30,5324.28,0,,No Dispute
INV-004132,CUST-0051,2025-07-23,2025-08-22,30,3750.61,0,,No Dispute
INV-004133,CUST-0051,2024-01-27,2024-02-26,30,6357.62,0,,No Dispute
INV-004134,CUST-0051,2025-05-03,2025-06-02,30,6351.0,0,,No Dispute
INV-004135,CUST-0051,2025-01-14,2025-02-13,30,1912.46,0,,No Dispute
INV-004136,CUST-0051,2024-06-27,2024-07-27,30,7315.88,0,,No Dispute
INV-004137,CUST-0052,2024-09-26,2024-10-26,30,1474.17,0,,No Dispute
INV-004138,CUST-0052,2024-04-20,2024-05-20,30,2742.16,0,,No Dispute
INV-004139,CUST-0052,2024-09-08,2024-10-08,30,3684.48,0,,No Dispute
INV-004140,CUST-0052,2024-02-12,2024-03-13,30,1843.95,0,,No Dispute
INV-004141,CUST-0052,2024-03-24,2024-04-23,30,1649.61,0,,No Dispute
INV-004142,CUST-0052,2025-09-05,2025-10-05,30,1685.32,0,,No Dispute
INV-004143,CUST-0052,2025-03-18,2025-04-17,30,3838.46,0,,No Dispute
INV-004144,CUST-0052,2024-01-29,2024-02-28,30,3035.41,1,5.0,Open
INV-004145,CUST-0052,2024-12-06,2025-01-05,30,3724.46,0,,No Dispute
INV-004146,CUST-0052,2024-09-06,2024-10-06,30,2366.12,0,,No Dispute
INV-004147,CUST-0052,2024-05-23,2024-06-22,30,3126.51,0,,No Dispute
INV-004148,CUST-0052,2024-06-28,2024-07-28,30,1011.36,1,1.0,Open
INV-004149,CUST-0052,2025-09-28,2025-10-28,30,3795.39,0,,No Dispute
INV-004150,CUST-0052,2025-02-09,2025-03-11,30,1915.69,1,1.0,Resolved
INV-004151,CUST-0052,2025-01-27,2025-02-26,30,2865.6,0,,No Dispute
INV-004152,CUST-0052,2024-08-13,2024-09-12,30,748.26,0,,No Dispute
INV-004153,CUST-0052,2024-09-29,2024-10-29,30,3604.76,0,,No Dispute
INV-004154,CUST-0052,2025-06-15,2025-07-15,30,1957.37,0,,No Dispute
INV-004155,CUST-0052,2025-06-08,2025-07-08,30,1824.22,0,,No Dispute
INV-004156,CUST-0052,2025-03-31,2025-04-30,30,1463.49,0,,No Dispute
INV-004157,CUST-0052,2025-11-29,2025-12-29,30,1210.67,0,,No Dispute
INV-004158,CUST-0052,2024-05-25,2024-06-24,30,2164.3,0,,No Dispute
INV-004159,CUST-0052,2025-12-15,2026-01-14,30,3278.98,0,,No Dispute
INV-004160,CUST-0052,2024-07-26,2024-08-25,30,3992.64,0,,No Dispute
INV-004161,CUST-0052,2024-12-24,2025-01-23,30,1473.29,0,,No Dispute
INV-004162,CUST-0052,2025-11-26,2025-12-26,30,883.31,0,,No Dispute
INV-004163,CUST-0052,2025-07-30,2025-08-29,30,1243.32,0,,No Dispute
INV-004164,CUST-0052,2024-11-28,2024-12-28,30,3372.44,0,,No Dispute
INV-004165,CUST-0052,2024-07-14,2024-08-13,30,3483.85,0,,No Dispute
INV-004166,CUST-0052,2025-11-27,2025-12-27,30,3132.78,0,,No Dispute
INV-004167,CUST-0053,2025-12-23,2026-02-06,45,3299.5,0,,No Dispute
INV-004168,CUST-0053,2025-12-20,2026-02-03,45,1423.98,0,,No Dispute
INV-004169,CUST-0053,2024-06-28,2024-08-12,45,1717.63,0,,No Dispute
INV-004170,CUST-0053,2024-04-28,2024-06-12,45,1650.48,1,3.0,Resolved
INV-004171,CUST-0053,2025-05-01,2025-06-15,45,1734.26,0,,No Dispute
INV-004172,CUST-0053,2025-02-17,2025-04-03,45,1262.82,0,,No Dispute
INV-004173,CUST-0053,2024-06-08,2024-07-23,45,3930.56,0,,No Dispute
INV-004174,CUST-0053,2025-09-01,2025-10-16,45,1080.84,0,,No Dispute
INV-004175,CUST-0053,2024-04-27,2024-06-11,45,2755.53,0,,No Dispute
INV-004176,CUST-0053,2025-01-05,2025-02-19,45,1711.06,0,,No Dispute
INV-004177,CUST-0053,2024-08-12,2024-09-26,45,3195.66,1,1.0,Resolved
INV-004178,CUST-0053,2024-07-27,2024-09-10,45,627.3,0,,No Dispute
INV-004179,CUST-0053,2025-01-12,2025-02-26,45,1462.88,0,,No Dispute
INV-004180,CUST-0053,2025-12-21,2026-02-04,45,3916.9,0,,No Dispute
INV-004181,CUST-0053,2024-11-15,2024-12-30,45,1395.89,0,,No Dispute
INV-004182,CUST-0053,2024-06-02,2024-07-17,45,2335.4,0,,No Dispute
INV-004183,CUST-0053,2024-04-21,2024-06-05,45,3299.24,0,,No Dispute
INV-004184,CUST-0053,2024-11-02,2024-12-17,45,2183.75,0,,No Dispute
INV-004185,CUST-0053,2024-06-10,2024-07-25,45,3550.8,0,,No Dispute
INV-004186,CUST-0053,2025-06-07,2025-07-22,45,3356.04,0,,No Dispute
INV-004187,CUST-0054,2025-05-01,2025-06-15,45,906.98,0,,No Dispute
INV-004188,CUST-0054,2025-06-26,2025-08-10,45,1050.32,0,,No Dispute
INV-004189,CUST-0054,2025-11-21,2026-01-05,45,2803.22,0,,No Dispute
INV-004190,CUST-0054,2024-03-23,2024-05-07,45,1855.71,1,1.0,Open
INV-004191,CUST-0054,2024-05-02,2024-06-16,45,2040.52,0,,No Dispute
INV-004192,CUST-0054,2025-02-05,2025-03-22,45,3771.73,0,,No Dispute
INV-004193,CUST-0054,2024-03-19,2024-05-03,45,3642.93,0,,No Dispute
INV-004194,CUST-0054,2025-08-21,2025-10-05,45,3390.36,0,,No Dispute
INV-004195,CUST-0054,2024-12-19,2025-02-02,45,1950.42,0,,No Dispute
INV-004196,CUST-0054,2024-09-10,2024-10-25,45,3748.18,0,,No Dispute
INV-004197,CUST-0054,2024-06-10,2024-07-25,45,1634.9,0,,No Dispute
INV-004198,CUST-0054,2024-01-14,2024-02-28,45,935.08,0,,No Dispute
INV-004199,CUST-0054,2025-03-25,2025-05-09,45,3903.95,0,,No Dispute
INV-004200,CUST-0054,2025-08-13,2025-09-27,45,3386.65,0,,No Dispute
INV-004201,CUST-0054,2024-05-29,2024-07-13,45,2722.45,0,,No Dispute
INV-004202,CUST-0054,2025-02-06,2025-03-23,45,1167.03,0,,No Dispute
INV-004203,CUST-0054,2024-05-05,2024-06-19,45,1855.85,0,,No Dispute
INV-004204,CUST-0054,2024-03-30,2024-05-14,45,1297.27,0,,No Dispute
INV-004205,CUST-0054,2025-01-28,2025-03-14,45,3675.15,0,,No Dispute
INV-004206,CUST-0054,2024-06-02,2024-07-17,45,1008.41,0,,No Dispute
INV-004207,CUST-0054,2024-02-21,2024-04-06,45,1278.97,1,2.0,Resolved
INV-004208,CUST-0054,2024-03-17,2024-05-01,45,2613.07,0,,No Dispute
INV-004209,CUST-0054,2024-06-05,2024-07-20,45,2300.88,0,,No Dispute
INV-004210,CUST-0054,2024-06-05,2024-07-20,45,2566.34,0,,No Dispute
INV-004211,CUST-0054,2025-05-09,2025-06-23,45,2111.68,0,,No Dispute
INV-004212,CUST-0054,2024-08-21,2024-10-05,45,3646.32,0,,No Dispute
INV-004213,CUST-0054,2024-01-18,2024-03-03,45,2745.76,0,,No Dispute
INV-004214,CUST-0054,2024-04-15,2024-05-30,45,1328.13,0,,No Dispute
INV-004215,CUST-0054,2024-07-15,2024-08-29,45,568.82,0,,No Dispute
INV-004216,CUST-0054,2025-12-06,2026-01-20,45,1507.62,1,5.0,Resolved
INV-004217,CUST-0054,2025-02-22,2025-04-08,45,3566.08,1,1.0,Open
INV-004218,CUST-0054,2024-06-21,2024-08-05,45,1117.77,1,4.0,Resolved
INV-004219,CUST-0054,2025-06-01,2025-07-16,45,2888.22,1,2.0,Resolved
INV-004220,CUST-0054,2024-07-21,2024-09-04,45,1427.42,0,,No Dispute
INV-004221,CUST-0054,2024-10-06,2024-11-20,45,2862.18,0,,No Dispute
INV-004222,CUST-0054,2025-11-01,2025-12-16,45,1417.11,0,,No Dispute
INV-004223,CUST-0054,2024-06-13,2024-07-28,45,3311.6,0,,No Dispute
INV-004224,CUST-0054,2025-01-13,2025-02-27,45,2200.36,0,,No Dispute
INV-004225,CUST-0054,2025-12-11,2026-01-25,45,886.56,0,,No Dispute
INV-004226,CUST-0054,2024-03-28,2024-05-12,45,2727.09,0,,No Dispute
INV-004227,CUST-0054,2025-08-09,2025-09-23,45,1500.54,1,5.0,Resolved
INV-004228,CUST-0054,2024-02-08,2024-03-24,45,865.05,0,,No Dispute
INV-004229,CUST-0054,2024-10-04,2024-11-18,45,3113.33,0,,No Dispute
INV-004230,CUST-0054,2025-10-30,2025-12-14,45,3686.18,1,4.0,Resolved
INV-004231,CUST-0054,2024-02-11,2024-03-27,45,2268.99,1,4.0,Resolved
INV-004232,CUST-0054,2025-07-19,2025-09-02,45,655.55,0,,No Dispute
INV-004233,CUST-0054,2025-10-19,2025-12-03,45,2452.6,0,,No Dispute
INV-004234,CUST-0055,2025-08-07,2025-09-06,30,3340.94,0,,No Dispute
INV-004235,CUST-0055,2024-07-23,2024-08-22,30,9172.84,0,,No Dispute
INV-004236,CUST-0055,2024-03-22,2024-04-21,30,6632.92,0,,No Dispute
INV-004237,CUST-0055,2024-11-05,2024-12-05,30,11274.21,0,,No Dispute
INV-004238,CUST-0055,2025-03-23,2025-04-22,30,7145.98,0,,No Dispute
INV-004239,CUST-0055,2024-05-19,2024-06-18,30,10186.93,0,,No Dispute
INV-004240,CUST-0055,2025-01-24,2025-02-23,30,9814.19,0,,No Dispute
INV-004241,CUST-0055,2024-07-25,2024-08-24,30,6298.79,0,,No Dispute
INV-004242,CUST-0055,2024-10-04,2024-11-03,30,10504.17,0,,No Dispute
INV-004243,CUST-0055,2025-08-21,2025-09-20,30,9331.74,0,,No Dispute
INV-004244,CUST-0055,2024-04-06,2024-05-06,30,5739.55,0,,No Dispute
INV-004245,CUST-0055,2024-05-05,2024-06-04,30,10868.98,0,,No Dispute
INV-004246,CUST-0055,2024-02-21,2024-03-22,30,5040.23,0,,No Dispute
INV-004247,CUST-0055,2025-01-05,2025-02-04,30,9923.55,0,,No Dispute
INV-004248,CUST-0055,2025-04-16,2025-05-16,30,9627.05,0,,No Dispute
INV-004249,CUST-0055,2024-06-06,2024-07-06,30,7870.29,0,,No Dispute
INV-004250,CUST-0055,2024-03-15,2024-04-14,30,8994.8,0,,No Dispute
INV-004251,CUST-0055,2025-12-01,2025-12-31,30,6158.98,0,,No Dispute
INV-004252,CUST-0055,2024-04-11,2024-05-11,30,3875.76,0,,No Dispute
INV-004253,CUST-0055,2024-07-29,2024-08-28,30,6792.81,1,2.0,Resolved
INV-004254,CUST-0055,2024-05-30,2024-06-29,30,4222.24,0,,No Dispute
INV-004255,CUST-0055,2025-07-18,2025-08-17,30,6867.65,0,,No Dispute
INV-004256,CUST-0055,2025-10-11,2025-11-10,30,8357.01,0,,No Dispute
INV-004257,CUST-0055,2024-05-03,2024-06-02,30,2663.52,0,,No Dispute
INV-004258,CUST-0055,2025-06-04,2025-07-04,30,10523.3,0,,No Dispute
INV-004259,CUST-0055,2025-08-23,2025-09-22,30,7532.73,1,3.0,Resolved
INV-004260,CUST-0055,2024-01-26,2024-02-25,30,5463.03,0,,No Dispute
INV-004261,CUST-0055,2024-04-15,2024-05-15,30,4316.87,0,,No Dispute
INV-004262,CUST-0055,2024-06-17,2024-07-17,30,6811.39,0,,No Dispute
INV-004263,CUST-0055,2024-02-17,2024-03-18,30,5091.93,0,,No Dispute
INV-004264,CUST-0055,2025-05-31,2025-06-30,30,10905.08,0,,No Dispute
INV-004265,CUST-0055,2024-01-20,2024-02-19,30,7933.01,0,,No Dispute
INV-004266,CUST-0055,2025-07-23,2025-08-22,30,11951.55,0,,No Dispute
INV-004267,CUST-0055,2024-11-24,2024-12-24,30,2710.21,0,,No Dispute
INV-004268,CUST-0055,2025-05-18,2025-06-17,30,6969.69,0,,No Dispute
INV-004269,CUST-0055,2025-06-16,2025-07-16,30,3326.21,1,4.0,Open
INV-004270,CUST-0055,2024-05-01,2024-05-31,30,4859.06,0,,No Dispute
INV-004271,CUST-0055,2025-01-27,2025-02-26,30,10337.13,0,,No Dispute
INV-004272,CUST-0055,2024-05-25,2024-06-24,30,11229.1,0,,No Dispute
INV-004273,CUST-0055,2024-02-28,2024-03-29,30,2640.99,0,,No Dispute
INV-004274,CUST-0055,2025-02-21,2025-03-23,30,5108.88,0,,No Dispute
INV-004275,CUST-0055,2024-06-01,2024-07-01,30,6659.41,0,,No Dispute
INV-004276,CUST-0055,2024-11-25,2024-12-25,30,4340.42,0,,No Dispute
INV-004277,CUST-0055,2025-06-05,2025-07-05,30,9927.79,0,,No Dispute
INV-004278,CUST-0055,2025-02-06,2025-03-08,30,6013.5,0,,No Dispute
INV-004279,CUST-0055,2025-10-02,2025-11-01,30,7847.61,0,,No Dispute
INV-004280,CUST-0055,2025-01-17,2025-02-16,30,1839.43,0,,No Dispute
INV-004281,CUST-0055,2025-01-11,2025-02-10,30,5386.86,0,,No Dispute
INV-004282,CUST-0055,2024-03-17,2024-04-16,30,11231.08,0,,No Dispute
INV-004283,CUST-0055,2025-05-20,2025-06-19,30,5874.29,0,,No Dispute
INV-004284,CUST-0055,2024-07-20,2024-08-19,30,6277.62,0,,No Dispute
INV-004285,CUST-0055,2025-07-18,2025-08-17,30,9447.45,0,,No Dispute
INV-004286,CUST-0055,2025-03-14,2025-04-13,30,4505.84,0,,No Dispute
INV-004287,CUST-0055,2024-04-28,2024-05-28,30,8011.44,0,,No Dispute
INV-004288,CUST-0055,2024-07-12,2024-08-11,30,5210.53,0,,No Dispute
INV-004289,CUST-0055,2025-08-19,2025-09-18,30,10140.05,0,,No Dispute
INV-004290,CUST-0055,2024-07-07,2024-08-06,30,7296.46,0,,No Dispute
INV-004291,CUST-0055,2024-03-12,2024-04-11,30,10223.88,0,,No Dispute
INV-004292,CUST-0055,2024-01-27,2024-02-26,30,1782.49,0,,No Dispute
INV-004293,CUST-0055,2025-07-26,2025-08-25,30,5476.43,0,,No Dispute
INV-004294,CUST-0055,2024-08-15,2024-09-14,30,11182.14,0,,No Dispute
INV-004295,CUST-0055,2025-05-04,2025-06-03,30,2590.18,0,,No Dispute
INV-004296,CUST-0055,2025-07-29,2025-08-28,30,3459.37,0,,No Dispute
INV-004297,CUST-0055,2024-07-14,2024-08-13,30,5724.86,1,1.0,Resolved
INV-004298,CUST-0055,2025-02-11,2025-03-13,30,11005.49,1,1.0,Open
INV-004299,CUST-0055,2025-05-01,2025-05-31,30,5788.21,0,,No Dispute
INV-004300,CUST-0055,2025-02-26,2025-03-28,30,4484.98,1,4.0,Open
INV-004301,CUST-0055,2025-08-02,2025-09-01,30,7788.28,0,,No Dispute
INV-004302,CUST-0055,2025-12-15,2026-01-14,30,4382.93,0,,No Dispute
INV-004303,CUST-0055,2025-08-09,2025-09-08,30,7532.36,0,,No Dispute
INV-004304,CUST-0055,2025-01-15,2025-02-14,30,3426.76,0,,No Dispute
INV-004305,CUST-0055,2024-02-19,2024-03-20,30,2538.45,0,,No Dispute
INV-004306,CUST-0055,2025-01-22,2025-02-21,30,11758.07,0,,No Dispute
INV-004307,CUST-0056,2025-07-25,2025-08-24,30,1519.98,0,,No Dispute
INV-004308,CUST-0056,2024-08-20,2024-09-19,30,3997.34,0,,No Dispute
INV-004309,CUST-0056,2024-06-09,2024-07-09,30,4362.23,0,,No Dispute
INV-004310,CUST-0056,2024-11-19,2024-12-19,30,10172.68,0,,No Dispute
INV-004311,CUST-0056,2024-07-01,2024-07-31,30,4931.39,0,,No Dispute
INV-004312,CUST-0056,2025-11-25,2025-12-25,30,10838.86,0,,No Dispute
INV-004313,CUST-0056,2024-01-11,2024-02-10,30,4351.02,0,,No Dispute
INV-004314,CUST-0056,2024-12-24,2025-01-23,30,8236.13,0,,No Dispute
INV-004315,CUST-0056,2025-07-07,2025-08-06,30,9155.58,0,,No Dispute
INV-004316,CUST-0056,2024-08-04,2024-09-03,30,4157.85,0,,No Dispute
INV-004317,CUST-0056,2025-07-19,2025-08-18,30,6070.27,0,,No Dispute
INV-004318,CUST-0056,2024-09-26,2024-10-26,30,3744.71,0,,No Dispute
INV-004319,CUST-0056,2024-01-28,2024-02-27,30,9868.91,0,,No Dispute
INV-004320,CUST-0056,2024-09-22,2024-10-22,30,2871.11,1,1.0,Open
INV-004321,CUST-0056,2025-10-09,2025-11-08,30,3405.38,0,,No Dispute
INV-004322,CUST-0056,2025-01-06,2025-02-05,30,8443.99,0,,No Dispute
INV-004323,CUST-0056,2024-04-03,2024-05-03,30,3111.09,0,,No Dispute
INV-004324,CUST-0056,2025-06-22,2025-07-22,30,3019.07,0,,No Dispute
INV-004325,CUST-0056,2024-06-22,2024-07-22,30,5395.59,0,,No Dispute
INV-004326,CUST-0056,2024-03-23,2024-04-22,30,10547.81,0,,No Dispute
INV-004327,CUST-0056,2025-05-27,2025-06-26,30,8727.86,0,,No Dispute
INV-004328,CUST-0056,2024-08-08,2024-09-07,30,6648.11,0,,No Dispute
INV-004329,CUST-0056,2025-06-07,2025-07-07,30,6576.16,0,,No Dispute
INV-004330,CUST-0056,2024-02-24,2024-03-25,30,8188.86,0,,No Dispute
INV-004331,CUST-0056,2024-09-17,2024-10-17,30,10520.94,0,,No Dispute
INV-004332,CUST-0056,2025-09-03,2025-10-03,30,8975.41,0,,No Dispute
INV-004333,CUST-0056,2025-03-27,2025-04-26,30,7239.05,0,,No Dispute
INV-004334,CUST-0056,2025-04-16,2025-05-16,30,5557.05,0,,No Dispute
INV-004335,CUST-0056,2024-11-14,2024-12-14,30,4368.25,0,,No Dispute
INV-004336,CUST-0056,2024-11-18,2024-12-18,30,6396.39,0,,No Dispute
INV-004337,CUST-0056,2024-01-17,2024-02-16,30,10986.27,0,,No Dispute
INV-004338,CUST-0056,2025-01-23,2025-02-22,30,10583.77,0,,No Dispute
INV-004339,CUST-0056,2025-11-28,2025-12-28,30,10476.56,0,,No Dispute
INV-004340,CUST-0056,2025-04-14,2025-05-14,30,7200.62,0,,No Dispute
INV-004341,CUST-0056,2025-08-22,2025-09-21,30,6545.87,0,,No Dispute
INV-004342,CUST-0056,2025-12-17,2026-01-16,30,6252.46,0,,No Dispute
INV-004343,CUST-0056,2024-03-25,2024-04-24,30,11237.19,0,,No Dispute
INV-004344,CUST-0056,2025-09-13,2025-10-13,30,8060.13,0,,No Dispute
INV-004345,CUST-0056,2024-04-09,2024-05-09,30,2325.0,0,,No Dispute
INV-004346,CUST-0056,2025-05-08,2025-06-07,30,11436.04,0,,No Dispute
INV-004347,CUST-0056,2025-10-16,2025-11-15,30,5357.88,0,,No Dispute
INV-004348,CUST-0056,2025-12-06,2026-01-05,30,3415.18,0,,No Dispute
INV-004349,CUST-0056,2025-01-02,2025-02-01,30,8767.79,0,,No Dispute
INV-004350,CUST-0056,2025-08-12,2025-09-11,30,4917.76,0,,No Dispute
INV-004351,CUST-0056,2025-03-20,2025-04-19,30,6745.66,0,,No Dispute
INV-004352,CUST-0056,2024-02-16,2024-03-17,30,2130.54,0,,No Dispute
INV-004353,CUST-0056,2025-10-21,2025-11-20,30,10653.65,1,2.0,Open
INV-004354,CUST-0056,2025-11-16,2025-12-16,30,11034.06,0,,No Dispute
INV-004355,CUST-0056,2024-12-05,2025-01-04,30,5320.21,0,,No Dispute
INV-004356,CUST-0056,2025-09-24,2025-10-24,30,8677.27,0,,No Dispute
INV-004357,CUST-0056,2024-09-28,2024-10-28,30,2798.19,0,,No Dispute
INV-004358,CUST-0056,2025-07-31,2025-08-30,30,4250.04,1,3.0,Resolved
INV-004359,CUST-0056,2025-10-27,2025-11-26,30,8519.46,0,,No Dispute
INV-004360,CUST-0056,2024-10-22,2024-11-21,30,5749.47,0,,No Dispute
INV-004361,CUST-0056,2024-07-09,2024-08-08,30,7593.39,0,,No Dispute
INV-004362,CUST-0056,2024-04-02,2024-05-02,30,4064.68,0,,No Dispute
INV-004363,CUST-0056,2025-01-04,2025-02-03,30,9809.08,0,,No Dispute
INV-004364,CUST-0056,2025-11-20,2025-12-20,30,1986.87,0,,No Dispute
INV-004365,CUST-0056,2025-10-09,2025-11-08,30,9256.96,0,,No Dispute
INV-004366,CUST-0056,2024-07-16,2024-08-15,30,11536.32,0,,No Dispute
INV-004367,CUST-0056,2024-10-26,2024-11-25,30,9008.92,0,,No Dispute
INV-004368,CUST-0056,2025-01-10,2025-02-09,30,4906.28,0,,No Dispute
INV-004369,CUST-0056,2024-01-04,2024-02-03,30,7712.18,0,,No Dispute
INV-004370,CUST-0056,2025-03-26,2025-04-25,30,5939.45,0,,No Dispute
INV-004371,CUST-0056,2025-03-12,2025-04-11,30,6334.35,0,,No Dispute
INV-004372,CUST-0056,2024-07-30,2024-08-29,30,4698.88,0,,No Dispute
INV-004373,CUST-0056,2024-01-21,2024-02-20,30,11233.37,0,,No Dispute
INV-004374,CUST-0056,2024-10-03,2024-11-02,30,2954.55,0,,No Dispute
INV-004375,CUST-0056,2024-02-08,2024-03-09,30,10348.52,0,,No Dispute
INV-004376,CUST-0056,2024-09-05,2024-10-05,30,5020.51,0,,No Dispute
INV-004377,CUST-0056,2025-05-22,2025-06-21,30,7774.31,0,,No Dispute
INV-004378,CUST-0056,2025-10-26,2025-11-25,30,7957.72,0,,No Dispute
INV-004379,CUST-0056,2025-04-02,2025-05-02,30,8401.29,0,,No Dispute
INV-004380,CUST-0056,2024-07-26,2024-08-25,30,11820.16,0,,No Dispute
INV-004381,CUST-0056,2024-04-14,2024-05-14,30,7975.62,0,,No Dispute
INV-004382,CUST-0056,2025-01-16,2025-02-15,30,8779.51,0,,No Dispute
INV-004383,CUST-0056,2024-11-04,2024-12-04,30,4972.1,0,,No Dispute
INV-004384,CUST-0056,2025-08-05,2025-09-04,30,9368.69,0,,No Dispute
INV-004385,CUST-0056,2025-07-17,2025-08-16,30,8286.46,0,,No Dispute
INV-004386,CUST-0056,2024-12-26,2025-01-25,30,10613.19,0,,No Dispute
INV-004387,CUST-0056,2024-06-03,2024-07-03,30,5617.51,1,5.0,Open
INV-004388,CUST-0056,2024-08-02,2024-09-01,30,9740.52,0,,No Dispute
INV-004389,CUST-0056,2025-01-24,2025-02-23,30,9887.87,0,,No Dispute
INV-004390,CUST-0056,2024-04-28,2024-05-28,30,2069.83,0,,No Dispute
INV-004391,CUST-0056,2024-07-11,2024-08-10,30,6589.38,0,,No Dispute
INV-004392,CUST-0057,2024-09-06,2024-10-21,45,7677.02,0,,No Dispute
INV-004393,CUST-0057,2024-10-23,2024-12-07,45,10916.21,0,,No Dispute
INV-004394,CUST-0057,2024-02-25,2024-04-10,45,2064.91,0,,No Dispute
INV-004395,CUST-0057,2025-12-23,2026-02-06,45,8891.67,0,,No Dispute
INV-004396,CUST-0057,2025-09-11,2025-10-26,45,11267.0,0,,No Dispute
INV-004397,CUST-0057,2025-01-07,2025-02-21,45,7975.86,0,,No Dispute
INV-004398,CUST-0057,2024-11-15,2024-12-30,45,4896.55,0,,No Dispute
INV-004399,CUST-0057,2025-05-05,2025-06-19,45,5206.82,0,,No Dispute
INV-004400,CUST-0057,2025-11-10,2025-12-25,45,2776.52,0,,No Dispute
INV-004401,CUST-0057,2025-01-21,2025-03-07,45,3610.84,0,,No Dispute
INV-004402,CUST-0057,2025-10-18,2025-12-02,45,6654.68,0,,No Dispute
INV-004403,CUST-0057,2025-04-18,2025-06-02,45,2270.9,0,,No Dispute
INV-004404,CUST-0057,2025-04-02,2025-05-17,45,3686.78,0,,No Dispute
INV-004405,CUST-0057,2025-08-14,2025-09-28,45,4953.3,0,,No Dispute
INV-004406,CUST-0057,2024-09-20,2024-11-04,45,7185.79,0,,No Dispute
INV-004407,CUST-0057,2025-03-26,2025-05-10,45,7085.85,0,,No Dispute
INV-004408,CUST-0057,2024-12-14,2025-01-28,45,3671.45,0,,No Dispute
INV-004409,CUST-0057,2025-04-26,2025-06-10,45,9412.95,0,,No Dispute
INV-004410,CUST-0057,2024-04-18,2024-06-02,45,4090.49,0,,No Dispute
INV-004411,CUST-0057,2024-11-04,2024-12-19,45,4909.7,0,,No Dispute
INV-004412,CUST-0057,2024-04-09,2024-05-24,45,8272.47,0,,No Dispute
INV-004413,CUST-0057,2024-07-09,2024-08-23,45,9223.31,0,,No Dispute
INV-004414,CUST-0057,2025-05-06,2025-06-20,45,5803.03,0,,No Dispute
INV-004415,CUST-0057,2024-10-23,2024-12-07,45,11285.52,0,,No Dispute
INV-004416,CUST-0057,2024-12-28,2025-02-11,45,6623.9,0,,No Dispute
INV-004417,CUST-0057,2024-11-27,2025-01-11,45,6855.32,0,,No Dispute
INV-004418,CUST-0057,2025-02-06,2025-03-23,45,8051.41,0,,No Dispute
INV-004419,CUST-0057,2024-02-05,2024-03-21,45,2804.5,0,,No Dispute
INV-004420,CUST-0057,2025-04-16,2025-05-31,45,5545.17,0,,No Dispute
INV-004421,CUST-0057,2025-06-29,2025-08-13,45,2230.12,0,,No Dispute
INV-004422,CUST-0057,2025-04-30,2025-06-14,45,4234.81,0,,No Dispute
INV-004423,CUST-0057,2024-05-27,2024-07-11,45,11892.14,0,,No Dispute
INV-004424,CUST-0057,2025-11-26,2026-01-10,45,5825.52,0,,No Dispute
INV-004425,CUST-0057,2024-08-18,2024-10-02,45,7035.41,1,4.0,Resolved
INV-004426,CUST-0057,2025-03-22,2025-05-06,45,5391.33,0,,No Dispute
INV-004427,CUST-0057,2024-11-05,2024-12-20,45,4517.28,0,,No Dispute
INV-004428,CUST-0057,2024-09-29,2024-11-13,45,3866.12,1,1.0,Resolved
INV-004429,CUST-0057,2025-10-21,2025-12-05,45,2784.58,0,,No Dispute
INV-004430,CUST-0057,2024-11-28,2025-01-12,45,6846.27,0,,No Dispute
INV-004431,CUST-0057,2025-12-23,2026-02-06,45,2848.52,0,,No Dispute
INV-004432,CUST-0057,2025-06-06,2025-07-21,45,4999.61,0,,No Dispute
INV-004433,CUST-0057,2025-11-30,2026-01-14,45,2466.29,0,,No Dispute
INV-004434,CUST-0057,2024-04-22,2024-06-06,45,5876.72,1,5.0,Resolved
INV-004435,CUST-0057,2024-05-31,2024-07-15,45,9560.07,0,,No Dispute
INV-004436,CUST-0057,2024-11-24,2025-01-08,45,2681.97,0,,No Dispute
INV-004437,CUST-0057,2025-04-02,2025-05-17,45,7526.19,0,,No Dispute
INV-004438,CUST-0057,2025-01-22,2025-03-08,45,4364.16,0,,No Dispute
INV-004439,CUST-0057,2024-03-13,2024-04-27,45,9312.3,0,,No Dispute
INV-004440,CUST-0057,2025-06-26,2025-08-10,45,1824.48,0,,No Dispute
INV-004441,CUST-0057,2025-05-07,2025-06-21,45,7028.79,0,,No Dispute
INV-004442,CUST-0057,2024-06-09,2024-07-24,45,6678.72,0,,No Dispute
INV-004443,CUST-0057,2024-06-07,2024-07-22,45,2809.8,0,,No Dispute
INV-004444,CUST-0057,2024-11-24,2025-01-08,45,4303.0,0,,No Dispute
INV-004445,CUST-0057,2025-06-15,2025-07-30,45,5607.64,0,,No Dispute
INV-004446,CUST-0057,2025-10-02,2025-11-16,45,4356.41,0,,No Dispute
INV-004447,CUST-0057,2024-02-21,2024-04-06,45,4941.47,0,,No Dispute
INV-004448,CUST-0057,2025-01-21,2025-03-07,45,10764.17,0,,No Dispute
INV-004449,CUST-0057,2025-01-05,2025-02-19,45,8311.24,0,,No Dispute
INV-004450,CUST-0057,2024-02-25,2024-04-10,45,7092.43,1,5.0,Resolved
INV-004451,CUST-0057,2024-06-01,2024-07-16,45,11855.26,0,,No Dispute
INV-004452,CUST-0057,2025-12-15,2026-01-29,45,3865.69,0,,No Dispute
INV-004453,CUST-0057,2024-02-05,2024-03-21,45,9251.65,0,,No Dispute
INV-004454,CUST-0057,2025-10-09,2025-11-23,45,9334.43,0,,No Dispute
INV-004455,CUST-0057,2024-01-26,2024-03-11,45,6763.09,0,,No Dispute
INV-004456,CUST-0057,2024-07-09,2024-08-23,45,9271.81,0,,No Dispute
INV-004457,CUST-0057,2025-01-13,2025-02-27,45,10341.66,0,,No Dispute
INV-004458,CUST-0057,2024-11-04,2024-12-19,45,10731.89,0,,No Dispute
INV-004459,CUST-0057,2025-09-30,2025-11-14,45,2364.66,0,,No Dispute
INV-004460,CUST-0057,2025-07-29,2025-09-12,45,7263.85,0,,No Dispute
INV-004461,CUST-0057,2025-08-29,2025-10-13,45,4757.65,0,,No Dispute
INV-004462,CUST-0057,2024-11-07,2024-12-22,45,2267.97,0,,No Dispute
INV-004463,CUST-0057,2025-09-02,2025-10-17,45,11778.6,0,,No Dispute
INV-004464,CUST-0057,2024-03-02,2024-04-16,45,6255.46,1,5.0,Resolved
INV-004465,CUST-0057,2024-02-13,2024-03-29,45,10056.41,1,3.0,Resolved
INV-004466,CUST-0057,2025-08-15,2025-09-29,45,3048.49,0,,No Dispute
INV-004467,CUST-0057,2025-04-12,2025-05-27,45,9714.8,0,,No Dispute
INV-004468,CUST-0057,2024-07-17,2024-08-31,45,8050.13,0,,No Dispute
INV-004469,CUST-0057,2024-10-21,2024-12-05,45,7305.08,0,,No Dispute
INV-004470,CUST-0057,2025-06-02,2025-07-17,45,8622.51,0,,No Dispute
INV-004471,CUST-0057,2024-10-21,2024-12-05,45,8678.06,0,,No Dispute
INV-004472,CUST-0057,2025-01-22,2025-03-08,45,8577.71,0,,No Dispute
INV-004473,CUST-0057,2025-02-22,2025-04-08,45,6693.12,0,,No Dispute
INV-004474,CUST-0057,2024-12-25,2025-02-08,45,1520.85,0,,No Dispute
INV-004475,CUST-0057,2025-02-20,2025-04-06,45,6002.69,0,,No Dispute
INV-004476,CUST-0057,2025-06-17,2025-08-01,45,5896.07,0,,No Dispute
INV-004477,CUST-0057,2024-02-06,2024-03-22,45,3028.06,0,,No Dispute
INV-004478,CUST-0057,2025-10-26,2025-12-10,45,4469.97,0,,No Dispute
INV-004479,CUST-0057,2024-03-13,2024-04-27,45,4292.54,0,,No Dispute
INV-004480,CUST-0057,2025-06-12,2025-07-27,45,2322.73,0,,No Dispute
INV-004481,CUST-0057,2024-09-07,2024-10-22,45,8318.78,0,,No Dispute
INV-004482,CUST-0057,2025-06-11,2025-07-26,45,6605.42,0,,No Dispute
INV-004483,CUST-0057,2025-03-05,2025-04-19,45,10118.1,0,,No Dispute
INV-004484,CUST-0057,2024-04-20,2024-06-04,45,3048.08,0,,No Dispute
INV-004485,CUST-0057,2025-12-25,2026-02-08,45,2897.11,0,,No Dispute
INV-004486,CUST-0057,2025-11-18,2026-01-02,45,4131.27,0,,No Dispute
INV-004487,CUST-0057,2024-07-06,2024-08-20,45,2530.32,0,,No Dispute
INV-004488,CUST-0057,2025-02-28,2025-04-14,45,11878.33,0,,No Dispute
INV-004489,CUST-0058,2025-12-02,2026-01-01,30,2225.12,0,,No Dispute
INV-004490,CUST-0058,2025-11-17,2025-12-17,30,2673.28,0,,No Dispute
INV-004491,CUST-0058,2024-08-20,2024-09-19,30,1720.34,0,,No Dispute
INV-004492,CUST-0058,2024-05-10,2024-06-09,30,1744.87,0,,No Dispute
INV-004493,CUST-0058,2024-02-20,2024-03-21,30,1664.82,0,,No Dispute
INV-004494,CUST-0058,2025-02-22,2025-03-24,30,1656.3,0,,No Dispute
INV-004495,CUST-0058,2025-06-02,2025-07-02,30,3727.54,0,,No Dispute
INV-004496,CUST-0058,2024-06-27,2024-07-27,30,1757.39,0,,No Dispute
INV-004497,CUST-0058,2024-09-28,2024-10-28,30,2736.34,0,,No Dispute
INV-004498,CUST-0058,2025-10-21,2025-11-20,30,3045.57,0,,No Dispute
INV-004499,CUST-0058,2024-10-22,2024-11-21,30,852.46,0,,No Dispute
INV-004500,CUST-0058,2024-06-14,2024-07-14,30,3811.48,0,,No Dispute
INV-004501,CUST-0058,2024-12-27,2025-01-26,30,1825.28,0,,No Dispute
INV-004502,CUST-0058,2025-04-01,2025-05-01,30,2503.58,0,,No Dispute
INV-004503,CUST-0058,2024-01-24,2024-02-23,30,2415.38,0,,No Dispute
INV-004504,CUST-0058,2025-03-18,2025-04-17,30,1918.83,0,,No Dispute
INV-004505,CUST-0058,2025-04-30,2025-05-30,30,2541.16,0,,No Dispute
INV-004506,CUST-0058,2025-01-27,2025-02-26,30,3015.9,0,,No Dispute
INV-004507,CUST-0058,2025-09-10,2025-10-10,30,2539.37,0,,No Dispute
INV-004508,CUST-0058,2024-03-13,2024-04-12,30,2121.11,0,,No Dispute
INV-004509,CUST-0058,2025-03-05,2025-04-04,30,1458.21,0,,No Dispute
INV-004510,CUST-0058,2024-08-24,2024-09-23,30,2808.74,0,,No Dispute
INV-004511,CUST-0058,2024-06-17,2024-07-17,30,2473.97,1,1.0,Open
INV-004512,CUST-0058,2024-04-07,2024-05-07,30,666.74,0,,No Dispute
INV-004513,CUST-0058,2024-07-21,2024-08-20,30,3131.88,0,,No Dispute
INV-004514,CUST-0058,2024-08-31,2024-09-30,30,2834.76,0,,No Dispute
INV-004515,CUST-0059,2024-01-22,2024-03-07,45,11265.27,0,,No Dispute
INV-004516,CUST-0059,2025-06-22,2025-08-06,45,4836.91,0,,No Dispute
INV-004517,CUST-0059,2025-09-22,2025-11-06,45,6966.24,0,,No Dispute
INV-004518,CUST-0059,2025-11-01,2025-12-16,45,6031.71,0,,No Dispute
INV-004519,CUST-0059,2024-03-12,2024-04-26,45,3445.39,0,,No Dispute
INV-004520,CUST-0059,2025-02-01,2025-03-18,45,6303.89,0,,No Dispute
INV-004521,CUST-0059,2024-05-25,2024-07-09,45,1918.98,0,,No Dispute
INV-004522,CUST-0059,2024-07-30,2024-09-13,45,4678.5,0,,No Dispute
INV-004523,CUST-0059,2024-06-02,2024-07-17,45,3749.6,0,,No Dispute
INV-004524,CUST-0059,2024-11-25,2025-01-09,45,4245.02,0,,No Dispute
INV-004525,CUST-0059,2024-10-04,2024-11-18,45,3415.8,0,,No Dispute
INV-004526,CUST-0059,2024-11-06,2024-12-21,45,8659.73,0,,No Dispute
INV-004527,CUST-0059,2024-07-11,2024-08-25,45,8627.88,0,,No Dispute
INV-004528,CUST-0059,2025-12-17,2026-01-31,45,4534.1,0,,No Dispute
INV-004529,CUST-0059,2024-06-11,2024-07-26,45,11510.21,0,,No Dispute
INV-004530,CUST-0059,2024-02-13,2024-03-29,45,6831.42,0,,No Dispute
INV-004531,CUST-0059,2024-10-20,2024-12-04,45,5028.45,0,,No Dispute
INV-004532,CUST-0059,2024-04-24,2024-06-08,45,8948.92,0,,No Dispute
INV-004533,CUST-0059,2025-04-06,2025-05-21,45,2828.48,0,,No Dispute
INV-004534,CUST-0059,2024-06-14,2024-07-29,45,9482.22,0,,No Dispute
INV-004535,CUST-0059,2025-02-14,2025-03-31,45,7322.19,0,,No Dispute
INV-004536,CUST-0059,2025-09-22,2025-11-06,45,9211.31,0,,No Dispute
INV-004537,CUST-0059,2025-10-23,2025-12-07,45,10812.3,0,,No Dispute
INV-004538,CUST-0059,2025-07-20,2025-09-03,45,11015.4,0,,No Dispute
INV-004539,CUST-0059,2025-01-24,2025-03-10,45,4051.0,0,,No Dispute
INV-004540,CUST-0059,2024-02-12,2024-03-28,45,4222.91,0,,No Dispute
INV-004541,CUST-0059,2025-01-08,2025-02-22,45,8510.87,0,,No Dispute
INV-004542,CUST-0059,2024-07-08,2024-08-22,45,4392.26,0,,No Dispute
INV-004543,CUST-0059,2025-05-09,2025-06-23,45,1630.52,0,,No Dispute
INV-004544,CUST-0059,2024-10-11,2024-11-25,45,6880.73,0,,No Dispute
INV-004545,CUST-0059,2025-01-23,2025-03-09,45,9730.09,0,,No Dispute
INV-004546,CUST-0059,2025-02-23,2025-04-09,45,3327.45,1,1.0,Resolved
INV-004547,CUST-0059,2025-07-27,2025-09-10,45,5189.83,0,,No Dispute
INV-004548,CUST-0059,2025-08-06,2025-09-20,45,3763.33,0,,No Dispute
INV-004549,CUST-0059,2025-10-18,2025-12-02,45,11648.72,0,,No Dispute
INV-004550,CUST-0059,2025-06-13,2025-07-28,45,5230.25,0,,No Dispute
INV-004551,CUST-0059,2025-01-13,2025-02-27,45,4564.76,0,,No Dispute
INV-004552,CUST-0059,2024-09-04,2024-10-19,45,2450.97,0,,No Dispute
INV-004553,CUST-0059,2024-11-20,2025-01-04,45,4932.16,0,,No Dispute
INV-004554,CUST-0059,2024-06-09,2024-07-24,45,11627.23,0,,No Dispute
INV-004555,CUST-0059,2024-11-10,2024-12-25,45,9471.74,0,,No Dispute
INV-004556,CUST-0059,2025-10-02,2025-11-16,45,4151.08,0,,No Dispute
INV-004557,CUST-0059,2024-01-27,2024-03-12,45,8684.35,0,,No Dispute
INV-004558,CUST-0059,2025-06-28,2025-08-12,45,2228.66,0,,No Dispute
INV-004559,CUST-0059,2024-06-22,2024-08-06,45,11697.65,0,,No Dispute
INV-004560,CUST-0059,2024-11-24,2025-01-08,45,6877.76,0,,No Dispute
INV-004561,CUST-0059,2024-11-28,2025-01-12,45,7611.32,0,,No Dispute
INV-004562,CUST-0059,2025-09-18,2025-11-02,45,6796.18,1,2.0,Open
INV-004563,CUST-0059,2024-03-10,2024-04-24,45,7390.91,0,,No Dispute
INV-004564,CUST-0059,2025-02-19,2025-04-05,45,4779.8,0,,No Dispute
INV-004565,CUST-0059,2024-09-26,2024-11-10,45,9686.2,0,,No Dispute
INV-004566,CUST-0059,2024-04-11,2024-05-26,45,6235.77,1,5.0,Open
INV-004567,CUST-0059,2024-08-02,2024-09-16,45,10220.6,1,1.0,Resolved
INV-004568,CUST-0059,2024-06-20,2024-08-04,45,4291.38,0,,No Dispute
INV-004569,CUST-0059,2025-10-25,2025-12-09,45,10658.78,0,,No Dispute
INV-004570,CUST-0059,2024-09-20,2024-11-04,45,7982.4,0,,No Dispute
INV-004571,CUST-0059,2024-05-11,2024-06-25,45,6567.37,0,,No Dispute
INV-004572,CUST-0059,2024-03-15,2024-04-29,45,7327.89,0,,No Dispute
INV-004573,CUST-0059,2025-01-10,2025-02-24,45,4961.52,0,,No Dispute
INV-004574,CUST-0059,2024-06-11,2024-07-26,45,4748.41,0,,No Dispute
INV-004575,CUST-0059,2025-10-22,2025-12-06,45,4734.11,0,,No Dispute
INV-004576,CUST-0060,2024-05-12,2024-06-11,30,5823.35,1,2.0,Resolved
INV-004577,CUST-0060,2024-12-05,2025-01-04,30,4215.57,0,,No Dispute
INV-004578,CUST-0060,2024-11-15,2024-12-15,30,10184.45,0,,No Dispute
INV-004579,CUST-0060,2024-07-16,2024-08-15,30,6001.12,0,,No Dispute
INV-004580,CUST-0060,2024-07-09,2024-08-08,30,6705.82,0,,No Dispute
INV-004581,CUST-0060,2024-12-26,2025-01-25,30,10443.08,0,,No Dispute
INV-004582,CUST-0060,2024-06-15,2024-07-15,30,5685.77,0,,No Dispute
INV-004583,CUST-0060,2025-09-11,2025-10-11,30,5203.43,0,,No Dispute
INV-004584,CUST-0060,2025-02-14,2025-03-16,30,10035.49,0,,No Dispute
INV-004585,CUST-0060,2025-07-12,2025-08-11,30,10391.84,0,,No Dispute
INV-004586,CUST-0060,2025-02-22,2025-03-24,30,10162.02,0,,No Dispute
INV-004587,CUST-0060,2024-02-10,2024-03-11,30,2536.06,0,,No Dispute
INV-004588,CUST-0060,2025-06-28,2025-07-28,30,9521.75,0,,No Dispute
INV-004589,CUST-0060,2024-09-29,2024-10-29,30,11990.83,0,,No Dispute
INV-004590,CUST-0060,2024-05-31,2024-06-30,30,2142.37,0,,No Dispute
INV-004591,CUST-0060,2024-03-11,2024-04-10,30,7859.89,0,,No Dispute
INV-004592,CUST-0060,2025-12-07,2026-01-06,30,10895.86,0,,No Dispute
INV-004593,CUST-0060,2024-09-18,2024-10-18,30,2157.91,0,,No Dispute
INV-004594,CUST-0060,2025-11-08,2025-12-08,30,2216.74,0,,No Dispute
INV-004595,CUST-0060,2025-03-13,2025-04-12,30,11952.81,0,,No Dispute
INV-004596,CUST-0060,2024-09-28,2024-10-28,30,4232.25,0,,No Dispute
INV-004597,CUST-0060,2024-05-22,2024-06-21,30,10281.74,0,,No Dispute
INV-004598,CUST-0060,2025-01-03,2025-02-02,30,6156.96,0,,No Dispute
INV-004599,CUST-0060,2024-11-19,2024-12-19,30,4298.52,0,,No Dispute
INV-004600,CUST-0060,2025-01-02,2025-02-01,30,7315.18,1,3.0,Resolved
INV-004601,CUST-0060,2025-09-17,2025-10-17,30,9775.88,0,,No Dispute
INV-004602,CUST-0060,2025-09-08,2025-10-08,30,11439.86,0,,No Dispute
INV-004603,CUST-0060,2024-06-30,2024-07-30,30,11234.63,0,,No Dispute
INV-004604,CUST-0060,2024-03-12,2024-04-11,30,11010.61,0,,No Dispute
INV-004605,CUST-0060,2025-05-28,2025-06-27,30,4746.89,0,,No Dispute
INV-004606,CUST-0060,2024-04-03,2024-05-03,30,8345.59,0,,No Dispute
INV-004607,CUST-0060,2024-02-21,2024-03-22,30,3825.44,0,,No Dispute
INV-004608,CUST-0060,2025-09-05,2025-10-05,30,7064.89,0,,No Dispute
INV-004609,CUST-0060,2025-08-28,2025-09-27,30,3455.64,0,,No Dispute
INV-004610,CUST-0060,2025-07-12,2025-08-11,30,1606.51,1,3.0,Resolved
INV-004611,CUST-0060,2024-07-24,2024-08-23,30,9583.78,0,,No Dispute
INV-004612,CUST-0060,2025-01-03,2025-02-02,30,10304.26,0,,No Dispute
INV-004613,CUST-0060,2025-06-12,2025-07-12,30,3231.52,0,,No Dispute
INV-004614,CUST-0060,2025-10-15,2025-11-14,30,4485.41,0,,No Dispute
INV-004615,CUST-0060,2025-01-05,2025-02-04,30,8277.38,0,,No Dispute
INV-004616,CUST-0060,2024-12-26,2025-01-25,30,1516.86,0,,No Dispute
INV-004617,CUST-0060,2025-01-01,2025-01-31,30,2596.32,0,,No Dispute
INV-004618,CUST-0060,2025-02-25,2025-03-27,30,7554.64,0,,No Dispute
INV-004619,CUST-0060,2025-12-09,2026-01-08,30,9807.48,0,,No Dispute
INV-004620,CUST-0060,2024-01-15,2024-02-14,30,10133.9,0,,No Dispute
INV-004621,CUST-0060,2024-08-05,2024-09-04,30,6598.27,0,,No Dispute
INV-004622,CUST-0060,2025-05-24,2025-06-23,30,10107.92,0,,No Dispute
INV-004623,CUST-0060,2024-06-19,2024-07-19,30,8048.5,0,,No Dispute
INV-004624,CUST-0060,2024-05-03,2024-06-02,30,8545.31,0,,No Dispute
INV-004625,CUST-0060,2024-02-03,2024-03-04,30,7298.39,0,,No Dispute
INV-004626,CUST-0060,2025-01-25,2025-02-24,30,9219.17,0,,No Dispute
INV-004627,CUST-0060,2024-10-02,2024-11-01,30,5536.84,0,,No Dispute
INV-004628,CUST-0060,2024-08-09,2024-09-08,30,8806.32,0,,No Dispute
INV-004629,CUST-0060,2024-08-14,2024-09-13,30,2252.85,0,,No Dispute
INV-004630,CUST-0060,2024-12-25,2025-01-24,30,8605.86,1,2.0,Open
INV-004631,CUST-0060,2025-09-02,2025-10-02,30,9613.22,0,,No Dispute
INV-004632,CUST-0060,2024-05-20,2024-06-19,30,11631.92,0,,No Dispute
INV-004633,CUST-0060,2024-11-15,2024-12-15,30,9401.1,1,2.0,Resolved
INV-004634,CUST-0060,2024-10-17,2024-11-16,30,11438.33,0,,No Dispute
INV-004635,CUST-0060,2024-04-28,2024-05-28,30,5094.43,0,,No Dispute
INV-004636,CUST-0060,2024-03-30,2024-04-29,30,10102.49,0,,No Dispute
INV-004637,CUST-0060,2025-12-14,2026-01-13,30,6593.69,0,,No Dispute
INV-004638,CUST-0060,2025-01-12,2025-02-11,30,7632.24,0,,No Dispute
INV-004639,CUST-0060,2025-10-06,2025-11-05,30,5087.15,0,,No Dispute
INV-004640,CUST-0060,2025-11-19,2025-12-19,30,7165.74,0,,No Dispute
INV-004641,CUST-0060,2024-01-17,2024-02-16,30,5899.19,0,,No Dispute
INV-004642,CUST-0060,2024-02-15,2024-03-16,30,6952.47,0,,No Dispute
INV-004643,CUST-0060,2024-07-18,2024-08-17,30,4068.87,0,,No Dispute
INV-004644,CUST-0061,2024-08-10,2024-10-09,60,5346.42,0,,No Dispute
INV-004645,CUST-0061,2025-11-25,2026-01-24,60,10874.57,0,,No Dispute
INV-004646,CUST-0061,2024-01-09,2024-03-09,60,7239.61,0,,No Dispute
INV-004647,CUST-0061,2025-08-25,2025-10-24,60,10638.21,0,,No Dispute
INV-004648,CUST-0061,2024-01-06,2024-03-06,60,11278.9,0,,No Dispute
INV-004649,CUST-0061,2024-04-12,2024-06-11,60,6805.68,0,,No Dispute
INV-004650,CUST-0061,2024-07-09,2024-09-07,60,6959.12,0,,No Dispute
INV-004651,CUST-0061,2024-01-20,2024-03-20,60,7158.28,0,,No Dispute
INV-004652,CUST-0061,2025-12-12,2026-02-10,60,8907.58,0,,No Dispute
INV-004653,CUST-0061,2024-12-05,2025-02-03,60,8037.71,0,,No Dispute
INV-004654,CUST-0061,2024-12-10,2025-02-08,60,5164.09,1,4.0,Open
INV-004655,CUST-0061,2025-08-08,2025-10-07,60,3880.53,0,,No Dispute
INV-004656,CUST-0061,2024-09-14,2024-11-13,60,5315.03,0,,No Dispute
INV-004657,CUST-0061,2024-11-11,2025-01-10,60,10286.49,0,,No Dispute
INV-004658,CUST-0061,2025-05-10,2025-07-09,60,6336.7,0,,No Dispute
INV-004659,CUST-0061,2025-05-13,2025-07-12,60,10752.58,0,,No Dispute
INV-004660,CUST-0061,2024-11-09,2025-01-08,60,8194.94,0,,No Dispute
INV-004661,CUST-0061,2024-07-21,2024-09-19,60,8768.07,0,,No Dispute
INV-004662,CUST-0061,2024-12-12,2025-02-10,60,9055.59,0,,No Dispute
INV-004663,CUST-0061,2025-08-28,2025-10-27,60,5391.09,0,,No Dispute
INV-004664,CUST-0061,2024-07-28,2024-09-26,60,11770.52,0,,No Dispute
INV-004665,CUST-0061,2024-04-18,2024-06-17,60,10532.87,0,,No Dispute
INV-004666,CUST-0061,2024-07-28,2024-09-26,60,11558.85,0,,No Dispute
INV-004667,CUST-0061,2024-10-16,2024-12-15,60,7005.02,0,,No Dispute
INV-004668,CUST-0061,2025-05-08,2025-07-07,60,3260.21,0,,No Dispute
INV-004669,CUST-0061,2025-06-14,2025-08-13,60,4727.29,0,,No Dispute
INV-004670,CUST-0061,2024-08-03,2024-10-02,60,3883.39,0,,No Dispute
INV-004671,CUST-0061,2025-09-28,2025-11-27,60,5965.75,0,,No Dispute
INV-004672,CUST-0061,2025-11-07,2026-01-06,60,4068.78,1,3.0,Resolved
INV-004673,CUST-0061,2024-01-02,2024-03-02,60,9492.75,0,,No Dispute
INV-004674,CUST-0061,2024-06-24,2024-08-23,60,8681.28,0,,No Dispute
INV-004675,CUST-0061,2025-11-27,2026-01-26,60,5015.61,0,,No Dispute
INV-004676,CUST-0061,2025-11-15,2026-01-14,60,10868.01,0,,No Dispute
INV-004677,CUST-0061,2025-11-12,2026-01-11,60,10367.59,0,,No Dispute
INV-004678,CUST-0061,2024-12-27,2025-02-25,60,9118.7,0,,No Dispute
INV-004679,CUST-0061,2025-10-07,2025-12-06,60,6445.79,0,,No Dispute
INV-004680,CUST-0061,2024-08-23,2024-10-22,60,7832.22,0,,No Dispute
INV-004681,CUST-0061,2024-04-12,2024-06-11,60,3140.98,0,,No Dispute
INV-004682,CUST-0061,2024-06-03,2024-08-02,60,8496.58,0,,No Dispute
INV-004683,CUST-0061,2025-10-19,2025-12-18,60,11449.56,0,,No Dispute
INV-004684,CUST-0061,2025-02-02,2025-04-03,60,2616.85,0,,No Dispute
INV-004685,CUST-0061,2024-10-21,2024-12-20,60,5792.72,0,,No Dispute
INV-004686,CUST-0061,2024-01-28,2024-03-28,60,2585.3,0,,No Dispute
INV-004687,CUST-0061,2024-04-24,2024-06-23,60,5498.07,0,,No Dispute
INV-004688,CUST-0061,2024-02-27,2024-04-27,60,7877.37,0,,No Dispute
INV-004689,CUST-0061,2025-08-30,2025-10-29,60,1644.65,0,,No Dispute
INV-004690,CUST-0061,2025-03-31,2025-05-30,60,7542.44,0,,No Dispute
INV-004691,CUST-0061,2025-01-07,2025-03-08,60,4145.27,0,,No Dispute
INV-004692,CUST-0061,2025-11-21,2026-01-20,60,4487.86,0,,No Dispute
INV-004693,CUST-0061,2024-04-19,2024-06-18,60,3824.02,0,,No Dispute
INV-004694,CUST-0061,2025-07-10,2025-09-08,60,1882.09,0,,No Dispute
INV-004695,CUST-0061,2024-01-11,2024-03-11,60,7634.92,0,,No Dispute
INV-004696,CUST-0061,2024-10-16,2024-12-15,60,2561.53,0,,No Dispute
INV-004697,CUST-0061,2025-11-28,2026-01-27,60,7291.56,0,,No Dispute
INV-004698,CUST-0061,2024-05-20,2024-07-19,60,7699.2,0,,No Dispute
INV-004699,CUST-0061,2025-03-24,2025-05-23,60,11976.3,0,,No Dispute
INV-004700,CUST-0061,2025-10-17,2025-12-16,60,11676.26,1,5.0,Resolved
INV-004701,CUST-0061,2025-01-08,2025-03-09,60,9821.01,0,,No Dispute
INV-004702,CUST-0061,2024-03-11,2024-05-10,60,6754.51,0,,No Dispute
INV-004703,CUST-0061,2024-12-23,2025-02-21,60,3549.68,0,,No Dispute
INV-004704,CUST-0061,2025-07-20,2025-09-18,60,2095.09,0,,No Dispute
INV-004705,CUST-0061,2024-06-06,2024-08-05,60,11627.63,0,,No Dispute
INV-004706,CUST-0061,2025-03-08,2025-05-07,60,9407.28,0,,No Dispute
INV-004707,CUST-0061,2024-07-28,2024-09-26,60,5846.9,0,,No Dispute
INV-004708,CUST-0061,2025-10-28,2025-12-27,60,7865.0,0,,No Dispute
INV-004709,CUST-0061,2024-10-20,2024-12-19,60,2037.24,0,,No Dispute
INV-004710,CUST-0061,2024-04-04,2024-06-03,60,7031.43,0,,No Dispute
INV-004711,CUST-0061,2024-05-26,2024-07-25,60,4431.81,0,,No Dispute
INV-004712,CUST-0061,2025-10-31,2025-12-30,60,8129.43,0,,No Dispute
INV-004713,CUST-0061,2025-01-14,2025-03-15,60,9689.08,0,,No Dispute
INV-004714,CUST-0061,2024-06-20,2024-08-19,60,8153.21,0,,No Dispute
INV-004715,CUST-0061,2025-01-13,2025-03-14,60,9380.15,0,,No Dispute
INV-004716,CUST-0061,2024-07-15,2024-09-13,60,5552.29,0,,No Dispute
INV-004717,CUST-0061,2025-10-01,2025-11-30,60,7276.27,0,,No Dispute
INV-004718,CUST-0062,2024-09-24,2024-10-24,30,2544.61,0,,No Dispute
INV-004719,CUST-0062,2024-03-24,2024-04-23,30,2771.32,0,,No Dispute
INV-004720,CUST-0062,2025-10-16,2025-11-15,30,3036.78,0,,No Dispute
INV-004721,CUST-0062,2024-04-02,2024-05-02,30,1742.16,0,,No Dispute
INV-004722,CUST-0062,2025-09-30,2025-10-30,30,2900.02,0,,No Dispute
INV-004723,CUST-0062,2025-09-26,2025-10-26,30,2662.05,0,,No Dispute
INV-004724,CUST-0062,2025-10-01,2025-10-31,30,2657.57,0,,No Dispute
INV-004725,CUST-0062,2025-04-11,2025-05-11,30,3451.55,0,,No Dispute
INV-004726,CUST-0062,2024-08-10,2024-09-09,30,3515.7,0,,No Dispute
INV-004727,CUST-0062,2025-09-12,2025-10-12,30,2282.03,0,,No Dispute
INV-004728,CUST-0062,2024-09-27,2024-10-27,30,3296.74,0,,No Dispute
INV-004729,CUST-0062,2024-11-19,2024-12-19,30,2035.9,0,,No Dispute
INV-004730,CUST-0062,2025-01-12,2025-02-11,30,2506.77,0,,No Dispute
INV-004731,CUST-0062,2025-12-14,2026-01-13,30,3210.27,0,,No Dispute
INV-004732,CUST-0062,2024-01-22,2024-02-21,30,2424.19,0,,No Dispute
INV-004733,CUST-0062,2024-05-08,2024-06-07,30,2134.07,0,,No Dispute
INV-004734,CUST-0062,2024-11-15,2024-12-15,30,3594.73,0,,No Dispute
INV-004735,CUST-0062,2025-01-28,2025-02-27,30,3939.56,0,,No Dispute
INV-004736,CUST-0062,2025-12-28,2026-01-27,30,2581.33,0,,No Dispute
INV-004737,CUST-0062,2025-05-27,2025-06-26,30,3174.37,0,,No Dispute
INV-004738,CUST-0062,2025-10-19,2025-11-18,30,1264.57,0,,No Dispute
INV-004739,CUST-0062,2024-09-03,2024-10-03,30,3080.36,0,,No Dispute
INV-004740,CUST-0062,2024-05-05,2024-06-04,30,2726.17,0,,No Dispute
INV-004741,CUST-0062,2024-05-12,2024-06-11,30,1244.85,0,,No Dispute
INV-004742,CUST-0062,2024-10-26,2024-11-25,30,3150.64,0,,No Dispute
INV-004743,CUST-0062,2025-08-15,2025-09-14,30,842.92,0,,No Dispute
INV-004744,CUST-0062,2024-04-01,2024-05-01,30,1325.0,0,,No Dispute
INV-004745,CUST-0062,2024-05-07,2024-06-06,30,931.86,0,,No Dispute
INV-004746,CUST-0062,2025-07-24,2025-08-23,30,1100.63,0,,No Dispute
INV-004747,CUST-0062,2024-07-02,2024-08-01,30,1972.92,0,,No Dispute
INV-004748,CUST-0063,2025-11-14,2025-12-14,30,8772.16,0,,No Dispute
INV-004749,CUST-0063,2025-01-18,2025-02-17,30,5773.81,0,,No Dispute
INV-004750,CUST-0063,2024-12-30,2025-01-29,30,11996.82,0,,No Dispute
INV-004751,CUST-0063,2025-06-10,2025-07-10,30,9438.43,0,,No Dispute
INV-004752,CUST-0063,2024-02-17,2024-03-18,30,9558.78,0,,No Dispute
INV-004753,CUST-0063,2024-02-13,2024-03-14,30,10993.52,1,3.0,Resolved
INV-004754,CUST-0063,2024-09-25,2024-10-25,30,6276.93,1,4.0,Resolved
INV-004755,CUST-0063,2025-10-09,2025-11-08,30,10298.13,0,,No Dispute
INV-004756,CUST-0063,2025-01-17,2025-02-16,30,8221.33,0,,No Dispute
INV-004757,CUST-0063,2024-11-17,2024-12-17,30,6657.59,0,,No Dispute
INV-004758,CUST-0063,2025-11-25,2025-12-25,30,5832.6,0,,No Dispute
INV-004759,CUST-0063,2024-12-29,2025-01-28,30,11008.57,0,,No Dispute
INV-004760,CUST-0063,2025-05-21,2025-06-20,30,4988.61,0,,No Dispute
INV-004761,CUST-0063,2024-12-17,2025-01-16,30,8789.14,0,,No Dispute
INV-004762,CUST-0063,2024-05-21,2024-06-20,30,10396.56,0,,No Dispute
INV-004763,CUST-0063,2024-06-15,2024-07-15,30,4779.37,0,,No Dispute
INV-004764,CUST-0063,2024-05-13,2024-06-12,30,8174.23,0,,No Dispute
INV-004765,CUST-0063,2024-05-03,2024-06-02,30,2282.01,0,,No Dispute
INV-004766,CUST-0063,2024-10-26,2024-11-25,30,10171.57,0,,No Dispute
INV-004767,CUST-0063,2025-01-11,2025-02-10,30,11883.32,0,,No Dispute
INV-004768,CUST-0063,2024-10-12,2024-11-11,30,11581.07,0,,No Dispute
INV-004769,CUST-0063,2025-06-11,2025-07-11,30,11531.36,0,,No Dispute
INV-004770,CUST-0063,2024-12-09,2025-01-08,30,10338.84,0,,No Dispute
INV-004771,CUST-0063,2025-07-06,2025-08-05,30,6195.33,0,,No Dispute
INV-004772,CUST-0063,2025-11-18,2025-12-18,30,7018.97,0,,No Dispute
INV-004773,CUST-0063,2025-01-27,2025-02-26,30,11652.73,0,,No Dispute
INV-004774,CUST-0063,2025-12-20,2026-01-19,30,1615.88,0,,No Dispute
INV-004775,CUST-0063,2025-09-28,2025-10-28,30,6966.1,0,,No Dispute
INV-004776,CUST-0063,2024-08-11,2024-09-10,30,2477.06,0,,No Dispute
INV-004777,CUST-0063,2025-10-06,2025-11-05,30,6140.53,0,,No Dispute
INV-004778,CUST-0063,2024-04-13,2024-05-13,30,1875.94,0,,No Dispute
INV-004779,CUST-0063,2024-04-19,2024-05-19,30,4533.07,0,,No Dispute
INV-004780,CUST-0063,2024-04-13,2024-05-13,30,11439.05,0,,No Dispute
INV-004781,CUST-0063,2025-10-08,2025-11-07,30,7714.5,0,,No Dispute
INV-004782,CUST-0063,2024-08-04,2024-09-03,30,3922.2,0,,No Dispute
INV-004783,CUST-0063,2024-03-21,2024-04-20,30,6578.77,0,,No Dispute
INV-004784,CUST-0063,2025-12-22,2026-01-21,30,5301.26,1,1.0,Open
INV-004785,CUST-0063,2025-11-29,2025-12-29,30,2045.05,0,,No Dispute
INV-004786,CUST-0063,2025-02-10,2025-03-12,30,4787.72,0,,No Dispute
INV-004787,CUST-0063,2024-08-01,2024-08-31,30,8048.76,0,,No Dispute
INV-004788,CUST-0063,2025-11-06,2025-12-06,30,5894.35,0,,No Dispute
INV-004789,CUST-0063,2025-11-20,2025-12-20,30,7201.64,0,,No Dispute
INV-004790,CUST-0063,2024-02-28,2024-03-29,30,5762.91,0,,No Dispute
INV-004791,CUST-0063,2024-07-26,2024-08-25,30,6554.71,0,,No Dispute
INV-004792,CUST-0063,2024-10-01,2024-10-31,30,8346.13,0,,No Dispute
INV-004793,CUST-0063,2024-07-21,2024-08-20,30,2410.1,0,,No Dispute
INV-004794,CUST-0063,2024-06-04,2024-07-04,30,11519.85,0,,No Dispute
INV-004795,CUST-0063,2024-11-14,2024-12-14,30,8713.39,0,,No Dispute
INV-004796,CUST-0063,2024-05-13,2024-06-12,30,9820.6,0,,No Dispute
INV-004797,CUST-0063,2024-12-24,2025-01-23,30,6774.33,0,,No Dispute
INV-004798,CUST-0063,2025-11-25,2025-12-25,30,2727.24,0,,No Dispute
INV-004799,CUST-0063,2025-05-25,2025-06-24,30,4666.84,1,5.0,Resolved
INV-004800,CUST-0063,2024-07-08,2024-08-07,30,3039.64,0,,No Dispute
INV-004801,CUST-0063,2024-05-15,2024-06-14,30,6443.85,0,,No Dispute
INV-004802,CUST-0063,2024-02-27,2024-03-28,30,2413.46,0,,No Dispute
INV-004803,CUST-0063,2025-03-17,2025-04-16,30,9822.32,0,,No Dispute
INV-004804,CUST-0063,2025-04-30,2025-05-30,30,2989.48,0,,No Dispute
INV-004805,CUST-0063,2025-08-10,2025-09-09,30,11135.36,1,2.0,Resolved
INV-004806,CUST-0063,2024-12-01,2024-12-31,30,11547.49,0,,No Dispute
INV-004807,CUST-0063,2024-11-08,2024-12-08,30,3375.74,0,,No Dispute
INV-004808,CUST-0063,2024-07-10,2024-08-09,30,7122.83,0,,No Dispute
INV-004809,CUST-0063,2024-09-09,2024-10-09,30,11708.34,0,,No Dispute
INV-004810,CUST-0063,2025-06-17,2025-07-17,30,7352.98,0,,No Dispute
INV-004811,CUST-0063,2024-11-17,2024-12-17,30,10343.66,0,,No Dispute
INV-004812,CUST-0064,2024-06-18,2024-08-02,45,5876.66,0,,No Dispute
INV-004813,CUST-0064,2025-07-30,2025-09-13,45,5067.23,1,3.0,Open
INV-004814,CUST-0064,2025-05-14,2025-06-28,45,5301.51,0,,No Dispute
INV-004815,CUST-0064,2024-11-03,2024-12-18,45,4155.8,0,,No Dispute
INV-004816,CUST-0064,2024-04-03,2024-05-18,45,9297.72,0,,No Dispute
INV-004817,CUST-0064,2025-12-21,2026-02-04,45,3354.66,0,,No Dispute
INV-004818,CUST-0064,2025-02-18,2025-04-04,45,10213.11,0,,No Dispute
INV-004819,CUST-0064,2024-07-13,2024-08-27,45,6574.1,0,,No Dispute
INV-004820,CUST-0064,2024-01-30,2024-03-15,45,10408.01,0,,No Dispute
INV-004821,CUST-0064,2024-06-10,2024-07-25,45,1609.38,0,,No Dispute
INV-004822,CUST-0064,2024-09-03,2024-10-18,45,11132.01,0,,No Dispute
INV-004823,CUST-0064,2024-01-20,2024-03-05,45,8493.25,0,,No Dispute
INV-004824,CUST-0064,2024-09-02,2024-10-17,45,8746.17,0,,No Dispute
INV-004825,CUST-0064,2025-08-15,2025-09-29,45,8216.33,1,3.0,Open
INV-004826,CUST-0064,2025-03-06,2025-04-20,45,9438.11,0,,No Dispute
INV-004827,CUST-0064,2024-03-19,2024-05-03,45,6799.18,0,,No Dispute
INV-004828,CUST-0064,2024-09-12,2024-10-27,45,5859.6,0,,No Dispute
INV-004829,CUST-0064,2025-11-13,2025-12-28,45,11140.64,0,,No Dispute
INV-004830,CUST-0064,2025-04-21,2025-06-05,45,2572.27,0,,No Dispute
INV-004831,CUST-0064,2024-05-15,2024-06-29,45,10146.31,0,,No Dispute
INV-004832,CUST-0064,2025-07-09,2025-08-23,45,4132.65,0,,No Dispute
INV-004833,CUST-0064,2024-10-14,2024-11-28,45,5944.71,1,3.0,Open
INV-004834,CUST-0064,2024-07-03,2024-08-17,45,5650.17,0,,No Dispute
INV-004835,CUST-0064,2025-12-24,2026-02-07,45,2864.13,0,,No Dispute
INV-004836,CUST-0064,2024-09-19,2024-11-03,45,11071.77,0,,No Dispute
INV-004837,CUST-0064,2024-09-15,2024-10-30,45,6223.71,0,,No Dispute
INV-004838,CUST-0064,2024-07-11,2024-08-25,45,10851.79,0,,No Dispute
INV-004839,CUST-0064,2024-10-19,2024-12-03,45,11068.08,0,,No Dispute
INV-004840,CUST-0064,2024-07-28,2024-09-11,45,7021.14,0,,No Dispute
INV-004841,CUST-0064,2025-05-22,2025-07-06,45,8323.03,0,,No Dispute
INV-004842,CUST-0064,2024-02-16,2024-04-01,45,7563.87,0,,No Dispute
INV-004843,CUST-0064,2024-07-09,2024-08-23,45,2946.86,0,,No Dispute
INV-004844,CUST-0064,2025-10-18,2025-12-02,45,5124.3,0,,No Dispute
INV-004845,CUST-0064,2025-11-20,2026-01-04,45,10861.65,0,,No Dispute
INV-004846,CUST-0064,2024-03-08,2024-04-22,45,7837.54,0,,No Dispute
INV-004847,CUST-0064,2025-11-30,2026-01-14,45,7241.46,0,,No Dispute
INV-004848,CUST-0064,2025-04-22,2025-06-06,45,2544.66,0,,No Dispute
INV-004849,CUST-0064,2025-01-16,2025-03-02,45,8361.98,0,,No Dispute
INV-004850,CUST-0064,2024-01-03,2024-02-17,45,2138.2,0,,No Dispute
INV-004851,CUST-0064,2025-01-06,2025-02-20,45,10115.0,0,,No Dispute
INV-004852,CUST-0064,2024-09-18,2024-11-02,45,4178.77,0,,No Dispute
INV-004853,CUST-0064,2024-03-05,2024-04-19,45,9413.28,0,,No Dispute
INV-004854,CUST-0064,2025-06-26,2025-08-10,45,10850.69,0,,No Dispute
INV-004855,CUST-0064,2025-05-24,2025-07-08,45,8831.39,1,1.0,Resolved
INV-004856,CUST-0064,2024-03-08,2024-04-22,45,11934.83,0,,No Dispute
INV-004857,CUST-0064,2024-10-14,2024-11-28,45,5352.24,0,,No Dispute
INV-004858,CUST-0064,2025-12-15,2026-01-29,45,4507.25,0,,No Dispute
INV-004859,CUST-0064,2024-07-06,2024-08-20,45,9892.87,0,,No Dispute
INV-004860,CUST-0064,2024-10-10,2024-11-24,45,2016.02,0,,No Dispute
INV-004861,CUST-0064,2025-08-21,2025-10-05,45,8151.95,0,,No Dispute
INV-004862,CUST-0064,2024-03-03,2024-04-17,45,4153.64,0,,No Dispute
INV-004863,CUST-0064,2025-05-25,2025-07-09,45,11034.46,0,,No Dispute
INV-004864,CUST-0064,2024-12-16,2025-01-30,45,4761.96,0,,No Dispute
INV-004865,CUST-0064,2024-04-27,2024-06-11,45,10386.19,0,,No Dispute
INV-004866,CUST-0064,2024-01-03,2024-02-17,45,8888.88,1,5.0,Open
INV-004867,CUST-0064,2025-08-21,2025-10-05,45,7679.67,0,,No Dispute
INV-004868,CUST-0064,2025-05-25,2025-07-09,45,3297.91,0,,No Dispute
INV-004869,CUST-0064,2024-01-11,2024-02-25,45,8466.9,0,,No Dispute
INV-004870,CUST-0064,2024-07-11,2024-08-25,45,10046.4,0,,No Dispute
INV-004871,CUST-0064,2024-06-06,2024-07-21,45,9616.99,0,,No Dispute
INV-004872,CUST-0064,2024-03-07,2024-04-21,45,7323.32,0,,No Dispute
INV-004873,CUST-0064,2025-03-19,2025-05-03,45,4413.92,0,,No Dispute
INV-004874,CUST-0064,2024-04-06,2024-05-21,45,2334.83,0,,No Dispute
INV-004875,CUST-0064,2024-04-05,2024-05-20,45,10389.6,0,,No Dispute
INV-004876,CUST-0064,2024-08-17,2024-10-01,45,5872.37,1,3.0,Open
INV-004877,CUST-0064,2024-06-23,2024-08-07,45,8595.2,0,,No Dispute
INV-004878,CUST-0064,2025-05-28,2025-07-12,45,3799.73,0,,No Dispute
INV-004879,CUST-0064,2024-08-23,2024-10-07,45,2631.67,0,,No Dispute
INV-004880,CUST-0064,2024-09-04,2024-10-19,45,7893.16,0,,No Dispute
INV-004881,CUST-0064,2025-07-29,2025-09-12,45,3778.51,0,,No Dispute
INV-004882,CUST-0064,2025-05-15,2025-06-29,45,6479.6,0,,No Dispute
INV-004883,CUST-0064,2025-10-27,2025-12-11,45,6308.61,0,,No Dispute
INV-004884,CUST-0064,2024-12-29,2025-02-12,45,2461.1,0,,No Dispute
INV-004885,CUST-0064,2024-10-20,2024-12-04,45,7348.63,0,,No Dispute
INV-004886,CUST-0064,2025-10-05,2025-11-19,45,3253.64,0,,No Dispute
INV-004887,CUST-0064,2025-12-02,2026-01-16,45,9911.1,0,,No Dispute
INV-004888,CUST-0064,2025-08-08,2025-09-22,45,10113.97,1,1.0,Resolved
INV-004889,CUST-0064,2025-03-17,2025-05-01,45,1735.04,0,,No Dispute
INV-004890,CUST-0064,2025-04-25,2025-06-09,45,4244.5,0,,No Dispute
INV-004891,CUST-0064,2024-04-29,2024-06-13,45,2449.52,0,,No Dispute
INV-004892,CUST-0065,2025-03-27,2025-05-11,45,637.28,0,,No Dispute
INV-004893,CUST-0065,2024-12-26,2025-02-09,45,1432.46,0,,No Dispute
INV-004894,CUST-0065,2024-09-04,2024-10-19,45,1201.74,1,3.0,Resolved
INV-004895,CUST-0065,2025-07-10,2025-08-24,45,504.09,1,1.0,Resolved
INV-004896,CUST-0065,2025-07-04,2025-08-18,45,605.72,0,,No Dispute
INV-004897,CUST-0065,2024-09-14,2024-10-29,45,3085.49,0,,No Dispute
INV-004898,CUST-0065,2024-03-03,2024-04-17,45,3307.49,0,,No Dispute
INV-004899,CUST-0065,2024-04-12,2024-05-27,45,543.98,0,,No Dispute
INV-004900,CUST-0065,2025-05-24,2025-07-08,45,700.26,0,,No Dispute
INV-004901,CUST-0065,2025-06-26,2025-08-10,45,1660.19,0,,No Dispute
INV-004902,CUST-0065,2025-05-15,2025-06-29,45,3002.04,0,,No Dispute
INV-004903,CUST-0065,2024-07-26,2024-09-09,45,2576.52,0,,No Dispute
INV-004904,CUST-0065,2024-04-18,2024-06-02,45,2079.31,0,,No Dispute
INV-004905,CUST-0065,2024-03-20,2024-05-04,45,2450.27,0,,No Dispute
INV-004906,CUST-0065,2025-04-07,2025-05-22,45,3657.93,1,1.0,Resolved
INV-004907,CUST-0065,2024-08-07,2024-09-21,45,2335.07,0,,No Dispute
INV-004908,CUST-0065,2025-05-12,2025-06-26,45,2593.23,0,,No Dispute
INV-004909,CUST-0065,2025-01-01,2025-02-15,45,3476.74,0,,No Dispute
INV-004910,CUST-0065,2024-07-23,2024-09-06,45,1486.12,0,,No Dispute
INV-004911,CUST-0065,2024-10-09,2024-11-23,45,1155.25,0,,No Dispute
INV-004912,CUST-0065,2025-03-23,2025-05-07,45,2823.18,0,,No Dispute
INV-004913,CUST-0065,2025-09-26,2025-11-10,45,2838.59,1,4.0,Resolved
INV-004914,CUST-0065,2025-12-14,2026-01-28,45,3612.75,0,,No Dispute
INV-004915,CUST-0065,2025-02-19,2025-04-05,45,2652.93,0,,No Dispute
INV-004916,CUST-0065,2024-10-11,2024-11-25,45,3920.67,0,,No Dispute
INV-004917,CUST-0065,2025-04-09,2025-05-24,45,3785.56,0,,No Dispute
INV-004918,CUST-0065,2025-05-01,2025-06-15,45,2433.0,0,,No Dispute
INV-004919,CUST-0065,2025-10-18,2025-12-02,45,2776.06,0,,No Dispute
INV-004920,CUST-0065,2025-11-08,2025-12-23,45,1656.1,0,,No Dispute
INV-004921,CUST-0066,2024-08-20,2024-10-19,60,11682.15,0,,No Dispute
INV-004922,CUST-0066,2025-09-22,2025-11-21,60,8379.91,0,,No Dispute
INV-004923,CUST-0066,2025-01-19,2025-03-20,60,4518.98,0,,No Dispute
INV-004924,CUST-0066,2024-08-09,2024-10-08,60,4411.05,0,,No Dispute
INV-004925,CUST-0066,2024-01-08,2024-03-08,60,3939.51,0,,No Dispute
INV-004926,CUST-0066,2025-08-09,2025-10-08,60,2187.43,0,,No Dispute
INV-004927,CUST-0066,2025-12-18,2026-02-16,60,4560.0,1,3.0,Open
INV-004928,CUST-0066,2025-09-09,2025-11-08,60,7570.84,0,,No Dispute
INV-004929,CUST-0066,2025-04-03,2025-06-02,60,1840.58,0,,No Dispute
INV-004930,CUST-0066,2024-06-06,2024-08-05,60,10463.42,0,,No Dispute
INV-004931,CUST-0066,2025-12-12,2026-02-10,60,6504.88,0,,No Dispute
INV-004932,CUST-0066,2025-12-28,2026-02-26,60,8565.87,0,,No Dispute
INV-004933,CUST-0066,2024-07-11,2024-09-09,60,4006.82,0,,No Dispute
INV-004934,CUST-0066,2025-06-10,2025-08-09,60,8662.87,0,,No Dispute
INV-004935,CUST-0066,2024-05-11,2024-07-10,60,6849.09,0,,No Dispute
INV-004936,CUST-0066,2025-03-20,2025-05-19,60,2854.02,0,,No Dispute
INV-004937,CUST-0066,2025-11-11,2026-01-10,60,8338.17,0,,No Dispute
INV-004938,CUST-0066,2024-06-18,2024-08-17,60,10046.22,0,,No Dispute
INV-004939,CUST-0066,2025-09-28,2025-11-27,60,8227.04,0,,No Dispute
INV-004940,CUST-0066,2024-02-15,2024-04-15,60,11017.49,0,,No Dispute
INV-004941,CUST-0066,2024-04-04,2024-06-03,60,6871.66,0,,No Dispute
INV-004942,CUST-0066,2025-09-03,2025-11-02,60,11660.62,0,,No Dispute
INV-004943,CUST-0066,2024-07-26,2024-09-24,60,2217.61,0,,No Dispute
INV-004944,CUST-0066,2025-07-02,2025-08-31,60,8310.52,0,,No Dispute
INV-004945,CUST-0066,2025-10-13,2025-12-12,60,9605.57,0,,No Dispute
INV-004946,CUST-0066,2025-02-21,2025-04-22,60,9525.28,0,,No Dispute
INV-004947,CUST-0066,2024-09-28,2024-11-27,60,11590.25,0,,No Dispute
INV-004948,CUST-0066,2025-03-18,2025-05-17,60,2770.55,0,,No Dispute
INV-004949,CUST-0066,2024-01-24,2024-03-24,60,7033.81,0,,No Dispute
INV-004950,CUST-0066,2025-05-17,2025-07-16,60,8585.28,0,,No Dispute
INV-004951,CUST-0066,2025-06-15,2025-08-14,60,3161.06,0,,No Dispute
INV-004952,CUST-0066,2025-09-20,2025-11-19,60,7754.16,0,,No Dispute
INV-004953,CUST-0066,2025-09-22,2025-11-21,60,8123.49,0,,No Dispute
INV-004954,CUST-0066,2024-02-27,2024-04-27,60,6932.86,0,,No Dispute
INV-004955,CUST-0066,2025-08-09,2025-10-08,60,8121.85,0,,No Dispute
INV-004956,CUST-0066,2024-03-25,2024-05-24,60,11058.2,0,,No Dispute
INV-004957,CUST-0066,2024-06-27,2024-08-26,60,11891.67,0,,No Dispute
INV-004958,CUST-0066,2025-03-27,2025-05-26,60,4828.03,0,,No Dispute
INV-004959,CUST-0066,2024-10-27,2024-12-26,60,4407.31,0,,No Dispute
INV-004960,CUST-0066,2025-02-02,2025-04-03,60,5612.78,0,,No Dispute
INV-004961,CUST-0066,2024-08-19,2024-10-18,60,4633.94,0,,No Dispute
INV-004962,CUST-0066,2024-05-14,2024-07-13,60,7377.32,0,,No Dispute
INV-004963,CUST-0066,2025-10-19,2025-12-18,60,9697.62,0,,No Dispute
INV-004964,CUST-0066,2024-08-09,2024-10-08,60,6726.78,0,,No Dispute
INV-004965,CUST-0066,2025-08-20,2025-10-19,60,11709.34,0,,No Dispute
INV-004966,CUST-0066,2025-05-07,2025-07-06,60,9470.28,0,,No Dispute
INV-004967,CUST-0066,2024-11-01,2024-12-31,60,4997.25,0,,No Dispute
INV-004968,CUST-0066,2024-10-25,2024-12-24,60,3056.44,0,,No Dispute
INV-004969,CUST-0066,2025-05-31,2025-07-30,60,9455.11,0,,No Dispute
INV-004970,CUST-0066,2024-03-08,2024-05-07,60,1972.17,0,,No Dispute
INV-004971,CUST-0066,2025-07-27,2025-09-25,60,1791.23,0,,No Dispute
INV-004972,CUST-0066,2024-07-17,2024-09-15,60,4803.41,0,,No Dispute
INV-004973,CUST-0066,2024-06-29,2024-08-28,60,4151.76,0,,No Dispute
INV-004974,CUST-0066,2025-12-09,2026-02-07,60,2454.94,0,,No Dispute
INV-004975,CUST-0066,2024-07-03,2024-09-01,60,4848.07,0,,No Dispute
INV-004976,CUST-0066,2024-10-11,2024-12-10,60,5815.48,0,,No Dispute
INV-004977,CUST-0066,2025-11-24,2026-01-23,60,5604.49,0,,No Dispute
INV-004978,CUST-0066,2025-10-22,2025-12-21,60,8260.38,0,,No Dispute
INV-004979,CUST-0066,2025-04-17,2025-06-16,60,8458.85,0,,No Dispute
INV-004980,CUST-0066,2024-02-05,2024-04-05,60,5504.05,0,,No Dispute
INV-004981,CUST-0066,2024-08-22,2024-10-21,60,7319.82,0,,No Dispute
INV-004982,CUST-0066,2024-06-14,2024-08-13,60,4496.47,0,,No Dispute
INV-004983,CUST-0066,2024-06-14,2024-08-13,60,1501.07,0,,No Dispute
INV-004984,CUST-0066,2024-05-03,2024-07-02,60,11402.49,0,,No Dispute
INV-004985,CUST-0066,2025-12-06,2026-02-04,60,5158.33,0,,No Dispute
INV-004986,CUST-0066,2025-03-05,2025-05-04,60,2660.52,0,,No Dispute
INV-004987,CUST-0066,2024-03-03,2024-05-02,60,10967.15,0,,No Dispute
INV-004988,CUST-0066,2024-01-09,2024-03-09,60,9257.94,0,,No Dispute
INV-004989,CUST-0066,2024-01-04,2024-03-04,60,4047.18,0,,No Dispute
INV-004990,CUST-0066,2024-12-23,2025-02-21,60,7113.8,0,,No Dispute
INV-004991,CUST-0066,2024-12-03,2025-02-01,60,3464.89,0,,No Dispute
INV-004992,CUST-0066,2025-07-28,2025-09-26,60,3198.12,0,,No Dispute
INV-004993,CUST-0066,2024-10-17,2024-12-16,60,8346.26,0,,No Dispute
INV-004994,CUST-0066,2024-06-17,2024-08-16,60,11259.04,0,,No Dispute
INV-004995,CUST-0066,2025-04-19,2025-06-18,60,6204.45,1,1.0,Resolved
INV-004996,CUST-0066,2024-07-08,2024-09-06,60,2303.35,0,,No Dispute
INV-004997,CUST-0066,2025-04-30,2025-06-29,60,4082.93,0,,No Dispute
INV-004998,CUST-0066,2025-09-07,2025-11-06,60,4097.97,0,,No Dispute
INV-004999,CUST-0066,2025-03-02,2025-05-01,60,4945.58,0,,No Dispute
INV-005000,CUST-0066,2024-09-25,2024-11-24,60,9804.81,0,,No Dispute
INV-005001,CUST-0066,2024-12-19,2025-02-17,60,11707.6,0,,No Dispute
INV-005002,CUST-0066,2025-06-05,2025-08-04,60,9730.06,0,,No Dispute
INV-005003,CUST-0066,2024-10-16,2024-12-15,60,11307.07,0,,No Dispute
INV-005004,CUST-0066,2025-06-20,2025-08-19,60,10132.53,0,,No Dispute
INV-005005,CUST-0066,2025-08-23,2025-10-22,60,9541.0,0,,No Dispute
INV-005006,CUST-0066,2025-11-02,2026-01-01,60,8015.83,0,,No Dispute
INV-005007,CUST-0066,2025-05-02,2025-07-01,60,4951.43,0,,No Dispute
INV-005008,CUST-0066,2025-03-08,2025-05-07,60,7351.38,0,,No Dispute
INV-005009,CUST-0067,2024-01-09,2024-03-09,60,3557.08,0,,No Dispute
INV-005010,CUST-0067,2024-07-21,2024-09-19,60,6406.54,0,,No Dispute
INV-005011,CUST-0067,2025-10-28,2025-12-27,60,5334.0,0,,No Dispute
INV-005012,CUST-0067,2025-07-25,2025-09-23,60,7636.51,0,,No Dispute
INV-005013,CUST-0067,2025-06-09,2025-08-08,60,4057.43,0,,No Dispute
INV-005014,CUST-0067,2025-02-09,2025-04-10,60,9930.55,0,,No Dispute
INV-005015,CUST-0067,2024-02-17,2024-04-17,60,9187.92,0,,No Dispute
INV-005016,CUST-0067,2025-03-01,2025-04-30,60,5018.55,0,,No Dispute
INV-005017,CUST-0067,2025-10-31,2025-12-30,60,11321.91,0,,No Dispute
INV-005018,CUST-0067,2024-11-23,2025-01-22,60,2272.3,0,,No Dispute
INV-005019,CUST-0067,2024-06-24,2024-08-23,60,4678.59,0,,No Dispute
INV-005020,CUST-0067,2025-12-27,2026-02-25,60,7627.12,1,4.0,Resolved
INV-005021,CUST-0067,2025-05-24,2025-07-23,60,8462.45,0,,No Dispute
INV-005022,CUST-0067,2024-02-04,2024-04-04,60,7883.89,0,,No Dispute
INV-005023,CUST-0067,2025-11-05,2026-01-04,60,7469.34,0,,No Dispute
INV-005024,CUST-0067,2024-04-22,2024-06-21,60,10729.84,0,,No Dispute
INV-005025,CUST-0067,2024-04-22,2024-06-21,60,8710.34,0,,No Dispute
INV-005026,CUST-0067,2024-10-30,2024-12-29,60,11292.42,0,,No Dispute
INV-005027,CUST-0067,2024-02-19,2024-04-19,60,11529.66,0,,No Dispute
INV-005028,CUST-0067,2025-11-14,2026-01-13,60,3368.52,0,,No Dispute
INV-005029,CUST-0067,2024-06-02,2024-08-01,60,11983.04,0,,No Dispute
INV-005030,CUST-0067,2025-07-01,2025-08-30,60,5146.54,1,3.0,Open
INV-005031,CUST-0067,2025-08-10,2025-10-09,60,4392.57,0,,No Dispute
INV-005032,CUST-0067,2024-04-17,2024-06-16,60,9917.58,0,,No Dispute
INV-005033,CUST-0067,2025-08-26,2025-10-25,60,11339.72,0,,No Dispute
INV-005034,CUST-0067,2024-06-28,2024-08-27,60,6778.93,0,,No Dispute
INV-005035,CUST-0067,2025-03-17,2025-05-16,60,9553.76,0,,No Dispute
INV-005036,CUST-0067,2024-09-30,2024-11-29,60,7406.11,0,,No Dispute
INV-005037,CUST-0067,2024-03-12,2024-05-11,60,7846.0,0,,No Dispute
INV-005038,CUST-0067,2024-03-10,2024-05-09,60,5154.22,0,,No Dispute
INV-005039,CUST-0067,2024-11-07,2025-01-06,60,7198.39,1,2.0,Resolved
INV-005040,CUST-0067,2025-02-26,2025-04-27,60,9442.31,0,,No Dispute
INV-005041,CUST-0067,2025-07-19,2025-09-17,60,8061.58,0,,No Dispute
INV-005042,CUST-0067,2024-06-03,2024-08-02,60,9061.86,0,,No Dispute
INV-005043,CUST-0067,2025-02-21,2025-04-22,60,8315.23,0,,No Dispute
INV-005044,CUST-0067,2024-02-14,2024-04-14,60,2534.43,0,,No Dispute
INV-005045,CUST-0067,2024-06-12,2024-08-11,60,3404.33,0,,No Dispute
INV-005046,CUST-0067,2025-11-27,2026-01-26,60,7727.59,0,,No Dispute
INV-005047,CUST-0067,2025-01-20,2025-03-21,60,5550.01,0,,No Dispute
INV-005048,CUST-0067,2025-09-01,2025-10-31,60,7734.79,0,,No Dispute
INV-005049,CUST-0067,2025-12-21,2026-02-19,60,4601.09,0,,No Dispute
INV-005050,CUST-0067,2025-01-18,2025-03-19,60,2969.08,0,,No Dispute
INV-005051,CUST-0067,2024-04-18,2024-06-17,60,10502.69,0,,No Dispute
INV-005052,CUST-0067,2024-08-15,2024-10-14,60,10384.09,0,,No Dispute
INV-005053,CUST-0067,2025-01-29,2025-03-30,60,9426.45,0,,No Dispute
INV-005054,CUST-0067,2025-05-28,2025-07-27,60,3381.88,1,5.0,Open
INV-005055,CUST-0067,2024-04-02,2024-06-01,60,10761.74,1,3.0,Resolved
INV-005056,CUST-0067,2025-05-22,2025-07-21,60,4229.23,0,,No Dispute
INV-005057,CUST-0067,2024-07-16,2024-09-14,60,7635.44,1,2.0,Open
INV-005058,CUST-0067,2024-02-12,2024-04-12,60,5885.36,0,,No Dispute
INV-005059,CUST-0067,2025-12-28,2026-02-26,60,4561.79,0,,No Dispute
INV-005060,CUST-0067,2025-01-24,2025-03-25,60,2567.94,0,,No Dispute
INV-005061,CUST-0067,2024-08-14,2024-10-13,60,11933.53,0,,No Dispute
INV-005062,CUST-0067,2025-01-30,2025-03-31,60,7370.43,0,,No Dispute
INV-005063,CUST-0067,2024-01-11,2024-03-11,60,1762.2,0,,No Dispute
INV-005064,CUST-0067,2024-07-08,2024-09-06,60,2168.19,0,,No Dispute
INV-005065,CUST-0067,2025-09-24,2025-11-23,60,8375.81,0,,No Dispute
INV-005066,CUST-0067,2025-09-20,2025-11-19,60,4880.3,0,,No Dispute
INV-005067,CUST-0067,2025-12-29,2026-02-27,60,3709.67,0,,No Dispute
INV-005068,CUST-0067,2024-11-10,2025-01-09,60,3142.84,0,,No Dispute
INV-005069,CUST-0067,2025-01-15,2025-03-16,60,7947.66,0,,No Dispute
INV-005070,CUST-0067,2025-06-21,2025-08-20,60,5292.88,1,2.0,Resolved
INV-005071,CUST-0067,2024-03-17,2024-05-16,60,10191.33,0,,No Dispute
INV-005072,CUST-0067,2025-07-19,2025-09-17,60,11903.89,0,,No Dispute
INV-005073,CUST-0067,2024-09-03,2024-11-02,60,5459.46,0,,No Dispute
INV-005074,CUST-0067,2024-01-18,2024-03-18,60,11332.74,0,,No Dispute
INV-005075,CUST-0067,2025-08-19,2025-10-18,60,10528.01,0,,No Dispute
INV-005076,CUST-0067,2024-01-13,2024-03-13,60,9550.75,0,,No Dispute
INV-005077,CUST-0067,2024-10-10,2024-12-09,60,2767.43,0,,No Dispute
INV-005078,CUST-0067,2024-12-14,2025-02-12,60,11347.0,0,,No Dispute
INV-005079,CUST-0067,2025-01-28,2025-03-29,60,2474.81,0,,No Dispute
INV-005080,CUST-0067,2025-08-24,2025-10-23,60,6102.57,1,2.0,Open
INV-005081,CUST-0067,2024-03-02,2024-05-01,60,6882.04,0,,No Dispute
INV-005082,CUST-0067,2024-10-03,2024-12-02,60,7374.54,1,4.0,Resolved
INV-005083,CUST-0067,2025-01-02,2025-03-03,60,7395.84,1,1.0,Resolved
INV-005084,CUST-0067,2024-06-12,2024-08-11,60,4837.76,0,,No Dispute
INV-005085,CUST-0067,2025-03-20,2025-05-19,60,10297.31,0,,No Dispute
INV-005086,CUST-0067,2024-04-08,2024-06-07,60,11005.7,1,5.0,Resolved
INV-005087,CUST-0067,2025-03-17,2025-05-16,60,8232.87,0,,No Dispute
INV-005088,CUST-0067,2024-10-05,2024-12-04,60,6673.74,0,,No Dispute
INV-005089,CUST-0067,2024-04-04,2024-06-03,60,9372.7,0,,No Dispute
INV-005090,CUST-0067,2024-04-09,2024-06-08,60,9200.81,0,,No Dispute
INV-005091,CUST-0067,2025-11-21,2026-01-20,60,4864.48,0,,No Dispute
INV-005092,CUST-0067,2025-05-29,2025-07-28,60,9806.01,0,,No Dispute
INV-005093,CUST-0067,2024-10-11,2024-12-10,60,3523.58,1,1.0,Resolved
INV-005094,CUST-0067,2025-05-03,2025-07-02,60,3550.39,0,,No Dispute
INV-005095,CUST-0067,2025-10-23,2025-12-22,60,3192.13,0,,No Dispute
INV-005096,CUST-0067,2025-01-09,2025-03-10,60,10827.6,0,,No Dispute
INV-005097,CUST-0067,2025-03-30,2025-05-29,60,2029.45,0,,No Dispute
INV-005098,CUST-0067,2024-10-03,2024-12-02,60,2761.44,0,,No Dispute
INV-005099,CUST-0067,2024-01-29,2024-03-29,60,6903.44,0,,No Dispute
INV-005100,CUST-0067,2024-03-30,2024-05-29,60,11506.54,0,,No Dispute
INV-005101,CUST-0067,2024-02-14,2024-04-14,60,11952.4,0,,No Dispute
INV-005102,CUST-0067,2025-11-28,2026-01-27,60,11772.1,0,,No Dispute
INV-005103,CUST-0067,2024-03-11,2024-05-10,60,10432.13,0,,No Dispute
INV-005104,CUST-0067,2024-03-09,2024-05-08,60,10527.98,0,,No Dispute
INV-005105,CUST-0067,2024-10-31,2024-12-30,60,1528.98,0,,No Dispute
INV-005106,CUST-0067,2024-02-24,2024-04-24,60,3378.6,0,,No Dispute
INV-005107,CUST-0067,2025-03-10,2025-05-09,60,10999.72,1,5.0,Resolved
INV-005108,CUST-0067,2024-07-26,2024-09-24,60,8738.72,0,,No Dispute
INV-005109,CUST-0067,2024-10-13,2024-12-12,60,6010.73,0,,No Dispute
INV-005110,CUST-0067,2025-05-30,2025-07-29,60,5358.4,0,,No Dispute
INV-005111,CUST-0067,2025-12-14,2026-02-12,60,3408.87,0,,No Dispute
INV-005112,CUST-0068,2025-11-18,2025-12-18,30,2744.45,0,,No Dispute
INV-005113,CUST-0068,2024-11-30,2024-12-30,30,6349.26,0,,No Dispute
INV-005114,CUST-0068,2025-10-21,2025-11-20,30,9382.27,0,,No Dispute
INV-005115,CUST-0068,2024-08-23,2024-09-22,30,9731.66,0,,No Dispute
INV-005116,CUST-0068,2024-01-22,2024-02-21,30,9594.84,0,,No Dispute
INV-005117,CUST-0068,2025-07-04,2025-08-03,30,2408.2,0,,No Dispute
INV-005118,CUST-0068,2025-12-11,2026-01-10,30,9233.81,0,,No Dispute
INV-005119,CUST-0068,2025-11-14,2025-12-14,30,8251.42,0,,No Dispute
INV-005120,CUST-0068,2025-01-24,2025-02-23,30,9049.08,0,,No Dispute
INV-005121,CUST-0068,2025-08-07,2025-09-06,30,7705.31,0,,No Dispute
INV-005122,CUST-0068,2025-04-04,2025-05-04,30,5133.02,1,4.0,Resolved
INV-005123,CUST-0068,2025-10-14,2025-11-13,30,11464.03,0,,No Dispute
INV-005124,CUST-0068,2025-08-16,2025-09-15,30,1918.5,0,,No Dispute
INV-005125,CUST-0068,2025-08-28,2025-09-27,30,2933.65,0,,No Dispute
INV-005126,CUST-0068,2025-04-23,2025-05-23,30,11117.29,0,,No Dispute
INV-005127,CUST-0068,2025-01-05,2025-02-04,30,4544.9,0,,No Dispute
INV-005128,CUST-0068,2024-11-12,2024-12-12,30,11173.33,0,,No Dispute
INV-005129,CUST-0068,2025-06-06,2025-07-06,30,11784.87,0,,No Dispute
INV-005130,CUST-0068,2025-01-25,2025-02-24,30,2250.95,0,,No Dispute
INV-005131,CUST-0068,2025-10-09,2025-11-08,30,5293.26,0,,No Dispute
INV-005132,CUST-0068,2025-07-10,2025-08-09,30,8398.31,0,,No Dispute
INV-005133,CUST-0068,2025-12-07,2026-01-06,30,9160.78,0,,No Dispute
INV-005134,CUST-0068,2024-07-21,2024-08-20,30,7442.96,0,,No Dispute
INV-005135,CUST-0068,2024-04-12,2024-05-12,30,7329.87,0,,No Dispute
INV-005136,CUST-0068,2025-06-24,2025-07-24,30,2249.99,0,,No Dispute
INV-005137,CUST-0068,2024-04-18,2024-05-18,30,8464.65,0,,No Dispute
INV-005138,CUST-0068,2025-05-24,2025-06-23,30,8185.2,0,,No Dispute
INV-005139,CUST-0068,2024-03-19,2024-04-18,30,7202.81,1,3.0,Resolved
INV-005140,CUST-0068,2024-02-27,2024-03-28,30,5001.58,0,,No Dispute
INV-005141,CUST-0068,2025-07-01,2025-07-31,30,4626.38,0,,No Dispute
INV-005142,CUST-0068,2025-06-11,2025-07-11,30,9505.4,0,,No Dispute
INV-005143,CUST-0068,2025-06-07,2025-07-07,30,10506.89,0,,No Dispute
INV-005144,CUST-0068,2025-02-12,2025-03-14,30,5670.3,0,,No Dispute
INV-005145,CUST-0068,2024-04-07,2024-05-07,30,7743.79,0,,No Dispute
INV-005146,CUST-0068,2025-03-31,2025-04-30,30,8896.93,0,,No Dispute
INV-005147,CUST-0068,2025-01-07,2025-02-06,30,10230.49,0,,No Dispute
INV-005148,CUST-0068,2025-08-10,2025-09-09,30,8533.85,0,,No Dispute
INV-005149,CUST-0068,2025-05-29,2025-06-28,30,4756.48,0,,No Dispute
INV-005150,CUST-0068,2024-05-06,2024-06-05,30,11193.43,0,,No Dispute
INV-005151,CUST-0068,2025-03-17,2025-04-16,30,6939.5,0,,No Dispute
INV-005152,CUST-0068,2025-04-13,2025-05-13,30,5364.4,0,,No Dispute
INV-005153,CUST-0068,2025-11-28,2025-12-28,30,2494.63,0,,No Dispute
INV-005154,CUST-0068,2025-05-11,2025-06-10,30,3012.5,0,,No Dispute
INV-005155,CUST-0068,2024-05-08,2024-06-07,30,7213.79,0,,No Dispute
INV-005156,CUST-0068,2024-01-08,2024-02-07,30,6112.95,0,,No Dispute
INV-005157,CUST-0068,2025-07-10,2025-08-09,30,2908.13,0,,No Dispute
INV-005158,CUST-0068,2024-01-26,2024-02-25,30,2472.72,0,,No Dispute
INV-005159,CUST-0068,2024-09-28,2024-10-28,30,6775.87,0,,No Dispute
INV-005160,CUST-0068,2024-02-11,2024-03-12,30,5464.25,0,,No Dispute
INV-005161,CUST-0068,2025-09-03,2025-10-03,30,9447.77,0,,No Dispute
INV-005162,CUST-0068,2025-09-25,2025-10-25,30,5040.55,0,,No Dispute
INV-005163,CUST-0068,2024-02-12,2024-03-13,30,2477.02,0,,No Dispute
INV-005164,CUST-0068,2025-08-23,2025-09-22,30,10539.4,0,,No Dispute
INV-005165,CUST-0068,2025-03-12,2025-04-11,30,4690.46,0,,No Dispute
INV-005166,CUST-0068,2024-05-07,2024-06-06,30,8911.76,0,,No Dispute
INV-005167,CUST-0068,2025-03-26,2025-04-25,30,4487.49,0,,No Dispute
INV-005168,CUST-0068,2024-12-31,2025-01-30,30,9927.29,0,,No Dispute
INV-005169,CUST-0068,2024-12-08,2025-01-07,30,6225.5,0,,No Dispute
INV-005170,CUST-0068,2024-06-10,2024-07-10,30,9422.16,0,,No Dispute
INV-005171,CUST-0068,2024-11-04,2024-12-04,30,9755.07,0,,No Dispute
INV-005172,CUST-0068,2025-02-08,2025-03-10,30,11276.95,0,,No Dispute
INV-005173,CUST-0068,2025-11-21,2025-12-21,30,6745.04,0,,No Dispute
INV-005174,CUST-0068,2024-10-25,2024-11-24,30,6714.87,0,,No Dispute
INV-005175,CUST-0068,2024-09-30,2024-10-30,30,10860.58,0,,No Dispute
INV-005176,CUST-0068,2025-12-26,2026-01-25,30,4297.86,0,,No Dispute
INV-005177,CUST-0068,2024-04-19,2024-05-19,30,5592.53,0,,No Dispute
INV-005178,CUST-0068,2025-02-06,2025-03-08,30,10992.66,0,,No Dispute
INV-005179,CUST-0068,2024-04-25,2024-05-25,30,8874.59,0,,No Dispute
INV-005180,CUST-0068,2025-03-22,2025-04-21,30,3061.51,0,,No Dispute
INV-005181,CUST-0069,2025-05-19,2025-07-03,45,2884.25,0,,No Dispute
INV-005182,CUST-0069,2024-08-29,2024-10-13,45,11448.01,0,,No Dispute
INV-005183,CUST-0069,2025-04-26,2025-06-10,45,3060.07,0,,No Dispute
INV-005184,CUST-0069,2024-09-04,2024-10-19,45,7431.7,0,,No Dispute
INV-005185,CUST-0069,2025-12-19,2026-02-02,45,3194.36,0,,No Dispute
INV-005186,CUST-0069,2025-01-06,2025-02-20,45,2093.33,0,,No Dispute
INV-005187,CUST-0069,2024-01-30,2024-03-15,45,8845.94,0,,No Dispute
INV-005188,CUST-0069,2025-03-22,2025-05-06,45,3207.65,0,,No Dispute
INV-005189,CUST-0069,2025-01-26,2025-03-12,45,4720.11,0,,No Dispute
INV-005190,CUST-0069,2025-05-20,2025-07-04,45,9686.39,0,,No Dispute
INV-005191,CUST-0069,2025-08-29,2025-10-13,45,3547.16,0,,No Dispute
INV-005192,CUST-0069,2024-05-01,2024-06-15,45,4591.27,1,3.0,Resolved
INV-005193,CUST-0069,2025-06-04,2025-07-19,45,3124.69,0,,No Dispute
INV-005194,CUST-0069,2024-07-13,2024-08-27,45,9221.49,0,,No Dispute
INV-005195,CUST-0069,2024-05-19,2024-07-03,45,8657.09,0,,No Dispute
INV-005196,CUST-0069,2025-09-20,2025-11-04,45,6683.12,1,4.0,Resolved
INV-005197,CUST-0069,2025-07-13,2025-08-27,45,7271.21,0,,No Dispute
INV-005198,CUST-0069,2025-03-09,2025-04-23,45,3320.25,0,,No Dispute
INV-005199,CUST-0069,2025-09-16,2025-10-31,45,8250.99,0,,No Dispute
INV-005200,CUST-0069,2025-11-29,2026-01-13,45,5087.58,0,,No Dispute
INV-005201,CUST-0069,2024-09-23,2024-11-07,45,1695.04,0,,No Dispute
INV-005202,CUST-0069,2024-02-04,2024-03-20,45,8389.06,1,5.0,Open
INV-005203,CUST-0069,2025-08-31,2025-10-15,45,8155.66,0,,No Dispute
INV-005204,CUST-0069,2024-12-10,2025-01-24,45,4284.74,1,2.0,Resolved
INV-005205,CUST-0069,2024-04-16,2024-05-31,45,2958.06,0,,No Dispute
INV-005206,CUST-0069,2024-02-28,2024-04-13,45,5161.09,0,,No Dispute
INV-005207,CUST-0069,2024-05-06,2024-06-20,45,10403.77,0,,No Dispute
INV-005208,CUST-0069,2025-03-25,2025-05-09,45,6666.28,0,,No Dispute
INV-005209,CUST-0069,2025-04-02,2025-05-17,45,6615.02,0,,No Dispute
INV-005210,CUST-0069,2025-03-10,2025-04-24,45,1513.13,0,,No Dispute
INV-005211,CUST-0069,2025-08-26,2025-10-10,45,9738.17,0,,No Dispute
INV-005212,CUST-0069,2025-09-05,2025-10-20,45,8063.53,0,,No Dispute
INV-005213,CUST-0069,2024-11-22,2025-01-06,45,8114.88,0,,No Dispute
INV-005214,CUST-0069,2025-06-13,2025-07-28,45,2160.63,0,,No Dispute
INV-005215,CUST-0069,2025-05-04,2025-06-18,45,4458.4,0,,No Dispute
INV-005216,CUST-0069,2025-06-02,2025-07-17,45,2177.99,0,,No Dispute
INV-005217,CUST-0069,2024-03-17,2024-05-01,45,10713.7,0,,No Dispute
INV-005218,CUST-0069,2024-03-23,2024-05-07,45,7560.17,0,,No Dispute
INV-005219,CUST-0069,2024-03-17,2024-05-01,45,11957.28,1,4.0,Resolved
INV-005220,CUST-0069,2024-11-07,2024-12-22,45,2601.02,0,,No Dispute
INV-005221,CUST-0069,2024-12-29,2025-02-12,45,5587.91,0,,No Dispute
INV-005222,CUST-0069,2024-11-22,2025-01-06,45,9599.79,0,,No Dispute
INV-005223,CUST-0069,2024-05-03,2024-06-17,45,10448.78,0,,No Dispute
INV-005224,CUST-0069,2024-05-11,2024-06-25,45,5580.8,0,,No Dispute
INV-005225,CUST-0069,2024-11-26,2025-01-10,45,6069.81,0,,No Dispute
INV-005226,CUST-0069,2024-09-21,2024-11-05,45,2723.89,1,2.0,Open
INV-005227,CUST-0069,2024-10-30,2024-12-14,45,6497.82,0,,No Dispute
INV-005228,CUST-0069,2024-07-21,2024-09-04,45,2400.56,0,,No Dispute
INV-005229,CUST-0069,2024-01-18,2024-03-03,45,2287.01,0,,No Dispute
INV-005230,CUST-0069,2025-01-13,2025-02-27,45,7806.91,0,,No Dispute
INV-005231,CUST-0069,2025-06-13,2025-07-28,45,4367.05,0,,No Dispute
INV-005232,CUST-0069,2025-11-02,2025-12-17,45,8245.9,0,,No Dispute
INV-005233,CUST-0069,2024-11-09,2024-12-24,45,2990.67,0,,No Dispute
INV-005234,CUST-0069,2024-07-15,2024-08-29,45,8576.7,0,,No Dispute
INV-005235,CUST-0069,2024-12-19,2025-02-02,45,7530.47,0,,No Dispute
INV-005236,CUST-0069,2024-02-22,2024-04-07,45,2618.22,0,,No Dispute
INV-005237,CUST-0069,2024-05-26,2024-07-10,45,2957.63,0,,No Dispute
INV-005238,CUST-0069,2024-04-21,2024-06-05,45,1996.53,0,,No Dispute
INV-005239,CUST-0069,2024-04-12,2024-05-27,45,4995.25,0,,No Dispute
INV-005240,CUST-0069,2024-10-26,2024-12-10,45,8647.67,0,,No Dispute
INV-005241,CUST-0069,2025-05-12,2025-06-26,45,5190.31,0,,No Dispute
INV-005242,CUST-0069,2025-10-09,2025-11-23,45,11554.85,0,,No Dispute
INV-005243,CUST-0069,2025-05-04,2025-06-18,45,9091.33,0,,No Dispute
INV-005244,CUST-0069,2025-02-14,2025-03-31,45,10835.98,0,,No Dispute
INV-005245,CUST-0069,2024-05-18,2024-07-02,45,1623.9,0,,No Dispute
INV-005246,CUST-0069,2025-05-27,2025-07-11,45,6266.31,0,,No Dispute
INV-005247,CUST-0069,2025-12-26,2026-02-09,45,4469.2,0,,No Dispute
INV-005248,CUST-0070,2025-06-02,2025-07-02,30,11081.53,1,3.0,Resolved
INV-005249,CUST-0070,2024-08-27,2024-09-26,30,3765.03,0,,No Dispute
INV-005250,CUST-0070,2025-01-03,2025-02-02,30,7709.42,0,,No Dispute
INV-005251,CUST-0070,2025-10-11,2025-11-10,30,8346.21,0,,No Dispute
INV-005252,CUST-0070,2024-05-19,2024-06-18,30,10295.51,0,,No Dispute
INV-005253,CUST-0070,2025-06-24,2025-07-24,30,11753.81,0,,No Dispute
INV-005254,CUST-0070,2024-12-24,2025-01-23,30,9477.74,0,,No Dispute
INV-005255,CUST-0070,2024-10-29,2024-11-28,30,5620.73,0,,No Dispute
INV-005256,CUST-0070,2025-02-06,2025-03-08,30,6487.79,0,,No Dispute
INV-005257,CUST-0070,2025-10-26,2025-11-25,30,7278.8,0,,No Dispute
INV-005258,CUST-0070,2025-05-17,2025-06-16,30,4185.14,0,,No Dispute
INV-005259,CUST-0070,2025-07-18,2025-08-17,30,9198.04,0,,No Dispute
INV-005260,CUST-0070,2024-08-20,2024-09-19,30,4318.86,0,,No Dispute
INV-005261,CUST-0070,2024-02-07,2024-03-08,30,10331.95,0,,No Dispute
INV-005262,CUST-0070,2025-02-25,2025-03-27,30,3824.93,0,,No Dispute
INV-005263,CUST-0070,2024-09-24,2024-10-24,30,8548.13,0,,No Dispute
INV-005264,CUST-0070,2025-01-22,2025-02-21,30,9201.77,0,,No Dispute
INV-005265,CUST-0070,2024-03-09,2024-04-08,30,4382.09,0,,No Dispute
INV-005266,CUST-0070,2025-05-20,2025-06-19,30,9722.66,0,,No Dispute
INV-005267,CUST-0070,2025-08-06,2025-09-05,30,11619.09,1,2.0,Open
INV-005268,CUST-0070,2024-08-08,2024-09-07,30,6186.01,0,,No Dispute
INV-005269,CUST-0070,2024-11-19,2024-12-19,30,7892.94,0,,No Dispute
INV-005270,CUST-0070,2024-11-11,2024-12-11,30,2860.75,0,,No Dispute
INV-005271,CUST-0070,2024-09-13,2024-10-13,30,11787.92,0,,No Dispute
INV-005272,CUST-0070,2025-10-27,2025-11-26,30,3045.82,0,,No Dispute
INV-005273,CUST-0070,2024-11-06,2024-12-06,30,2087.89,0,,No Dispute
INV-005274,CUST-0070,2024-03-11,2024-04-10,30,7706.62,0,,No Dispute
INV-005275,CUST-0070,2024-03-19,2024-04-18,30,11042.02,0,,No Dispute
INV-005276,CUST-0070,2024-11-18,2024-12-18,30,6881.33,0,,No Dispute
INV-005277,CUST-0070,2025-10-15,2025-11-14,30,1977.0,0,,No Dispute
INV-005278,CUST-0070,2024-03-24,2024-04-23,30,9502.97,0,,No Dispute
INV-005279,CUST-0070,2024-01-22,2024-02-21,30,6120.94,0,,No Dispute
INV-005280,CUST-0070,2025-04-20,2025-05-20,30,5089.27,1,5.0,Resolved
INV-005281,CUST-0070,2025-10-24,2025-11-23,30,6640.03,0,,No Dispute
INV-005282,CUST-0070,2025-11-19,2025-12-19,30,11709.2,0,,No Dispute
INV-005283,CUST-0070,2024-01-19,2024-02-18,30,2517.38,0,,No Dispute
INV-005284,CUST-0070,2024-04-01,2024-05-01,30,5054.38,0,,No Dispute
INV-005285,CUST-0070,2025-12-21,2026-01-20,30,6641.49,0,,No Dispute
INV-005286,CUST-0070,2025-07-17,2025-08-16,30,4558.79,0,,No Dispute
INV-005287,CUST-0070,2025-12-08,2026-01-07,30,1530.38,0,,No Dispute
INV-005288,CUST-0070,2025-10-11,2025-11-10,30,8599.14,0,,No Dispute
INV-005289,CUST-0070,2024-02-18,2024-03-19,30,1599.96,0,,No Dispute
INV-005290,CUST-0070,2024-01-21,2024-02-20,30,2993.55,0,,No Dispute
INV-005291,CUST-0070,2025-06-02,2025-07-02,30,10519.96,0,,No Dispute
INV-005292,CUST-0070,2025-06-06,2025-07-06,30,9287.04,0,,No Dispute
INV-005293,CUST-0070,2025-02-26,2025-03-28,30,6908.73,0,,No Dispute
INV-005294,CUST-0070,2025-01-25,2025-02-24,30,5535.68,0,,No Dispute
INV-005295,CUST-0070,2024-09-14,2024-10-14,30,2620.79,0,,No Dispute
INV-005296,CUST-0070,2025-04-25,2025-05-25,30,9163.41,0,,No Dispute
INV-005297,CUST-0070,2025-04-09,2025-05-09,30,3220.51,0,,No Dispute
INV-005298,CUST-0070,2025-01-01,2025-01-31,30,1561.12,0,,No Dispute
INV-005299,CUST-0070,2024-12-15,2025-01-14,30,8537.13,0,,No Dispute
INV-005300,CUST-0070,2024-10-18,2024-11-17,30,10658.41,0,,No Dispute
INV-005301,CUST-0070,2024-06-18,2024-07-18,30,4115.77,0,,No Dispute
INV-005302,CUST-0070,2025-01-18,2025-02-17,30,2635.88,0,,No Dispute
INV-005303,CUST-0070,2024-01-13,2024-02-12,30,4999.44,1,1.0,Resolved
INV-005304,CUST-0070,2024-02-16,2024-03-17,30,9090.7,0,,No Dispute
INV-005305,CUST-0070,2024-03-18,2024-04-17,30,4797.89,0,,No Dispute
INV-005306,CUST-0070,2025-11-02,2025-12-02,30,5821.9,0,,No Dispute
INV-005307,CUST-0070,2024-02-19,2024-03-20,30,6650.7,0,,No Dispute
INV-005308,CUST-0070,2024-12-29,2025-01-28,30,6381.67,0,,No Dispute
INV-005309,CUST-0070,2024-09-15,2024-10-15,30,11505.68,0,,No Dispute
INV-005310,CUST-0070,2025-02-04,2025-03-06,30,6179.91,0,,No Dispute
INV-005311,CUST-0070,2025-08-01,2025-08-31,30,11254.26,0,,No Dispute
INV-005312,CUST-0070,2024-11-17,2024-12-17,30,1861.32,0,,No Dispute
INV-005313,CUST-0071,2025-02-12,2025-03-14,30,2379.05,0,,No Dispute
INV-005314,CUST-0071,2024-09-12,2024-10-12,30,1666.51,0,,No Dispute
INV-005315,CUST-0071,2025-05-19,2025-06-18,30,556.37,0,,No Dispute
INV-005316,CUST-0071,2025-10-06,2025-11-05,30,1959.89,0,,No Dispute
INV-005317,CUST-0071,2024-08-03,2024-09-02,30,2147.95,0,,No Dispute
INV-005318,CUST-0071,2024-10-20,2024-11-19,30,519.24,0,,No Dispute
INV-005319,CUST-0071,2025-05-06,2025-06-05,30,1544.03,0,,No Dispute
INV-005320,CUST-0071,2024-04-29,2024-05-29,30,2644.39,0,,No Dispute
INV-005321,CUST-0071,2025-04-28,2025-05-28,30,2212.18,0,,No Dispute
INV-005322,CUST-0071,2024-12-30,2025-01-29,30,3574.36,0,,No Dispute
INV-005323,CUST-0071,2024-12-07,2025-01-06,30,2130.91,0,,No Dispute
INV-005324,CUST-0071,2025-09-09,2025-10-09,30,554.64,0,,No Dispute
INV-005325,CUST-0071,2025-11-11,2025-12-11,30,2840.31,0,,No Dispute
INV-005326,CUST-0071,2025-09-26,2025-10-26,30,2199.15,0,,No Dispute
INV-005327,CUST-0071,2025-02-13,2025-03-15,30,2005.86,0,,No Dispute
INV-005328,CUST-0071,2024-04-27,2024-05-27,30,935.12,0,,No Dispute
INV-005329,CUST-0071,2025-12-05,2026-01-04,30,2800.81,0,,No Dispute
INV-005330,CUST-0071,2024-09-12,2024-10-12,30,1090.33,0,,No Dispute
INV-005331,CUST-0071,2025-06-25,2025-07-25,30,1669.96,0,,No Dispute
INV-005332,CUST-0071,2025-05-01,2025-05-31,30,1769.49,0,,No Dispute
INV-005333,CUST-0071,2025-04-07,2025-05-07,30,1582.26,0,,No Dispute
INV-005334,CUST-0071,2024-07-31,2024-08-30,30,1475.11,0,,No Dispute
INV-005335,CUST-0072,2024-06-02,2024-07-02,30,9584.02,0,,No Dispute
INV-005336,CUST-0072,2024-08-24,2024-09-23,30,4755.09,1,4.0,Open
INV-005337,CUST-0072,2024-12-25,2025-01-24,30,2091.16,0,,No Dispute
INV-005338,CUST-0072,2025-03-13,2025-04-12,30,5074.63,0,,No Dispute
INV-005339,CUST-0072,2024-09-29,2024-10-29,30,3471.45,0,,No Dispute
INV-005340,CUST-0072,2025-08-12,2025-09-11,30,6826.47,0,,No Dispute
INV-005341,CUST-0072,2024-02-06,2024-03-07,30,11109.04,1,4.0,Resolved
INV-005342,CUST-0072,2025-12-10,2026-01-09,30,7958.35,0,,No Dispute
INV-005343,CUST-0072,2025-07-21,2025-08-20,30,7386.01,0,,No Dispute
INV-005344,CUST-0072,2024-12-08,2025-01-07,30,4670.48,0,,No Dispute
INV-005345,CUST-0072,2025-09-17,2025-10-17,30,7979.04,0,,No Dispute
INV-005346,CUST-0072,2024-02-07,2024-03-08,30,4481.5,0,,No Dispute
INV-005347,CUST-0072,2024-10-21,2024-11-20,30,9526.37,0,,No Dispute
INV-005348,CUST-0072,2025-11-18,2025-12-18,30,6767.94,0,,No Dispute
INV-005349,CUST-0072,2024-09-13,2024-10-13,30,10051.5,0,,No Dispute
INV-005350,CUST-0072,2024-03-16,2024-04-15,30,5334.16,0,,No Dispute
INV-005351,CUST-0072,2024-04-29,2024-05-29,30,9435.93,0,,No Dispute
INV-005352,CUST-0072,2024-07-23,2024-08-22,30,7474.08,0,,No Dispute
INV-005353,CUST-0072,2025-11-01,2025-12-01,30,4865.36,0,,No Dispute
INV-005354,CUST-0072,2024-08-20,2024-09-19,30,3713.42,0,,No Dispute
INV-005355,CUST-0072,2025-11-05,2025-12-05,30,4886.11,0,,No Dispute
INV-005356,CUST-0072,2024-07-11,2024-08-10,30,7671.56,0,,No Dispute
INV-005357,CUST-0072,2024-03-05,2024-04-04,30,2281.94,0,,No Dispute
INV-005358,CUST-0072,2024-08-15,2024-09-14,30,7622.32,0,,No Dispute
INV-005359,CUST-0072,2025-04-25,2025-05-25,30,2938.99,0,,No Dispute
INV-005360,CUST-0072,2024-01-23,2024-02-22,30,1770.19,0,,No Dispute
INV-005361,CUST-0072,2025-02-10,2025-03-12,30,9637.27,0,,No Dispute
INV-005362,CUST-0072,2025-09-03,2025-10-03,30,4817.64,0,,No Dispute
INV-005363,CUST-0072,2024-12-03,2025-01-02,30,9196.07,1,5.0,Resolved
INV-005364,CUST-0072,2024-04-07,2024-05-07,30,5221.3,0,,No Dispute
INV-005365,CUST-0072,2025-04-08,2025-05-08,30,11305.78,0,,No Dispute
INV-005366,CUST-0072,2024-03-13,2024-04-12,30,3552.07,0,,No Dispute
INV-005367,CUST-0072,2024-05-18,2024-06-17,30,10232.07,0,,No Dispute
INV-005368,CUST-0072,2024-08-19,2024-09-18,30,3540.76,0,,No Dispute
INV-005369,CUST-0072,2025-08-16,2025-09-15,30,11444.36,0,,No Dispute
INV-005370,CUST-0072,2024-10-05,2024-11-04,30,10292.88,0,,No Dispute
INV-005371,CUST-0072,2024-08-09,2024-09-08,30,3530.44,0,,No Dispute
INV-005372,CUST-0072,2024-11-27,2024-12-27,30,6905.71,0,,No Dispute
INV-005373,CUST-0072,2024-04-05,2024-05-05,30,9401.96,0,,No Dispute
INV-005374,CUST-0072,2024-09-14,2024-10-14,30,8002.65,0,,No Dispute
INV-005375,CUST-0072,2024-04-14,2024-05-14,30,2464.88,0,,No Dispute
INV-005376,CUST-0072,2025-11-11,2025-12-11,30,6477.77,0,,No Dispute
INV-005377,CUST-0072,2025-03-29,2025-04-28,30,5123.66,1,2.0,Resolved
INV-005378,CUST-0072,2025-04-08,2025-05-08,30,9558.85,0,,No Dispute
INV-005379,CUST-0072,2025-02-25,2025-03-27,30,7627.65,0,,No Dispute
INV-005380,CUST-0072,2025-10-05,2025-11-04,30,3030.93,0,,No Dispute
INV-005381,CUST-0072,2024-01-25,2024-02-24,30,11585.44,0,,No Dispute
INV-005382,CUST-0072,2024-07-27,2024-08-26,30,10197.66,0,,No Dispute
INV-005383,CUST-0072,2025-09-10,2025-10-10,30,7521.45,0,,No Dispute
INV-005384,CUST-0072,2025-11-27,2025-12-27,30,4712.87,0,,No Dispute
INV-005385,CUST-0072,2025-03-12,2025-04-11,30,5146.07,0,,No Dispute
INV-005386,CUST-0072,2024-05-28,2024-06-27,30,9370.13,0,,No Dispute
INV-005387,CUST-0072,2025-04-30,2025-05-30,30,5892.76,0,,No Dispute
INV-005388,CUST-0072,2024-06-24,2024-07-24,30,8345.32,0,,No Dispute
INV-005389,CUST-0072,2025-05-17,2025-06-16,30,8449.82,0,,No Dispute
INV-005390,CUST-0072,2025-04-19,2025-05-19,30,2646.39,0,,No Dispute
INV-005391,CUST-0072,2025-10-08,2025-11-07,30,10825.17,0,,No Dispute
INV-005392,CUST-0072,2025-12-03,2026-01-02,30,9198.41,0,,No Dispute
INV-005393,CUST-0072,2025-01-14,2025-02-13,30,3490.11,0,,No Dispute
INV-005394,CUST-0072,2025-08-25,2025-09-24,30,4387.5,0,,No Dispute
INV-005395,CUST-0072,2024-07-28,2024-08-27,30,10083.83,0,,No Dispute
INV-005396,CUST-0072,2024-03-03,2024-04-02,30,6069.85,0,,No Dispute
INV-005397,CUST-0072,2025-11-23,2025-12-23,30,7710.68,0,,No Dispute
INV-005398,CUST-0072,2025-11-28,2025-12-28,30,9188.7,0,,No Dispute
INV-005399,CUST-0072,2025-10-07,2025-11-06,30,9659.67,0,,No Dispute
INV-005400,CUST-0072,2024-11-03,2024-12-03,30,9714.1,0,,No Dispute
INV-005401,CUST-0072,2024-05-29,2024-06-28,30,4105.31,0,,No Dispute
INV-005402,CUST-0072,2025-10-13,2025-11-12,30,4129.9,1,2.0,Resolved
INV-005403,CUST-0072,2024-04-22,2024-05-22,30,8312.81,0,,No Dispute
INV-005404,CUST-0072,2025-05-13,2025-06-12,30,2861.0,0,,No Dispute
INV-005405,CUST-0072,2025-11-15,2025-12-15,30,6193.56,0,,No Dispute
INV-005406,CUST-0072,2025-03-10,2025-04-09,30,10839.95,0,,No Dispute
INV-005407,CUST-0072,2025-12-27,2026-01-26,30,11217.22,1,5.0,Resolved
INV-005408,CUST-0072,2024-09-15,2024-10-15,30,8908.69,0,,No Dispute
INV-005409,CUST-0072,2025-04-23,2025-05-23,30,11481.58,0,,No Dispute
INV-005410,CUST-0072,2025-08-09,2025-09-08,30,10295.99,0,,No Dispute
INV-005411,CUST-0072,2024-02-13,2024-03-14,30,5285.94,0,,No Dispute
INV-005412,CUST-0072,2025-12-24,2026-01-23,30,9043.16,0,,No Dispute
INV-005413,CUST-0072,2024-03-21,2024-04-20,30,1678.74,0,,No Dispute
INV-005414,CUST-0072,2024-05-29,2024-06-28,30,3119.79,1,4.0,Resolved
INV-005415,CUST-0072,2024-08-25,2024-09-24,30,8490.36,0,,No Dispute
INV-005416,CUST-0072,2024-01-14,2024-02-13,30,5767.4,0,,No Dispute
INV-005417,CUST-0072,2024-12-22,2025-01-21,30,3582.98,0,,No Dispute
INV-005418,CUST-0072,2024-02-14,2024-03-15,30,7081.85,0,,No Dispute
INV-005419,CUST-0072,2025-07-07,2025-08-06,30,9552.02,0,,No Dispute
INV-005420,CUST-0072,2025-07-07,2025-08-06,30,5004.97,0,,No Dispute
INV-005421,CUST-0072,2025-07-16,2025-08-15,30,7510.89,0,,No Dispute
INV-005422,CUST-0072,2024-05-08,2024-06-07,30,11806.96,0,,No Dispute
INV-005423,CUST-0072,2024-12-06,2025-01-05,30,5991.49,0,,No Dispute
INV-005424,CUST-0072,2024-09-12,2024-10-12,30,9966.4,0,,No Dispute
INV-005425,CUST-0072,2025-06-01,2025-07-01,30,11806.19,0,,No Dispute
INV-005426,CUST-0072,2024-03-12,2024-04-11,30,5777.47,0,,No Dispute
INV-005427,CUST-0072,2024-10-14,2024-11-13,30,10903.27,0,,No Dispute
INV-005428,CUST-0072,2024-01-03,2024-02-02,30,7825.93,0,,No Dispute
INV-005429,CUST-0072,2024-03-27,2024-04-26,30,6768.55,0,,No Dispute
INV-005430,CUST-0072,2025-10-01,2025-10-31,30,5078.63,0,,No Dispute
INV-005431,CUST-0072,2025-10-25,2025-11-24,30,5778.77,0,,No Dispute
INV-005432,CUST-0072,2025-01-07,2025-02-06,30,9679.35,0,,No Dispute
INV-005433,CUST-0072,2024-12-22,2025-01-21,30,4163.91,0,,No Dispute
INV-005434,CUST-0072,2024-08-25,2024-09-24,30,4764.54,0,,No Dispute
INV-005435,CUST-0072,2024-04-28,2024-05-28,30,7117.18,0,,No Dispute
INV-005436,CUST-0072,2024-09-22,2024-10-22,30,2143.4,0,,No Dispute
INV-005437,CUST-0072,2025-06-03,2025-07-03,30,7805.33,0,,No Dispute
INV-005438,CUST-0072,2024-09-02,2024-10-02,30,3791.22,0,,No Dispute
INV-005439,CUST-0072,2025-05-06,2025-06-05,30,8693.78,0,,No Dispute
INV-005440,CUST-0072,2025-09-20,2025-10-20,30,6447.34,0,,No Dispute
INV-005441,CUST-0073,2024-08-02,2024-10-01,60,5024.06,0,,No Dispute
INV-005442,CUST-0073,2025-10-22,2025-12-21,60,10279.19,0,,No Dispute
INV-005443,CUST-0073,2025-07-06,2025-09-04,60,6969.92,0,,No Dispute
INV-005444,CUST-0073,2025-01-27,2025-03-28,60,4230.98,0,,No Dispute
INV-005445,CUST-0073,2025-09-29,2025-11-28,60,11431.02,0,,No Dispute
INV-005446,CUST-0073,2025-11-23,2026-01-22,60,4723.87,0,,No Dispute
INV-005447,CUST-0073,2024-12-20,2025-02-18,60,9290.18,0,,No Dispute
INV-005448,CUST-0073,2025-12-27,2026-02-25,60,11019.44,0,,No Dispute
INV-005449,CUST-0073,2025-11-18,2026-01-17,60,11230.52,0,,No Dispute
INV-005450,CUST-0073,2024-08-16,2024-10-15,60,6528.25,0,,No Dispute
INV-005451,CUST-0073,2024-08-05,2024-10-04,60,11802.68,1,1.0,Resolved
INV-005452,CUST-0073,2025-10-03,2025-12-02,60,4237.43,0,,No Dispute
INV-005453,CUST-0073,2025-09-24,2025-11-23,60,10360.16,0,,No Dispute
INV-005454,CUST-0073,2025-07-17,2025-09-15,60,5301.83,0,,No Dispute
INV-005455,CUST-0073,2025-04-02,2025-06-01,60,4139.64,0,,No Dispute
INV-005456,CUST-0073,2025-02-21,2025-04-22,60,1955.07,0,,No Dispute
INV-005457,CUST-0073,2024-12-28,2025-02-26,60,6484.63,0,,No Dispute
INV-005458,CUST-0073,2025-06-12,2025-08-11,60,1713.35,0,,No Dispute
INV-005459,CUST-0073,2024-01-19,2024-03-19,60,6352.08,0,,No Dispute
INV-005460,CUST-0073,2025-01-15,2025-03-16,60,11989.15,0,,No Dispute
INV-005461,CUST-0073,2025-09-25,2025-11-24,60,3104.77,0,,No Dispute
INV-005462,CUST-0073,2025-08-15,2025-10-14,60,10832.57,0,,No Dispute
INV-005463,CUST-0073,2024-05-11,2024-07-10,60,3461.49,0,,No Dispute
INV-005464,CUST-0073,2024-04-27,2024-06-26,60,7063.17,0,,No Dispute
INV-005465,CUST-0073,2025-06-03,2025-08-02,60,6439.59,0,,No Dispute
INV-005466,CUST-0073,2025-07-21,2025-09-19,60,10680.88,0,,No Dispute
INV-005467,CUST-0073,2024-01-27,2024-03-27,60,9704.23,0,,No Dispute
INV-005468,CUST-0073,2024-04-09,2024-06-08,60,7255.39,0,,No Dispute
INV-005469,CUST-0073,2025-05-13,2025-07-12,60,5024.01,0,,No Dispute
INV-005470,CUST-0073,2024-04-21,2024-06-20,60,10362.85,0,,No Dispute
INV-005471,CUST-0073,2025-08-02,2025-10-01,60,6929.53,0,,No Dispute
INV-005472,CUST-0073,2024-04-15,2024-06-14,60,1519.63,0,,No Dispute
INV-005473,CUST-0073,2025-04-30,2025-06-29,60,4467.71,0,,No Dispute
INV-005474,CUST-0073,2025-09-06,2025-11-05,60,3144.05,0,,No Dispute
INV-005475,CUST-0073,2024-05-25,2024-07-24,60,10862.8,0,,No Dispute
INV-005476,CUST-0073,2024-10-12,2024-12-11,60,9140.41,0,,No Dispute
INV-005477,CUST-0073,2025-11-04,2026-01-03,60,9738.51,0,,No Dispute
INV-005478,CUST-0073,2024-08-02,2024-10-01,60,7812.68,0,,No Dispute
INV-005479,CUST-0073,2025-11-17,2026-01-16,60,5893.21,0,,No Dispute
INV-005480,CUST-0073,2024-12-19,2025-02-17,60,3208.11,0,,No Dispute
INV-005481,CUST-0073,2025-12-19,2026-02-17,60,7271.39,0,,No Dispute
INV-005482,CUST-0073,2025-12-17,2026-02-15,60,2269.53,1,1.0,Resolved
INV-005483,CUST-0073,2024-08-21,2024-10-20,60,7122.26,0,,No Dispute
INV-005484,CUST-0073,2025-11-01,2025-12-31,60,2599.27,0,,No Dispute
INV-005485,CUST-0073,2025-08-13,2025-10-12,60,4297.2,0,,No Dispute
INV-005486,CUST-0073,2025-06-19,2025-08-18,60,9515.75,0,,No Dispute
INV-005487,CUST-0073,2024-04-12,2024-06-11,60,2456.73,0,,No Dispute
INV-005488,CUST-0073,2024-10-04,2024-12-03,60,9401.55,0,,No Dispute
INV-005489,CUST-0073,2024-07-26,2024-09-24,60,5023.42,0,,No Dispute
INV-005490,CUST-0073,2025-01-10,2025-03-11,60,2407.59,0,,No Dispute
INV-005491,CUST-0073,2024-02-08,2024-04-08,60,6922.98,0,,No Dispute
INV-005492,CUST-0073,2024-01-21,2024-03-21,60,1707.71,0,,No Dispute
INV-005493,CUST-0073,2025-12-11,2026-02-09,60,9561.2,0,,No Dispute
INV-005494,CUST-0073,2024-04-10,2024-06-09,60,7856.23,0,,No Dispute
INV-005495,CUST-0073,2025-08-25,2025-10-24,60,5925.71,0,,No Dispute
INV-005496,CUST-0073,2024-06-17,2024-08-16,60,2522.34,0,,No Dispute
INV-005497,CUST-0073,2025-03-07,2025-05-06,60,1784.22,0,,No Dispute
INV-005498,CUST-0073,2025-02-07,2025-04-08,60,9382.78,0,,No Dispute
INV-005499,CUST-0073,2024-04-05,2024-06-04,60,9806.13,0,,No Dispute
INV-005500,CUST-0073,2025-03-24,2025-05-23,60,2953.46,0,,No Dispute
INV-005501,CUST-0073,2025-10-17,2025-12-16,60,9725.59,0,,No Dispute
INV-005502,CUST-0073,2024-10-19,2024-12-18,60,1820.73,0,,No Dispute
INV-005503,CUST-0073,2025-07-03,2025-09-01,60,10606.65,0,,No Dispute
INV-005504,CUST-0073,2024-04-23,2024-06-22,60,7250.56,0,,No Dispute
INV-005505,CUST-0073,2024-03-26,2024-05-25,60,10798.89,0,,No Dispute
INV-005506,CUST-0073,2025-02-09,2025-04-10,60,5466.84,0,,No Dispute
INV-005507,CUST-0073,2024-10-11,2024-12-10,60,10807.29,0,,No Dispute
INV-005508,CUST-0073,2024-04-24,2024-06-23,60,10185.58,0,,No Dispute
INV-005509,CUST-0073,2024-01-03,2024-03-03,60,11416.03,0,,No Dispute
INV-005510,CUST-0073,2024-02-25,2024-04-25,60,10204.02,0,,No Dispute
INV-005511,CUST-0073,2024-10-15,2024-12-14,60,6356.04,0,,No Dispute
INV-005512,CUST-0073,2025-10-14,2025-12-13,60,8049.47,0,,No Dispute
INV-005513,CUST-0073,2024-07-24,2024-09-22,60,3276.07,0,,No Dispute
INV-005514,CUST-0073,2025-12-21,2026-02-19,60,3071.04,0,,No Dispute
INV-005515,CUST-0073,2024-02-02,2024-04-02,60,8797.6,0,,No Dispute
INV-005516,CUST-0073,2024-05-14,2024-07-13,60,2917.97,0,,No Dispute
INV-005517,CUST-0073,2024-04-07,2024-06-06,60,8312.82,0,,No Dispute
INV-005518,CUST-0073,2025-01-11,2025-03-12,60,10143.15,0,,No Dispute
INV-005519,CUST-0073,2024-10-05,2024-12-04,60,11813.05,0,,No Dispute
INV-005520,CUST-0073,2025-10-19,2025-12-18,60,1749.51,0,,No Dispute
INV-005521,CUST-0073,2025-05-30,2025-07-29,60,4816.66,0,,No Dispute
INV-005522,CUST-0073,2024-09-04,2024-11-03,60,1719.77,0,,No Dispute
INV-005523,CUST-0073,2024-08-17,2024-10-16,60,4951.32,0,,No Dispute
INV-005524,CUST-0073,2024-12-17,2025-02-15,60,8884.74,0,,No Dispute
INV-005525,CUST-0073,2025-11-23,2026-01-22,60,1776.83,0,,No Dispute
INV-005526,CUST-0073,2025-07-08,2025-09-06,60,10541.51,0,,No Dispute
INV-005527,CUST-0073,2025-11-17,2026-01-16,60,9471.9,1,5.0,Resolved
INV-005528,CUST-0073,2024-07-29,2024-09-27,60,4415.13,0,,No Dispute
INV-005529,CUST-0073,2024-04-08,2024-06-07,60,3835.88,0,,No Dispute
INV-005530,CUST-0073,2025-07-18,2025-09-16,60,3346.24,0,,No Dispute
INV-005531,CUST-0073,2024-10-25,2024-12-24,60,4344.4,0,,No Dispute
INV-005532,CUST-0073,2024-10-10,2024-12-09,60,2616.95,0,,No Dispute
INV-005533,CUST-0073,2024-02-08,2024-04-08,60,8992.8,0,,No Dispute
INV-005534,CUST-0073,2024-03-23,2024-05-22,60,5854.13,0,,No Dispute
INV-005535,CUST-0073,2024-08-26,2024-10-25,60,3738.02,0,,No Dispute
INV-005536,CUST-0073,2024-05-14,2024-07-13,60,9375.39,0,,No Dispute
INV-005537,CUST-0073,2025-10-23,2025-12-22,60,5606.59,0,,No Dispute
INV-005538,CUST-0073,2024-03-19,2024-05-18,60,4723.76,0,,No Dispute
INV-005539,CUST-0073,2024-08-26,2024-10-25,60,4046.02,0,,No Dispute
INV-005540,CUST-0073,2024-07-05,2024-09-03,60,4934.65,0,,No Dispute
INV-005541,CUST-0073,2024-07-05,2024-09-03,60,5118.22,0,,No Dispute
INV-005542,CUST-0073,2025-05-10,2025-07-09,60,10100.29,0,,No Dispute
INV-005543,CUST-0073,2024-12-19,2025-02-17,60,4879.53,0,,No Dispute
INV-005544,CUST-0073,2025-09-21,2025-11-20,60,6205.18,0,,No Dispute
INV-005545,CUST-0073,2025-03-16,2025-05-15,60,8794.28,0,,No Dispute
INV-005546,CUST-0073,2024-11-11,2025-01-10,60,3308.29,0,,No Dispute
INV-005547,CUST-0073,2024-06-02,2024-08-01,60,5324.2,0,,No Dispute
INV-005548,CUST-0073,2025-08-13,2025-10-12,60,5599.97,0,,No Dispute
INV-005549,CUST-0074,2025-04-28,2025-05-28,30,3250.77,0,,No Dispute
INV-005550,CUST-0074,2025-04-19,2025-05-19,30,1787.22,0,,No Dispute
INV-005551,CUST-0074,2025-07-29,2025-08-28,30,2808.09,0,,No Dispute
INV-005552,CUST-0074,2024-02-28,2024-03-29,30,1209.8,0,,No Dispute
INV-005553,CUST-0074,2025-07-30,2025-08-29,30,3893.56,0,,No Dispute
INV-005554,CUST-0074,2024-02-17,2024-03-18,30,1835.35,0,,No Dispute
INV-005555,CUST-0074,2025-05-20,2025-06-19,30,3722.6,0,,No Dispute
INV-005556,CUST-0074,2024-04-30,2024-05-30,30,1054.87,0,,No Dispute
INV-005557,CUST-0074,2024-01-08,2024-02-07,30,1405.23,0,,No Dispute
INV-005558,CUST-0074,2024-12-04,2025-01-03,30,1213.47,0,,No Dispute
INV-005559,CUST-0074,2024-11-05,2024-12-05,30,631.56,0,,No Dispute
INV-005560,CUST-0074,2025-10-02,2025-11-01,30,2398.78,0,,No Dispute
INV-005561,CUST-0074,2024-04-28,2024-05-28,30,3153.18,0,,No Dispute
INV-005562,CUST-0074,2025-07-29,2025-08-28,30,2882.43,0,,No Dispute
INV-005563,CUST-0074,2024-03-10,2024-04-09,30,1415.86,0,,No Dispute
INV-005564,CUST-0074,2024-03-01,2024-03-31,30,860.76,0,,No Dispute
INV-005565,CUST-0074,2025-10-01,2025-10-31,30,2674.85,0,,No Dispute
INV-005566,CUST-0074,2024-08-18,2024-09-17,30,1979.82,0,,No Dispute
INV-005567,CUST-0074,2024-04-10,2024-05-10,30,619.14,0,,No Dispute
INV-005568,CUST-0074,2025-04-09,2025-05-09,30,598.72,0,,No Dispute
INV-005569,CUST-0074,2024-12-18,2025-01-17,30,2778.3,0,,No Dispute
INV-005570,CUST-0074,2024-10-04,2024-11-03,30,3327.02,0,,No Dispute
INV-005571,CUST-0074,2025-04-08,2025-05-08,30,3572.54,0,,No Dispute
INV-005572,CUST-0074,2024-07-06,2024-08-05,30,2416.53,0,,No Dispute
INV-005573,CUST-0074,2024-04-25,2024-05-25,30,2395.41,0,,No Dispute
INV-005574,CUST-0074,2025-03-26,2025-04-25,30,2531.68,0,,No Dispute
INV-005575,CUST-0074,2024-12-24,2025-01-23,30,2810.5,0,,No Dispute
INV-005576,CUST-0074,2025-05-10,2025-06-09,30,1903.34,0,,No Dispute
INV-005577,CUST-0074,2024-09-30,2024-10-30,30,2125.79,0,,No Dispute
INV-005578,CUST-0074,2024-11-23,2024-12-23,30,1952.41,0,,No Dispute
INV-005579,CUST-0074,2024-11-26,2024-12-26,30,1727.4,0,,No Dispute
INV-005580,CUST-0074,2024-01-17,2024-02-16,30,1970.49,0,,No Dispute
INV-005581,CUST-0074,2024-05-08,2024-06-07,30,2225.98,0,,No Dispute
INV-005582,CUST-0074,2024-05-22,2024-06-21,30,3943.75,0,,No Dispute
INV-005583,CUST-0074,2024-01-12,2024-02-11,30,3043.84,0,,No Dispute
INV-005584,CUST-0074,2025-07-12,2025-08-11,30,3932.39,0,,No Dispute
INV-005585,CUST-0074,2025-12-26,2026-01-25,30,1461.07,0,,No Dispute
INV-005586,CUST-0074,2025-03-27,2025-04-26,30,967.59,0,,No Dispute
INV-005587,CUST-0074,2025-04-30,2025-05-30,30,3921.39,0,,No Dispute
INV-005588,CUST-0074,2024-04-13,2024-05-13,30,2978.32,0,,No Dispute
INV-005589,CUST-0074,2024-03-02,2024-04-01,30,2093.36,0,,No Dispute
INV-005590,CUST-0075,2024-05-16,2024-06-15,30,3328.52,0,,No Dispute
INV-005591,CUST-0075,2024-09-26,2024-10-26,30,5973.97,0,,No Dispute
INV-005592,CUST-0075,2025-02-14,2025-03-16,30,10842.66,0,,No Dispute
INV-005593,CUST-0075,2024-11-10,2024-12-10,30,4508.82,0,,No Dispute
INV-005594,CUST-0075,2024-09-25,2024-10-25,30,1513.01,0,,No Dispute
INV-005595,CUST-0075,2025-08-18,2025-09-17,30,2269.95,0,,No Dispute
INV-005596,CUST-0075,2024-12-03,2025-01-02,30,8511.09,0,,No Dispute
INV-005597,CUST-0075,2024-07-28,2024-08-27,30,4145.13,0,,No Dispute
INV-005598,CUST-0075,2025-08-19,2025-09-18,30,11533.27,0,,No Dispute
INV-005599,CUST-0075,2025-07-14,2025-08-13,30,3958.72,0,,No Dispute
INV-005600,CUST-0075,2024-10-24,2024-11-23,30,3098.31,0,,No Dispute
INV-005601,CUST-0075,2024-12-10,2025-01-09,30,5219.88,0,,No Dispute
INV-005602,CUST-0075,2024-04-15,2024-05-15,30,7353.03,0,,No Dispute
INV-005603,CUST-0075,2024-08-23,2024-09-22,30,10876.75,0,,No Dispute
INV-005604,CUST-0075,2025-07-31,2025-08-30,30,6380.1,0,,No Dispute
INV-005605,CUST-0075,2024-04-27,2024-05-27,30,8740.78,0,,No Dispute
INV-005606,CUST-0075,2024-12-27,2025-01-26,30,3180.55,0,,No Dispute
INV-005607,CUST-0075,2025-12-23,2026-01-22,30,2509.32,0,,No Dispute
INV-005608,CUST-0075,2024-08-07,2024-09-06,30,3096.17,0,,No Dispute
INV-005609,CUST-0075,2024-09-26,2024-10-26,30,7465.22,1,4.0,Resolved
INV-005610,CUST-0075,2025-04-29,2025-05-29,30,5953.51,0,,No Dispute
INV-005611,CUST-0075,2024-04-20,2024-05-20,30,10831.26,0,,No Dispute
INV-005612,CUST-0075,2025-05-27,2025-06-26,30,5512.6,0,,No Dispute
INV-005613,CUST-0075,2024-03-02,2024-04-01,30,2605.18,1,4.0,Resolved
INV-005614,CUST-0075,2024-04-13,2024-05-13,30,8003.2,0,,No Dispute
INV-005615,CUST-0075,2025-02-20,2025-03-22,30,9377.52,0,,No Dispute
INV-005616,CUST-0075,2025-04-29,2025-05-29,30,10795.15,0,,No Dispute
INV-005617,CUST-0075,2024-06-12,2024-07-12,30,10763.17,0,,No Dispute
INV-005618,CUST-0075,2024-07-27,2024-08-26,30,6846.31,0,,No Dispute
INV-005619,CUST-0075,2025-04-06,2025-05-06,30,8001.3,0,,No Dispute
INV-005620,CUST-0075,2025-12-05,2026-01-04,30,3314.15,0,,No Dispute
INV-005621,CUST-0075,2024-09-05,2024-10-05,30,7081.32,0,,No Dispute
INV-005622,CUST-0075,2024-12-07,2025-01-06,30,8344.43,0,,No Dispute
INV-005623,CUST-0075,2025-02-05,2025-03-07,30,3915.13,0,,No Dispute
INV-005624,CUST-0075,2025-11-19,2025-12-19,30,5691.81,0,,No Dispute
INV-005625,CUST-0075,2025-06-06,2025-07-06,30,9887.9,0,,No Dispute
INV-005626,CUST-0075,2024-03-11,2024-04-10,30,9570.26,0,,No Dispute
INV-005627,CUST-0075,2024-01-21,2024-02-20,30,10206.87,0,,No Dispute
INV-005628,CUST-0075,2025-07-16,2025-08-15,30,4809.82,0,,No Dispute
INV-005629,CUST-0075,2025-01-29,2025-02-28,30,10998.96,0,,No Dispute
INV-005630,CUST-0075,2024-01-19,2024-02-18,30,11877.39,0,,No Dispute
INV-005631,CUST-0075,2024-01-12,2024-02-11,30,10323.06,0,,No Dispute
INV-005632,CUST-0075,2024-06-04,2024-07-04,30,6495.56,0,,No Dispute
INV-005633,CUST-0075,2025-04-16,2025-05-16,30,9460.33,0,,No Dispute
INV-005634,CUST-0075,2025-07-28,2025-08-27,30,7896.05,0,,No Dispute
INV-005635,CUST-0075,2024-01-04,2024-02-03,30,2324.35,0,,No Dispute
INV-005636,CUST-0075,2024-03-18,2024-04-17,30,2847.49,0,,No Dispute
INV-005637,CUST-0075,2024-01-20,2024-02-19,30,2063.33,0,,No Dispute
INV-005638,CUST-0075,2025-10-24,2025-11-23,30,7419.73,0,,No Dispute
INV-005639,CUST-0075,2024-02-14,2024-03-15,30,8488.23,0,,No Dispute
INV-005640,CUST-0075,2024-04-24,2024-05-24,30,7179.57,0,,No Dispute
INV-005641,CUST-0075,2024-10-11,2024-11-10,30,9820.5,0,,No Dispute
INV-005642,CUST-0075,2025-04-20,2025-05-20,30,8618.45,0,,No Dispute
INV-005643,CUST-0075,2024-07-05,2024-08-04,30,8909.58,0,,No Dispute
INV-005644,CUST-0075,2024-10-06,2024-11-05,30,5447.2,0,,No Dispute
INV-005645,CUST-0075,2025-12-24,2026-01-23,30,9539.14,0,,No Dispute
INV-005646,CUST-0075,2024-03-18,2024-04-17,30,9696.65,1,2.0,Open
INV-005647,CUST-0075,2025-08-04,2025-09-03,30,2564.12,0,,No Dispute
INV-005648,CUST-0075,2024-11-04,2024-12-04,30,7800.77,0,,No Dispute
INV-005649,CUST-0075,2024-07-03,2024-08-02,30,6242.17,0,,No Dispute
INV-005650,CUST-0075,2025-12-28,2026-01-27,30,2009.34,0,,No Dispute
INV-005651,CUST-0075,2024-12-22,2025-01-21,30,1732.73,0,,No Dispute
INV-005652,CUST-0075,2024-05-18,2024-06-17,30,8272.81,0,,No Dispute
INV-005653,CUST-0075,2025-11-05,2025-12-05,30,2027.71,0,,No Dispute
INV-005654,CUST-0075,2025-03-09,2025-04-08,30,3980.31,0,,No Dispute
INV-005655,CUST-0075,2025-12-06,2026-01-05,30,2829.47,0,,No Dispute
INV-005656,CUST-0075,2024-03-21,2024-04-20,30,3235.53,0,,No Dispute
INV-005657,CUST-0075,2025-10-07,2025-11-06,30,5765.94,0,,No Dispute
INV-005658,CUST-0075,2025-02-23,2025-03-25,30,10576.01,0,,No Dispute
INV-005659,CUST-0075,2025-06-22,2025-07-22,30,1847.28,0,,No Dispute
INV-005660,CUST-0075,2025-10-27,2025-11-26,30,7476.18,0,,No Dispute
INV-005661,CUST-0075,2025-11-20,2025-12-20,30,7353.62,1,3.0,Resolved
INV-005662,CUST-0075,2024-05-23,2024-06-22,30,6358.89,0,,No Dispute
INV-005663,CUST-0075,2025-03-31,2025-04-30,30,10857.0,0,,No Dispute
INV-005664,CUST-0075,2025-01-19,2025-02-18,30,11333.41,1,2.0,Resolved
INV-005665,CUST-0075,2024-05-12,2024-06-11,30,8548.63,0,,No Dispute
INV-005666,CUST-0075,2025-04-10,2025-05-10,30,5459.83,1,3.0,Resolved
INV-005667,CUST-0075,2024-01-23,2024-02-22,30,7037.26,0,,No Dispute
INV-005668,CUST-0075,2025-10-06,2025-11-05,30,5249.59,0,,No Dispute
INV-005669,CUST-0076,2024-11-02,2025-01-01,60,20280.52,0,,No Dispute
INV-005670,CUST-0076,2025-05-25,2025-07-24,60,9810.14,0,,No Dispute
INV-005671,CUST-0076,2024-10-16,2024-12-15,60,27517.12,0,,No Dispute
INV-005672,CUST-0076,2024-03-20,2024-05-19,60,24867.13,0,,No Dispute
INV-005673,CUST-0076,2025-09-21,2025-11-20,60,25758.45,0,,No Dispute
INV-005674,CUST-0076,2024-11-05,2025-01-04,60,25495.12,0,,No Dispute
INV-005675,CUST-0076,2025-06-30,2025-08-29,60,28040.57,0,,No Dispute
INV-005676,CUST-0076,2025-10-20,2025-12-19,60,8899.4,0,,No Dispute
INV-005677,CUST-0076,2024-07-18,2024-09-16,60,17278.48,0,,No Dispute
INV-005678,CUST-0076,2025-04-14,2025-06-13,60,6268.92,1,1.0,Resolved
INV-005679,CUST-0076,2025-07-08,2025-09-06,60,22208.76,0,,No Dispute
INV-005680,CUST-0076,2025-03-09,2025-05-08,60,19971.85,0,,No Dispute
INV-005681,CUST-0076,2024-07-22,2024-09-20,60,16029.18,0,,No Dispute
INV-005682,CUST-0076,2025-09-08,2025-11-07,60,10771.1,0,,No Dispute
INV-005683,CUST-0076,2025-12-07,2026-02-05,60,14331.12,0,,No Dispute
INV-005684,CUST-0076,2025-10-08,2025-12-07,60,9017.17,0,,No Dispute
INV-005685,CUST-0076,2024-02-12,2024-04-12,60,9985.37,0,,No Dispute
INV-005686,CUST-0076,2024-02-24,2024-04-24,60,13589.99,0,,No Dispute
INV-005687,CUST-0076,2024-03-14,2024-05-13,60,12568.09,1,2.0,Resolved
INV-005688,CUST-0076,2024-04-12,2024-06-11,60,23718.98,0,,No Dispute
INV-005689,CUST-0076,2024-04-07,2024-06-06,60,10884.48,0,,No Dispute
INV-005690,CUST-0076,2025-04-04,2025-06-03,60,30525.63,0,,No Dispute
INV-005691,CUST-0076,2025-11-06,2026-01-05,60,27568.2,0,,No Dispute
INV-005692,CUST-0076,2025-05-08,2025-07-07,60,30807.27,0,,No Dispute
INV-005693,CUST-0076,2024-02-22,2024-04-22,60,9077.1,0,,No Dispute
INV-005694,CUST-0076,2024-12-18,2025-02-16,60,9124.32,0,,No Dispute
INV-005695,CUST-0076,2025-11-20,2026-01-19,60,22838.2,0,,No Dispute
INV-005696,CUST-0076,2025-07-04,2025-09-02,60,22403.47,1,4.0,Resolved
INV-005697,CUST-0076,2025-04-08,2025-06-07,60,9344.88,0,,No Dispute
INV-005698,CUST-0076,2024-12-22,2025-02-20,60,20525.68,0,,No Dispute
INV-005699,CUST-0076,2024-10-21,2024-12-20,60,20054.49,0,,No Dispute
INV-005700,CUST-0076,2025-07-17,2025-09-15,60,18307.44,0,,No Dispute
INV-005701,CUST-0076,2025-07-24,2025-09-22,60,19487.97,0,,No Dispute
INV-005702,CUST-0076,2024-02-14,2024-04-14,60,30027.66,0,,No Dispute
INV-005703,CUST-0076,2024-09-24,2024-11-23,60,21294.82,0,,No Dispute
INV-005704,CUST-0076,2025-05-31,2025-07-30,60,19184.55,0,,No Dispute
INV-005705,CUST-0076,2024-12-16,2025-02-14,60,24662.31,0,,No Dispute
INV-005706,CUST-0076,2025-05-19,2025-07-18,60,10677.38,0,,No Dispute
INV-005707,CUST-0076,2025-08-23,2025-10-22,60,20641.77,0,,No Dispute
INV-005708,CUST-0076,2025-07-09,2025-09-07,60,28233.67,0,,No Dispute
INV-005709,CUST-0076,2024-01-22,2024-03-22,60,29190.01,0,,No Dispute
INV-005710,CUST-0076,2024-06-08,2024-08-07,60,20477.5,0,,No Dispute
INV-005711,CUST-0076,2024-11-26,2025-01-25,60,26201.59,0,,No Dispute
INV-005712,CUST-0076,2024-09-23,2024-11-22,60,11232.7,0,,No Dispute
INV-005713,CUST-0076,2025-11-03,2026-01-02,60,31719.28,1,2.0,Resolved
INV-005714,CUST-0076,2025-05-29,2025-07-28,60,14053.25,0,,No Dispute
INV-005715,CUST-0076,2024-10-17,2024-12-16,60,17774.32,0,,No Dispute
INV-005716,CUST-0076,2024-03-23,2024-05-22,60,20791.91,0,,No Dispute
INV-005717,CUST-0076,2024-11-14,2025-01-13,60,6413.05,0,,No Dispute
INV-005718,CUST-0076,2024-03-24,2024-05-23,60,26830.57,0,,No Dispute
INV-005719,CUST-0076,2025-05-21,2025-07-20,60,22980.04,0,,No Dispute
INV-005720,CUST-0076,2025-08-22,2025-10-21,60,19092.26,0,,No Dispute
INV-005721,CUST-0076,2024-01-12,2024-03-12,60,17981.76,0,,No Dispute
INV-005722,CUST-0076,2024-10-20,2024-12-19,60,8664.85,0,,No Dispute
INV-005723,CUST-0076,2025-08-25,2025-10-24,60,22998.38,0,,No Dispute
INV-005724,CUST-0076,2024-07-30,2024-09-28,60,20189.98,0,,No Dispute
INV-005725,CUST-0076,2025-02-22,2025-04-23,60,24888.77,1,5.0,Resolved
INV-005726,CUST-0076,2025-05-26,2025-07-25,60,22144.97,0,,No Dispute
INV-005727,CUST-0076,2025-01-26,2025-03-27,60,15768.88,0,,No Dispute
INV-005728,CUST-0076,2024-09-15,2024-11-14,60,13568.42,0,,No Dispute
INV-005729,CUST-0076,2025-01-28,2025-03-29,60,17985.78,0,,No Dispute
INV-005730,CUST-0076,2025-07-04,2025-09-02,60,23957.39,0,,No Dispute
INV-005731,CUST-0076,2024-02-18,2024-04-18,60,30590.13,0,,No Dispute
INV-005732,CUST-0076,2024-03-08,2024-05-07,60,28912.26,0,,No Dispute
INV-005733,CUST-0076,2024-02-19,2024-04-19,60,7360.55,0,,No Dispute
INV-005734,CUST-0076,2024-10-17,2024-12-16,60,7857.96,0,,No Dispute
INV-005735,CUST-0076,2024-05-06,2024-07-05,60,23727.32,0,,No Dispute
INV-005736,CUST-0076,2025-05-23,2025-07-22,60,8466.2,0,,No Dispute
INV-005737,CUST-0076,2024-05-30,2024-07-29,60,10904.35,0,,No Dispute
INV-005738,CUST-0076,2024-12-16,2025-02-14,60,30788.92,0,,No Dispute
INV-005739,CUST-0076,2025-10-28,2025-12-27,60,31077.0,0,,No Dispute
INV-005740,CUST-0076,2025-09-01,2025-10-31,60,18029.44,0,,No Dispute
INV-005741,CUST-0076,2024-02-02,2024-04-02,60,15316.79,0,,No Dispute
INV-005742,CUST-0076,2024-08-12,2024-10-11,60,28593.26,0,,No Dispute
INV-005743,CUST-0076,2025-11-10,2026-01-09,60,25807.3,0,,No Dispute
INV-005744,CUST-0076,2024-05-15,2024-07-14,60,16165.85,0,,No Dispute
INV-005745,CUST-0076,2024-08-16,2024-10-15,60,17552.61,0,,No Dispute
INV-005746,CUST-0076,2025-06-12,2025-08-11,60,5380.14,0,,No Dispute
INV-005747,CUST-0076,2024-09-09,2024-11-08,60,22771.07,1,4.0,Resolved
INV-005748,CUST-0076,2025-02-18,2025-04-19,60,15434.07,0,,No Dispute
INV-005749,CUST-0076,2024-09-06,2024-11-05,60,29484.75,0,,No Dispute
INV-005750,CUST-0076,2024-05-03,2024-07-02,60,27147.81,0,,No Dispute
INV-005751,CUST-0076,2024-02-21,2024-04-21,60,18113.86,0,,No Dispute
INV-005752,CUST-0076,2025-01-06,2025-03-07,60,22320.31,0,,No Dispute
INV-005753,CUST-0076,2025-06-24,2025-08-23,60,19734.82,0,,No Dispute
INV-005754,CUST-0076,2025-06-17,2025-08-16,60,7346.03,1,3.0,Resolved
INV-005755,CUST-0076,2024-03-21,2024-05-20,60,6670.53,0,,No Dispute
INV-005756,CUST-0076,2025-06-23,2025-08-22,60,27585.19,0,,No Dispute
INV-005757,CUST-0076,2024-03-12,2024-05-11,60,19966.04,0,,No Dispute
INV-005758,CUST-0076,2024-03-13,2024-05-12,60,6846.12,0,,No Dispute
INV-005759,CUST-0076,2024-08-17,2024-10-16,60,8609.85,0,,No Dispute
INV-005760,CUST-0076,2025-04-19,2025-06-18,60,16036.72,1,2.0,Resolved
INV-005761,CUST-0076,2024-01-17,2024-03-17,60,5675.57,0,,No Dispute
INV-005762,CUST-0076,2025-10-05,2025-12-04,60,30266.88,0,,No Dispute
INV-005763,CUST-0076,2025-12-01,2026-01-30,60,25277.01,0,,No Dispute
INV-005764,CUST-0076,2025-06-23,2025-08-22,60,13058.98,0,,No Dispute
INV-005765,CUST-0076,2025-07-04,2025-09-02,60,20862.12,0,,No Dispute
INV-005766,CUST-0076,2024-07-11,2024-09-09,60,6117.43,0,,No Dispute
INV-005767,CUST-0076,2024-06-20,2024-08-19,60,18109.18,0,,No Dispute
INV-005768,CUST-0076,2025-12-16,2026-02-14,60,13773.83,0,,No Dispute
INV-005769,CUST-0076,2024-09-13,2024-11-12,60,11099.02,0,,No Dispute
INV-005770,CUST-0076,2024-09-11,2024-11-10,60,8985.57,0,,No Dispute
INV-005771,CUST-0076,2024-05-08,2024-07-07,60,22312.54,0,,No Dispute
INV-005772,CUST-0076,2024-08-07,2024-10-06,60,12099.01,0,,No Dispute
INV-005773,CUST-0076,2024-07-18,2024-09-16,60,25926.26,0,,No Dispute
INV-005774,CUST-0076,2024-10-25,2024-12-24,60,27039.64,0,,No Dispute
INV-005775,CUST-0076,2025-04-16,2025-06-15,60,27971.08,0,,No Dispute
INV-005776,CUST-0076,2025-11-15,2026-01-14,60,5778.1,0,,No Dispute
INV-005777,CUST-0076,2024-05-19,2024-07-18,60,21851.99,0,,No Dispute
INV-005778,CUST-0076,2024-07-19,2024-09-17,60,8328.82,0,,No Dispute
INV-005779,CUST-0076,2024-06-16,2024-08-15,60,24529.6,0,,No Dispute
INV-005780,CUST-0076,2024-06-14,2024-08-13,60,18950.51,0,,No Dispute
INV-005781,CUST-0076,2025-06-26,2025-08-25,60,15816.14,0,,No Dispute
INV-005782,CUST-0076,2024-03-19,2024-05-18,60,6089.59,0,,No Dispute
INV-005783,CUST-0076,2025-02-17,2025-04-18,60,26689.6,0,,No Dispute
INV-005784,CUST-0076,2024-05-31,2024-07-30,60,13650.71,1,2.0,Resolved
INV-005785,CUST-0076,2024-08-23,2024-10-22,60,22825.08,0,,No Dispute
INV-005786,CUST-0076,2025-02-09,2025-04-10,60,22069.21,0,,No Dispute
INV-005787,CUST-0076,2024-11-05,2025-01-04,60,19882.32,0,,No Dispute
INV-005788,CUST-0076,2024-05-05,2024-07-04,60,31391.1,0,,No Dispute
INV-005789,CUST-0076,2025-11-25,2026-01-24,60,26363.56,0,,No Dispute
INV-005790,CUST-0076,2025-05-06,2025-07-05,60,30815.95,0,,No Dispute
INV-005791,CUST-0076,2024-10-07,2024-12-06,60,13610.87,0,,No Dispute
INV-005792,CUST-0076,2025-08-30,2025-10-29,60,5987.53,0,,No Dispute
INV-005793,CUST-0076,2024-01-06,2024-03-06,60,11848.18,0,,No Dispute
INV-005794,CUST-0076,2025-01-09,2025-03-10,60,26509.34,1,2.0,Open
INV-005795,CUST-0076,2025-06-01,2025-07-31,60,11359.14,0,,No Dispute
INV-005796,CUST-0076,2025-04-09,2025-06-08,60,23425.58,0,,No Dispute
INV-005797,CUST-0076,2025-07-16,2025-09-14,60,18509.78,0,,No Dispute
INV-005798,CUST-0076,2025-05-22,2025-07-21,60,11504.94,0,,No Dispute
INV-005799,CUST-0076,2024-11-21,2025-01-20,60,7025.27,0,,No Dispute
INV-005800,CUST-0076,2025-06-02,2025-08-01,60,10688.9,0,,No Dispute
INV-005801,CUST-0076,2025-12-25,2026-02-23,60,18791.39,0,,No Dispute
INV-005802,CUST-0076,2024-10-01,2024-11-30,60,21505.31,0,,No Dispute
INV-005803,CUST-0076,2024-12-20,2025-02-18,60,29858.98,0,,No Dispute
INV-005804,CUST-0076,2025-11-07,2026-01-06,60,14111.35,0,,No Dispute
INV-005805,CUST-0076,2024-02-22,2024-04-22,60,19668.04,0,,No Dispute
INV-005806,CUST-0076,2024-06-25,2024-08-24,60,21889.57,0,,No Dispute
INV-005807,CUST-0076,2024-02-03,2024-04-03,60,7051.76,0,,No Dispute
INV-005808,CUST-0076,2025-08-28,2025-10-27,60,21452.59,0,,No Dispute
INV-005809,CUST-0076,2025-11-16,2026-01-15,60,10952.95,1,4.0,Open
INV-005810,CUST-0077,2025-07-22,2025-09-20,60,15088.54,0,,No Dispute
INV-005811,CUST-0077,2024-12-25,2025-02-23,60,9118.37,0,,No Dispute
INV-005812,CUST-0077,2024-06-20,2024-08-19,60,31164.09,0,,No Dispute
INV-005813,CUST-0077,2025-06-09,2025-08-08,60,10788.91,0,,No Dispute
INV-005814,CUST-0077,2025-05-27,2025-07-26,60,7197.94,0,,No Dispute
INV-005815,CUST-0077,2025-04-08,2025-06-07,60,5212.01,0,,No Dispute
INV-005816,CUST-0077,2024-03-15,2024-05-14,60,18919.78,0,,No Dispute
INV-005817,CUST-0077,2024-10-26,2024-12-25,60,6056.04,0,,No Dispute
INV-005818,CUST-0077,2025-11-01,2025-12-31,60,22314.18,0,,No Dispute
INV-005819,CUST-0077,2025-11-10,2026-01-09,60,18076.47,0,,No Dispute
INV-005820,CUST-0077,2025-04-20,2025-06-19,60,12514.87,0,,No Dispute
INV-005821,CUST-0077,2025-10-07,2025-12-06,60,24226.39,0,,No Dispute
INV-005822,CUST-0077,2025-09-07,2025-11-06,60,8496.39,0,,No Dispute
INV-005823,CUST-0077,2025-05-18,2025-07-17,60,15631.51,0,,No Dispute
INV-005824,CUST-0077,2025-05-18,2025-07-17,60,21311.74,0,,No Dispute
INV-005825,CUST-0077,2025-07-27,2025-09-25,60,24296.56,0,,No Dispute
INV-005826,CUST-0077,2024-08-25,2024-10-24,60,18535.55,0,,No Dispute
INV-005827,CUST-0077,2025-09-21,2025-11-20,60,19670.61,0,,No Dispute
INV-005828,CUST-0077,2024-10-05,2024-12-04,60,15942.3,0,,No Dispute
INV-005829,CUST-0077,2024-04-10,2024-06-09,60,16378.98,0,,No Dispute
INV-005830,CUST-0077,2024-05-15,2024-07-14,60,12353.41,0,,No Dispute
INV-005831,CUST-0077,2024-12-10,2025-02-08,60,9814.69,0,,No Dispute
INV-005832,CUST-0077,2024-01-20,2024-03-20,60,21314.19,0,,No Dispute
INV-005833,CUST-0077,2024-02-07,2024-04-07,60,15715.31,0,,No Dispute
INV-005834,CUST-0077,2025-07-01,2025-08-30,60,12785.52,1,5.0,Resolved
INV-005835,CUST-0077,2024-08-04,2024-10-03,60,27592.8,1,5.0,Resolved
INV-005836,CUST-0077,2025-03-30,2025-05-29,60,20160.08,0,,No Dispute
INV-005837,CUST-0077,2025-10-01,2025-11-30,60,22582.07,1,5.0,Resolved
INV-005838,CUST-0077,2025-03-01,2025-04-30,60,12488.75,0,,No Dispute
INV-005839,CUST-0077,2025-02-14,2025-04-15,60,8877.91,0,,No Dispute
INV-005840,CUST-0077,2025-11-10,2026-01-09,60,14960.5,0,,No Dispute
INV-005841,CUST-0077,2024-11-17,2025-01-16,60,30061.78,0,,No Dispute
INV-005842,CUST-0077,2024-05-09,2024-07-08,60,20290.35,0,,No Dispute
INV-005843,CUST-0077,2024-12-26,2025-02-24,60,22385.71,0,,No Dispute
INV-005844,CUST-0077,2024-01-04,2024-03-04,60,22079.86,0,,No Dispute
INV-005845,CUST-0077,2025-08-30,2025-10-29,60,6862.84,0,,No Dispute
INV-005846,CUST-0077,2025-06-14,2025-08-13,60,23751.24,0,,No Dispute
INV-005847,CUST-0077,2024-07-31,2024-09-29,60,20433.29,0,,No Dispute
INV-005848,CUST-0077,2025-08-04,2025-10-03,60,6921.37,0,,No Dispute
INV-005849,CUST-0077,2024-01-30,2024-03-30,60,25037.75,0,,No Dispute
INV-005850,CUST-0077,2024-05-28,2024-07-27,60,17863.62,0,,No Dispute
INV-005851,CUST-0077,2024-01-01,2024-03-01,60,21422.14,0,,No Dispute
INV-005852,CUST-0077,2024-01-31,2024-03-31,60,14346.05,0,,No Dispute
INV-005853,CUST-0077,2024-03-03,2024-05-02,60,20015.51,0,,No Dispute
INV-005854,CUST-0077,2025-07-28,2025-09-26,60,15185.83,1,2.0,Open
INV-005855,CUST-0077,2025-02-09,2025-04-10,60,25343.07,0,,No Dispute
INV-005856,CUST-0077,2024-10-06,2024-12-05,60,6381.66,0,,No Dispute
INV-005857,CUST-0077,2025-10-01,2025-11-30,60,13785.81,0,,No Dispute
INV-005858,CUST-0077,2025-02-02,2025-04-03,60,18209.1,0,,No Dispute
INV-005859,CUST-0077,2025-08-26,2025-10-25,60,5391.47,0,,No Dispute
INV-005860,CUST-0077,2025-05-14,2025-07-13,60,14216.18,0,,No Dispute
INV-005861,CUST-0077,2025-01-09,2025-03-10,60,5663.54,0,,No Dispute
INV-005862,CUST-0077,2024-09-14,2024-11-13,60,8517.65,0,,No Dispute
INV-005863,CUST-0077,2024-04-16,2024-06-15,60,18625.17,0,,No Dispute
INV-005864,CUST-0077,2025-08-03,2025-10-02,60,30861.29,0,,No Dispute
INV-005865,CUST-0077,2025-05-20,2025-07-19,60,6254.62,0,,No Dispute
INV-005866,CUST-0077,2025-07-19,2025-09-17,60,27367.71,0,,No Dispute
INV-005867,CUST-0077,2025-09-15,2025-11-14,60,11380.37,0,,No Dispute
INV-005868,CUST-0077,2025-10-25,2025-12-24,60,9673.56,0,,No Dispute
INV-005869,CUST-0077,2025-01-04,2025-03-05,60,12036.51,0,,No Dispute
INV-005870,CUST-0077,2025-02-28,2025-04-29,60,18179.75,0,,No Dispute
INV-005871,CUST-0077,2025-09-23,2025-11-22,60,26756.56,0,,No Dispute
INV-005872,CUST-0077,2024-11-09,2025-01-08,60,30802.17,0,,No Dispute
INV-005873,CUST-0077,2025-03-16,2025-05-15,60,22722.15,0,,No Dispute
INV-005874,CUST-0077,2025-12-10,2026-02-08,60,15991.35,0,,No Dispute
INV-005875,CUST-0077,2024-06-13,2024-08-12,60,13576.83,0,,No Dispute
INV-005876,CUST-0077,2024-07-01,2024-08-30,60,16103.44,0,,No Dispute
INV-005877,CUST-0077,2024-03-21,2024-05-20,60,23443.09,0,,No Dispute
INV-005878,CUST-0077,2025-01-15,2025-03-16,60,23689.78,0,,No Dispute
INV-005879,CUST-0077,2025-11-04,2026-01-03,60,5504.62,0,,No Dispute
INV-005880,CUST-0077,2025-10-13,2025-12-12,60,10513.82,0,,No Dispute
INV-005881,CUST-0077,2025-02-10,2025-04-11,60,19978.89,0,,No Dispute
INV-005882,CUST-0077,2025-03-08,2025-05-07,60,24137.43,1,1.0,Open
INV-005883,CUST-0077,2025-02-18,2025-04-19,60,26958.75,0,,No Dispute
INV-005884,CUST-0077,2024-05-20,2024-07-19,60,13157.9,0,,No Dispute
INV-005885,CUST-0077,2025-02-24,2025-04-25,60,18850.28,0,,No Dispute
INV-005886,CUST-0077,2025-09-27,2025-11-26,60,8217.88,0,,No Dispute
INV-005887,CUST-0077,2024-07-24,2024-09-22,60,16614.45,0,,No Dispute
INV-005888,CUST-0077,2024-07-17,2024-09-15,60,18271.7,0,,No Dispute
INV-005889,CUST-0077,2024-09-10,2024-11-09,60,29742.18,0,,No Dispute
INV-005890,CUST-0077,2025-08-30,2025-10-29,60,17089.07,0,,No Dispute
INV-005891,CUST-0077,2024-11-14,2025-01-13,60,23223.95,0,,No Dispute
INV-005892,CUST-0077,2024-05-25,2024-07-24,60,22325.78,0,,No Dispute
INV-005893,CUST-0077,2024-03-07,2024-05-06,60,23360.07,0,,No Dispute
INV-005894,CUST-0077,2025-08-10,2025-10-09,60,18747.25,0,,No Dispute
INV-005895,CUST-0077,2024-02-02,2024-04-02,60,18326.56,0,,No Dispute
INV-005896,CUST-0077,2025-04-27,2025-06-26,60,24076.98,0,,No Dispute
INV-005897,CUST-0077,2025-09-28,2025-11-27,60,13490.19,0,,No Dispute
INV-005898,CUST-0077,2024-05-13,2024-07-12,60,11785.34,0,,No Dispute
INV-005899,CUST-0077,2025-02-25,2025-04-26,60,28787.55,0,,No Dispute
INV-005900,CUST-0077,2025-01-21,2025-03-22,60,24458.06,0,,No Dispute
INV-005901,CUST-0077,2025-08-07,2025-10-06,60,19944.08,0,,No Dispute
INV-005902,CUST-0077,2025-08-16,2025-10-15,60,6603.71,0,,No Dispute
INV-005903,CUST-0077,2025-12-19,2026-02-17,60,22927.68,0,,No Dispute
INV-005904,CUST-0077,2025-01-13,2025-03-14,60,30575.34,0,,No Dispute
INV-005905,CUST-0077,2024-01-17,2024-03-17,60,20196.68,0,,No Dispute
INV-005906,CUST-0077,2024-04-23,2024-06-22,60,20754.03,0,,No Dispute
INV-005907,CUST-0077,2024-05-03,2024-07-02,60,8508.0,0,,No Dispute
INV-005908,CUST-0077,2024-01-18,2024-03-18,60,19365.41,0,,No Dispute
INV-005909,CUST-0077,2025-04-14,2025-06-13,60,27987.87,0,,No Dispute
INV-005910,CUST-0077,2025-11-25,2026-01-24,60,7048.7,0,,No Dispute
INV-005911,CUST-0077,2024-09-23,2024-11-22,60,7704.04,0,,No Dispute
INV-005912,CUST-0077,2025-09-28,2025-11-27,60,31277.49,0,,No Dispute
INV-005913,CUST-0077,2025-11-04,2026-01-03,60,18301.67,0,,No Dispute
INV-005914,CUST-0077,2025-03-21,2025-05-20,60,26331.41,0,,No Dispute
INV-005915,CUST-0077,2025-11-16,2026-01-15,60,21873.88,0,,No Dispute
INV-005916,CUST-0077,2024-03-29,2024-05-28,60,22789.35,0,,No Dispute
INV-005917,CUST-0077,2024-09-26,2024-11-25,60,17502.9,0,,No Dispute
INV-005918,CUST-0077,2024-03-26,2024-05-25,60,5644.91,0,,No Dispute
INV-005919,CUST-0077,2025-03-15,2025-05-14,60,12483.68,0,,No Dispute
INV-005920,CUST-0077,2024-02-04,2024-04-04,60,30930.85,0,,No Dispute
INV-005921,CUST-0077,2025-06-20,2025-08-19,60,26075.53,0,,No Dispute
INV-005922,CUST-0077,2025-06-16,2025-08-15,60,20650.0,0,,No Dispute
INV-005923,CUST-0077,2024-11-16,2025-01-15,60,9190.75,0,,No Dispute
INV-005924,CUST-0077,2025-11-17,2026-01-16,60,8546.65,0,,No Dispute
INV-005925,CUST-0077,2024-06-06,2024-08-05,60,8221.66,0,,No Dispute
INV-005926,CUST-0077,2025-05-28,2025-07-27,60,10404.29,0,,No Dispute
INV-005927,CUST-0077,2024-05-18,2024-07-17,60,14219.67,0,,No Dispute
INV-005928,CUST-0077,2025-09-29,2025-11-28,60,21183.23,0,,No Dispute
INV-005929,CUST-0077,2025-08-19,2025-10-18,60,21761.58,0,,No Dispute
INV-005930,CUST-0077,2025-06-07,2025-08-06,60,8596.46,0,,No Dispute
INV-005931,CUST-0077,2025-07-09,2025-09-07,60,27649.39,0,,No Dispute
INV-005932,CUST-0077,2024-01-11,2024-03-11,60,22077.67,0,,No Dispute
INV-005933,CUST-0077,2025-07-07,2025-09-05,60,26256.56,0,,No Dispute
INV-005934,CUST-0077,2025-12-09,2026-02-07,60,6609.92,0,,No Dispute
INV-005935,CUST-0077,2024-05-16,2024-07-15,60,21723.1,0,,No Dispute
INV-005936,CUST-0077,2025-02-03,2025-04-04,60,17798.7,0,,No Dispute
INV-005937,CUST-0077,2025-07-20,2025-09-18,60,22502.3,0,,No Dispute
INV-005938,CUST-0077,2024-03-21,2024-05-20,60,24916.92,0,,No Dispute
INV-005939,CUST-0077,2025-08-12,2025-10-11,60,8721.83,0,,No Dispute
INV-005940,CUST-0077,2025-03-20,2025-05-19,60,26598.55,0,,No Dispute
INV-005941,CUST-0077,2024-03-12,2024-05-11,60,10528.9,0,,No Dispute
INV-005942,CUST-0077,2024-05-23,2024-07-22,60,11726.52,0,,No Dispute
INV-005943,CUST-0077,2025-02-10,2025-04-11,60,12502.2,0,,No Dispute
INV-005944,CUST-0077,2024-11-10,2025-01-09,60,27820.47,0,,No Dispute
INV-005945,CUST-0077,2025-06-29,2025-08-28,60,30087.71,0,,No Dispute
INV-005946,CUST-0077,2024-03-29,2024-05-28,60,8052.27,0,,No Dispute
INV-005947,CUST-0077,2025-10-30,2025-12-29,60,7996.09,0,,No Dispute
INV-005948,CUST-0077,2025-06-20,2025-08-19,60,14705.14,0,,No Dispute
INV-005949,CUST-0077,2024-02-28,2024-04-28,60,5888.57,0,,No Dispute
INV-005950,CUST-0077,2024-04-12,2024-06-11,60,11212.81,0,,No Dispute
INV-005951,CUST-0077,2024-04-23,2024-06-22,60,23846.53,0,,No Dispute
INV-005952,CUST-0077,2024-12-15,2025-02-13,60,17662.66,0,,No Dispute
INV-005953,CUST-0077,2025-04-21,2025-06-20,60,5442.89,0,,No Dispute
INV-005954,CUST-0077,2025-07-04,2025-09-02,60,27444.12,0,,No Dispute
INV-005955,CUST-0077,2025-08-27,2025-10-26,60,6891.53,0,,No Dispute
INV-005956,CUST-0077,2025-09-10,2025-11-09,60,12889.16,0,,No Dispute
INV-005957,CUST-0077,2024-12-23,2025-02-21,60,12115.63,0,,No Dispute
INV-005958,CUST-0077,2024-07-31,2024-09-29,60,24765.69,0,,No Dispute
INV-005959,CUST-0077,2024-02-13,2024-04-13,60,13397.09,0,,No Dispute
INV-005960,CUST-0077,2025-05-05,2025-07-04,60,12932.05,0,,No Dispute
INV-005961,CUST-0077,2024-01-23,2024-03-23,60,27346.91,0,,No Dispute
INV-005962,CUST-0077,2024-11-11,2025-01-10,60,24499.23,0,,No Dispute
INV-005963,CUST-0077,2024-02-07,2024-04-07,60,20127.65,0,,No Dispute
INV-005964,CUST-0077,2024-01-05,2024-03-05,60,22181.93,0,,No Dispute
INV-005965,CUST-0077,2025-11-17,2026-01-16,60,5247.01,0,,No Dispute
INV-005966,CUST-0077,2025-07-03,2025-09-01,60,21899.08,0,,No Dispute
INV-005967,CUST-0077,2024-06-22,2024-08-21,60,8557.6,0,,No Dispute
INV-005968,CUST-0077,2025-01-11,2025-03-12,60,9343.09,0,,No Dispute
INV-005969,CUST-0078,2024-03-17,2024-05-16,60,18284.45,0,,No Dispute
INV-005970,CUST-0078,2025-12-02,2026-01-31,60,31661.14,0,,No Dispute
INV-005971,CUST-0078,2024-02-11,2024-04-11,60,20137.54,0,,No Dispute
INV-005972,CUST-0078,2024-10-14,2024-12-13,60,24386.08,0,,No Dispute
INV-005973,CUST-0078,2024-11-12,2025-01-11,60,29195.81,0,,No Dispute
INV-005974,CUST-0078,2024-08-02,2024-10-01,60,21316.53,0,,No Dispute
INV-005975,CUST-0078,2025-09-08,2025-11-07,60,17162.28,0,,No Dispute
INV-005976,CUST-0078,2025-03-08,2025-05-07,60,23320.93,0,,No Dispute
INV-005977,CUST-0078,2024-03-29,2024-05-28,60,28341.41,0,,No Dispute
INV-005978,CUST-0078,2025-01-30,2025-03-31,60,5437.17,0,,No Dispute
INV-005979,CUST-0078,2025-01-11,2025-03-12,60,6000.81,0,,No Dispute
INV-005980,CUST-0078,2024-12-07,2025-02-05,60,22029.27,0,,No Dispute
INV-005981,CUST-0078,2024-07-18,2024-09-16,60,30579.75,0,,No Dispute
INV-005982,CUST-0078,2025-10-22,2025-12-21,60,22960.07,0,,No Dispute
INV-005983,CUST-0078,2024-07-05,2024-09-03,60,22314.14,0,,No Dispute
INV-005984,CUST-0078,2024-05-28,2024-07-27,60,15011.63,0,,No Dispute
INV-005985,CUST-0078,2024-09-22,2024-11-21,60,27904.57,0,,No Dispute
INV-005986,CUST-0078,2025-10-07,2025-12-06,60,14850.88,0,,No Dispute
INV-005987,CUST-0078,2025-09-19,2025-11-18,60,13026.15,0,,No Dispute
INV-005988,CUST-0078,2025-02-07,2025-04-08,60,8101.56,0,,No Dispute
INV-005989,CUST-0078,2024-08-04,2024-10-03,60,20997.29,0,,No Dispute
INV-005990,CUST-0078,2024-01-09,2024-03-09,60,23880.95,0,,No Dispute
INV-005991,CUST-0078,2024-02-10,2024-04-10,60,5466.93,0,,No Dispute
INV-005992,CUST-0078,2024-03-03,2024-05-02,60,19893.84,0,,No Dispute
INV-005993,CUST-0078,2024-06-09,2024-08-08,60,31128.32,0,,No Dispute
INV-005994,CUST-0078,2025-08-21,2025-10-20,60,19922.85,0,,No Dispute
INV-005995,CUST-0078,2025-12-08,2026-02-06,60,12469.46,0,,No Dispute
INV-005996,CUST-0078,2025-04-12,2025-06-11,60,19498.39,0,,No Dispute
INV-005997,CUST-0078,2024-06-27,2024-08-26,60,12401.71,0,,No Dispute
INV-005998,CUST-0078,2025-03-13,2025-05-12,60,5694.36,0,,No Dispute
INV-005999,CUST-0078,2025-01-08,2025-03-09,60,5105.27,0,,No Dispute
INV-006000,CUST-0078,2025-10-31,2025-12-30,60,16380.64,1,4.0,Open
INV-006001,CUST-0078,2024-04-15,2024-06-14,60,8720.78,0,,No Dispute
INV-006002,CUST-0078,2025-10-09,2025-12-08,60,6971.06,0,,No Dispute
INV-006003,CUST-0078,2024-09-13,2024-11-12,60,8899.73,0,,No Dispute
INV-006004,CUST-0078,2024-01-15,2024-03-15,60,10548.44,1,5.0,Resolved
INV-006005,CUST-0078,2024-08-21,2024-10-20,60,17336.08,1,1.0,Resolved
INV-006006,CUST-0078,2025-09-16,2025-11-15,60,6215.54,0,,No Dispute
INV-006007,CUST-0078,2025-12-09,2026-02-07,60,20654.33,0,,No Dispute
INV-006008,CUST-0078,2025-06-27,2025-08-26,60,31657.01,0,,No Dispute
INV-006009,CUST-0078,2025-06-06,2025-08-05,60,13913.99,0,,No Dispute
INV-006010,CUST-0078,2024-03-16,2024-05-15,60,28015.62,0,,No Dispute
INV-006011,CUST-0078,2025-01-29,2025-03-30,60,8974.56,0,,No Dispute
INV-006012,CUST-0078,2025-01-09,2025-03-10,60,28989.43,0,,No Dispute
INV-006013,CUST-0078,2024-05-21,2024-07-20,60,24282.9,0,,No Dispute
INV-006014,CUST-0078,2025-01-29,2025-03-30,60,10802.6,0,,No Dispute
INV-006015,CUST-0078,2025-07-31,2025-09-29,60,13960.61,0,,No Dispute
INV-006016,CUST-0078,2025-01-27,2025-03-28,60,5946.72,0,,No Dispute
INV-006017,CUST-0078,2025-09-08,2025-11-07,60,14736.01,0,,No Dispute
INV-006018,CUST-0078,2025-03-31,2025-05-30,60,18493.45,0,,No Dispute
INV-006019,CUST-0078,2025-04-09,2025-06-08,60,27668.68,0,,No Dispute
INV-006020,CUST-0078,2025-07-06,2025-09-04,60,8618.52,0,,No Dispute
INV-006021,CUST-0078,2024-06-15,2024-08-14,60,29853.08,0,,No Dispute
INV-006022,CUST-0078,2025-07-05,2025-09-03,60,5626.47,0,,No Dispute
INV-006023,CUST-0078,2025-04-18,2025-06-17,60,28486.47,0,,No Dispute
INV-006024,CUST-0078,2025-02-11,2025-04-12,60,18739.55,0,,No Dispute
INV-006025,CUST-0078,2025-04-06,2025-06-05,60,26776.51,0,,No Dispute
INV-006026,CUST-0078,2024-09-21,2024-11-20,60,30399.54,0,,No Dispute
INV-006027,CUST-0078,2024-07-20,2024-09-18,60,25168.17,0,,No Dispute
INV-006028,CUST-0078,2024-02-07,2024-04-07,60,22605.06,0,,No Dispute
INV-006029,CUST-0078,2024-06-23,2024-08-22,60,22971.67,0,,No Dispute
INV-006030,CUST-0078,2025-07-02,2025-08-31,60,11538.27,0,,No Dispute
INV-006031,CUST-0078,2025-05-31,2025-07-30,60,10304.01,0,,No Dispute
INV-006032,CUST-0078,2024-01-16,2024-03-16,60,6260.17,0,,No Dispute
INV-006033,CUST-0078,2024-09-20,2024-11-19,60,18260.44,0,,No Dispute
INV-006034,CUST-0078,2025-11-06,2026-01-05,60,30739.21,0,,No Dispute
INV-006035,CUST-0078,2025-08-30,2025-10-29,60,15494.22,0,,No Dispute
INV-006036,CUST-0078,2024-10-19,2024-12-18,60,19602.92,0,,No Dispute
INV-006037,CUST-0078,2025-08-24,2025-10-23,60,10110.18,0,,No Dispute
INV-006038,CUST-0078,2025-10-22,2025-12-21,60,14306.9,0,,No Dispute
INV-006039,CUST-0078,2024-09-14,2024-11-13,60,23128.04,0,,No Dispute
INV-006040,CUST-0078,2024-07-07,2024-09-05,60,20803.2,0,,No Dispute
INV-006041,CUST-0078,2025-12-14,2026-02-12,60,9116.48,0,,No Dispute
INV-006042,CUST-0078,2024-02-16,2024-04-16,60,12742.76,0,,No Dispute
INV-006043,CUST-0078,2024-10-24,2024-12-23,60,29076.46,0,,No Dispute
INV-006044,CUST-0078,2025-08-18,2025-10-17,60,26511.05,1,2.0,Resolved
INV-006045,CUST-0078,2024-10-09,2024-12-08,60,20404.83,0,,No Dispute
INV-006046,CUST-0078,2025-06-09,2025-08-08,60,18077.58,0,,No Dispute
INV-006047,CUST-0078,2024-10-23,2024-12-22,60,10729.7,0,,No Dispute
INV-006048,CUST-0078,2024-01-02,2024-03-02,60,17896.22,0,,No Dispute
INV-006049,CUST-0078,2024-01-22,2024-03-22,60,11945.37,0,,No Dispute
INV-006050,CUST-0078,2025-07-05,2025-09-03,60,6480.87,0,,No Dispute
INV-006051,CUST-0078,2025-01-15,2025-03-16,60,8382.08,0,,No Dispute
INV-006052,CUST-0078,2025-09-30,2025-11-29,60,22528.09,0,,No Dispute
INV-006053,CUST-0078,2024-10-09,2024-12-08,60,16729.2,0,,No Dispute
INV-006054,CUST-0078,2025-04-18,2025-06-17,60,25024.89,0,,No Dispute
INV-006055,CUST-0078,2024-07-06,2024-09-04,60,24237.29,0,,No Dispute
INV-006056,CUST-0078,2024-10-18,2024-12-17,60,5458.49,0,,No Dispute
INV-006057,CUST-0078,2024-12-05,2025-02-03,60,8411.01,0,,No Dispute
INV-006058,CUST-0078,2025-12-25,2026-02-23,60,11752.84,0,,No Dispute
INV-006059,CUST-0078,2025-09-24,2025-11-23,60,27532.48,0,,No Dispute
INV-006060,CUST-0078,2024-10-20,2024-12-19,60,12752.27,1,4.0,Open
INV-006061,CUST-0078,2025-09-13,2025-11-12,60,17243.81,0,,No Dispute
INV-006062,CUST-0078,2025-08-08,2025-10-07,60,26236.35,0,,No Dispute
INV-006063,CUST-0078,2025-07-03,2025-09-01,60,18039.41,0,,No Dispute
INV-006064,CUST-0078,2024-06-23,2024-08-22,60,25674.74,0,,No Dispute
INV-006065,CUST-0078,2024-10-18,2024-12-17,60,29316.85,0,,No Dispute
INV-006066,CUST-0078,2025-09-21,2025-11-20,60,18768.52,0,,No Dispute
INV-006067,CUST-0078,2025-08-26,2025-10-25,60,28900.18,0,,No Dispute
INV-006068,CUST-0078,2025-11-24,2026-01-23,60,28227.1,0,,No Dispute
INV-006069,CUST-0078,2024-05-25,2024-07-24,60,7898.43,0,,No Dispute
INV-006070,CUST-0078,2025-08-17,2025-10-16,60,6980.87,0,,No Dispute
INV-006071,CUST-0078,2024-06-25,2024-08-24,60,30319.43,0,,No Dispute
INV-006072,CUST-0078,2024-12-11,2025-02-09,60,5761.63,0,,No Dispute
INV-006073,CUST-0078,2025-09-15,2025-11-14,60,5649.53,0,,No Dispute
INV-006074,CUST-0078,2024-05-12,2024-07-11,60,5962.76,0,,No Dispute
INV-006075,CUST-0078,2024-08-01,2024-09-30,60,12866.13,0,,No Dispute
INV-006076,CUST-0078,2025-03-12,2025-05-11,60,14542.62,0,,No Dispute
INV-006077,CUST-0078,2025-01-17,2025-03-18,60,12504.08,0,,No Dispute
INV-006078,CUST-0078,2025-06-15,2025-08-14,60,18513.83,0,,No Dispute
INV-006079,CUST-0078,2025-01-29,2025-03-30,60,9995.26,0,,No Dispute
INV-006080,CUST-0078,2025-11-24,2026-01-23,60,22708.34,0,,No Dispute
INV-006081,CUST-0078,2025-02-27,2025-04-28,60,19039.76,0,,No Dispute
INV-006082,CUST-0078,2024-10-06,2024-12-05,60,7559.38,0,,No Dispute
INV-006083,CUST-0078,2024-07-09,2024-09-07,60,14039.71,0,,No Dispute
INV-006084,CUST-0078,2024-12-30,2025-02-28,60,22844.18,0,,No Dispute
INV-006085,CUST-0078,2024-08-04,2024-10-03,60,25975.76,0,,No Dispute
INV-006086,CUST-0078,2024-10-10,2024-12-09,60,20097.02,0,,No Dispute
INV-006087,CUST-0078,2024-11-13,2025-01-12,60,16726.63,0,,No Dispute
INV-006088,CUST-0078,2025-08-04,2025-10-03,60,11541.07,0,,No Dispute
INV-006089,CUST-0078,2024-04-19,2024-06-18,60,19934.77,0,,No Dispute
INV-006090,CUST-0078,2025-02-16,2025-04-17,60,7507.84,0,,No Dispute
INV-006091,CUST-0078,2024-12-03,2025-02-01,60,26070.43,0,,No Dispute
INV-006092,CUST-0078,2025-03-10,2025-05-09,60,25512.01,0,,No Dispute
INV-006093,CUST-0078,2024-06-28,2024-08-27,60,15785.74,0,,No Dispute
INV-006094,CUST-0078,2024-01-30,2024-03-30,60,17976.62,0,,No Dispute
INV-006095,CUST-0078,2024-09-30,2024-11-29,60,13107.47,0,,No Dispute
INV-006096,CUST-0078,2024-09-12,2024-11-11,60,19494.12,0,,No Dispute
INV-006097,CUST-0078,2024-09-27,2024-11-26,60,23579.58,0,,No Dispute
INV-006098,CUST-0078,2024-01-02,2024-03-02,60,19855.25,0,,No Dispute
INV-006099,CUST-0078,2024-05-30,2024-07-29,60,23913.59,0,,No Dispute
INV-006100,CUST-0078,2024-09-23,2024-11-22,60,24563.99,0,,No Dispute
INV-006101,CUST-0079,2024-03-07,2024-06-05,90,24549.91,0,,No Dispute
INV-006102,CUST-0079,2025-07-01,2025-09-29,90,30025.48,0,,No Dispute
INV-006103,CUST-0079,2025-04-22,2025-07-21,90,25581.61,0,,No Dispute
INV-006104,CUST-0079,2024-11-29,2025-02-27,90,15246.55,0,,No Dispute
INV-006105,CUST-0079,2025-03-08,2025-06-06,90,10774.14,0,,No Dispute
INV-006106,CUST-0079,2024-08-08,2024-11-06,90,29035.92,0,,No Dispute
INV-006107,CUST-0079,2025-10-10,2026-01-08,90,11153.7,0,,No Dispute
INV-006108,CUST-0079,2024-01-16,2024-04-15,90,31252.54,0,,No Dispute
INV-006109,CUST-0079,2025-03-12,2025-06-10,90,30814.73,0,,No Dispute
INV-006110,CUST-0079,2025-11-07,2026-02-05,90,29612.39,0,,No Dispute
INV-006111,CUST-0079,2025-06-30,2025-09-28,90,8590.55,0,,No Dispute
INV-006112,CUST-0079,2025-03-28,2025-06-26,90,10374.43,0,,No Dispute
INV-006113,CUST-0079,2024-05-05,2024-08-03,90,29041.01,1,3.0,Resolved
INV-006114,CUST-0079,2024-06-30,2024-09-28,90,27959.58,0,,No Dispute
INV-006115,CUST-0079,2024-09-02,2024-12-01,90,5447.59,0,,No Dispute
INV-006116,CUST-0079,2024-06-29,2024-09-27,90,10283.63,0,,No Dispute
INV-006117,CUST-0079,2025-10-09,2026-01-07,90,10453.19,0,,No Dispute
INV-006118,CUST-0079,2024-01-19,2024-04-18,90,18912.06,0,,No Dispute
INV-006119,CUST-0079,2025-12-11,2026-03-11,90,31801.02,0,,No Dispute
INV-006120,CUST-0079,2025-07-09,2025-10-07,90,16209.84,0,,No Dispute
INV-006121,CUST-0079,2025-05-26,2025-08-24,90,16037.49,0,,No Dispute
INV-006122,CUST-0079,2024-06-17,2024-09-15,90,6665.07,0,,No Dispute
INV-006123,CUST-0079,2024-03-17,2024-06-15,90,7236.76,1,3.0,Open
INV-006124,CUST-0079,2025-05-26,2025-08-24,90,12343.78,0,,No Dispute
INV-006125,CUST-0079,2024-06-27,2024-09-25,90,29208.73,0,,No Dispute
INV-006126,CUST-0079,2024-03-14,2024-06-12,90,19418.19,0,,No Dispute
INV-006127,CUST-0079,2025-05-05,2025-08-03,90,10057.02,0,,No Dispute
INV-006128,CUST-0079,2025-03-10,2025-06-08,90,26754.36,0,,No Dispute
INV-006129,CUST-0079,2024-02-02,2024-05-02,90,8432.06,0,,No Dispute
INV-006130,CUST-0079,2025-11-23,2026-02-21,90,21577.66,0,,No Dispute
INV-006131,CUST-0079,2025-04-09,2025-07-08,90,6895.06,0,,No Dispute
INV-006132,CUST-0079,2025-12-29,2026-03-29,90,12321.99,0,,No Dispute
INV-006133,CUST-0079,2024-11-22,2025-02-20,90,5684.67,0,,No Dispute
INV-006134,CUST-0079,2024-02-14,2024-05-14,90,10913.61,0,,No Dispute
INV-006135,CUST-0079,2024-07-22,2024-10-20,90,30334.96,0,,No Dispute
INV-006136,CUST-0079,2025-09-19,2025-12-18,90,7425.48,0,,No Dispute
INV-006137,CUST-0079,2024-12-16,2025-03-16,90,16520.8,0,,No Dispute
INV-006138,CUST-0079,2024-06-27,2024-09-25,90,27424.64,0,,No Dispute
INV-006139,CUST-0079,2025-06-14,2025-09-12,90,31063.52,0,,No Dispute
INV-006140,CUST-0079,2025-08-30,2025-11-28,90,12919.39,0,,No Dispute
INV-006141,CUST-0079,2024-09-11,2024-12-10,90,24555.33,0,,No Dispute
INV-006142,CUST-0079,2025-09-14,2025-12-13,90,6821.02,0,,No Dispute
INV-006143,CUST-0079,2024-04-29,2024-07-28,90,16791.33,0,,No Dispute
INV-006144,CUST-0079,2024-08-03,2024-11-01,90,28614.97,0,,No Dispute
INV-006145,CUST-0079,2025-12-14,2026-03-14,90,19944.15,1,3.0,Resolved
INV-006146,CUST-0079,2025-08-23,2025-11-21,90,21484.88,0,,No Dispute
INV-006147,CUST-0079,2024-07-19,2024-10-17,90,18663.71,0,,No Dispute
INV-006148,CUST-0079,2024-12-08,2025-03-08,90,10616.19,0,,No Dispute
INV-006149,CUST-0079,2024-09-01,2024-11-30,90,24886.98,0,,No Dispute
INV-006150,CUST-0079,2025-10-27,2026-01-25,90,5574.95,0,,No Dispute
INV-006151,CUST-0079,2024-05-23,2024-08-21,90,27072.56,0,,No Dispute
INV-006152,CUST-0079,2025-11-15,2026-02-13,90,14493.22,0,,No Dispute
INV-006153,CUST-0079,2025-11-02,2026-01-31,90,12401.79,0,,No Dispute
INV-006154,CUST-0079,2025-11-06,2026-02-04,90,29586.19,0,,No Dispute
INV-006155,CUST-0079,2025-05-12,2025-08-10,90,8214.52,1,1.0,Resolved
INV-006156,CUST-0079,2024-06-20,2024-09-18,90,15281.66,0,,No Dispute
INV-006157,CUST-0079,2024-11-10,2025-02-08,90,17996.19,0,,No Dispute
INV-006158,CUST-0079,2025-08-16,2025-11-14,90,19037.52,0,,No Dispute
INV-006159,CUST-0079,2025-11-29,2026-02-27,90,20707.91,0,,No Dispute
INV-006160,CUST-0079,2024-04-20,2024-07-19,90,29545.42,0,,No Dispute
INV-006161,CUST-0079,2024-07-01,2024-09-29,90,29374.1,0,,No Dispute
INV-006162,CUST-0079,2025-02-25,2025-05-26,90,15649.69,0,,No Dispute
INV-006163,CUST-0079,2025-10-25,2026-01-23,90,18468.69,0,,No Dispute
INV-006164,CUST-0079,2024-06-17,2024-09-15,90,26535.31,0,,No Dispute
INV-006165,CUST-0079,2025-01-03,2025-04-03,90,20675.82,0,,No Dispute
INV-006166,CUST-0079,2024-11-18,2025-02-16,90,30558.64,0,,No Dispute
INV-006167,CUST-0079,2025-01-15,2025-04-15,90,15517.55,0,,No Dispute
INV-006168,CUST-0079,2024-06-02,2024-08-31,90,16304.65,0,,No Dispute
INV-006169,CUST-0079,2025-08-12,2025-11-10,90,13928.38,0,,No Dispute
INV-006170,CUST-0079,2024-06-28,2024-09-26,90,26458.13,0,,No Dispute
INV-006171,CUST-0079,2024-03-06,2024-06-04,90,28868.11,0,,No Dispute
INV-006172,CUST-0079,2025-02-15,2025-05-16,90,19559.89,0,,No Dispute
INV-006173,CUST-0079,2025-09-24,2025-12-23,90,21933.29,0,,No Dispute
INV-006174,CUST-0079,2024-08-15,2024-11-13,90,16557.62,0,,No Dispute
INV-006175,CUST-0079,2025-06-06,2025-09-04,90,12168.01,0,,No Dispute
INV-006176,CUST-0079,2025-01-21,2025-04-21,90,20749.42,0,,No Dispute
INV-006177,CUST-0079,2024-11-04,2025-02-02,90,21086.92,1,3.0,Open
INV-006178,CUST-0079,2024-10-29,2025-01-27,90,30359.32,0,,No Dispute
INV-006179,CUST-0079,2025-09-24,2025-12-23,90,19612.77,0,,No Dispute
INV-006180,CUST-0079,2024-08-27,2024-11-25,90,20455.85,0,,No Dispute
INV-006181,CUST-0079,2025-10-15,2026-01-13,90,6494.54,0,,No Dispute
INV-006182,CUST-0079,2025-12-25,2026-03-25,90,25461.66,0,,No Dispute
INV-006183,CUST-0079,2025-06-16,2025-09-14,90,16739.11,0,,No Dispute
INV-006184,CUST-0079,2025-04-30,2025-07-29,90,17337.73,0,,No Dispute
INV-006185,CUST-0079,2024-08-22,2024-11-20,90,10757.24,0,,No Dispute
INV-006186,CUST-0079,2025-09-01,2025-11-30,90,27458.09,0,,No Dispute
INV-006187,CUST-0079,2025-07-04,2025-10-02,90,13848.2,0,,No Dispute
INV-006188,CUST-0079,2025-05-03,2025-08-01,90,27877.12,0,,No Dispute
INV-006189,CUST-0079,2025-01-25,2025-04-25,90,24084.65,0,,No Dispute
INV-006190,CUST-0079,2024-07-24,2024-10-22,90,28016.55,0,,No Dispute
INV-006191,CUST-0079,2025-05-05,2025-08-03,90,9063.41,0,,No Dispute
INV-006192,CUST-0079,2024-08-24,2024-11-22,90,26896.26,0,,No Dispute
INV-006193,CUST-0079,2025-02-13,2025-05-14,90,25033.99,0,,No Dispute
INV-006194,CUST-0079,2025-05-29,2025-08-27,90,12557.81,0,,No Dispute
INV-006195,CUST-0079,2024-12-19,2025-03-19,90,21229.76,0,,No Dispute
INV-006196,CUST-0079,2025-07-17,2025-10-15,90,5327.79,1,5.0,Resolved
INV-006197,CUST-0079,2025-03-01,2025-05-30,90,29158.01,0,,No Dispute
INV-006198,CUST-0079,2024-03-22,2024-06-20,90,19680.45,0,,No Dispute
INV-006199,CUST-0079,2025-12-25,2026-03-25,90,6221.25,0,,No Dispute
INV-006200,CUST-0079,2024-01-08,2024-04-07,90,25285.26,0,,No Dispute
INV-006201,CUST-0079,2024-02-16,2024-05-16,90,7677.06,0,,No Dispute
INV-006202,CUST-0079,2025-02-10,2025-05-11,90,21803.03,0,,No Dispute
INV-006203,CUST-0079,2024-03-13,2024-06-11,90,20641.25,0,,No Dispute
INV-006204,CUST-0079,2024-08-19,2024-11-17,90,18798.35,0,,No Dispute
INV-006205,CUST-0079,2024-06-04,2024-09-02,90,9017.18,0,,No Dispute
INV-006206,CUST-0079,2025-11-28,2026-02-26,90,11023.38,0,,No Dispute
INV-006207,CUST-0079,2025-03-03,2025-06-01,90,6286.13,0,,No Dispute
INV-006208,CUST-0079,2024-02-23,2024-05-23,90,25877.82,0,,No Dispute
INV-006209,CUST-0079,2025-07-10,2025-10-08,90,6314.05,0,,No Dispute
INV-006210,CUST-0079,2024-06-30,2024-09-28,90,16627.42,0,,No Dispute
INV-006211,CUST-0079,2025-07-28,2025-10-26,90,25401.72,0,,No Dispute
INV-006212,CUST-0079,2024-02-28,2024-05-28,90,20330.62,0,,No Dispute
INV-006213,CUST-0079,2024-05-11,2024-08-09,90,17864.21,0,,No Dispute
INV-006214,CUST-0079,2025-05-25,2025-08-23,90,10777.22,1,5.0,Resolved
INV-006215,CUST-0079,2025-12-02,2026-03-02,90,8885.96,0,,No Dispute
INV-006216,CUST-0079,2025-10-20,2026-01-18,90,14579.62,0,,No Dispute
INV-006217,CUST-0079,2025-02-02,2025-05-03,90,26378.55,0,,No Dispute
INV-006218,CUST-0079,2024-09-19,2024-12-18,90,21624.93,1,2.0,Resolved
INV-006219,CUST-0079,2025-12-08,2026-03-08,90,9760.09,0,,No Dispute
INV-006220,CUST-0079,2025-12-08,2026-03-08,90,29495.24,0,,No Dispute
INV-006221,CUST-0079,2024-01-16,2024-04-15,90,25190.16,0,,No Dispute
INV-006222,CUST-0079,2025-11-24,2026-02-22,90,12843.16,0,,No Dispute
INV-006223,CUST-0079,2024-07-25,2024-10-23,90,10783.86,0,,No Dispute
INV-006224,CUST-0079,2024-06-11,2024-09-09,90,22414.94,0,,No Dispute
INV-006225,CUST-0079,2024-01-12,2024-04-11,90,25985.0,0,,No Dispute
INV-006226,CUST-0079,2024-07-29,2024-10-27,90,26111.1,0,,No Dispute
INV-006227,CUST-0079,2024-05-08,2024-08-06,90,12501.53,0,,No Dispute
INV-006228,CUST-0079,2025-03-17,2025-06-15,90,31507.74,0,,No Dispute
INV-006229,CUST-0079,2024-11-06,2025-02-04,90,12900.19,0,,No Dispute
INV-006230,CUST-0079,2024-06-15,2024-09-13,90,30283.66,0,,No Dispute
INV-006231,CUST-0079,2024-07-22,2024-10-20,90,28726.32,0,,No Dispute
INV-006232,CUST-0079,2024-02-09,2024-05-09,90,15779.57,0,,No Dispute
INV-006233,CUST-0079,2024-12-21,2025-03-21,90,11823.87,0,,No Dispute
INV-006234,CUST-0079,2024-06-23,2024-09-21,90,26149.0,0,,No Dispute
INV-006235,CUST-0079,2024-06-23,2024-09-21,90,24173.46,0,,No Dispute
INV-006236,CUST-0079,2025-09-18,2025-12-17,90,8347.17,0,,No Dispute
INV-006237,CUST-0079,2025-01-08,2025-04-08,90,6638.04,0,,No Dispute
INV-006238,CUST-0079,2025-06-22,2025-09-20,90,30694.06,0,,No Dispute
INV-006239,CUST-0079,2025-11-16,2026-02-14,90,23592.82,0,,No Dispute
INV-006240,CUST-0079,2025-11-29,2026-02-27,90,6476.2,0,,No Dispute
INV-006241,CUST-0079,2024-01-28,2024-04-27,90,11915.38,0,,No Dispute
INV-006242,CUST-0079,2024-03-09,2024-06-07,90,18227.94,0,,No Dispute
INV-006243,CUST-0079,2024-12-30,2025-03-30,90,31730.91,0,,No Dispute
INV-006244,CUST-0079,2024-11-25,2025-02-23,90,11555.36,0,,No Dispute
INV-006245,CUST-0079,2024-07-21,2024-10-19,90,17485.17,0,,No Dispute
INV-006246,CUST-0079,2025-02-20,2025-05-21,90,8511.55,0,,No Dispute
INV-006247,CUST-0079,2025-09-12,2025-12-11,90,7586.64,0,,No Dispute
INV-006248,CUST-0079,2024-05-21,2024-08-19,90,13291.35,0,,No Dispute
INV-006249,CUST-0079,2024-10-10,2025-01-08,90,14772.13,0,,No Dispute
INV-006250,CUST-0079,2025-12-19,2026-03-19,90,25561.6,0,,No Dispute
INV-006251,CUST-0079,2024-01-05,2024-04-04,90,31240.56,0,,No Dispute
INV-006252,CUST-0079,2025-05-26,2025-08-24,90,20885.88,0,,No Dispute
INV-006253,CUST-0080,2024-03-25,2024-06-23,90,11018.52,0,,No Dispute
INV-006254,CUST-0080,2024-08-14,2024-11-12,90,5363.54,0,,No Dispute
INV-006255,CUST-0080,2024-09-17,2024-12-16,90,14420.04,0,,No Dispute
INV-006256,CUST-0080,2024-07-27,2024-10-25,90,18737.62,0,,No Dispute
INV-006257,CUST-0080,2025-10-31,2026-01-29,90,12542.51,0,,No Dispute
INV-006258,CUST-0080,2024-07-28,2024-10-26,90,21782.4,0,,No Dispute
INV-006259,CUST-0080,2024-01-09,2024-04-08,90,22594.37,0,,No Dispute
INV-006260,CUST-0080,2025-03-14,2025-06-12,90,10738.56,0,,No Dispute
INV-006261,CUST-0080,2024-04-17,2024-07-16,90,13632.74,0,,No Dispute
INV-006262,CUST-0080,2025-07-08,2025-10-06,90,26526.63,0,,No Dispute
INV-006263,CUST-0080,2025-04-10,2025-07-09,90,7653.03,0,,No Dispute
INV-006264,CUST-0080,2024-04-19,2024-07-18,90,8325.59,0,,No Dispute
INV-006265,CUST-0080,2025-07-04,2025-10-02,90,27189.86,0,,No Dispute
INV-006266,CUST-0080,2024-05-14,2024-08-12,90,5268.22,0,,No Dispute
INV-006267,CUST-0080,2025-03-13,2025-06-11,90,13284.7,0,,No Dispute
INV-006268,CUST-0080,2024-01-21,2024-04-20,90,21218.46,0,,No Dispute
INV-006269,CUST-0080,2024-05-27,2024-08-25,90,19174.07,0,,No Dispute
INV-006270,CUST-0080,2024-03-02,2024-05-31,90,15508.35,0,,No Dispute
INV-006271,CUST-0080,2024-12-13,2025-03-13,90,17212.0,0,,No Dispute
INV-006272,CUST-0080,2025-12-22,2026-03-22,90,17876.08,1,4.0,Resolved
INV-006273,CUST-0080,2024-12-28,2025-03-28,90,12419.76,0,,No Dispute
INV-006274,CUST-0080,2024-06-19,2024-09-17,90,24761.35,0,,No Dispute
INV-006275,CUST-0080,2024-11-14,2025-02-12,90,27980.21,0,,No Dispute
INV-006276,CUST-0080,2025-07-16,2025-10-14,90,25902.65,0,,No Dispute
INV-006277,CUST-0080,2024-06-01,2024-08-30,90,29029.07,0,,No Dispute
INV-006278,CUST-0080,2024-12-24,2025-03-24,90,31403.39,0,,No Dispute
INV-006279,CUST-0080,2024-09-06,2024-12-05,90,5060.49,0,,No Dispute
INV-006280,CUST-0080,2024-12-03,2025-03-03,90,11038.46,0,,No Dispute
INV-006281,CUST-0080,2025-04-05,2025-07-04,90,21120.01,0,,No Dispute
INV-006282,CUST-0080,2024-10-25,2025-01-23,90,17399.98,0,,No Dispute
INV-006283,CUST-0080,2025-12-22,2026-03-22,90,13214.06,0,,No Dispute
INV-006284,CUST-0080,2024-01-15,2024-04-14,90,12743.76,0,,No Dispute
INV-006285,CUST-0080,2024-11-19,2025-02-17,90,30497.26,0,,No Dispute
INV-006286,CUST-0080,2025-07-09,2025-10-07,90,31972.58,0,,No Dispute
INV-006287,CUST-0080,2025-10-10,2026-01-08,90,26352.78,0,,No Dispute
INV-006288,CUST-0080,2025-02-20,2025-05-21,90,18681.97,0,,No Dispute
INV-006289,CUST-0080,2024-01-16,2024-04-15,90,30154.53,0,,No Dispute
INV-006290,CUST-0080,2025-11-10,2026-02-08,90,7079.68,0,,No Dispute
INV-006291,CUST-0080,2024-05-08,2024-08-06,90,23285.97,0,,No Dispute
INV-006292,CUST-0080,2025-11-28,2026-02-26,90,17609.95,0,,No Dispute
INV-006293,CUST-0080,2024-03-16,2024-06-14,90,6761.66,1,2.0,Resolved
INV-006294,CUST-0080,2024-12-08,2025-03-08,90,27937.4,0,,No Dispute
INV-006295,CUST-0080,2025-01-20,2025-04-20,90,14761.86,0,,No Dispute
INV-006296,CUST-0080,2024-12-01,2025-03-01,90,25610.83,0,,No Dispute
INV-006297,CUST-0080,2025-07-14,2025-10-12,90,15892.53,0,,No Dispute
INV-006298,CUST-0080,2024-07-19,2024-10-17,90,22257.37,0,,No Dispute
INV-006299,CUST-0080,2024-12-07,2025-03-07,90,7721.3,0,,No Dispute
INV-006300,CUST-0080,2025-07-27,2025-10-25,90,31159.45,0,,No Dispute
INV-006301,CUST-0080,2024-02-22,2024-05-22,90,31675.66,0,,No Dispute
INV-006302,CUST-0080,2025-01-14,2025-04-14,90,7951.66,0,,No Dispute
INV-006303,CUST-0080,2024-01-23,2024-04-22,90,27630.0,1,1.0,Resolved
INV-006304,CUST-0080,2024-06-16,2024-09-14,90,13115.7,0,,No Dispute
INV-006305,CUST-0080,2025-08-30,2025-11-28,90,13161.9,0,,No Dispute
INV-006306,CUST-0080,2024-12-09,2025-03-09,90,19950.98,0,,No Dispute
INV-006307,CUST-0080,2024-02-27,2024-05-27,90,25544.13,0,,No Dispute
INV-006308,CUST-0080,2024-06-19,2024-09-17,90,14896.13,0,,No Dispute
INV-006309,CUST-0080,2024-05-05,2024-08-03,90,10743.22,0,,No Dispute
INV-006310,CUST-0080,2025-05-01,2025-07-30,90,5991.01,0,,No Dispute
INV-006311,CUST-0080,2025-10-30,2026-01-28,90,6379.42,0,,No Dispute
INV-006312,CUST-0080,2025-03-03,2025-06-01,90,8886.6,0,,No Dispute
INV-006313,CUST-0080,2025-01-12,2025-04-12,90,20492.97,0,,No Dispute
INV-006314,CUST-0080,2024-05-18,2024-08-16,90,25532.11,0,,No Dispute
INV-006315,CUST-0080,2024-01-05,2024-04-04,90,7665.99,0,,No Dispute
INV-006316,CUST-0080,2025-08-27,2025-11-25,90,27569.16,0,,No Dispute
INV-006317,CUST-0080,2024-12-09,2025-03-09,90,31210.96,0,,No Dispute
INV-006318,CUST-0080,2025-06-08,2025-09-06,90,24686.64,0,,No Dispute
INV-006319,CUST-0080,2025-09-17,2025-12-16,90,28366.4,0,,No Dispute
INV-006320,CUST-0080,2025-08-03,2025-11-01,90,17450.11,0,,No Dispute
INV-006321,CUST-0080,2024-06-02,2024-08-31,90,15893.47,0,,No Dispute
INV-006322,CUST-0080,2025-11-12,2026-02-10,90,31150.25,0,,No Dispute
INV-006323,CUST-0080,2024-03-19,2024-06-17,90,20243.53,0,,No Dispute
INV-006324,CUST-0080,2024-04-14,2024-07-13,90,28713.51,0,,No Dispute
INV-006325,CUST-0080,2025-11-03,2026-02-01,90,24137.82,0,,No Dispute
INV-006326,CUST-0080,2024-02-16,2024-05-16,90,21624.16,0,,No Dispute
INV-006327,CUST-0080,2025-06-21,2025-09-19,90,28237.66,0,,No Dispute
INV-006328,CUST-0080,2024-01-24,2024-04-23,90,29037.77,0,,No Dispute
INV-006329,CUST-0080,2024-03-09,2024-06-07,90,26623.1,0,,No Dispute
INV-006330,CUST-0080,2025-11-21,2026-02-19,90,21536.33,0,,No Dispute
INV-006331,CUST-0080,2025-05-04,2025-08-02,90,13796.7,0,,No Dispute
INV-006332,CUST-0080,2024-09-17,2024-12-16,90,26521.47,0,,No Dispute
INV-006333,CUST-0080,2025-09-08,2025-12-07,90,28854.07,0,,No Dispute
INV-006334,CUST-0080,2024-08-22,2024-11-20,90,5090.81,0,,No Dispute
INV-006335,CUST-0080,2025-10-26,2026-01-24,90,26010.16,0,,No Dispute
INV-006336,CUST-0080,2025-07-28,2025-10-26,90,12096.85,0,,No Dispute
INV-006337,CUST-0080,2025-02-04,2025-05-05,90,22682.5,0,,No Dispute
INV-006338,CUST-0080,2024-01-17,2024-04-16,90,29622.46,0,,No Dispute
INV-006339,CUST-0080,2025-11-20,2026-02-18,90,20389.42,0,,No Dispute
INV-006340,CUST-0080,2024-12-19,2025-03-19,90,25987.27,0,,No Dispute
INV-006341,CUST-0080,2025-07-20,2025-10-18,90,26495.35,0,,No Dispute
INV-006342,CUST-0080,2025-09-24,2025-12-23,90,5302.55,0,,No Dispute
INV-006343,CUST-0080,2024-03-13,2024-06-11,90,19614.37,0,,No Dispute
INV-006344,CUST-0080,2024-11-20,2025-02-18,90,10476.77,0,,No Dispute
INV-006345,CUST-0080,2024-08-02,2024-10-31,90,28731.82,0,,No Dispute
INV-006346,CUST-0080,2025-11-07,2026-02-05,90,14894.09,0,,No Dispute
INV-006347,CUST-0080,2024-08-10,2024-11-08,90,23732.03,0,,No Dispute
INV-006348,CUST-0080,2025-02-10,2025-05-11,90,17434.09,0,,No Dispute
INV-006349,CUST-0080,2025-12-01,2026-03-01,90,9737.29,0,,No Dispute
INV-006350,CUST-0080,2025-12-10,2026-03-10,90,23065.86,0,,No Dispute
INV-006351,CUST-0080,2025-06-03,2025-09-01,90,23685.59,0,,No Dispute
INV-006352,CUST-0080,2024-04-13,2024-07-12,90,15243.01,0,,No Dispute
INV-006353,CUST-0080,2025-09-21,2025-12-20,90,18474.73,0,,No Dispute
INV-006354,CUST-0080,2024-04-12,2024-07-11,90,18769.14,0,,No Dispute
INV-006355,CUST-0080,2025-08-07,2025-11-05,90,30610.18,0,,No Dispute
INV-006356,CUST-0080,2025-05-15,2025-08-13,90,20943.76,0,,No Dispute
INV-006357,CUST-0080,2024-10-12,2025-01-10,90,17798.13,0,,No Dispute
INV-006358,CUST-0080,2025-12-27,2026-03-27,90,30693.72,0,,No Dispute
INV-006359,CUST-0080,2024-06-18,2024-09-16,90,27756.0,0,,No Dispute
INV-006360,CUST-0080,2025-09-14,2025-12-13,90,14720.15,0,,No Dispute
INV-006361,CUST-0080,2024-01-12,2024-04-11,90,16010.27,0,,No Dispute
INV-006362,CUST-0080,2025-01-28,2025-04-28,90,16548.41,0,,No Dispute
INV-006363,CUST-0080,2025-09-14,2025-12-13,90,11400.65,1,3.0,Resolved
INV-006364,CUST-0080,2025-09-24,2025-12-23,90,20065.97,0,,No Dispute
INV-006365,CUST-0080,2025-05-19,2025-08-17,90,5209.27,0,,No Dispute
INV-006366,CUST-0080,2024-12-30,2025-03-30,90,24750.01,0,,No Dispute
INV-006367,CUST-0080,2024-11-02,2025-01-31,90,25455.93,0,,No Dispute
INV-006368,CUST-0080,2025-10-04,2026-01-02,90,28461.9,0,,No Dispute
INV-006369,CUST-0080,2025-12-04,2026-03-04,90,30253.2,0,,No Dispute
INV-006370,CUST-0080,2025-08-09,2025-11-07,90,23653.49,0,,No Dispute
INV-006371,CUST-0080,2025-02-02,2025-05-03,90,7621.64,0,,No Dispute
INV-006372,CUST-0080,2024-01-09,2024-04-08,90,7275.35,0,,No Dispute
INV-006373,CUST-0080,2025-04-07,2025-07-06,90,11190.17,0,,No Dispute
INV-006374,CUST-0080,2024-03-02,2024-05-31,90,26403.42,0,,No Dispute
INV-006375,CUST-0080,2024-09-25,2024-12-24,90,30867.86,0,,No Dispute
INV-006376,CUST-0080,2024-02-05,2024-05-05,90,29022.02,0,,No Dispute
INV-006377,CUST-0080,2024-12-19,2025-03-19,90,15118.93,0,,No Dispute
INV-006378,CUST-0080,2025-01-25,2025-04-25,90,8049.99,0,,No Dispute
INV-006379,CUST-0080,2024-02-16,2024-05-16,90,25737.34,0,,No Dispute
INV-006380,CUST-0080,2024-02-22,2024-05-22,90,23453.45,0,,No Dispute
INV-006381,CUST-0080,2025-04-17,2025-07-16,90,12019.24,0,,No Dispute
INV-006382,CUST-0080,2024-10-26,2025-01-24,90,8925.0,0,,No Dispute
INV-006383,CUST-0080,2025-10-30,2026-01-28,90,22891.83,0,,No Dispute
INV-006384,CUST-0080,2024-08-25,2024-11-23,90,6221.08,0,,No Dispute
INV-006385,CUST-0080,2024-12-23,2025-03-23,90,6951.59,0,,No Dispute
INV-006386,CUST-0080,2024-10-19,2025-01-17,90,26671.19,0,,No Dispute
INV-006387,CUST-0081,2024-08-17,2024-09-16,30,2797.72,0,,No Dispute
INV-006388,CUST-0081,2025-05-02,2025-06-01,30,2594.37,0,,No Dispute
INV-006389,CUST-0081,2025-09-30,2025-10-30,30,2210.23,0,,No Dispute
INV-006390,CUST-0081,2024-09-08,2024-10-08,30,3718.63,1,1.0,Open
INV-006391,CUST-0081,2025-10-25,2025-11-24,30,3031.13,0,,No Dispute
INV-006392,CUST-0081,2024-05-17,2024-06-16,30,1435.15,0,,No Dispute
INV-006393,CUST-0081,2025-11-15,2025-12-15,30,3286.49,0,,No Dispute
INV-006394,CUST-0081,2025-02-25,2025-03-27,30,3532.97,0,,No Dispute
INV-006395,CUST-0081,2024-10-01,2024-10-31,30,3883.86,0,,No Dispute
INV-006396,CUST-0081,2024-12-30,2025-01-29,30,2775.39,0,,No Dispute
INV-006397,CUST-0081,2025-10-22,2025-11-21,30,3127.76,0,,No Dispute
INV-006398,CUST-0081,2025-12-04,2026-01-03,30,3713.62,0,,No Dispute
INV-006399,CUST-0081,2025-02-08,2025-03-10,30,1124.72,0,,No Dispute
INV-006400,CUST-0081,2024-03-04,2024-04-03,30,3252.62,0,,No Dispute
INV-006401,CUST-0081,2025-07-17,2025-08-16,30,688.42,0,,No Dispute
INV-006402,CUST-0081,2024-06-02,2024-07-02,30,1188.88,0,,No Dispute
INV-006403,CUST-0081,2025-11-24,2025-12-24,30,1195.49,0,,No Dispute
INV-006404,CUST-0081,2024-12-23,2025-01-22,30,2348.49,0,,No Dispute
INV-006405,CUST-0081,2025-10-30,2025-11-29,30,1250.1,0,,No Dispute
INV-006406,CUST-0081,2024-05-27,2024-06-26,30,3720.92,0,,No Dispute
INV-006407,CUST-0081,2025-08-30,2025-09-29,30,1836.89,0,,No Dispute
INV-006408,CUST-0081,2025-06-07,2025-07-07,30,3109.76,0,,No Dispute
INV-006409,CUST-0081,2024-12-27,2025-01-26,30,2451.91,1,4.0,Resolved
INV-006410,CUST-0081,2025-08-08,2025-09-07,30,3193.85,0,,No Dispute
INV-006411,CUST-0081,2025-11-09,2025-12-09,30,3690.07,0,,No Dispute
INV-006412,CUST-0081,2025-02-27,2025-03-29,30,2245.73,0,,No Dispute
INV-006413,CUST-0081,2024-09-10,2024-10-10,30,2614.31,0,,No Dispute
INV-006414,CUST-0081,2025-10-14,2025-11-13,30,604.77,0,,No Dispute
INV-006415,CUST-0081,2025-01-10,2025-02-09,30,2727.45,0,,No Dispute
INV-006416,CUST-0081,2025-01-26,2025-02-25,30,603.27,0,,No Dispute
INV-006417,CUST-0081,2024-09-15,2024-10-15,30,2041.68,0,,No Dispute
INV-006418,CUST-0081,2024-04-17,2024-05-17,30,3909.34,0,,No Dispute
INV-006419,CUST-0081,2024-09-07,2024-10-07,30,1245.12,0,,No Dispute
INV-006420,CUST-0081,2024-06-06,2024-07-06,30,3908.92,0,,No Dispute
INV-006421,CUST-0081,2024-12-18,2025-01-17,30,2320.63,0,,No Dispute
INV-006422,CUST-0081,2024-07-20,2024-08-19,30,2194.37,0,,No Dispute
INV-006423,CUST-0081,2024-05-10,2024-06-09,30,2965.4,0,,No Dispute
INV-006424,CUST-0081,2024-06-07,2024-07-07,30,1577.01,0,,No Dispute
INV-006425,CUST-0081,2025-01-01,2025-01-31,30,3081.45,0,,No Dispute
INV-006426,CUST-0081,2025-12-22,2026-01-21,30,714.92,1,1.0,Resolved
INV-006427,CUST-0081,2025-01-02,2025-02-01,30,3042.2,0,,No Dispute
INV-006428,CUST-0081,2025-12-03,2026-01-02,30,2207.83,0,,No Dispute
INV-006429,CUST-0081,2024-08-12,2024-09-11,30,1957.74,0,,No Dispute
INV-006430,CUST-0082,2024-04-24,2024-06-08,45,2023.49,0,,No Dispute
INV-006431,CUST-0082,2024-04-23,2024-06-07,45,7946.21,0,,No Dispute
INV-006432,CUST-0082,2025-06-27,2025-08-11,45,3105.3,0,,No Dispute
INV-006433,CUST-0082,2024-01-23,2024-03-08,45,4555.51,0,,No Dispute
INV-006434,CUST-0082,2025-06-07,2025-07-22,45,5826.64,0,,No Dispute
INV-006435,CUST-0082,2024-07-02,2024-08-16,45,8679.32,0,,No Dispute
INV-006436,CUST-0082,2024-07-04,2024-08-18,45,8734.68,0,,No Dispute
INV-006437,CUST-0082,2024-03-25,2024-05-09,45,5086.11,0,,No Dispute
INV-006438,CUST-0082,2025-03-16,2025-04-30,45,6987.92,0,,No Dispute
INV-006439,CUST-0082,2024-04-19,2024-06-03,45,6400.46,0,,No Dispute
INV-006440,CUST-0082,2025-01-19,2025-03-05,45,5422.9,0,,No Dispute
INV-006441,CUST-0082,2024-01-31,2024-03-16,45,9446.19,0,,No Dispute
INV-006442,CUST-0082,2025-04-15,2025-05-30,45,2978.01,0,,No Dispute
INV-006443,CUST-0082,2024-12-26,2025-02-09,45,5280.21,0,,No Dispute
INV-006444,CUST-0082,2024-11-03,2024-12-18,45,11937.54,0,,No Dispute
INV-006445,CUST-0082,2025-08-27,2025-10-11,45,6726.39,0,,No Dispute
INV-006446,CUST-0082,2024-01-25,2024-03-10,45,10934.78,0,,No Dispute
INV-006447,CUST-0082,2024-01-20,2024-03-05,45,5916.95,0,,No Dispute
INV-006448,CUST-0082,2024-09-09,2024-10-24,45,2119.4,0,,No Dispute
INV-006449,CUST-0082,2025-10-05,2025-11-19,45,2602.41,0,,No Dispute
INV-006450,CUST-0082,2024-05-20,2024-07-04,45,7473.07,0,,No Dispute
INV-006451,CUST-0082,2025-11-06,2025-12-21,45,7593.03,0,,No Dispute
INV-006452,CUST-0082,2024-04-20,2024-06-04,45,2407.01,0,,No Dispute
INV-006453,CUST-0082,2024-06-18,2024-08-02,45,7728.76,0,,No Dispute
INV-006454,CUST-0082,2024-05-02,2024-06-16,45,8927.93,0,,No Dispute
INV-006455,CUST-0082,2024-01-14,2024-02-28,45,7853.38,1,3.0,Resolved
INV-006456,CUST-0082,2025-12-04,2026-01-18,45,6755.71,0,,No Dispute
INV-006457,CUST-0082,2025-08-12,2025-09-26,45,3606.73,0,,No Dispute
INV-006458,CUST-0082,2025-02-08,2025-03-25,45,2457.23,0,,No Dispute
INV-006459,CUST-0082,2025-03-31,2025-05-15,45,11308.49,0,,No Dispute
INV-006460,CUST-0082,2024-11-08,2024-12-23,45,3992.91,0,,No Dispute
INV-006461,CUST-0082,2024-06-11,2024-07-26,45,11778.94,0,,No Dispute
INV-006462,CUST-0082,2025-01-10,2025-02-24,45,2237.39,0,,No Dispute
INV-006463,CUST-0082,2024-09-23,2024-11-07,45,2368.56,0,,No Dispute
INV-006464,CUST-0082,2024-11-20,2025-01-04,45,9956.11,0,,No Dispute
INV-006465,CUST-0082,2024-08-03,2024-09-17,45,7641.44,0,,No Dispute
INV-006466,CUST-0082,2024-06-16,2024-07-31,45,11968.1,0,,No Dispute
INV-006467,CUST-0082,2025-02-19,2025-04-05,45,9217.98,0,,No Dispute
INV-006468,CUST-0082,2025-01-19,2025-03-05,45,5535.04,0,,No Dispute
INV-006469,CUST-0082,2025-03-27,2025-05-11,45,6555.73,0,,No Dispute
INV-006470,CUST-0082,2024-05-09,2024-06-23,45,2129.03,0,,No Dispute
INV-006471,CUST-0082,2025-10-23,2025-12-07,45,2041.29,0,,No Dispute
INV-006472,CUST-0082,2024-02-23,2024-04-08,45,10188.52,0,,No Dispute
INV-006473,CUST-0082,2024-08-12,2024-09-26,45,5384.78,0,,No Dispute
INV-006474,CUST-0082,2025-08-31,2025-10-15,45,9599.69,1,3.0,Open
INV-006475,CUST-0082,2024-04-01,2024-05-16,45,8754.65,1,5.0,Open
INV-006476,CUST-0082,2024-05-24,2024-07-08,45,10253.2,0,,No Dispute
INV-006477,CUST-0082,2024-04-19,2024-06-03,45,2698.18,0,,No Dispute
INV-006478,CUST-0082,2025-11-12,2025-12-27,45,1836.27,0,,No Dispute
INV-006479,CUST-0082,2024-05-24,2024-07-08,45,11945.49,0,,No Dispute
INV-006480,CUST-0082,2025-04-11,2025-05-26,45,11532.16,0,,No Dispute
INV-006481,CUST-0082,2024-05-25,2024-07-09,45,7593.25,0,,No Dispute
INV-006482,CUST-0082,2024-04-05,2024-05-20,45,2817.97,0,,No Dispute
INV-006483,CUST-0082,2025-05-19,2025-07-03,45,1660.09,0,,No Dispute
INV-006484,CUST-0082,2024-05-11,2024-06-25,45,6469.24,0,,No Dispute
INV-006485,CUST-0082,2024-05-02,2024-06-16,45,4393.01,0,,No Dispute
INV-006486,CUST-0082,2024-11-10,2024-12-25,45,7297.03,0,,No Dispute
INV-006487,CUST-0082,2024-02-19,2024-04-04,45,5669.37,0,,No Dispute
INV-006488,CUST-0082,2024-04-24,2024-06-08,45,5053.6,0,,No Dispute
INV-006489,CUST-0082,2025-07-17,2025-08-31,45,3136.18,0,,No Dispute
INV-006490,CUST-0082,2024-10-10,2024-11-24,45,6937.78,0,,No Dispute
INV-006491,CUST-0082,2025-04-07,2025-05-22,45,9012.9,0,,No Dispute
INV-006492,CUST-0082,2024-10-25,2024-12-09,45,10400.88,0,,No Dispute
INV-006493,CUST-0082,2025-10-31,2025-12-15,45,9461.69,0,,No Dispute
INV-006494,CUST-0082,2025-02-20,2025-04-06,45,11005.51,0,,No Dispute
INV-006495,CUST-0083,2024-03-17,2024-05-16,60,23137.07,0,,No Dispute
INV-006496,CUST-0083,2025-06-14,2025-08-13,60,22487.08,0,,No Dispute
INV-006497,CUST-0083,2024-08-12,2024-10-11,60,26692.7,0,,No Dispute
INV-006498,CUST-0083,2024-05-31,2024-07-30,60,15159.51,0,,No Dispute
INV-006499,CUST-0083,2024-04-24,2024-06-23,60,20935.53,1,5.0,Resolved
INV-006500,CUST-0083,2025-07-27,2025-09-25,60,16172.52,0,,No Dispute
INV-006501,CUST-0083,2024-07-02,2024-08-31,60,28369.58,0,,No Dispute
INV-006502,CUST-0083,2025-07-09,2025-09-07,60,21475.44,0,,No Dispute
INV-006503,CUST-0083,2024-03-06,2024-05-05,60,22049.94,0,,No Dispute
INV-006504,CUST-0083,2024-04-29,2024-06-28,60,24494.51,0,,No Dispute
INV-006505,CUST-0083,2025-03-15,2025-05-14,60,12335.15,0,,No Dispute
INV-006506,CUST-0083,2025-12-15,2026-02-13,60,6216.69,0,,No Dispute
INV-006507,CUST-0083,2025-03-22,2025-05-21,60,10121.33,0,,No Dispute
INV-006508,CUST-0083,2024-11-25,2025-01-24,60,23708.32,0,,No Dispute
INV-006509,CUST-0083,2024-11-27,2025-01-26,60,30662.65,0,,No Dispute
INV-006510,CUST-0083,2024-05-17,2024-07-16,60,26587.46,0,,No Dispute
INV-006511,CUST-0083,2025-06-04,2025-08-03,60,25257.0,0,,No Dispute
INV-006512,CUST-0083,2025-04-21,2025-06-20,60,13770.55,0,,No Dispute
INV-006513,CUST-0083,2024-10-06,2024-12-05,60,6321.26,0,,No Dispute
INV-006514,CUST-0083,2024-01-22,2024-03-22,60,27432.15,0,,No Dispute
INV-006515,CUST-0083,2024-07-31,2024-09-29,60,12363.78,0,,No Dispute
INV-006516,CUST-0083,2025-12-07,2026-02-05,60,27044.06,0,,No Dispute
INV-006517,CUST-0083,2025-06-21,2025-08-20,60,8293.36,0,,No Dispute
INV-006518,CUST-0083,2024-12-31,2025-03-01,60,11441.41,0,,No Dispute
INV-006519,CUST-0083,2025-02-14,2025-04-15,60,20037.95,0,,No Dispute
INV-006520,CUST-0083,2024-09-11,2024-11-10,60,17724.39,0,,No Dispute
INV-006521,CUST-0083,2025-04-25,2025-06-24,60,6383.45,0,,No Dispute
INV-006522,CUST-0083,2025-05-24,2025-07-23,60,26503.6,0,,No Dispute
INV-006523,CUST-0083,2024-07-01,2024-08-30,60,14084.05,0,,No Dispute
INV-006524,CUST-0083,2025-07-29,2025-09-27,60,21353.85,0,,No Dispute
INV-006525,CUST-0083,2024-01-09,2024-03-09,60,16195.79,0,,No Dispute
INV-006526,CUST-0083,2024-06-09,2024-08-08,60,7937.88,0,,No Dispute
INV-006527,CUST-0083,2024-05-11,2024-07-10,60,11194.12,0,,No Dispute
INV-006528,CUST-0083,2025-06-13,2025-08-12,60,14283.24,0,,No Dispute
INV-006529,CUST-0083,2024-03-21,2024-05-20,60,16062.37,0,,No Dispute
INV-006530,CUST-0083,2025-12-11,2026-02-09,60,5921.18,0,,No Dispute
INV-006531,CUST-0083,2024-10-12,2024-12-11,60,9104.17,0,,No Dispute
INV-006532,CUST-0083,2025-01-10,2025-03-11,60,28657.75,0,,No Dispute
INV-006533,CUST-0083,2025-09-28,2025-11-27,60,26534.22,0,,No Dispute
INV-006534,CUST-0083,2024-06-29,2024-08-28,60,16794.29,0,,No Dispute
INV-006535,CUST-0083,2024-03-22,2024-05-21,60,10284.33,0,,No Dispute
INV-006536,CUST-0083,2025-10-31,2025-12-30,60,19131.67,0,,No Dispute
INV-006537,CUST-0083,2024-07-07,2024-09-05,60,21901.96,0,,No Dispute
INV-006538,CUST-0083,2024-10-31,2024-12-30,60,17845.8,0,,No Dispute
INV-006539,CUST-0083,2024-09-01,2024-10-31,60,29821.25,0,,No Dispute
INV-006540,CUST-0083,2024-07-26,2024-09-24,60,30980.66,0,,No Dispute
INV-006541,CUST-0083,2024-12-22,2025-02-20,60,20124.25,0,,No Dispute
INV-006542,CUST-0083,2024-03-23,2024-05-22,60,5298.99,0,,No Dispute
INV-006543,CUST-0083,2025-06-28,2025-08-27,60,13858.3,0,,No Dispute
INV-006544,CUST-0083,2025-04-05,2025-06-04,60,29025.51,0,,No Dispute
INV-006545,CUST-0083,2024-06-06,2024-08-05,60,21583.72,0,,No Dispute
INV-006546,CUST-0083,2025-10-20,2025-12-19,60,5812.46,0,,No Dispute
INV-006547,CUST-0083,2024-11-08,2025-01-07,60,25298.3,0,,No Dispute
INV-006548,CUST-0083,2024-10-11,2024-12-10,60,26635.37,0,,No Dispute
INV-006549,CUST-0083,2025-05-28,2025-07-27,60,31064.62,0,,No Dispute
INV-006550,CUST-0083,2024-07-27,2024-09-25,60,14011.46,0,,No Dispute
INV-006551,CUST-0083,2024-06-11,2024-08-10,60,15095.12,0,,No Dispute
INV-006552,CUST-0083,2025-01-17,2025-03-18,60,8584.11,0,,No Dispute
INV-006553,CUST-0083,2024-05-16,2024-07-15,60,31139.23,0,,No Dispute
INV-006554,CUST-0083,2024-06-09,2024-08-08,60,20253.69,0,,No Dispute
INV-006555,CUST-0083,2025-04-07,2025-06-06,60,29375.76,0,,No Dispute
INV-006556,CUST-0083,2024-06-10,2024-08-09,60,5654.86,0,,No Dispute
INV-006557,CUST-0083,2025-11-10,2026-01-09,60,25114.61,0,,No Dispute
INV-006558,CUST-0083,2024-04-29,2024-06-28,60,8951.62,0,,No Dispute
INV-006559,CUST-0083,2024-06-02,2024-08-01,60,17412.49,0,,No Dispute
INV-006560,CUST-0083,2025-03-30,2025-05-29,60,30874.02,0,,No Dispute
INV-006561,CUST-0083,2025-07-20,2025-09-18,60,31384.61,0,,No Dispute
INV-006562,CUST-0083,2024-01-26,2024-03-26,60,30847.48,0,,No Dispute
INV-006563,CUST-0083,2025-10-23,2025-12-22,60,7022.23,0,,No Dispute
INV-006564,CUST-0083,2024-05-29,2024-07-28,60,7783.13,0,,No Dispute
INV-006565,CUST-0083,2025-10-18,2025-12-17,60,26976.29,0,,No Dispute
INV-006566,CUST-0083,2025-12-27,2026-02-25,60,9510.87,0,,No Dispute
INV-006567,CUST-0083,2025-07-18,2025-09-16,60,29914.19,0,,No Dispute
INV-006568,CUST-0083,2024-03-03,2024-05-02,60,5437.24,0,,No Dispute
INV-006569,CUST-0083,2024-11-11,2025-01-10,60,10183.44,0,,No Dispute
INV-006570,CUST-0083,2025-09-16,2025-11-15,60,25382.57,0,,No Dispute
INV-006571,CUST-0083,2024-07-26,2024-09-24,60,12447.94,0,,No Dispute
INV-006572,CUST-0083,2024-07-19,2024-09-17,60,5277.11,0,,No Dispute
INV-006573,CUST-0083,2025-08-16,2025-10-15,60,15857.19,0,,No Dispute
INV-006574,CUST-0083,2024-01-21,2024-03-21,60,30286.03,0,,No Dispute
INV-006575,CUST-0083,2025-05-03,2025-07-02,60,5933.15,0,,No Dispute
INV-006576,CUST-0083,2025-12-21,2026-02-19,60,5675.19,0,,No Dispute
INV-006577,CUST-0083,2025-02-04,2025-04-05,60,27858.93,0,,No Dispute
INV-006578,CUST-0083,2025-09-26,2025-11-25,60,19342.97,0,,No Dispute
INV-006579,CUST-0083,2025-02-22,2025-04-23,60,12127.68,0,,No Dispute
INV-006580,CUST-0083,2025-12-14,2026-02-12,60,26871.75,0,,No Dispute
INV-006581,CUST-0083,2024-10-25,2024-12-24,60,7941.91,0,,No Dispute
INV-006582,CUST-0083,2025-01-28,2025-03-29,60,13018.01,0,,No Dispute
INV-006583,CUST-0083,2024-02-23,2024-04-23,60,29797.03,0,,No Dispute
INV-006584,CUST-0083,2024-07-12,2024-09-10,60,10327.82,0,,No Dispute
INV-006585,CUST-0083,2024-10-22,2024-12-21,60,9694.75,0,,No Dispute
INV-006586,CUST-0083,2024-09-12,2024-11-11,60,16590.73,0,,No Dispute
INV-006587,CUST-0083,2024-12-14,2025-02-12,60,8921.22,0,,No Dispute
INV-006588,CUST-0083,2025-04-03,2025-06-02,60,28771.39,0,,No Dispute
INV-006589,CUST-0083,2025-02-03,2025-04-04,60,27631.18,0,,No Dispute
INV-006590,CUST-0083,2024-12-23,2025-02-21,60,8057.36,0,,No Dispute
INV-006591,CUST-0083,2025-12-01,2026-01-30,60,7463.07,0,,No Dispute
INV-006592,CUST-0083,2024-01-07,2024-03-07,60,31288.76,0,,No Dispute
INV-006593,CUST-0083,2024-09-18,2024-11-17,60,14439.38,0,,No Dispute
INV-006594,CUST-0083,2025-06-09,2025-08-08,60,10800.45,0,,No Dispute
INV-006595,CUST-0083,2024-09-26,2024-11-25,60,12486.14,0,,No Dispute
INV-006596,CUST-0083,2024-12-16,2025-02-14,60,15996.5,0,,No Dispute
INV-006597,CUST-0083,2024-05-07,2024-07-06,60,18157.23,0,,No Dispute
INV-006598,CUST-0083,2024-11-25,2025-01-24,60,11950.38,0,,No Dispute
INV-006599,CUST-0083,2024-05-20,2024-07-19,60,12464.13,0,,No Dispute
INV-006600,CUST-0083,2025-11-19,2026-01-18,60,31019.63,0,,No Dispute
INV-006601,CUST-0083,2025-09-13,2025-11-12,60,10284.54,0,,No Dispute
INV-006602,CUST-0083,2024-09-17,2024-11-16,60,28511.43,0,,No Dispute
INV-006603,CUST-0083,2025-05-03,2025-07-02,60,18057.79,0,,No Dispute
INV-006604,CUST-0083,2025-01-18,2025-03-19,60,13900.09,0,,No Dispute
INV-006605,CUST-0083,2025-11-12,2026-01-11,60,20736.71,0,,No Dispute
INV-006606,CUST-0083,2025-05-07,2025-07-06,60,12708.27,0,,No Dispute
INV-006607,CUST-0083,2024-09-08,2024-11-07,60,9988.09,1,2.0,Resolved
INV-006608,CUST-0083,2024-02-15,2024-04-15,60,7277.6,0,,No Dispute
INV-006609,CUST-0083,2024-04-29,2024-06-28,60,27613.96,0,,No Dispute
INV-006610,CUST-0083,2024-05-14,2024-07-13,60,24970.03,0,,No Dispute
INV-006611,CUST-0083,2025-02-03,2025-04-04,60,29053.09,0,,No Dispute
INV-006612,CUST-0083,2025-09-19,2025-11-18,60,13047.97,0,,No Dispute
INV-006613,CUST-0083,2024-01-31,2024-03-31,60,8406.88,0,,No Dispute
INV-006614,CUST-0083,2024-11-25,2025-01-24,60,18915.02,0,,No Dispute
INV-006615,CUST-0083,2025-06-01,2025-07-31,60,13392.2,0,,No Dispute
INV-006616,CUST-0083,2024-05-21,2024-07-20,60,6299.84,0,,No Dispute
INV-006617,CUST-0083,2024-07-09,2024-09-07,60,26999.39,0,,No Dispute
INV-006618,CUST-0083,2025-12-19,2026-02-17,60,22395.36,0,,No Dispute
INV-006619,CUST-0083,2024-08-16,2024-10-15,60,25022.19,0,,No Dispute
INV-006620,CUST-0083,2025-07-31,2025-09-29,60,12312.79,0,,No Dispute
INV-006621,CUST-0083,2025-01-24,2025-03-25,60,30192.64,0,,No Dispute
INV-006622,CUST-0083,2024-02-15,2024-04-15,60,5350.27,0,,No Dispute
INV-006623,CUST-0083,2025-10-14,2025-12-13,60,6589.13,0,,No Dispute
INV-006624,CUST-0084,2024-02-06,2024-03-07,30,2389.51,0,,No Dispute
INV-006625,CUST-0084,2024-08-31,2024-09-30,30,1478.19,0,,No Dispute
INV-006626,CUST-0084,2024-12-03,2025-01-02,30,2083.56,0,,No Dispute
INV-006627,CUST-0084,2025-03-26,2025-04-25,30,2275.43,0,,No Dispute
INV-006628,CUST-0084,2025-08-14,2025-09-13,30,1945.12,0,,No Dispute
INV-006629,CUST-0084,2024-12-11,2025-01-10,30,3066.32,0,,No Dispute
INV-006630,CUST-0084,2024-11-23,2024-12-23,30,1715.45,1,1.0,Resolved
INV-006631,CUST-0084,2024-12-22,2025-01-21,30,3264.83,0,,No Dispute
INV-006632,CUST-0084,2025-08-11,2025-09-10,30,2198.88,0,,No Dispute
INV-006633,CUST-0084,2025-02-06,2025-03-08,30,671.7,0,,No Dispute
INV-006634,CUST-0084,2024-02-14,2024-03-15,30,1645.51,0,,No Dispute
INV-006635,CUST-0084,2025-03-19,2025-04-18,30,2422.08,0,,No Dispute
INV-006636,CUST-0084,2025-12-26,2026-01-25,30,2851.02,0,,No Dispute
INV-006637,CUST-0084,2025-08-16,2025-09-15,30,2940.93,1,2.0,Resolved
INV-006638,CUST-0084,2025-07-01,2025-07-31,30,960.83,0,,No Dispute
INV-006639,CUST-0084,2025-08-01,2025-08-31,30,2796.71,0,,No Dispute
INV-006640,CUST-0084,2025-11-12,2025-12-12,30,3430.0,0,,No Dispute
INV-006641,CUST-0084,2025-07-28,2025-08-27,30,3350.91,0,,No Dispute
INV-006642,CUST-0084,2025-06-18,2025-07-18,30,3601.88,0,,No Dispute
INV-006643,CUST-0084,2024-10-02,2024-11-01,30,3922.34,0,,No Dispute
INV-006644,CUST-0084,2025-04-02,2025-05-02,30,2812.14,0,,No Dispute
INV-006645,CUST-0084,2025-05-17,2025-06-16,30,1369.16,0,,No Dispute
INV-006646,CUST-0084,2024-01-07,2024-02-06,30,1151.46,0,,No Dispute
INV-006647,CUST-0084,2024-09-29,2024-10-29,30,2883.57,0,,No Dispute
INV-006648,CUST-0084,2024-01-05,2024-02-04,30,698.59,0,,No Dispute
INV-006649,CUST-0084,2025-03-30,2025-04-29,30,3655.96,0,,No Dispute
INV-006650,CUST-0084,2025-09-09,2025-10-09,30,2513.92,0,,No Dispute
INV-006651,CUST-0084,2024-05-09,2024-06-08,30,3528.36,0,,No Dispute
INV-006652,CUST-0084,2025-05-05,2025-06-04,30,3310.41,0,,No Dispute
INV-006653,CUST-0084,2024-07-03,2024-08-02,30,1914.13,1,3.0,Resolved
INV-006654,CUST-0084,2025-11-10,2025-12-10,30,1249.17,0,,No Dispute
INV-006655,CUST-0084,2024-02-09,2024-03-10,30,3902.62,0,,No Dispute
INV-006656,CUST-0084,2025-09-28,2025-10-28,30,3447.8,0,,No Dispute
INV-006657,CUST-0084,2024-01-30,2024-02-29,30,2475.73,0,,No Dispute
INV-006658,CUST-0084,2024-05-01,2024-05-31,30,3930.63,0,,No Dispute
INV-006659,CUST-0084,2024-10-08,2024-11-07,30,635.13,0,,No Dispute
INV-006660,CUST-0084,2025-10-31,2025-11-30,30,2258.02,0,,No Dispute
INV-006661,CUST-0084,2024-09-16,2024-10-16,30,1552.79,0,,No Dispute
INV-006662,CUST-0084,2024-09-02,2024-10-02,30,789.02,0,,No Dispute
INV-006663,CUST-0084,2024-12-03,2025-01-02,30,931.73,0,,No Dispute
INV-006664,CUST-0084,2025-06-29,2025-07-29,30,2138.13,0,,No Dispute
INV-006665,CUST-0084,2025-07-17,2025-08-16,30,2349.99,0,,No Dispute
INV-006666,CUST-0084,2024-05-19,2024-06-18,30,1112.28,0,,No Dispute
INV-006667,CUST-0084,2025-06-04,2025-07-04,30,3418.92,0,,No Dispute
INV-006668,CUST-0084,2025-09-10,2025-10-10,30,2505.45,0,,No Dispute
INV-006669,CUST-0084,2024-10-15,2024-11-14,30,1282.54,0,,No Dispute
INV-006670,CUST-0084,2025-07-10,2025-08-09,30,3559.01,0,,No Dispute
INV-006671,CUST-0084,2025-05-01,2025-05-31,30,2502.51,0,,No Dispute
INV-006672,CUST-0084,2024-04-02,2024-05-02,30,3601.93,0,,No Dispute
INV-006673,CUST-0085,2025-12-07,2026-02-05,60,5207.28,0,,No Dispute
INV-006674,CUST-0085,2024-11-12,2025-01-11,60,2709.68,0,,No Dispute
INV-006675,CUST-0085,2025-08-23,2025-10-22,60,11915.02,0,,No Dispute
INV-006676,CUST-0085,2025-06-15,2025-08-14,60,10787.77,0,,No Dispute
INV-006677,CUST-0085,2024-07-09,2024-09-07,60,5763.84,0,,No Dispute
INV-006678,CUST-0085,2025-07-22,2025-09-20,60,10461.71,0,,No Dispute
INV-006679,CUST-0085,2024-07-03,2024-09-01,60,10121.21,0,,No Dispute
INV-006680,CUST-0085,2024-03-30,2024-05-29,60,3176.91,0,,No Dispute
INV-006681,CUST-0085,2024-08-09,2024-10-08,60,6401.89,0,,No Dispute
INV-006682,CUST-0085,2024-04-10,2024-06-09,60,10127.68,0,,No Dispute
INV-006683,CUST-0085,2025-11-12,2026-01-11,60,5492.75,0,,No Dispute
INV-006684,CUST-0085,2024-10-19,2024-12-18,60,2387.75,0,,No Dispute
INV-006685,CUST-0085,2024-04-02,2024-06-01,60,6185.53,0,,No Dispute
INV-006686,CUST-0085,2024-03-08,2024-05-07,60,7541.67,0,,No Dispute
INV-006687,CUST-0085,2025-03-17,2025-05-16,60,9729.84,0,,No Dispute
INV-006688,CUST-0085,2024-03-30,2024-05-29,60,8780.39,1,3.0,Resolved
INV-006689,CUST-0085,2024-11-25,2025-01-24,60,5006.59,0,,No Dispute
INV-006690,CUST-0085,2024-08-01,2024-09-30,60,8900.02,0,,No Dispute
INV-006691,CUST-0085,2024-01-21,2024-03-21,60,10867.47,0,,No Dispute
INV-006692,CUST-0085,2025-04-17,2025-06-16,60,5995.48,0,,No Dispute
INV-006693,CUST-0085,2025-01-25,2025-03-26,60,2469.57,0,,No Dispute
INV-006694,CUST-0085,2024-07-03,2024-09-01,60,4758.42,0,,No Dispute
INV-006695,CUST-0085,2025-06-25,2025-08-24,60,9285.85,0,,No Dispute
INV-006696,CUST-0085,2025-10-02,2025-12-01,60,11528.25,0,,No Dispute
INV-006697,CUST-0085,2024-08-29,2024-10-28,60,5811.65,0,,No Dispute
INV-006698,CUST-0085,2025-02-19,2025-04-20,60,2055.88,0,,No Dispute
INV-006699,CUST-0085,2025-12-26,2026-02-24,60,1900.44,0,,No Dispute
INV-006700,CUST-0085,2024-08-18,2024-10-17,60,5666.62,1,1.0,Resolved
INV-006701,CUST-0085,2025-02-16,2025-04-17,60,6429.17,0,,No Dispute
INV-006702,CUST-0085,2024-04-26,2024-06-25,60,11331.34,0,,No Dispute
INV-006703,CUST-0085,2025-03-28,2025-05-27,60,8945.54,0,,No Dispute
INV-006704,CUST-0085,2025-05-17,2025-07-16,60,6324.0,0,,No Dispute
INV-006705,CUST-0085,2025-11-06,2026-01-05,60,6992.59,0,,No Dispute
INV-006706,CUST-0085,2025-01-13,2025-03-14,60,6185.67,0,,No Dispute
INV-006707,CUST-0085,2025-05-13,2025-07-12,60,7374.78,0,,No Dispute
INV-006708,CUST-0085,2025-07-03,2025-09-01,60,8476.17,0,,No Dispute
INV-006709,CUST-0085,2024-08-25,2024-10-24,60,10415.15,0,,No Dispute
INV-006710,CUST-0085,2025-06-02,2025-08-01,60,3736.71,0,,No Dispute
INV-006711,CUST-0085,2025-05-19,2025-07-18,60,7521.51,0,,No Dispute
INV-006712,CUST-0085,2024-04-28,2024-06-27,60,6865.35,0,,No Dispute
INV-006713,CUST-0085,2025-07-14,2025-09-12,60,6514.9,0,,No Dispute
INV-006714,CUST-0085,2024-04-29,2024-06-28,60,4382.38,0,,No Dispute
INV-006715,CUST-0085,2024-10-02,2024-12-01,60,7594.22,0,,No Dispute
INV-006716,CUST-0085,2025-11-02,2026-01-01,60,9663.46,0,,No Dispute
INV-006717,CUST-0085,2025-10-18,2025-12-17,60,3776.81,1,5.0,Resolved
INV-006718,CUST-0085,2024-02-15,2024-04-15,60,7169.57,0,,No Dispute
INV-006719,CUST-0085,2024-09-02,2024-11-01,60,6028.68,0,,No Dispute
INV-006720,CUST-0085,2025-05-04,2025-07-03,60,3258.56,0,,No Dispute
INV-006721,CUST-0085,2025-02-01,2025-04-02,60,10037.94,0,,No Dispute
INV-006722,CUST-0085,2025-01-15,2025-03-16,60,6352.98,0,,No Dispute
INV-006723,CUST-0085,2025-07-23,2025-09-21,60,2786.92,0,,No Dispute
INV-006724,CUST-0085,2025-07-27,2025-09-25,60,1500.98,0,,No Dispute
INV-006725,CUST-0085,2024-10-04,2024-12-03,60,10492.29,0,,No Dispute
INV-006726,CUST-0085,2024-06-05,2024-08-04,60,1774.77,0,,No Dispute
INV-006727,CUST-0085,2024-03-23,2024-05-22,60,10456.58,0,,No Dispute
INV-006728,CUST-0085,2024-03-13,2024-05-12,60,3775.3,0,,No Dispute
INV-006729,CUST-0085,2025-10-15,2025-12-14,60,5332.25,0,,No Dispute
INV-006730,CUST-0085,2025-09-07,2025-11-06,60,7478.11,0,,No Dispute
INV-006731,CUST-0085,2024-05-22,2024-07-21,60,8451.07,0,,No Dispute
INV-006732,CUST-0085,2025-06-08,2025-08-07,60,5060.88,0,,No Dispute
INV-006733,CUST-0085,2024-01-16,2024-03-16,60,6254.69,0,,No Dispute
INV-006734,CUST-0085,2025-08-02,2025-10-01,60,11367.56,0,,No Dispute
INV-006735,CUST-0085,2024-09-18,2024-11-17,60,4180.96,0,,No Dispute
INV-006736,CUST-0085,2025-05-11,2025-07-10,60,2942.22,0,,No Dispute
INV-006737,CUST-0085,2024-09-22,2024-11-21,60,10358.99,0,,No Dispute
INV-006738,CUST-0085,2025-08-03,2025-10-02,60,7622.64,0,,No Dispute
INV-006739,CUST-0085,2025-01-21,2025-03-22,60,8014.1,0,,No Dispute
INV-006740,CUST-0085,2025-12-25,2026-02-23,60,7301.26,0,,No Dispute
INV-006741,CUST-0085,2025-06-24,2025-08-23,60,10150.2,0,,No Dispute
INV-006742,CUST-0085,2024-05-12,2024-07-11,60,7240.89,0,,No Dispute
INV-006743,CUST-0085,2025-07-01,2025-08-30,60,8021.23,1,5.0,Open
INV-006744,CUST-0085,2025-02-18,2025-04-19,60,1521.16,0,,No Dispute
INV-006745,CUST-0085,2024-08-30,2024-10-29,60,3366.08,0,,No Dispute
INV-006746,CUST-0085,2025-06-06,2025-08-05,60,10789.87,0,,No Dispute
INV-006747,CUST-0085,2024-12-20,2025-02-18,60,4943.43,0,,No Dispute
INV-006748,CUST-0085,2024-01-11,2024-03-11,60,7043.83,0,,No Dispute
INV-006749,CUST-0085,2024-04-25,2024-06-24,60,9640.88,0,,No Dispute
INV-006750,CUST-0085,2025-09-17,2025-11-16,60,4837.18,0,,No Dispute
INV-006751,CUST-0085,2024-08-23,2024-10-22,60,4010.68,0,,No Dispute
INV-006752,CUST-0085,2025-02-13,2025-04-14,60,2287.5,0,,No Dispute
INV-006753,CUST-0085,2025-01-08,2025-03-09,60,4066.95,0,,No Dispute
INV-006754,CUST-0085,2025-09-30,2025-11-29,60,10342.86,0,,No Dispute
INV-006755,CUST-0085,2024-01-19,2024-03-19,60,6306.35,1,1.0,Resolved
INV-006756,CUST-0085,2024-06-27,2024-08-26,60,4465.04,0,,No Dispute
INV-006757,CUST-0085,2025-02-26,2025-04-27,60,6672.59,1,1.0,Resolved
INV-006758,CUST-0085,2025-01-02,2025-03-03,60,8839.08,0,,No Dispute
INV-006759,CUST-0085,2025-12-22,2026-02-20,60,8637.8,0,,No Dispute
INV-006760,CUST-0085,2025-01-16,2025-03-17,60,5840.16,0,,No Dispute
INV-006761,CUST-0085,2025-02-18,2025-04-19,60,5022.78,0,,No Dispute
INV-006762,CUST-0085,2024-11-04,2025-01-03,60,4560.85,0,,No Dispute
INV-006763,CUST-0085,2024-02-02,2024-04-02,60,5641.4,0,,No Dispute
INV-006764,CUST-0085,2024-01-06,2024-03-06,60,7468.09,0,,No Dispute
INV-006765,CUST-0085,2025-12-27,2026-02-25,60,2720.11,0,,No Dispute
INV-006766,CUST-0085,2025-10-16,2025-12-15,60,3071.06,0,,No Dispute
INV-006767,CUST-0085,2024-06-15,2024-08-14,60,10403.51,0,,No Dispute
INV-006768,CUST-0085,2024-07-13,2024-09-11,60,2379.07,0,,No Dispute
INV-006769,CUST-0085,2025-08-19,2025-10-18,60,2718.71,0,,No Dispute
INV-006770,CUST-0085,2024-12-29,2025-02-27,60,6291.86,0,,No Dispute
INV-006771,CUST-0085,2025-04-02,2025-06-01,60,9409.87,0,,No Dispute
INV-006772,CUST-0085,2025-04-08,2025-06-07,60,3115.0,0,,No Dispute
INV-006773,CUST-0085,2025-10-14,2025-12-13,60,4019.1,0,,No Dispute
INV-006774,CUST-0085,2024-10-31,2024-12-30,60,3031.1,0,,No Dispute
INV-006775,CUST-0085,2024-09-14,2024-11-13,60,3382.43,0,,No Dispute
INV-006776,CUST-0085,2024-04-19,2024-06-18,60,11194.64,0,,No Dispute
INV-006777,CUST-0085,2025-02-02,2025-04-03,60,8473.91,0,,No Dispute
INV-006778,CUST-0085,2025-08-23,2025-10-22,60,2776.4,0,,No Dispute
INV-006779,CUST-0085,2024-11-03,2025-01-02,60,7894.75,0,,No Dispute
INV-006780,CUST-0085,2025-02-21,2025-04-22,60,1735.45,0,,No Dispute
INV-006781,CUST-0085,2025-05-01,2025-06-30,60,5068.87,0,,No Dispute
INV-006782,CUST-0086,2025-03-20,2025-04-19,30,7385.35,0,,No Dispute
INV-006783,CUST-0086,2025-08-09,2025-09-08,30,7151.46,0,,No Dispute
INV-006784,CUST-0086,2025-03-12,2025-04-11,30,8445.2,0,,No Dispute
INV-006785,CUST-0086,2025-04-29,2025-05-29,30,10855.88,0,,No Dispute
INV-006786,CUST-0086,2025-12-28,2026-01-27,30,4255.53,0,,No Dispute
INV-006787,CUST-0086,2024-09-07,2024-10-07,30,9475.97,0,,No Dispute
INV-006788,CUST-0086,2025-03-15,2025-04-14,30,2803.17,0,,No Dispute
INV-006789,CUST-0086,2025-06-26,2025-07-26,30,8703.1,1,1.0,Resolved
INV-006790,CUST-0086,2025-11-03,2025-12-03,30,10531.73,0,,No Dispute
INV-006791,CUST-0086,2024-06-29,2024-07-29,30,3332.19,1,5.0,Resolved
INV-006792,CUST-0086,2025-01-18,2025-02-17,30,2473.15,0,,No Dispute
INV-006793,CUST-0086,2025-01-18,2025-02-17,30,3264.02,0,,No Dispute
INV-006794,CUST-0086,2024-03-31,2024-04-30,30,7552.48,1,5.0,Resolved
INV-006795,CUST-0086,2024-11-01,2024-12-01,30,7761.34,0,,No Dispute
INV-006796,CUST-0086,2025-10-20,2025-11-19,30,10770.67,0,,No Dispute
INV-006797,CUST-0086,2024-07-07,2024-08-06,30,5001.87,0,,No Dispute
INV-006798,CUST-0086,2024-06-06,2024-07-06,30,9191.57,0,,No Dispute
INV-006799,CUST-0086,2024-11-26,2024-12-26,30,9385.17,0,,No Dispute
INV-006800,CUST-0086,2025-05-02,2025-06-01,30,7168.43,0,,No Dispute
INV-006801,CUST-0086,2024-06-21,2024-07-21,30,10800.74,0,,No Dispute
INV-006802,CUST-0086,2025-02-12,2025-03-14,30,9188.58,0,,No Dispute
INV-006803,CUST-0086,2025-11-14,2025-12-14,30,7873.88,0,,No Dispute
INV-006804,CUST-0086,2024-05-18,2024-06-17,30,11561.73,0,,No Dispute
INV-006805,CUST-0086,2024-11-22,2024-12-22,30,3157.65,0,,No Dispute
INV-006806,CUST-0086,2025-09-28,2025-10-28,30,6062.29,0,,No Dispute
INV-006807,CUST-0086,2024-03-02,2024-04-01,30,7471.97,0,,No Dispute
INV-006808,CUST-0086,2025-05-28,2025-06-27,30,11165.17,0,,No Dispute
INV-006809,CUST-0086,2025-10-16,2025-11-15,30,7817.78,0,,No Dispute
INV-006810,CUST-0086,2024-03-23,2024-04-22,30,10886.06,0,,No Dispute
INV-006811,CUST-0086,2024-09-18,2024-10-18,30,11350.68,0,,No Dispute
INV-006812,CUST-0086,2024-04-16,2024-05-16,30,10953.18,1,3.0,Resolved
INV-006813,CUST-0086,2024-10-27,2024-11-26,30,11751.25,0,,No Dispute
INV-006814,CUST-0086,2025-08-28,2025-09-27,30,5148.21,1,4.0,Resolved
INV-006815,CUST-0086,2025-11-05,2025-12-05,30,9004.91,0,,No Dispute
INV-006816,CUST-0086,2024-01-22,2024-02-21,30,3387.09,1,5.0,Resolved
INV-006817,CUST-0086,2025-09-20,2025-10-20,30,8078.69,0,,No Dispute
INV-006818,CUST-0086,2024-11-30,2024-12-30,30,6156.33,0,,No Dispute
INV-006819,CUST-0086,2024-11-05,2024-12-05,30,10478.31,0,,No Dispute
INV-006820,CUST-0086,2025-11-10,2025-12-10,30,6535.75,0,,No Dispute
INV-006821,CUST-0086,2024-07-12,2024-08-11,30,1758.46,0,,No Dispute
INV-006822,CUST-0086,2025-04-24,2025-05-24,30,9581.66,0,,No Dispute
INV-006823,CUST-0086,2024-11-21,2024-12-21,30,7025.63,0,,No Dispute
INV-006824,CUST-0086,2025-12-25,2026-01-24,30,1866.96,1,5.0,Resolved
INV-006825,CUST-0086,2025-08-19,2025-09-18,30,8516.32,0,,No Dispute
INV-006826,CUST-0086,2025-07-16,2025-08-15,30,2397.27,0,,No Dispute
INV-006827,CUST-0086,2024-03-25,2024-04-24,30,9043.75,0,,No Dispute
INV-006828,CUST-0086,2025-12-07,2026-01-06,30,3435.5,0,,No Dispute
INV-006829,CUST-0086,2025-02-16,2025-03-18,30,2340.65,0,,No Dispute
INV-006830,CUST-0086,2025-06-05,2025-07-05,30,6318.63,0,,No Dispute
INV-006831,CUST-0086,2024-07-29,2024-08-28,30,8151.17,0,,No Dispute
INV-006832,CUST-0086,2025-11-15,2025-12-15,30,2620.65,0,,No Dispute
INV-006833,CUST-0086,2024-02-10,2024-03-11,30,4810.85,0,,No Dispute
INV-006834,CUST-0086,2025-02-12,2025-03-14,30,10430.91,1,2.0,Open
INV-006835,CUST-0086,2024-07-19,2024-08-18,30,10865.15,0,,No Dispute
INV-006836,CUST-0086,2025-09-26,2025-10-26,30,8793.8,0,,No Dispute
INV-006837,CUST-0086,2025-07-29,2025-08-28,30,6370.17,0,,No Dispute
INV-006838,CUST-0086,2025-01-24,2025-02-23,30,10298.38,0,,No Dispute
INV-006839,CUST-0086,2024-06-12,2024-07-12,30,10119.06,0,,No Dispute
INV-006840,CUST-0086,2024-05-02,2024-06-01,30,9040.52,0,,No Dispute
INV-006841,CUST-0086,2025-07-24,2025-08-23,30,11158.15,0,,No Dispute
INV-006842,CUST-0086,2024-09-03,2024-10-03,30,7701.4,0,,No Dispute
INV-006843,CUST-0086,2025-02-09,2025-03-11,30,3839.48,0,,No Dispute
INV-006844,CUST-0086,2024-09-03,2024-10-03,30,6759.78,1,5.0,Open
INV-006845,CUST-0086,2025-01-03,2025-02-02,30,8351.69,0,,No Dispute
INV-006846,CUST-0086,2024-02-21,2024-03-22,30,4546.78,0,,No Dispute
INV-006847,CUST-0086,2024-05-01,2024-05-31,30,9569.76,0,,No Dispute
INV-006848,CUST-0086,2025-02-21,2025-03-23,30,4241.35,0,,No Dispute
INV-006849,CUST-0087,2024-04-01,2024-05-01,30,2442.24,0,,No Dispute
INV-006850,CUST-0087,2025-10-26,2025-11-25,30,2592.68,0,,No Dispute
INV-006851,CUST-0087,2024-12-16,2025-01-15,30,3818.21,0,,No Dispute
INV-006852,CUST-0087,2024-07-31,2024-08-30,30,6567.02,0,,No Dispute
INV-006853,CUST-0087,2024-06-29,2024-07-29,30,5657.5,0,,No Dispute
INV-006854,CUST-0087,2024-05-02,2024-06-01,30,8918.71,0,,No Dispute
INV-006855,CUST-0087,2025-11-16,2025-12-16,30,2215.63,0,,No Dispute
INV-006856,CUST-0087,2024-04-26,2024-05-26,30,5073.94,0,,No Dispute
INV-006857,CUST-0087,2024-07-30,2024-08-29,30,10938.88,0,,No Dispute
INV-006858,CUST-0087,2025-09-01,2025-10-01,30,10009.16,0,,No Dispute
INV-006859,CUST-0087,2025-08-07,2025-09-06,30,7111.95,0,,No Dispute
INV-006860,CUST-0087,2024-10-11,2024-11-10,30,7701.0,0,,No Dispute
INV-006861,CUST-0087,2025-09-28,2025-10-28,30,5136.88,0,,No Dispute
INV-006862,CUST-0087,2025-04-21,2025-05-21,30,5009.38,0,,No Dispute
INV-006863,CUST-0087,2025-09-15,2025-10-15,30,6590.4,0,,No Dispute
INV-006864,CUST-0087,2024-01-05,2024-02-04,30,1919.3,0,,No Dispute
INV-006865,CUST-0087,2025-12-10,2026-01-09,30,10247.86,0,,No Dispute
INV-006866,CUST-0087,2024-01-13,2024-02-12,30,5973.01,0,,No Dispute
INV-006867,CUST-0087,2025-12-23,2026-01-22,30,2834.68,0,,No Dispute
INV-006868,CUST-0087,2025-05-04,2025-06-03,30,4964.29,0,,No Dispute
INV-006869,CUST-0087,2025-05-24,2025-06-23,30,5667.79,0,,No Dispute
INV-006870,CUST-0087,2025-05-21,2025-06-20,30,3422.96,0,,No Dispute
INV-006871,CUST-0087,2025-02-15,2025-03-17,30,11979.51,0,,No Dispute
INV-006872,CUST-0087,2024-01-05,2024-02-04,30,9551.36,0,,No Dispute
INV-006873,CUST-0087,2024-05-13,2024-06-12,30,7099.29,0,,No Dispute
INV-006874,CUST-0087,2025-09-04,2025-10-04,30,8998.98,0,,No Dispute
INV-006875,CUST-0087,2024-06-21,2024-07-21,30,6752.87,0,,No Dispute
INV-006876,CUST-0087,2024-03-14,2024-04-13,30,9765.67,0,,No Dispute
INV-006877,CUST-0087,2024-11-30,2024-12-30,30,2852.66,0,,No Dispute
INV-006878,CUST-0087,2024-01-03,2024-02-02,30,2375.56,0,,No Dispute
INV-006879,CUST-0087,2024-11-07,2024-12-07,30,2224.32,0,,No Dispute
INV-006880,CUST-0087,2024-12-14,2025-01-13,30,2968.78,0,,No Dispute
INV-006881,CUST-0087,2025-11-18,2025-12-18,30,9471.43,0,,No Dispute
INV-006882,CUST-0087,2024-06-07,2024-07-07,30,3717.15,0,,No Dispute
INV-006883,CUST-0087,2024-10-06,2024-11-05,30,11265.93,0,,No Dispute
INV-006884,CUST-0087,2024-05-28,2024-06-27,30,10014.59,0,,No Dispute
INV-006885,CUST-0087,2024-03-03,2024-04-02,30,10605.51,0,,No Dispute
INV-006886,CUST-0087,2025-05-25,2025-06-24,30,3335.96,0,,No Dispute
INV-006887,CUST-0087,2024-04-22,2024-05-22,30,9700.36,0,,No Dispute
INV-006888,CUST-0087,2025-02-04,2025-03-06,30,3619.04,0,,No Dispute
INV-006889,CUST-0087,2024-01-21,2024-02-20,30,6073.09,0,,No Dispute
INV-006890,CUST-0087,2025-11-22,2025-12-22,30,6550.02,0,,No Dispute
INV-006891,CUST-0087,2025-12-04,2026-01-03,30,6488.21,0,,No Dispute
INV-006892,CUST-0087,2025-01-19,2025-02-18,30,9370.76,0,,No Dispute
INV-006893,CUST-0087,2024-12-19,2025-01-18,30,2222.11,1,4.0,Resolved
INV-006894,CUST-0087,2025-11-08,2025-12-08,30,11723.48,0,,No Dispute
INV-006895,CUST-0087,2024-04-16,2024-05-16,30,10489.99,0,,No Dispute
INV-006896,CUST-0087,2024-10-18,2024-11-17,30,2740.26,0,,No Dispute
INV-006897,CUST-0087,2025-05-18,2025-06-17,30,7039.85,0,,No Dispute
INV-006898,CUST-0087,2024-08-10,2024-09-09,30,3139.83,0,,No Dispute
INV-006899,CUST-0087,2024-07-05,2024-08-04,30,2139.72,0,,No Dispute
INV-006900,CUST-0087,2025-11-21,2025-12-21,30,3669.63,0,,No Dispute
INV-006901,CUST-0087,2025-07-06,2025-08-05,30,7396.02,0,,No Dispute
INV-006902,CUST-0087,2024-08-13,2024-09-12,30,7868.75,0,,No Dispute
INV-006903,CUST-0087,2024-09-20,2024-10-20,30,4300.07,0,,No Dispute
INV-006904,CUST-0087,2024-01-22,2024-02-21,30,9072.45,0,,No Dispute
INV-006905,CUST-0087,2025-04-07,2025-05-07,30,2983.95,0,,No Dispute
INV-006906,CUST-0087,2024-05-27,2024-06-26,30,10992.56,0,,No Dispute
INV-006907,CUST-0087,2024-12-21,2025-01-20,30,2081.66,0,,No Dispute
INV-006908,CUST-0087,2024-03-22,2024-04-21,30,7313.02,0,,No Dispute
INV-006909,CUST-0087,2024-01-19,2024-02-18,30,7606.85,0,,No Dispute
INV-006910,CUST-0087,2025-11-26,2025-12-26,30,11471.68,0,,No Dispute
INV-006911,CUST-0087,2025-12-29,2026-01-28,30,7391.91,0,,No Dispute
INV-006912,CUST-0087,2025-11-26,2025-12-26,30,6704.31,0,,No Dispute
INV-006913,CUST-0087,2025-05-13,2025-06-12,30,9544.17,0,,No Dispute
INV-006914,CUST-0087,2024-08-31,2024-09-30,30,5684.05,1,1.0,Open
INV-006915,CUST-0087,2025-12-13,2026-01-12,30,2443.27,0,,No Dispute
INV-006916,CUST-0087,2025-08-25,2025-09-24,30,5211.45,0,,No Dispute
INV-006917,CUST-0087,2024-07-01,2024-07-31,30,6107.32,1,4.0,Resolved
INV-006918,CUST-0087,2024-05-10,2024-06-09,30,9134.09,0,,No Dispute
INV-006919,CUST-0087,2024-03-24,2024-04-23,30,8087.07,0,,No Dispute
INV-006920,CUST-0087,2024-08-20,2024-09-19,30,5637.47,0,,No Dispute
INV-006921,CUST-0087,2025-03-26,2025-04-25,30,10811.44,0,,No Dispute
INV-006922,CUST-0087,2025-11-15,2025-12-15,30,9826.34,0,,No Dispute
INV-006923,CUST-0087,2024-02-05,2024-03-06,30,4838.03,0,,No Dispute
INV-006924,CUST-0087,2025-05-05,2025-06-04,30,1747.58,0,,No Dispute
INV-006925,CUST-0087,2024-04-17,2024-05-17,30,7910.59,0,,No Dispute
INV-006926,CUST-0087,2025-07-30,2025-08-29,30,8319.91,0,,No Dispute
INV-006927,CUST-0087,2025-09-14,2025-10-14,30,6136.98,0,,No Dispute
INV-006928,CUST-0087,2025-05-10,2025-06-09,30,2967.19,0,,No Dispute
INV-006929,CUST-0087,2025-11-04,2025-12-04,30,10735.87,0,,No Dispute
INV-006930,CUST-0087,2025-07-23,2025-08-22,30,10726.85,0,,No Dispute
INV-006931,CUST-0087,2024-10-01,2024-10-31,30,6004.85,0,,No Dispute
INV-006932,CUST-0087,2024-06-19,2024-07-19,30,4773.06,0,,No Dispute
INV-006933,CUST-0087,2025-03-03,2025-04-02,30,2517.96,0,,No Dispute
INV-006934,CUST-0087,2024-11-19,2024-12-19,30,10664.16,0,,No Dispute
INV-006935,CUST-0087,2025-07-30,2025-08-29,30,7402.04,0,,No Dispute
INV-006936,CUST-0087,2024-03-22,2024-04-21,30,4696.19,0,,No Dispute
INV-006937,CUST-0087,2024-10-30,2024-11-29,30,6591.71,0,,No Dispute
INV-006938,CUST-0087,2025-08-04,2025-09-03,30,2681.75,0,,No Dispute
INV-006939,CUST-0087,2024-05-27,2024-06-26,30,5971.91,0,,No Dispute
INV-006940,CUST-0087,2025-08-28,2025-09-27,30,4841.11,0,,No Dispute
INV-006941,CUST-0087,2024-08-30,2024-09-29,30,3659.01,0,,No Dispute
INV-006942,CUST-0087,2025-11-27,2025-12-27,30,9208.67,0,,No Dispute
INV-006943,CUST-0087,2024-10-25,2024-11-24,30,11463.26,0,,No Dispute
INV-006944,CUST-0087,2024-08-24,2024-09-23,30,9126.84,0,,No Dispute
INV-006945,CUST-0087,2024-07-29,2024-08-28,30,3843.3,0,,No Dispute
INV-006946,CUST-0087,2025-10-10,2025-11-09,30,1818.08,0,,No Dispute
INV-006947,CUST-0088,2025-11-16,2025-12-31,45,3008.43,0,,No Dispute
INV-006948,CUST-0088,2024-01-06,2024-02-20,45,2174.73,0,,No Dispute
INV-006949,CUST-0088,2024-10-21,2024-12-05,45,1952.33,0,,No Dispute
INV-006950,CUST-0088,2024-03-06,2024-04-20,45,2312.83,1,4.0,Resolved
INV-006951,CUST-0088,2024-12-17,2025-01-31,45,1061.59,0,,No Dispute
INV-006952,CUST-0088,2025-06-17,2025-08-01,45,875.03,0,,No Dispute
INV-006953,CUST-0088,2025-05-04,2025-06-18,45,1768.24,0,,No Dispute
INV-006954,CUST-0088,2025-02-25,2025-04-11,45,3377.23,0,,No Dispute
INV-006955,CUST-0088,2025-11-01,2025-12-16,45,881.53,0,,No Dispute
INV-006956,CUST-0088,2024-10-20,2024-12-04,45,1335.88,0,,No Dispute
INV-006957,CUST-0088,2025-07-20,2025-09-03,45,3938.93,0,,No Dispute
INV-006958,CUST-0088,2024-11-15,2024-12-30,45,1878.73,0,,No Dispute
INV-006959,CUST-0088,2025-06-15,2025-07-30,45,1148.24,0,,No Dispute
INV-006960,CUST-0088,2024-07-02,2024-08-16,45,3505.49,0,,No Dispute
INV-006961,CUST-0088,2024-03-26,2024-05-10,45,3607.39,0,,No Dispute
INV-006962,CUST-0088,2024-11-15,2024-12-30,45,1666.08,0,,No Dispute
INV-006963,CUST-0088,2024-01-20,2024-03-05,45,976.45,0,,No Dispute
INV-006964,CUST-0088,2025-07-05,2025-08-19,45,3272.93,0,,No Dispute
INV-006965,CUST-0088,2025-08-22,2025-10-06,45,2549.01,0,,No Dispute
INV-006966,CUST-0088,2024-05-09,2024-06-23,45,1386.62,0,,No Dispute
INV-006967,CUST-0088,2025-08-14,2025-09-28,45,1959.21,0,,No Dispute
INV-006968,CUST-0088,2024-10-08,2024-11-22,45,3893.53,0,,No Dispute
INV-006969,CUST-0088,2024-03-26,2024-05-10,45,3101.32,0,,No Dispute
INV-006970,CUST-0088,2025-09-28,2025-11-12,45,2575.89,0,,No Dispute
INV-006971,CUST-0088,2025-11-23,2026-01-07,45,3867.7,0,,No Dispute
INV-006972,CUST-0088,2024-06-01,2024-07-16,45,1501.57,0,,No Dispute
INV-006973,CUST-0088,2025-09-18,2025-11-02,45,1989.54,0,,No Dispute
INV-006974,CUST-0088,2024-07-28,2024-09-11,45,1814.39,0,,No Dispute
INV-006975,CUST-0088,2025-12-28,2026-02-11,45,3930.03,0,,No Dispute
INV-006976,CUST-0089,2024-07-26,2024-09-09,45,5695.95,0,,No Dispute
INV-006977,CUST-0089,2024-09-02,2024-10-17,45,3694.17,0,,No Dispute
INV-006978,CUST-0089,2024-07-07,2024-08-21,45,4481.34,0,,No Dispute
INV-006979,CUST-0089,2024-10-03,2024-11-17,45,3194.98,0,,No Dispute
INV-006980,CUST-0089,2024-08-04,2024-09-18,45,4863.47,0,,No Dispute
INV-006981,CUST-0089,2024-04-06,2024-05-21,45,8732.26,0,,No Dispute
INV-006982,CUST-0089,2024-03-28,2024-05-12,45,5497.59,0,,No Dispute
INV-006983,CUST-0089,2024-03-05,2024-04-19,45,11344.52,0,,No Dispute
INV-006984,CUST-0089,2024-01-01,2024-02-15,45,9619.66,0,,No Dispute
INV-006985,CUST-0089,2024-08-22,2024-10-06,45,9267.4,0,,No Dispute
INV-006986,CUST-0089,2025-11-15,2025-12-30,45,11278.31,0,,No Dispute
INV-006987,CUST-0089,2024-03-30,2024-05-14,45,10142.7,0,,No Dispute
INV-006988,CUST-0089,2024-09-05,2024-10-20,45,8221.02,0,,No Dispute
INV-006989,CUST-0089,2024-12-23,2025-02-06,45,7521.7,0,,No Dispute
INV-006990,CUST-0089,2025-11-04,2025-12-19,45,2140.1,0,,No Dispute
INV-006991,CUST-0089,2025-01-31,2025-03-17,45,3627.89,0,,No Dispute
INV-006992,CUST-0089,2025-09-21,2025-11-05,45,3096.34,0,,No Dispute
INV-006993,CUST-0089,2024-05-24,2024-07-08,45,8781.49,0,,No Dispute
INV-006994,CUST-0089,2024-08-01,2024-09-15,45,3155.57,0,,No Dispute
INV-006995,CUST-0089,2025-12-03,2026-01-17,45,11069.19,0,,No Dispute
INV-006996,CUST-0089,2024-10-19,2024-12-03,45,10436.98,0,,No Dispute
INV-006997,CUST-0089,2025-05-31,2025-07-15,45,7413.75,0,,No Dispute
INV-006998,CUST-0089,2025-01-02,2025-02-16,45,8447.09,0,,No Dispute
INV-006999,CUST-0089,2025-10-28,2025-12-12,45,3891.72,0,,No Dispute
INV-007000,CUST-0089,2025-05-13,2025-06-27,45,3674.49,0,,No Dispute
INV-007001,CUST-0089,2025-08-06,2025-09-20,45,1631.19,0,,No Dispute
INV-007002,CUST-0089,2025-12-14,2026-01-28,45,6357.31,0,,No Dispute
INV-007003,CUST-0089,2025-12-18,2026-02-01,45,6472.57,0,,No Dispute
INV-007004,CUST-0089,2024-01-17,2024-03-02,45,1689.92,0,,No Dispute
INV-007005,CUST-0089,2024-09-15,2024-10-30,45,8474.89,0,,No Dispute
INV-007006,CUST-0089,2025-12-19,2026-02-02,45,1775.57,0,,No Dispute
INV-007007,CUST-0089,2025-10-23,2025-12-07,45,7128.71,0,,No Dispute
INV-007008,CUST-0089,2024-12-29,2025-02-12,45,11687.47,0,,No Dispute
INV-007009,CUST-0089,2024-12-05,2025-01-19,45,8259.73,0,,No Dispute
INV-007010,CUST-0089,2024-04-05,2024-05-20,45,5536.3,0,,No Dispute
INV-007011,CUST-0089,2024-01-28,2024-03-13,45,3909.98,0,,No Dispute
INV-007012,CUST-0089,2025-10-10,2025-11-24,45,8177.6,0,,No Dispute
INV-007013,CUST-0089,2024-05-20,2024-07-04,45,2770.47,1,3.0,Resolved
INV-007014,CUST-0089,2025-04-19,2025-06-03,45,3299.05,0,,No Dispute
INV-007015,CUST-0089,2024-04-08,2024-05-23,45,11808.93,0,,No Dispute
INV-007016,CUST-0089,2025-12-29,2026-02-12,45,3743.14,0,,No Dispute
INV-007017,CUST-0089,2025-02-11,2025-03-28,45,9317.43,0,,No Dispute
INV-007018,CUST-0089,2025-11-20,2026-01-04,45,8384.01,0,,No Dispute
INV-007019,CUST-0089,2024-11-10,2024-12-25,45,11103.33,0,,No Dispute
INV-007020,CUST-0089,2025-06-18,2025-08-02,45,2927.38,0,,No Dispute
INV-007021,CUST-0089,2024-07-30,2024-09-13,45,7013.82,0,,No Dispute
INV-007022,CUST-0089,2024-06-17,2024-08-01,45,5941.51,0,,No Dispute
INV-007023,CUST-0089,2024-10-12,2024-11-26,45,2384.94,0,,No Dispute
INV-007024,CUST-0089,2024-09-27,2024-11-11,45,2573.25,0,,No Dispute
INV-007025,CUST-0089,2025-11-02,2025-12-17,45,1526.09,0,,No Dispute
INV-007026,CUST-0089,2025-02-19,2025-04-05,45,5215.65,0,,No Dispute
INV-007027,CUST-0089,2024-05-11,2024-06-25,45,9778.81,0,,No Dispute
INV-007028,CUST-0089,2025-08-10,2025-09-24,45,5289.38,0,,No Dispute
INV-007029,CUST-0089,2025-04-22,2025-06-06,45,2332.74,0,,No Dispute
INV-007030,CUST-0089,2024-04-06,2024-05-21,45,11008.06,0,,No Dispute
INV-007031,CUST-0089,2024-09-13,2024-10-28,45,5369.29,0,,No Dispute
INV-007032,CUST-0089,2024-07-28,2024-09-11,45,10853.14,0,,No Dispute
INV-007033,CUST-0089,2025-04-14,2025-05-29,45,9937.73,0,,No Dispute
INV-007034,CUST-0089,2024-02-07,2024-03-23,45,2802.1,0,,No Dispute
INV-007035,CUST-0089,2024-08-22,2024-10-06,45,4784.41,0,,No Dispute
INV-007036,CUST-0089,2025-02-01,2025-03-18,45,3638.87,0,,No Dispute
INV-007037,CUST-0089,2024-03-18,2024-05-02,45,8913.97,0,,No Dispute
INV-007038,CUST-0089,2024-02-21,2024-04-06,45,4492.51,0,,No Dispute
INV-007039,CUST-0089,2025-11-30,2026-01-14,45,4765.85,0,,No Dispute
INV-007040,CUST-0089,2024-04-26,2024-06-10,45,10380.32,0,,No Dispute
INV-007041,CUST-0089,2025-11-11,2025-12-26,45,5817.73,0,,No Dispute
INV-007042,CUST-0089,2024-08-28,2024-10-12,45,7938.36,0,,No Dispute
INV-007043,CUST-0089,2025-02-25,2025-04-11,45,7353.38,0,,No Dispute
INV-007044,CUST-0089,2025-03-13,2025-04-27,45,7159.47,0,,No Dispute
INV-007045,CUST-0089,2024-07-30,2024-09-13,45,8924.26,0,,No Dispute
INV-007046,CUST-0089,2024-04-10,2024-05-25,45,7134.62,0,,No Dispute
INV-007047,CUST-0089,2025-08-13,2025-09-27,45,8802.78,0,,No Dispute
INV-007048,CUST-0090,2025-08-13,2025-09-27,45,8335.5,0,,No Dispute
INV-007049,CUST-0090,2025-02-10,2025-03-27,45,5176.47,0,,No Dispute
INV-007050,CUST-0090,2025-08-11,2025-09-25,45,2153.51,0,,No Dispute
INV-007051,CUST-0090,2024-01-07,2024-02-21,45,8413.68,0,,No Dispute
INV-007052,CUST-0090,2025-11-13,2025-12-28,45,8155.61,0,,No Dispute
INV-007053,CUST-0090,2024-04-08,2024-05-23,45,1674.35,0,,No Dispute
INV-007054,CUST-0090,2025-02-26,2025-04-12,45,3492.14,0,,No Dispute
INV-007055,CUST-0090,2025-07-11,2025-08-25,45,8009.8,0,,No Dispute
INV-007056,CUST-0090,2025-09-03,2025-10-18,45,6824.99,0,,No Dispute
INV-007057,CUST-0090,2024-09-10,2024-10-25,45,1900.35,0,,No Dispute
INV-007058,CUST-0090,2025-07-22,2025-09-05,45,6403.6,0,,No Dispute
INV-007059,CUST-0090,2025-01-26,2025-03-12,45,4085.1,0,,No Dispute
INV-007060,CUST-0090,2025-08-08,2025-09-22,45,10580.93,0,,No Dispute
INV-007061,CUST-0090,2025-12-15,2026-01-29,45,8110.33,0,,No Dispute
INV-007062,CUST-0090,2025-02-20,2025-04-06,45,11574.29,0,,No Dispute
INV-007063,CUST-0090,2025-06-17,2025-08-01,45,5801.29,0,,No Dispute
INV-007064,CUST-0090,2025-06-03,2025-07-18,45,10554.66,0,,No Dispute
INV-007065,CUST-0090,2025-04-10,2025-05-25,45,10893.11,0,,No Dispute
INV-007066,CUST-0090,2024-10-22,2024-12-06,45,7808.73,0,,No Dispute
INV-007067,CUST-0090,2025-08-10,2025-09-24,45,11726.74,0,,No Dispute
INV-007068,CUST-0090,2024-07-27,2024-09-10,45,6762.38,0,,No Dispute
INV-007069,CUST-0090,2025-05-21,2025-07-05,45,6466.8,0,,No Dispute
INV-007070,CUST-0090,2024-04-29,2024-06-13,45,9396.7,0,,No Dispute
INV-007071,CUST-0090,2024-12-29,2025-02-12,45,7865.56,0,,No Dispute
INV-007072,CUST-0090,2025-05-06,2025-06-20,45,3111.51,0,,No Dispute
INV-007073,CUST-0090,2025-01-26,2025-03-12,45,8381.31,0,,No Dispute
INV-007074,CUST-0090,2025-08-08,2025-09-22,45,5191.59,0,,No Dispute
INV-007075,CUST-0090,2025-05-25,2025-07-09,45,7004.63,0,,No Dispute
INV-007076,CUST-0090,2025-08-24,2025-10-08,45,7445.92,0,,No Dispute
INV-007077,CUST-0090,2024-05-10,2024-06-24,45,6534.22,0,,No Dispute
INV-007078,CUST-0090,2025-09-27,2025-11-11,45,10768.17,0,,No Dispute
INV-007079,CUST-0090,2025-12-11,2026-01-25,45,11553.47,0,,No Dispute
INV-007080,CUST-0090,2024-09-08,2024-10-23,45,9620.71,0,,No Dispute
INV-007081,CUST-0090,2025-07-23,2025-09-06,45,9871.81,0,,No Dispute
INV-007082,CUST-0090,2025-09-23,2025-11-07,45,8095.33,0,,No Dispute
INV-007083,CUST-0090,2025-08-26,2025-10-10,45,6259.57,0,,No Dispute
INV-007084,CUST-0090,2025-02-24,2025-04-10,45,6211.76,0,,No Dispute
INV-007085,CUST-0090,2025-02-23,2025-04-09,45,10577.52,0,,No Dispute
INV-007086,CUST-0090,2025-07-02,2025-08-16,45,9974.8,0,,No Dispute
INV-007087,CUST-0090,2024-09-29,2024-11-13,45,5898.56,0,,No Dispute
INV-007088,CUST-0090,2025-03-02,2025-04-16,45,4721.77,0,,No Dispute
INV-007089,CUST-0090,2025-06-03,2025-07-18,45,1600.34,0,,No Dispute
INV-007090,CUST-0090,2025-04-15,2025-05-30,45,9174.11,0,,No Dispute
INV-007091,CUST-0090,2024-03-22,2024-05-06,45,7668.92,0,,No Dispute
INV-007092,CUST-0090,2025-12-15,2026-01-29,45,6647.31,0,,No Dispute
INV-007093,CUST-0090,2024-06-17,2024-08-01,45,8060.85,0,,No Dispute
INV-007094,CUST-0090,2024-12-26,2025-02-09,45,6977.58,0,,No Dispute
INV-007095,CUST-0090,2024-08-04,2024-09-18,45,4192.42,1,1.0,Resolved
INV-007096,CUST-0090,2024-12-31,2025-02-14,45,8400.59,0,,No Dispute
INV-007097,CUST-0090,2025-05-19,2025-07-03,45,10262.69,0,,No Dispute
INV-007098,CUST-0090,2024-11-13,2024-12-28,45,6155.64,0,,No Dispute
INV-007099,CUST-0090,2025-08-14,2025-09-28,45,11828.37,0,,No Dispute
INV-007100,CUST-0090,2025-10-22,2025-12-06,45,9130.74,0,,No Dispute
INV-007101,CUST-0090,2025-03-02,2025-04-16,45,9816.05,0,,No Dispute
INV-007102,CUST-0090,2025-02-08,2025-03-25,45,11029.57,0,,No Dispute
INV-007103,CUST-0090,2024-12-09,2025-01-23,45,9886.13,0,,No Dispute
INV-007104,CUST-0090,2024-05-17,2024-07-01,45,7562.83,0,,No Dispute
INV-007105,CUST-0090,2024-06-10,2024-07-25,45,1623.44,0,,No Dispute
INV-007106,CUST-0090,2025-11-11,2025-12-26,45,2033.99,0,,No Dispute
INV-007107,CUST-0090,2024-03-08,2024-04-22,45,4936.4,0,,No Dispute
INV-007108,CUST-0090,2024-10-15,2024-11-29,45,10003.31,0,,No Dispute
INV-007109,CUST-0090,2024-12-27,2025-02-10,45,2905.59,0,,No Dispute
INV-007110,CUST-0090,2025-05-17,2025-07-01,45,5879.1,1,5.0,Resolved
INV-007111,CUST-0090,2025-03-14,2025-04-28,45,9118.45,0,,No Dispute
INV-007112,CUST-0090,2025-04-26,2025-06-10,45,7264.57,0,,No Dispute
INV-007113,CUST-0090,2025-10-01,2025-11-15,45,8676.27,0,,No Dispute
INV-007114,CUST-0090,2024-08-27,2024-10-11,45,3769.22,0,,No Dispute
INV-007115,CUST-0090,2025-04-29,2025-06-13,45,8120.58,0,,No Dispute
INV-007116,CUST-0090,2024-03-06,2024-04-20,45,8719.31,0,,No Dispute
INV-007117,CUST-0090,2024-09-15,2024-10-30,45,2771.35,0,,No Dispute
INV-007118,CUST-0090,2024-01-07,2024-02-21,45,8309.8,0,,No Dispute
INV-007119,CUST-0090,2024-07-29,2024-09-12,45,9836.13,0,,No Dispute
INV-007120,CUST-0090,2024-10-03,2024-11-17,45,9477.71,1,2.0,Resolved
INV-007121,CUST-0090,2025-03-29,2025-05-13,45,10058.79,0,,No Dispute
INV-007122,CUST-0090,2025-08-13,2025-09-27,45,2205.92,0,,No Dispute
INV-007123,CUST-0090,2024-11-05,2024-12-20,45,9060.35,0,,No Dispute
INV-007124,CUST-0090,2025-03-09,2025-04-23,45,8603.65,0,,No Dispute
INV-007125,CUST-0091,2024-08-03,2024-10-02,60,13980.55,0,,No Dispute
INV-007126,CUST-0091,2024-04-08,2024-06-07,60,5489.78,0,,No Dispute
INV-007127,CUST-0091,2024-09-02,2024-11-01,60,23827.68,0,,No Dispute
INV-007128,CUST-0091,2025-03-20,2025-05-19,60,16104.72,0,,No Dispute
INV-007129,CUST-0091,2024-06-23,2024-08-22,60,14279.5,0,,No Dispute
INV-007130,CUST-0091,2024-12-05,2025-02-03,60,31342.36,0,,No Dispute
INV-007131,CUST-0091,2025-10-10,2025-12-09,60,5239.58,1,1.0,Resolved
INV-007132,CUST-0091,2024-07-08,2024-09-06,60,8468.86,0,,No Dispute
INV-007133,CUST-0091,2025-01-06,2025-03-07,60,20504.3,0,,No Dispute
INV-007134,CUST-0091,2025-04-21,2025-06-20,60,13940.14,0,,No Dispute
INV-007135,CUST-0091,2024-01-26,2024-03-26,60,11249.01,0,,No Dispute
INV-007136,CUST-0091,2024-05-28,2024-07-27,60,23145.69,0,,No Dispute
INV-007137,CUST-0091,2024-07-12,2024-09-10,60,13478.06,0,,No Dispute
INV-007138,CUST-0091,2025-06-29,2025-08-28,60,24859.54,0,,No Dispute
INV-007139,CUST-0091,2025-12-02,2026-01-31,60,9882.9,0,,No Dispute
INV-007140,CUST-0091,2025-12-02,2026-01-31,60,27094.59,0,,No Dispute
INV-007141,CUST-0091,2024-08-13,2024-10-12,60,12457.25,0,,No Dispute
INV-007142,CUST-0091,2024-08-28,2024-10-27,60,5606.99,0,,No Dispute
INV-007143,CUST-0091,2025-11-17,2026-01-16,60,23217.04,0,,No Dispute
INV-007144,CUST-0091,2024-09-26,2024-11-25,60,7197.52,0,,No Dispute
INV-007145,CUST-0091,2025-05-09,2025-07-08,60,9839.13,0,,No Dispute
INV-007146,CUST-0091,2025-05-28,2025-07-27,60,9715.49,0,,No Dispute
INV-007147,CUST-0091,2025-07-26,2025-09-24,60,18943.46,0,,No Dispute
INV-007148,CUST-0091,2024-02-22,2024-04-22,60,23492.48,0,,No Dispute
INV-007149,CUST-0091,2025-12-07,2026-02-05,60,19634.54,1,4.0,Open
INV-007150,CUST-0091,2024-12-05,2025-02-03,60,29111.95,0,,No Dispute
INV-007151,CUST-0091,2025-05-24,2025-07-23,60,15957.5,0,,No Dispute
INV-007152,CUST-0091,2024-01-13,2024-03-13,60,19001.94,0,,No Dispute
INV-007153,CUST-0091,2025-08-05,2025-10-04,60,18273.81,0,,No Dispute
INV-007154,CUST-0091,2025-06-28,2025-08-27,60,31877.4,0,,No Dispute
INV-007155,CUST-0091,2025-05-18,2025-07-17,60,11231.26,0,,No Dispute
INV-007156,CUST-0091,2024-09-29,2024-11-28,60,31786.24,1,3.0,Open
INV-007157,CUST-0091,2025-09-11,2025-11-10,60,17517.73,0,,No Dispute
INV-007158,CUST-0091,2025-11-18,2026-01-17,60,24657.21,0,,No Dispute
INV-007159,CUST-0091,2025-03-02,2025-05-01,60,5437.53,0,,No Dispute
INV-007160,CUST-0091,2024-11-25,2025-01-24,60,31117.39,0,,No Dispute
INV-007161,CUST-0091,2024-06-10,2024-08-09,60,20983.79,0,,No Dispute
INV-007162,CUST-0091,2025-06-12,2025-08-11,60,22388.81,0,,No Dispute
INV-007163,CUST-0091,2025-10-14,2025-12-13,60,31197.91,0,,No Dispute
INV-007164,CUST-0091,2024-07-10,2024-09-08,60,28243.71,0,,No Dispute
INV-007165,CUST-0091,2024-04-14,2024-06-13,60,18232.39,0,,No Dispute
INV-007166,CUST-0091,2024-06-22,2024-08-21,60,11850.17,0,,No Dispute
INV-007167,CUST-0091,2025-03-02,2025-05-01,60,12107.58,0,,No Dispute
INV-007168,CUST-0091,2024-01-16,2024-03-16,60,18054.2,0,,No Dispute
INV-007169,CUST-0091,2025-07-02,2025-08-31,60,15467.29,0,,No Dispute
INV-007170,CUST-0091,2025-11-04,2026-01-03,60,30918.93,0,,No Dispute
INV-007171,CUST-0091,2025-06-26,2025-08-25,60,5256.73,0,,No Dispute
INV-007172,CUST-0091,2024-07-17,2024-09-15,60,7046.73,0,,No Dispute
INV-007173,CUST-0091,2025-01-19,2025-03-20,60,28936.18,0,,No Dispute
INV-007174,CUST-0091,2025-11-12,2026-01-11,60,17061.52,0,,No Dispute
INV-007175,CUST-0091,2024-01-16,2024-03-16,60,25046.81,0,,No Dispute
INV-007176,CUST-0091,2024-10-18,2024-12-17,60,5651.5,0,,No Dispute
INV-007177,CUST-0091,2025-10-10,2025-12-09,60,30169.87,0,,No Dispute
INV-007178,CUST-0091,2024-11-30,2025-01-29,60,22696.59,0,,No Dispute
INV-007179,CUST-0091,2025-12-01,2026-01-30,60,27540.45,0,,No Dispute
INV-007180,CUST-0091,2025-03-08,2025-05-07,60,25276.28,0,,No Dispute
INV-007181,CUST-0091,2025-08-10,2025-10-09,60,6095.55,0,,No Dispute
INV-007182,CUST-0091,2024-10-05,2024-12-04,60,18902.44,0,,No Dispute
INV-007183,CUST-0091,2024-12-21,2025-02-19,60,30056.59,0,,No Dispute
INV-007184,CUST-0091,2024-03-11,2024-05-10,60,6137.7,0,,No Dispute
INV-007185,CUST-0091,2025-05-04,2025-07-03,60,25135.97,0,,No Dispute
INV-007186,CUST-0091,2024-08-15,2024-10-14,60,14701.39,0,,No Dispute
INV-007187,CUST-0091,2025-03-12,2025-05-11,60,14884.24,0,,No Dispute
INV-007188,CUST-0091,2024-09-25,2024-11-24,60,25682.12,0,,No Dispute
INV-007189,CUST-0091,2025-06-22,2025-08-21,60,24432.27,0,,No Dispute
INV-007190,CUST-0091,2025-07-24,2025-09-22,60,20123.57,0,,No Dispute
INV-007191,CUST-0091,2024-06-14,2024-08-13,60,28124.45,0,,No Dispute
INV-007192,CUST-0091,2024-02-03,2024-04-03,60,5266.02,0,,No Dispute
INV-007193,CUST-0091,2024-06-05,2024-08-04,60,14193.25,0,,No Dispute
INV-007194,CUST-0091,2024-07-20,2024-09-18,60,27424.79,0,,No Dispute
INV-007195,CUST-0091,2025-01-06,2025-03-07,60,7056.86,0,,No Dispute
INV-007196,CUST-0091,2025-12-23,2026-02-21,60,31365.55,0,,No Dispute
INV-007197,CUST-0091,2024-12-23,2025-02-21,60,18464.03,0,,No Dispute
INV-007198,CUST-0091,2025-08-17,2025-10-16,60,10370.15,0,,No Dispute
INV-007199,CUST-0091,2024-01-27,2024-03-27,60,21589.42,0,,No Dispute
INV-007200,CUST-0091,2025-06-25,2025-08-24,60,27465.85,0,,No Dispute
INV-007201,CUST-0091,2024-04-03,2024-06-02,60,7878.23,0,,No Dispute
INV-007202,CUST-0091,2024-12-30,2025-02-28,60,29525.13,0,,No Dispute
INV-007203,CUST-0091,2025-12-04,2026-02-02,60,31356.67,0,,No Dispute
INV-007204,CUST-0091,2024-06-20,2024-08-19,60,26481.1,0,,No Dispute
INV-007205,CUST-0091,2025-12-23,2026-02-21,60,26718.69,0,,No Dispute
INV-007206,CUST-0091,2025-09-30,2025-11-29,60,11422.54,0,,No Dispute
INV-007207,CUST-0091,2024-05-16,2024-07-15,60,15305.87,0,,No Dispute
INV-007208,CUST-0091,2025-09-19,2025-11-18,60,22305.54,0,,No Dispute
INV-007209,CUST-0091,2025-07-08,2025-09-06,60,27110.8,0,,No Dispute
INV-007210,CUST-0091,2024-06-28,2024-08-27,60,31517.01,0,,No Dispute
INV-007211,CUST-0091,2025-08-28,2025-10-27,60,25420.91,0,,No Dispute
INV-007212,CUST-0091,2024-05-15,2024-07-14,60,18787.32,0,,No Dispute
INV-007213,CUST-0091,2024-01-26,2024-03-26,60,14882.31,0,,No Dispute
INV-007214,CUST-0091,2024-01-04,2024-03-04,60,8110.55,0,,No Dispute
INV-007215,CUST-0091,2024-03-10,2024-05-09,60,20791.16,0,,No Dispute
INV-007216,CUST-0091,2025-05-26,2025-07-25,60,15934.24,0,,No Dispute
INV-007217,CUST-0091,2025-02-12,2025-04-13,60,14459.13,0,,No Dispute
INV-007218,CUST-0091,2024-03-04,2024-05-03,60,7895.62,0,,No Dispute
INV-007219,CUST-0091,2025-04-12,2025-06-11,60,30302.73,0,,No Dispute
INV-007220,CUST-0091,2025-03-14,2025-05-13,60,7529.71,0,,No Dispute
INV-007221,CUST-0091,2025-06-29,2025-08-28,60,25935.19,1,3.0,Resolved
INV-007222,CUST-0091,2024-10-28,2024-12-27,60,5517.71,0,,No Dispute
INV-007223,CUST-0091,2024-02-01,2024-04-01,60,20468.49,0,,No Dispute
INV-007224,CUST-0091,2024-05-28,2024-07-27,60,12459.76,0,,No Dispute
INV-007225,CUST-0091,2024-02-29,2024-04-29,60,9228.98,0,,No Dispute
INV-007226,CUST-0091,2025-02-02,2025-04-03,60,10718.87,0,,No Dispute
INV-007227,CUST-0091,2025-10-15,2025-12-14,60,7149.06,0,,No Dispute
INV-007228,CUST-0091,2024-12-19,2025-02-17,60,13080.53,0,,No Dispute
INV-007229,CUST-0091,2024-06-08,2024-08-07,60,7563.77,0,,No Dispute
INV-007230,CUST-0091,2024-12-07,2025-02-05,60,31702.06,0,,No Dispute
INV-007231,CUST-0091,2024-08-08,2024-10-07,60,25509.37,0,,No Dispute
INV-007232,CUST-0091,2024-03-21,2024-05-20,60,31656.74,0,,No Dispute
INV-007233,CUST-0091,2025-04-24,2025-06-23,60,30812.93,0,,No Dispute
INV-007234,CUST-0091,2024-10-20,2024-12-19,60,9107.22,0,,No Dispute
INV-007235,CUST-0091,2025-11-20,2026-01-19,60,8741.55,0,,No Dispute
INV-007236,CUST-0091,2025-01-13,2025-03-14,60,30627.6,0,,No Dispute
INV-007237,CUST-0091,2025-03-17,2025-05-16,60,19314.17,0,,No Dispute
INV-007238,CUST-0091,2025-10-09,2025-12-08,60,14048.84,0,,No Dispute
INV-007239,CUST-0091,2025-08-21,2025-10-20,60,22284.31,0,,No Dispute
INV-007240,CUST-0091,2024-05-02,2024-07-01,60,22982.75,1,3.0,Open
INV-007241,CUST-0091,2025-02-23,2025-04-24,60,29287.19,0,,No Dispute
INV-007242,CUST-0091,2025-11-19,2026-01-18,60,29563.78,0,,No Dispute
INV-007243,CUST-0091,2024-12-04,2025-02-02,60,11227.34,0,,No Dispute
INV-007244,CUST-0091,2024-12-08,2025-02-06,60,17214.24,0,,No Dispute
INV-007245,CUST-0091,2025-06-12,2025-08-11,60,20070.35,0,,No Dispute
INV-007246,CUST-0091,2025-03-08,2025-05-07,60,7808.28,0,,No Dispute
INV-007247,CUST-0091,2024-06-07,2024-08-06,60,9513.57,0,,No Dispute
INV-007248,CUST-0091,2025-05-11,2025-07-10,60,21557.62,0,,No Dispute
INV-007249,CUST-0091,2025-09-29,2025-11-28,60,28902.7,0,,No Dispute
INV-007250,CUST-0091,2024-05-27,2024-07-26,60,10755.91,0,,No Dispute
INV-007251,CUST-0091,2025-09-19,2025-11-18,60,11820.36,0,,No Dispute
INV-007252,CUST-0091,2025-03-22,2025-05-21,60,8758.65,0,,No Dispute
INV-007253,CUST-0091,2024-10-05,2024-12-04,60,20686.73,0,,No Dispute
INV-007254,CUST-0091,2025-01-04,2025-03-05,60,31174.45,0,,No Dispute
INV-007255,CUST-0091,2024-07-15,2024-09-13,60,22118.41,0,,No Dispute
INV-007256,CUST-0091,2025-02-27,2025-04-28,60,12597.57,0,,No Dispute
INV-007257,CUST-0091,2025-12-23,2026-02-21,60,22749.56,0,,No Dispute
INV-007258,CUST-0091,2024-05-09,2024-07-08,60,28906.07,0,,No Dispute
INV-007259,CUST-0091,2025-10-07,2025-12-06,60,27035.97,0,,No Dispute
INV-007260,CUST-0091,2025-03-24,2025-05-23,60,21806.05,0,,No Dispute
INV-007261,CUST-0091,2025-11-19,2026-01-18,60,22676.25,0,,No Dispute
INV-007262,CUST-0091,2024-07-31,2024-09-29,60,12363.8,0,,No Dispute
INV-007263,CUST-0091,2024-06-22,2024-08-21,60,24601.71,0,,No Dispute
INV-007264,CUST-0091,2024-10-28,2024-12-27,60,13893.13,0,,No Dispute
INV-007265,CUST-0091,2024-10-15,2024-12-14,60,12215.94,0,,No Dispute
INV-007266,CUST-0091,2025-11-17,2026-01-16,60,22294.27,0,,No Dispute
INV-007267,CUST-0091,2024-04-17,2024-06-16,60,11614.12,0,,No Dispute
INV-007268,CUST-0091,2025-02-06,2025-04-07,60,25558.42,0,,No Dispute
INV-007269,CUST-0092,2024-04-22,2024-05-22,30,903.65,0,,No Dispute
INV-007270,CUST-0092,2025-12-22,2026-01-21,30,1191.02,0,,No Dispute
INV-007271,CUST-0092,2025-06-19,2025-07-19,30,3672.44,0,,No Dispute
INV-007272,CUST-0092,2024-11-29,2024-12-29,30,2737.0,0,,No Dispute
INV-007273,CUST-0092,2025-03-06,2025-04-05,30,817.46,0,,No Dispute
INV-007274,CUST-0092,2024-07-23,2024-08-22,30,2383.9,0,,No Dispute
INV-007275,CUST-0092,2025-11-09,2025-12-09,30,514.57,0,,No Dispute
INV-007276,CUST-0092,2025-09-06,2025-10-06,30,2961.76,0,,No Dispute
INV-007277,CUST-0092,2025-01-01,2025-01-31,30,2646.65,0,,No Dispute
INV-007278,CUST-0092,2024-07-15,2024-08-14,30,1543.28,0,,No Dispute
INV-007279,CUST-0092,2025-06-02,2025-07-02,30,1164.92,0,,No Dispute
INV-007280,CUST-0092,2025-05-11,2025-06-10,30,3483.09,0,,No Dispute
INV-007281,CUST-0092,2024-06-26,2024-07-26,30,1865.17,0,,No Dispute
INV-007282,CUST-0092,2025-05-24,2025-06-23,30,1020.91,0,,No Dispute
INV-007283,CUST-0092,2025-11-23,2025-12-23,30,3125.74,0,,No Dispute
INV-007284,CUST-0092,2025-09-22,2025-10-22,30,1499.18,0,,No Dispute
INV-007285,CUST-0092,2025-01-24,2025-02-23,30,1159.49,0,,No Dispute
INV-007286,CUST-0092,2024-07-13,2024-08-12,30,2701.42,0,,No Dispute
INV-007287,CUST-0092,2024-09-28,2024-10-28,30,3541.0,0,,No Dispute
INV-007288,CUST-0092,2024-03-04,2024-04-03,30,2751.29,0,,No Dispute
INV-007289,CUST-0092,2024-11-10,2024-12-10,30,1405.13,0,,No Dispute
INV-007290,CUST-0092,2024-05-18,2024-06-17,30,3356.21,0,,No Dispute
INV-007291,CUST-0092,2025-10-25,2025-11-24,30,1493.86,0,,No Dispute
INV-007292,CUST-0092,2025-12-14,2026-01-13,30,2254.67,0,,No Dispute
INV-007293,CUST-0092,2025-11-30,2025-12-30,30,3456.84,0,,No Dispute
INV-007294,CUST-0092,2024-09-20,2024-10-20,30,3551.91,0,,No Dispute
INV-007295,CUST-0092,2025-10-21,2025-11-20,30,2283.04,0,,No Dispute
INV-007296,CUST-0092,2024-07-07,2024-08-06,30,1311.56,0,,No Dispute
INV-007297,CUST-0092,2024-04-23,2024-05-23,30,1201.52,0,,No Dispute
INV-007298,CUST-0092,2024-09-21,2024-10-21,30,2936.74,0,,No Dispute
INV-007299,CUST-0092,2024-03-22,2024-04-21,30,3836.79,0,,No Dispute
INV-007300,CUST-0092,2025-02-11,2025-03-13,30,1218.88,0,,No Dispute
INV-007301,CUST-0092,2024-05-30,2024-06-29,30,3943.07,0,,No Dispute
INV-007302,CUST-0092,2025-01-12,2025-02-11,30,2234.94,0,,No Dispute
INV-007303,CUST-0092,2024-02-12,2024-03-13,30,665.57,0,,No Dispute
INV-007304,CUST-0092,2025-08-02,2025-09-01,30,2820.0,0,,No Dispute
INV-007305,CUST-0092,2025-05-11,2025-06-10,30,3498.14,0,,No Dispute
INV-007306,CUST-0092,2025-09-06,2025-10-06,30,3231.52,0,,No Dispute
INV-007307,CUST-0092,2025-03-18,2025-04-17,30,3921.81,0,,No Dispute
INV-007308,CUST-0092,2024-01-28,2024-02-27,30,908.67,0,,No Dispute
INV-007309,CUST-0092,2024-07-28,2024-08-27,30,2767.53,0,,No Dispute
INV-007310,CUST-0092,2024-04-30,2024-05-30,30,3637.39,0,,No Dispute
INV-007311,CUST-0092,2024-01-17,2024-02-16,30,3489.93,0,,No Dispute
INV-007312,CUST-0092,2024-01-02,2024-02-01,30,924.57,0,,No Dispute
INV-007313,CUST-0092,2025-05-18,2025-06-17,30,1055.99,0,,No Dispute
INV-007314,CUST-0092,2024-09-24,2024-10-24,30,3288.6,0,,No Dispute
INV-007315,CUST-0092,2025-10-05,2025-11-04,30,896.42,0,,No Dispute
INV-007316,CUST-0092,2024-04-02,2024-05-02,30,2300.4,0,,No Dispute
INV-007317,CUST-0092,2025-06-02,2025-07-02,30,2508.17,0,,No Dispute
INV-007318,CUST-0093,2024-04-08,2024-05-08,30,11847.71,0,,No Dispute
INV-007319,CUST-0093,2024-07-16,2024-08-15,30,5904.91,0,,No Dispute
INV-007320,CUST-0093,2025-05-19,2025-06-18,30,4891.57,0,,No Dispute
INV-007321,CUST-0093,2025-06-25,2025-07-25,30,1881.9,0,,No Dispute
INV-007322,CUST-0093,2024-05-03,2024-06-02,30,3944.23,0,,No Dispute
INV-007323,CUST-0093,2024-04-16,2024-05-16,30,9942.01,0,,No Dispute
INV-007324,CUST-0093,2025-10-30,2025-11-29,30,3234.91,0,,No Dispute
INV-007325,CUST-0093,2025-07-15,2025-08-14,30,3153.1,0,,No Dispute
INV-007326,CUST-0093,2025-03-04,2025-04-03,30,11520.14,0,,No Dispute
INV-007327,CUST-0093,2024-11-12,2024-12-12,30,1946.75,0,,No Dispute
INV-007328,CUST-0093,2025-06-05,2025-07-05,30,6200.82,0,,No Dispute
INV-007329,CUST-0093,2024-07-25,2024-08-24,30,9954.45,0,,No Dispute
INV-007330,CUST-0093,2024-07-21,2024-08-20,30,1944.13,0,,No Dispute
INV-007331,CUST-0093,2025-12-01,2025-12-31,30,9164.4,0,,No Dispute
INV-007332,CUST-0093,2024-11-08,2024-12-08,30,7571.85,0,,No Dispute
INV-007333,CUST-0093,2025-06-02,2025-07-02,30,8254.19,0,,No Dispute
INV-007334,CUST-0093,2024-04-19,2024-05-19,30,3968.46,0,,No Dispute
INV-007335,CUST-0093,2024-08-11,2024-09-10,30,9272.83,0,,No Dispute
INV-007336,CUST-0093,2025-04-26,2025-05-26,30,3752.57,0,,No Dispute
INV-007337,CUST-0093,2024-12-25,2025-01-24,30,9239.16,0,,No Dispute
INV-007338,CUST-0093,2025-05-23,2025-06-22,30,11473.13,0,,No Dispute
INV-007339,CUST-0093,2024-03-10,2024-04-09,30,6201.78,0,,No Dispute
INV-007340,CUST-0093,2024-09-18,2024-10-18,30,10813.0,0,,No Dispute
INV-007341,CUST-0093,2024-07-29,2024-08-28,30,10790.32,0,,No Dispute
INV-007342,CUST-0093,2024-03-06,2024-04-05,30,2894.62,0,,No Dispute
INV-007343,CUST-0093,2024-02-26,2024-03-27,30,2921.07,0,,No Dispute
INV-007344,CUST-0093,2025-01-25,2025-02-24,30,9792.63,1,4.0,Resolved
INV-007345,CUST-0093,2024-11-03,2024-12-03,30,9666.09,0,,No Dispute
INV-007346,CUST-0093,2025-05-13,2025-06-12,30,6607.74,0,,No Dispute
INV-007347,CUST-0093,2024-03-11,2024-04-10,30,3970.09,0,,No Dispute
INV-007348,CUST-0093,2024-06-04,2024-07-04,30,5260.33,0,,No Dispute
INV-007349,CUST-0093,2024-03-30,2024-04-29,30,11106.57,0,,No Dispute
INV-007350,CUST-0093,2024-08-19,2024-09-18,30,11312.77,0,,No Dispute
INV-007351,CUST-0093,2024-08-17,2024-09-16,30,9838.83,0,,No Dispute
INV-007352,CUST-0093,2025-02-04,2025-03-06,30,9326.52,0,,No Dispute
INV-007353,CUST-0093,2024-01-05,2024-02-04,30,7130.93,0,,No Dispute
INV-007354,CUST-0093,2024-04-06,2024-05-06,30,4339.59,0,,No Dispute
INV-007355,CUST-0093,2024-05-15,2024-06-14,30,11639.88,0,,No Dispute
INV-007356,CUST-0093,2024-02-19,2024-03-20,30,1595.04,0,,No Dispute
INV-007357,CUST-0093,2024-07-06,2024-08-05,30,9426.34,0,,No Dispute
INV-007358,CUST-0093,2025-12-22,2026-01-21,30,4931.86,0,,No Dispute
INV-007359,CUST-0093,2024-08-16,2024-09-15,30,10592.24,0,,No Dispute
INV-007360,CUST-0093,2025-06-30,2025-07-30,30,9343.56,0,,No Dispute
INV-007361,CUST-0093,2025-05-02,2025-06-01,30,6567.84,0,,No Dispute
INV-007362,CUST-0093,2024-02-29,2024-03-30,30,9522.08,0,,No Dispute
INV-007363,CUST-0093,2025-07-02,2025-08-01,30,7235.15,0,,No Dispute
INV-007364,CUST-0093,2025-02-12,2025-03-14,30,7853.77,0,,No Dispute
INV-007365,CUST-0093,2024-09-01,2024-10-01,30,4437.37,0,,No Dispute
INV-007366,CUST-0093,2024-03-23,2024-04-22,30,10981.6,1,2.0,Resolved
INV-007367,CUST-0093,2024-06-21,2024-07-21,30,9308.63,0,,No Dispute
INV-007368,CUST-0093,2024-10-09,2024-11-08,30,11862.14,0,,No Dispute
INV-007369,CUST-0093,2025-12-26,2026-01-25,30,7751.76,0,,No Dispute
INV-007370,CUST-0093,2024-05-24,2024-06-23,30,2595.57,0,,No Dispute
INV-007371,CUST-0093,2024-06-23,2024-07-23,30,4157.91,0,,No Dispute
INV-007372,CUST-0093,2024-12-04,2025-01-03,30,8337.68,0,,No Dispute
INV-007373,CUST-0093,2024-10-31,2024-11-30,30,11609.82,0,,No Dispute
INV-007374,CUST-0093,2025-07-21,2025-08-20,30,1505.87,0,,No Dispute
INV-007375,CUST-0093,2025-09-07,2025-10-07,30,5910.01,0,,No Dispute
INV-007376,CUST-0093,2025-03-03,2025-04-02,30,11531.69,0,,No Dispute
INV-007377,CUST-0093,2024-12-10,2025-01-09,30,8224.54,0,,No Dispute
INV-007378,CUST-0093,2024-05-10,2024-06-09,30,11835.25,0,,No Dispute
INV-007379,CUST-0093,2024-09-17,2024-10-17,30,2285.91,0,,No Dispute
INV-007380,CUST-0093,2024-08-21,2024-09-20,30,2359.09,0,,No Dispute
INV-007381,CUST-0093,2025-09-30,2025-10-30,30,8101.96,0,,No Dispute
INV-007382,CUST-0093,2024-08-04,2024-09-03,30,2530.85,0,,No Dispute
INV-007383,CUST-0093,2024-06-21,2024-07-21,30,2274.52,0,,No Dispute
INV-007384,CUST-0093,2025-02-21,2025-03-23,30,4784.51,0,,No Dispute
INV-007385,CUST-0093,2025-12-05,2026-01-04,30,10649.33,1,3.0,Resolved
INV-007386,CUST-0093,2024-06-01,2024-07-01,30,1860.96,0,,No Dispute
INV-007387,CUST-0094,2025-03-11,2025-04-25,45,11799.32,0,,No Dispute
INV-007388,CUST-0094,2024-03-27,2024-05-11,45,3197.14,0,,No Dispute
INV-007389,CUST-0094,2024-02-13,2024-03-29,45,6501.15,0,,No Dispute
INV-007390,CUST-0094,2024-02-15,2024-03-31,45,2900.61,0,,No Dispute
INV-007391,CUST-0094,2025-12-03,2026-01-17,45,11021.01,0,,No Dispute
INV-007392,CUST-0094,2024-06-11,2024-07-26,45,10543.24,0,,No Dispute
INV-007393,CUST-0094,2024-06-27,2024-08-11,45,9629.81,0,,No Dispute
INV-007394,CUST-0094,2025-04-26,2025-06-10,45,9273.17,0,,No Dispute
INV-007395,CUST-0094,2024-05-14,2024-06-28,45,11548.49,0,,No Dispute
INV-007396,CUST-0094,2025-08-04,2025-09-18,45,4467.79,0,,No Dispute
INV-007397,CUST-0094,2025-06-25,2025-08-09,45,11478.83,0,,No Dispute
INV-007398,CUST-0094,2024-10-11,2024-11-25,45,9208.89,0,,No Dispute
INV-007399,CUST-0094,2025-09-06,2025-10-21,45,4809.09,0,,No Dispute
INV-007400,CUST-0094,2025-02-16,2025-04-02,45,4232.04,0,,No Dispute
INV-007401,CUST-0094,2024-06-13,2024-07-28,45,11063.26,0,,No Dispute
INV-007402,CUST-0094,2024-03-17,2024-05-01,45,11720.61,0,,No Dispute
INV-007403,CUST-0094,2024-09-07,2024-10-22,45,10178.86,0,,No Dispute
INV-007404,CUST-0094,2025-06-27,2025-08-11,45,4014.36,0,,No Dispute
INV-007405,CUST-0094,2025-11-14,2025-12-29,45,2360.22,0,,No Dispute
INV-007406,CUST-0094,2025-11-19,2026-01-03,45,10752.31,0,,No Dispute
INV-007407,CUST-0094,2025-07-07,2025-08-21,45,11489.64,0,,No Dispute
INV-007408,CUST-0094,2025-05-14,2025-06-28,45,3999.17,0,,No Dispute
INV-007409,CUST-0094,2024-04-21,2024-06-05,45,5453.7,0,,No Dispute
INV-007410,CUST-0094,2025-06-25,2025-08-09,45,11678.93,0,,No Dispute
INV-007411,CUST-0094,2025-03-24,2025-05-08,45,5126.35,0,,No Dispute
INV-007412,CUST-0094,2025-06-06,2025-07-21,45,6237.41,0,,No Dispute
INV-007413,CUST-0094,2024-01-06,2024-02-20,45,7785.14,0,,No Dispute
INV-007414,CUST-0094,2024-12-18,2025-02-01,45,5827.87,0,,No Dispute
INV-007415,CUST-0094,2025-05-17,2025-07-01,45,1539.9,0,,No Dispute
INV-007416,CUST-0094,2024-09-21,2024-11-05,45,7787.51,0,,No Dispute
INV-007417,CUST-0094,2025-01-07,2025-02-21,45,11822.08,0,,No Dispute
INV-007418,CUST-0094,2025-08-14,2025-09-28,45,10370.34,0,,No Dispute
INV-007419,CUST-0094,2024-08-22,2024-10-06,45,5774.18,1,4.0,Resolved
INV-007420,CUST-0094,2025-12-13,2026-01-27,45,2218.19,0,,No Dispute
INV-007421,CUST-0094,2024-12-03,2025-01-17,45,5348.35,0,,No Dispute
INV-007422,CUST-0094,2025-08-01,2025-09-15,45,5249.0,0,,No Dispute
INV-007423,CUST-0094,2025-09-09,2025-10-24,45,2368.63,0,,No Dispute
INV-007424,CUST-0094,2024-04-12,2024-05-27,45,10751.32,0,,No Dispute
INV-007425,CUST-0094,2024-03-27,2024-05-11,45,2052.12,0,,No Dispute
INV-007426,CUST-0094,2024-11-12,2024-12-27,45,8732.43,0,,No Dispute
INV-007427,CUST-0094,2024-07-03,2024-08-17,45,10725.98,0,,No Dispute
INV-007428,CUST-0094,2025-02-06,2025-03-23,45,11251.38,0,,No Dispute
INV-007429,CUST-0094,2024-06-01,2024-07-16,45,11324.96,0,,No Dispute
INV-007430,CUST-0094,2024-10-14,2024-11-28,45,2643.86,0,,No Dispute
INV-007431,CUST-0094,2025-08-31,2025-10-15,45,9238.69,0,,No Dispute
INV-007432,CUST-0094,2025-02-25,2025-04-11,45,9439.53,0,,No Dispute
INV-007433,CUST-0094,2025-11-24,2026-01-08,45,9769.49,0,,No Dispute
INV-007434,CUST-0094,2024-08-07,2024-09-21,45,10735.16,0,,No Dispute
INV-007435,CUST-0094,2024-07-21,2024-09-04,45,5964.34,0,,No Dispute
INV-007436,CUST-0094,2024-11-30,2025-01-14,45,1978.68,0,,No Dispute
INV-007437,CUST-0094,2024-12-08,2025-01-22,45,3456.14,0,,No Dispute
INV-007438,CUST-0094,2025-04-04,2025-05-19,45,9269.01,0,,No Dispute
INV-007439,CUST-0094,2025-02-17,2025-04-03,45,8882.54,0,,No Dispute
INV-007440,CUST-0094,2024-04-09,2024-05-24,45,6943.55,0,,No Dispute
INV-007441,CUST-0094,2024-10-25,2024-12-09,45,4489.99,0,,No Dispute
INV-007442,CUST-0094,2024-04-06,2024-05-21,45,3215.47,0,,No Dispute
INV-007443,CUST-0094,2024-01-18,2024-03-03,45,2606.26,0,,No Dispute
INV-007444,CUST-0094,2024-09-15,2024-10-30,45,3596.03,0,,No Dispute
INV-007445,CUST-0094,2024-08-02,2024-09-16,45,6505.62,0,,No Dispute
INV-007446,CUST-0094,2025-08-18,2025-10-02,45,2126.97,0,,No Dispute
INV-007447,CUST-0094,2025-01-24,2025-03-10,45,9124.18,0,,No Dispute
INV-007448,CUST-0094,2024-02-03,2024-03-19,45,1825.34,0,,No Dispute
INV-007449,CUST-0094,2024-11-11,2024-12-26,45,4829.39,0,,No Dispute
INV-007450,CUST-0094,2025-09-07,2025-10-22,45,8616.34,0,,No Dispute
INV-007451,CUST-0094,2024-03-17,2024-05-01,45,11852.37,0,,No Dispute
INV-007452,CUST-0094,2025-08-17,2025-10-01,45,10450.62,0,,No Dispute
INV-007453,CUST-0094,2024-12-05,2025-01-19,45,10417.66,1,3.0,Open
INV-007454,CUST-0094,2024-12-22,2025-02-05,45,4189.58,0,,No Dispute
INV-007455,CUST-0094,2025-09-29,2025-11-13,45,10945.14,0,,No Dispute
INV-007456,CUST-0094,2025-09-16,2025-10-31,45,6730.15,0,,No Dispute
INV-007457,CUST-0094,2024-06-08,2024-07-23,45,9877.61,0,,No Dispute
INV-007458,CUST-0094,2025-07-28,2025-09-11,45,6442.63,0,,No Dispute
INV-007459,CUST-0094,2025-07-25,2025-09-08,45,2489.42,0,,No Dispute
INV-007460,CUST-0094,2025-01-03,2025-02-17,45,6824.67,1,1.0,Open
INV-007461,CUST-0095,2024-03-08,2024-05-07,60,29641.81,0,,No Dispute
INV-007462,CUST-0095,2024-07-19,2024-09-17,60,15314.24,0,,No Dispute
INV-007463,CUST-0095,2024-12-22,2025-02-20,60,20627.6,0,,No Dispute
INV-007464,CUST-0095,2024-10-16,2024-12-15,60,17734.68,0,,No Dispute
INV-007465,CUST-0095,2025-06-18,2025-08-17,60,20646.13,0,,No Dispute
INV-007466,CUST-0095,2025-12-12,2026-02-10,60,13649.17,0,,No Dispute
INV-007467,CUST-0095,2024-06-12,2024-08-11,60,12577.19,0,,No Dispute
INV-007468,CUST-0095,2024-05-31,2024-07-30,60,28140.0,0,,No Dispute
INV-007469,CUST-0095,2024-12-02,2025-01-31,60,8640.95,1,1.0,Open
INV-007470,CUST-0095,2025-08-12,2025-10-11,60,6755.06,1,4.0,Resolved
INV-007471,CUST-0095,2025-11-26,2026-01-25,60,13759.08,0,,No Dispute
INV-007472,CUST-0095,2024-04-04,2024-06-03,60,20973.84,0,,No Dispute
INV-007473,CUST-0095,2024-11-26,2025-01-25,60,11730.14,0,,No Dispute
INV-007474,CUST-0095,2025-10-13,2025-12-12,60,10841.83,0,,No Dispute
INV-007475,CUST-0095,2024-03-12,2024-05-11,60,12083.27,0,,No Dispute
INV-007476,CUST-0095,2025-05-10,2025-07-09,60,18709.57,0,,No Dispute
INV-007477,CUST-0095,2024-09-13,2024-11-12,60,8298.7,0,,No Dispute
INV-007478,CUST-0095,2025-07-02,2025-08-31,60,29300.22,0,,No Dispute
INV-007479,CUST-0095,2024-05-11,2024-07-10,60,18189.99,0,,No Dispute
INV-007480,CUST-0095,2024-05-26,2024-07-25,60,18461.35,0,,No Dispute
INV-007481,CUST-0095,2025-05-21,2025-07-20,60,22108.97,0,,No Dispute
INV-007482,CUST-0095,2024-11-23,2025-01-22,60,7110.92,0,,No Dispute
INV-007483,CUST-0095,2025-03-11,2025-05-10,60,13341.26,0,,No Dispute
INV-007484,CUST-0095,2024-09-25,2024-11-24,60,28890.24,0,,No Dispute
INV-007485,CUST-0095,2025-01-16,2025-03-17,60,8011.85,0,,No Dispute
INV-007486,CUST-0095,2024-12-03,2025-02-01,60,15579.98,1,4.0,Resolved
INV-007487,CUST-0095,2024-07-20,2024-09-18,60,15075.54,0,,No Dispute
INV-007488,CUST-0095,2025-10-25,2025-12-24,60,20399.17,0,,No Dispute
INV-007489,CUST-0095,2024-07-02,2024-08-31,60,25133.91,0,,No Dispute
INV-007490,CUST-0095,2024-05-14,2024-07-13,60,20219.46,0,,No Dispute
INV-007491,CUST-0095,2024-10-15,2024-12-14,60,29158.95,0,,No Dispute
INV-007492,CUST-0095,2024-09-01,2024-10-31,60,5819.79,0,,No Dispute
INV-007493,CUST-0095,2025-10-16,2025-12-15,60,31968.67,0,,No Dispute
INV-007494,CUST-0095,2025-05-20,2025-07-19,60,14383.67,0,,No Dispute
INV-007495,CUST-0095,2025-08-04,2025-10-03,60,16420.34,0,,No Dispute
INV-007496,CUST-0095,2025-07-12,2025-09-10,60,19993.16,0,,No Dispute
INV-007497,CUST-0095,2025-08-05,2025-10-04,60,17605.67,0,,No Dispute
INV-007498,CUST-0095,2024-01-09,2024-03-09,60,13676.29,0,,No Dispute
INV-007499,CUST-0095,2024-12-17,2025-02-15,60,29011.12,0,,No Dispute
INV-007500,CUST-0095,2025-12-05,2026-02-03,60,16263.84,0,,No Dispute
INV-007501,CUST-0095,2025-06-23,2025-08-22,60,15814.77,0,,No Dispute
INV-007502,CUST-0095,2025-10-22,2025-12-21,60,23042.66,0,,No Dispute
INV-007503,CUST-0095,2024-07-30,2024-09-28,60,11578.88,0,,No Dispute
INV-007504,CUST-0095,2025-01-22,2025-03-23,60,27435.2,0,,No Dispute
INV-007505,CUST-0095,2025-11-02,2026-01-01,60,23348.16,0,,No Dispute
INV-007506,CUST-0095,2024-06-27,2024-08-26,60,8949.55,0,,No Dispute
INV-007507,CUST-0095,2025-03-20,2025-05-19,60,7301.06,0,,No Dispute
INV-007508,CUST-0095,2025-09-03,2025-11-02,60,28370.43,0,,No Dispute
INV-007509,CUST-0095,2025-10-04,2025-12-03,60,26259.21,0,,No Dispute
INV-007510,CUST-0095,2025-03-01,2025-04-30,60,11647.05,0,,No Dispute
INV-007511,CUST-0095,2024-02-28,2024-04-28,60,16638.04,0,,No Dispute
INV-007512,CUST-0095,2024-02-23,2024-04-23,60,6822.91,0,,No Dispute
INV-007513,CUST-0095,2024-09-15,2024-11-14,60,31882.11,0,,No Dispute
INV-007514,CUST-0095,2024-01-07,2024-03-07,60,23895.21,0,,No Dispute
INV-007515,CUST-0095,2025-05-21,2025-07-20,60,20625.97,0,,No Dispute
INV-007516,CUST-0095,2025-06-05,2025-08-04,60,6389.95,1,2.0,Resolved
INV-007517,CUST-0095,2025-06-29,2025-08-28,60,13180.81,0,,No Dispute
INV-007518,CUST-0095,2024-06-07,2024-08-06,60,8082.33,0,,No Dispute
INV-007519,CUST-0095,2025-02-24,2025-04-25,60,25711.29,0,,No Dispute
INV-007520,CUST-0095,2024-02-16,2024-04-16,60,12928.59,0,,No Dispute
INV-007521,CUST-0095,2025-04-14,2025-06-13,60,18496.23,0,,No Dispute
INV-007522,CUST-0095,2025-10-11,2025-12-10,60,24400.25,0,,No Dispute
INV-007523,CUST-0095,2025-06-16,2025-08-15,60,29460.86,0,,No Dispute
INV-007524,CUST-0095,2025-01-28,2025-03-29,60,9159.04,0,,No Dispute
INV-007525,CUST-0095,2025-04-24,2025-06-23,60,21803.79,0,,No Dispute
INV-007526,CUST-0095,2025-07-03,2025-09-01,60,18122.8,0,,No Dispute
INV-007527,CUST-0095,2024-05-13,2024-07-12,60,27691.78,0,,No Dispute
INV-007528,CUST-0095,2025-07-11,2025-09-09,60,13366.31,0,,No Dispute
INV-007529,CUST-0095,2024-09-18,2024-11-17,60,17255.02,0,,No Dispute
INV-007530,CUST-0095,2024-07-28,2024-09-26,60,14299.46,0,,No Dispute
INV-007531,CUST-0095,2025-10-23,2025-12-22,60,16066.39,0,,No Dispute
INV-007532,CUST-0095,2025-07-24,2025-09-22,60,11689.23,0,,No Dispute
INV-007533,CUST-0095,2025-03-09,2025-05-08,60,24363.61,1,1.0,Open
INV-007534,CUST-0095,2024-10-08,2024-12-07,60,13772.48,0,,No Dispute
INV-007535,CUST-0095,2025-04-16,2025-06-15,60,10570.43,0,,No Dispute
INV-007536,CUST-0095,2025-06-30,2025-08-29,60,19341.53,0,,No Dispute
INV-007537,CUST-0095,2024-04-06,2024-06-05,60,21772.3,0,,No Dispute
INV-007538,CUST-0095,2024-10-22,2024-12-21,60,28789.59,0,,No Dispute
INV-007539,CUST-0095,2025-10-29,2025-12-28,60,23253.26,0,,No Dispute
INV-007540,CUST-0095,2024-02-12,2024-04-12,60,14472.73,0,,No Dispute
INV-007541,CUST-0095,2025-06-16,2025-08-15,60,17688.07,0,,No Dispute
INV-007542,CUST-0095,2025-02-28,2025-04-29,60,21896.46,0,,No Dispute
INV-007543,CUST-0095,2025-12-12,2026-02-10,60,12350.32,0,,No Dispute
INV-007544,CUST-0095,2025-10-06,2025-12-05,60,18453.99,0,,No Dispute
INV-007545,CUST-0095,2024-04-25,2024-06-24,60,31961.15,0,,No Dispute
INV-007546,CUST-0095,2024-07-28,2024-09-26,60,6297.86,0,,No Dispute
INV-007547,CUST-0095,2024-09-10,2024-11-09,60,8389.58,0,,No Dispute
INV-007548,CUST-0095,2025-11-25,2026-01-24,60,30925.16,0,,No Dispute
INV-007549,CUST-0095,2025-09-18,2025-11-17,60,30325.54,0,,No Dispute
INV-007550,CUST-0095,2024-08-01,2024-09-30,60,5902.17,0,,No Dispute
INV-007551,CUST-0095,2024-07-29,2024-09-27,60,15145.16,0,,No Dispute
INV-007552,CUST-0095,2024-11-15,2025-01-14,60,26062.73,0,,No Dispute
INV-007553,CUST-0095,2025-06-27,2025-08-26,60,11817.5,0,,No Dispute
INV-007554,CUST-0095,2025-02-15,2025-04-16,60,14325.85,0,,No Dispute
INV-007555,CUST-0095,2025-11-09,2026-01-08,60,12884.56,0,,No Dispute
INV-007556,CUST-0095,2024-11-03,2025-01-02,60,6515.96,0,,No Dispute
INV-007557,CUST-0095,2024-03-16,2024-05-15,60,21390.71,0,,No Dispute
INV-007558,CUST-0095,2025-01-15,2025-03-16,60,7986.7,0,,No Dispute
INV-007559,CUST-0095,2025-03-07,2025-05-06,60,15797.76,0,,No Dispute
INV-007560,CUST-0095,2024-02-17,2024-04-17,60,20675.54,0,,No Dispute
INV-007561,CUST-0095,2024-01-08,2024-03-08,60,9180.47,0,,No Dispute
INV-007562,CUST-0095,2025-02-03,2025-04-04,60,24191.33,0,,No Dispute
INV-007563,CUST-0095,2024-04-10,2024-06-09,60,25072.45,0,,No Dispute
INV-007564,CUST-0095,2024-03-25,2024-05-24,60,24895.31,0,,No Dispute
INV-007565,CUST-0095,2024-08-23,2024-10-22,60,23801.01,0,,No Dispute
INV-007566,CUST-0095,2025-04-12,2025-06-11,60,23788.27,0,,No Dispute
INV-007567,CUST-0095,2024-07-30,2024-09-28,60,16214.8,0,,No Dispute
INV-007568,CUST-0095,2024-12-15,2025-02-13,60,17875.82,0,,No Dispute
INV-007569,CUST-0095,2024-04-28,2024-06-27,60,25380.7,0,,No Dispute
INV-007570,CUST-0095,2024-05-19,2024-07-18,60,14289.94,0,,No Dispute
INV-007571,CUST-0096,2024-10-27,2024-12-11,45,5134.34,0,,No Dispute
INV-007572,CUST-0096,2025-04-08,2025-05-23,45,11447.96,0,,No Dispute
INV-007573,CUST-0096,2025-09-22,2025-11-06,45,10872.98,0,,No Dispute
INV-007574,CUST-0096,2025-12-24,2026-02-07,45,4493.46,0,,No Dispute
INV-007575,CUST-0096,2025-04-04,2025-05-19,45,8960.4,0,,No Dispute
INV-007576,CUST-0096,2024-07-27,2024-09-10,45,5599.8,0,,No Dispute
INV-007577,CUST-0096,2025-02-05,2025-03-22,45,4439.2,0,,No Dispute
INV-007578,CUST-0096,2024-01-30,2024-03-15,45,7914.42,0,,No Dispute
INV-007579,CUST-0096,2025-08-28,2025-10-12,45,2601.09,0,,No Dispute
INV-007580,CUST-0096,2024-12-13,2025-01-27,45,8863.1,0,,No Dispute
INV-007581,CUST-0096,2025-10-19,2025-12-03,45,7703.67,0,,No Dispute
INV-007582,CUST-0096,2025-06-29,2025-08-13,45,10274.21,0,,No Dispute
INV-007583,CUST-0096,2024-09-02,2024-10-17,45,8259.93,0,,No Dispute
INV-007584,CUST-0096,2025-01-10,2025-02-24,45,9471.3,0,,No Dispute
INV-007585,CUST-0096,2025-07-06,2025-08-20,45,8705.65,0,,No Dispute
INV-007586,CUST-0096,2024-06-03,2024-07-18,45,5168.4,0,,No Dispute
INV-007587,CUST-0096,2025-09-17,2025-11-01,45,9077.68,0,,No Dispute
INV-007588,CUST-0096,2024-01-06,2024-02-20,45,2767.71,0,,No Dispute
INV-007589,CUST-0096,2024-08-06,2024-09-20,45,9105.3,0,,No Dispute
INV-007590,CUST-0096,2025-03-26,2025-05-10,45,8486.21,0,,No Dispute
INV-007591,CUST-0096,2025-03-22,2025-05-06,45,6973.9,0,,No Dispute
INV-007592,CUST-0096,2024-09-07,2024-10-22,45,4218.44,0,,No Dispute
INV-007593,CUST-0096,2025-04-28,2025-06-12,45,5982.42,0,,No Dispute
INV-007594,CUST-0096,2025-11-10,2025-12-25,45,11948.02,0,,No Dispute
INV-007595,CUST-0096,2024-11-27,2025-01-11,45,9037.98,0,,No Dispute
INV-007596,CUST-0096,2025-02-23,2025-04-09,45,3879.85,0,,No Dispute
INV-007597,CUST-0096,2025-09-27,2025-11-11,45,10704.47,0,,No Dispute
INV-007598,CUST-0096,2024-06-04,2024-07-19,45,8685.75,0,,No Dispute
INV-007599,CUST-0096,2024-11-15,2024-12-30,45,8729.8,0,,No Dispute
INV-007600,CUST-0096,2024-04-08,2024-05-23,45,2170.48,1,4.0,Resolved
INV-007601,CUST-0096,2024-05-21,2024-07-05,45,9607.76,0,,No Dispute
INV-007602,CUST-0096,2025-09-18,2025-11-02,45,6257.09,0,,No Dispute
INV-007603,CUST-0096,2025-02-08,2025-03-25,45,2202.36,0,,No Dispute
INV-007604,CUST-0096,2025-04-15,2025-05-30,45,1771.78,0,,No Dispute
INV-007605,CUST-0096,2025-11-18,2026-01-02,45,3847.73,0,,No Dispute
INV-007606,CUST-0096,2025-08-31,2025-10-15,45,4384.56,0,,No Dispute
INV-007607,CUST-0096,2024-09-02,2024-10-17,45,2476.42,0,,No Dispute
INV-007608,CUST-0096,2025-10-08,2025-11-22,45,5182.45,0,,No Dispute
INV-007609,CUST-0096,2025-08-25,2025-10-09,45,3498.04,0,,No Dispute
INV-007610,CUST-0096,2024-02-12,2024-03-28,45,6749.95,0,,No Dispute
INV-007611,CUST-0096,2025-11-14,2025-12-29,45,8729.97,0,,No Dispute
INV-007612,CUST-0096,2025-06-24,2025-08-08,45,1918.0,0,,No Dispute
INV-007613,CUST-0096,2025-11-02,2025-12-17,45,7160.86,0,,No Dispute
INV-007614,CUST-0096,2024-02-22,2024-04-07,45,6815.4,0,,No Dispute
INV-007615,CUST-0096,2024-09-08,2024-10-23,45,5670.73,0,,No Dispute
INV-007616,CUST-0096,2025-04-23,2025-06-07,45,2247.79,0,,No Dispute
INV-007617,CUST-0096,2025-07-21,2025-09-04,45,3409.37,0,,No Dispute
INV-007618,CUST-0096,2024-11-09,2024-12-24,45,9645.33,0,,No Dispute
INV-007619,CUST-0096,2024-07-29,2024-09-12,45,4780.43,0,,No Dispute
INV-007620,CUST-0096,2024-01-06,2024-02-20,45,8838.07,0,,No Dispute
INV-007621,CUST-0096,2024-03-28,2024-05-12,45,3373.4,0,,No Dispute
INV-007622,CUST-0096,2024-02-06,2024-03-22,45,7154.09,1,3.0,Resolved
INV-007623,CUST-0096,2025-02-23,2025-04-09,45,10056.48,0,,No Dispute
INV-007624,CUST-0096,2025-06-05,2025-07-20,45,6212.08,0,,No Dispute
INV-007625,CUST-0096,2025-10-21,2025-12-05,45,4375.98,0,,No Dispute
INV-007626,CUST-0096,2025-03-25,2025-05-09,45,9206.85,0,,No Dispute
INV-007627,CUST-0096,2024-12-04,2025-01-18,45,6097.03,0,,No Dispute
INV-007628,CUST-0096,2024-03-08,2024-04-22,45,4311.79,0,,No Dispute
INV-007629,CUST-0096,2025-06-20,2025-08-04,45,3306.57,0,,No Dispute
INV-007630,CUST-0096,2024-06-01,2024-07-16,45,8195.31,0,,No Dispute
INV-007631,CUST-0096,2025-07-21,2025-09-04,45,8667.0,1,5.0,Open
INV-007632,CUST-0096,2024-11-29,2025-01-13,45,6988.45,0,,No Dispute
INV-007633,CUST-0096,2025-03-07,2025-04-21,45,9418.38,0,,No Dispute
INV-007634,CUST-0096,2025-12-25,2026-02-08,45,2037.53,0,,No Dispute
INV-007635,CUST-0096,2025-08-30,2025-10-14,45,6491.63,0,,No Dispute
INV-007636,CUST-0096,2025-10-30,2025-12-14,45,8380.0,0,,No Dispute
INV-007637,CUST-0096,2024-05-13,2024-06-27,45,4348.72,0,,No Dispute
INV-007638,CUST-0096,2025-02-06,2025-03-23,45,5159.13,0,,No Dispute
INV-007639,CUST-0096,2024-05-29,2024-07-13,45,9066.06,0,,No Dispute
INV-007640,CUST-0096,2025-07-06,2025-08-20,45,6074.33,0,,No Dispute
INV-007641,CUST-0096,2025-04-23,2025-06-07,45,6881.12,0,,No Dispute
INV-007642,CUST-0096,2025-07-12,2025-08-26,45,7799.65,0,,No Dispute
INV-007643,CUST-0096,2025-06-03,2025-07-18,45,7667.42,0,,No Dispute
INV-007644,CUST-0096,2024-04-25,2024-06-09,45,3993.97,0,,No Dispute
INV-007645,CUST-0096,2025-02-26,2025-04-12,45,9364.45,0,,No Dispute
INV-007646,CUST-0096,2024-12-19,2025-02-02,45,9234.74,0,,No Dispute
INV-007647,CUST-0096,2024-03-30,2024-05-14,45,5008.99,0,,No Dispute
INV-007648,CUST-0096,2025-04-05,2025-05-20,45,9200.79,0,,No Dispute
INV-007649,CUST-0096,2024-09-02,2024-10-17,45,7275.62,0,,No Dispute
INV-007650,CUST-0096,2025-10-27,2025-12-11,45,2704.14,0,,No Dispute
INV-007651,CUST-0096,2025-02-18,2025-04-04,45,5651.6,1,2.0,Open
INV-007652,CUST-0096,2024-10-22,2024-12-06,45,8651.66,0,,No Dispute
INV-007653,CUST-0096,2024-08-03,2024-09-17,45,6680.63,0,,No Dispute
INV-007654,CUST-0096,2025-04-25,2025-06-09,45,10236.24,0,,No Dispute
INV-007655,CUST-0096,2025-12-11,2026-01-25,45,11076.67,0,,No Dispute
INV-007656,CUST-0096,2025-01-27,2025-03-13,45,11788.67,0,,No Dispute
INV-007657,CUST-0096,2024-03-04,2024-04-18,45,1946.4,0,,No Dispute
INV-007658,CUST-0096,2024-12-31,2025-02-14,45,11944.22,0,,No Dispute
INV-007659,CUST-0096,2025-03-30,2025-05-14,45,10545.64,0,,No Dispute
INV-007660,CUST-0096,2024-07-10,2024-08-24,45,7851.0,0,,No Dispute
INV-007661,CUST-0096,2025-07-09,2025-08-23,45,3025.6,0,,No Dispute
INV-007662,CUST-0096,2025-01-23,2025-03-09,45,3431.11,0,,No Dispute
INV-007663,CUST-0096,2024-12-24,2025-02-07,45,10760.83,0,,No Dispute
INV-007664,CUST-0096,2024-07-13,2024-08-27,45,6859.7,0,,No Dispute
INV-007665,CUST-0096,2024-12-04,2025-01-18,45,1650.99,0,,No Dispute
INV-007666,CUST-0096,2025-01-15,2025-03-01,45,7236.49,0,,No Dispute
INV-007667,CUST-0096,2025-08-07,2025-09-21,45,8009.39,0,,No Dispute
INV-007668,CUST-0096,2024-09-12,2024-10-27,45,8415.78,0,,No Dispute
INV-007669,CUST-0097,2025-06-18,2025-07-18,30,2700.96,0,,No Dispute
INV-007670,CUST-0097,2025-09-21,2025-10-21,30,3650.53,0,,No Dispute
INV-007671,CUST-0097,2024-04-05,2024-05-05,30,3586.33,0,,No Dispute
INV-007672,CUST-0097,2025-07-25,2025-08-24,30,1173.14,0,,No Dispute
INV-007673,CUST-0097,2025-01-28,2025-02-27,30,1998.81,0,,No Dispute
INV-007674,CUST-0097,2025-11-23,2025-12-23,30,2077.96,0,,No Dispute
INV-007675,CUST-0097,2024-09-09,2024-10-09,30,1472.81,0,,No Dispute
INV-007676,CUST-0097,2025-05-28,2025-06-27,30,1379.09,0,,No Dispute
INV-007677,CUST-0097,2024-02-23,2024-03-24,30,2014.37,0,,No Dispute
INV-007678,CUST-0097,2025-07-09,2025-08-08,30,3843.65,0,,No Dispute
INV-007679,CUST-0097,2025-11-20,2025-12-20,30,911.61,0,,No Dispute
INV-007680,CUST-0097,2024-07-05,2024-08-04,30,1400.71,0,,No Dispute
INV-007681,CUST-0097,2025-06-14,2025-07-14,30,730.42,0,,No Dispute
INV-007682,CUST-0097,2024-02-12,2024-03-13,30,787.0,0,,No Dispute
INV-007683,CUST-0097,2024-01-30,2024-02-29,30,2138.76,0,,No Dispute
INV-007684,CUST-0097,2024-10-21,2024-11-20,30,1712.36,0,,No Dispute
INV-007685,CUST-0097,2024-02-23,2024-03-24,30,2905.71,0,,No Dispute
INV-007686,CUST-0097,2024-04-23,2024-05-23,30,3978.11,1,5.0,Resolved
INV-007687,CUST-0097,2024-10-11,2024-11-10,30,3418.87,0,,No Dispute
INV-007688,CUST-0097,2024-07-14,2024-08-13,30,1058.34,0,,No Dispute
INV-007689,CUST-0097,2025-04-25,2025-05-25,30,3067.05,0,,No Dispute
INV-007690,CUST-0097,2024-10-16,2024-11-15,30,2210.23,0,,No Dispute
INV-007691,CUST-0097,2024-05-05,2024-06-04,30,3304.45,0,,No Dispute
INV-007692,CUST-0097,2025-09-04,2025-10-04,30,2039.02,0,,No Dispute
INV-007693,CUST-0097,2024-09-24,2024-10-24,30,854.18,0,,No Dispute
INV-007694,CUST-0097,2024-12-21,2025-01-20,30,1573.29,1,3.0,Resolved
INV-007695,CUST-0097,2024-08-17,2024-09-16,30,1754.34,0,,No Dispute
INV-007696,CUST-0097,2025-02-26,2025-03-28,30,1678.38,1,2.0,Resolved
INV-007697,CUST-0097,2025-04-28,2025-05-28,30,1642.63,0,,No Dispute
INV-007698,CUST-0097,2024-09-28,2024-10-28,30,1011.68,0,,No Dispute
INV-007699,CUST-0097,2024-12-29,2025-01-28,30,633.09,0,,No Dispute
INV-007700,CUST-0097,2024-02-05,2024-03-06,30,1090.9,0,,No Dispute
INV-007701,CUST-0097,2025-11-04,2025-12-04,30,1993.78,0,,No Dispute
INV-007702,CUST-0097,2024-06-12,2024-07-12,30,3257.68,0,,No Dispute
INV-007703,CUST-0097,2024-07-31,2024-08-30,30,1639.68,0,,No Dispute
INV-007704,CUST-0098,2024-09-09,2024-10-09,30,604.48,0,,No Dispute
INV-007705,CUST-0098,2025-11-22,2025-12-22,30,899.67,0,,No Dispute
INV-007706,CUST-0098,2025-03-12,2025-04-11,30,2591.46,0,,No Dispute
INV-007707,CUST-0098,2024-05-18,2024-06-17,30,1628.96,0,,No Dispute
INV-007708,CUST-0098,2024-07-16,2024-08-15,30,2644.7,0,,No Dispute
INV-007709,CUST-0098,2024-07-13,2024-08-12,30,3747.77,0,,No Dispute
INV-007710,CUST-0098,2025-03-08,2025-04-07,30,1903.21,0,,No Dispute
INV-007711,CUST-0098,2024-07-25,2024-08-24,30,2573.11,0,,No Dispute
INV-007712,CUST-0098,2025-10-11,2025-11-10,30,1131.82,0,,No Dispute
INV-007713,CUST-0098,2025-08-27,2025-09-26,30,2779.26,0,,No Dispute
INV-007714,CUST-0098,2025-01-21,2025-02-20,30,1551.49,0,,No Dispute
INV-007715,CUST-0098,2025-05-12,2025-06-11,30,778.93,0,,No Dispute
INV-007716,CUST-0098,2025-05-30,2025-06-29,30,3601.28,0,,No Dispute
INV-007717,CUST-0098,2025-01-19,2025-02-18,30,3314.91,0,,No Dispute
INV-007718,CUST-0098,2025-08-25,2025-09-24,30,3215.95,0,,No Dispute
INV-007719,CUST-0098,2024-12-20,2025-01-19,30,518.1,0,,No Dispute
INV-007720,CUST-0098,2024-12-06,2025-01-05,30,2075.52,0,,No Dispute
INV-007721,CUST-0098,2025-02-19,2025-03-21,30,568.12,0,,No Dispute
INV-007722,CUST-0098,2024-08-09,2024-09-08,30,1797.02,0,,No Dispute
INV-007723,CUST-0098,2024-04-27,2024-05-27,30,3611.09,0,,No Dispute
INV-007724,CUST-0098,2024-11-12,2024-12-12,30,3078.38,1,4.0,Resolved
INV-007725,CUST-0098,2024-10-10,2024-11-09,30,1872.86,0,,No Dispute
INV-007726,CUST-0098,2025-12-25,2026-01-24,30,3614.51,0,,No Dispute
INV-007727,CUST-0099,2025-05-12,2025-06-26,45,3310.44,0,,No Dispute
INV-007728,CUST-0099,2024-10-07,2024-11-21,45,1993.32,0,,No Dispute
INV-007729,CUST-0099,2025-12-03,2026-01-17,45,3222.36,0,,No Dispute
INV-007730,CUST-0099,2025-05-10,2025-06-24,45,3403.93,0,,No Dispute
INV-007731,CUST-0099,2024-06-22,2024-08-06,45,2723.65,0,,No Dispute
INV-007732,CUST-0099,2025-01-04,2025-02-18,45,685.96,0,,No Dispute
INV-007733,CUST-0099,2024-08-15,2024-09-29,45,3952.6,0,,No Dispute
INV-007734,CUST-0099,2024-05-30,2024-07-14,45,3783.37,0,,No Dispute
INV-007735,CUST-0099,2024-02-01,2024-03-17,45,864.88,0,,No Dispute
INV-007736,CUST-0099,2025-11-14,2025-12-29,45,3396.21,0,,No Dispute
INV-007737,CUST-0099,2025-06-21,2025-08-05,45,2997.11,0,,No Dispute
INV-007738,CUST-0099,2025-09-29,2025-11-13,45,2840.97,0,,No Dispute
INV-007739,CUST-0099,2024-07-22,2024-09-05,45,3214.63,0,,No Dispute
INV-007740,CUST-0099,2024-08-07,2024-09-21,45,3102.29,0,,No Dispute
INV-007741,CUST-0099,2024-07-31,2024-09-14,45,1246.6,0,,No Dispute
INV-007742,CUST-0099,2025-08-30,2025-10-14,45,2442.02,0,,No Dispute
INV-007743,CUST-0099,2025-03-14,2025-04-28,45,3732.49,0,,No Dispute
INV-007744,CUST-0099,2025-07-14,2025-08-28,45,3186.37,0,,No Dispute
INV-007745,CUST-0099,2025-04-18,2025-06-02,45,581.68,1,4.0,Open
INV-007746,CUST-0099,2024-03-27,2024-05-11,45,3112.81,1,1.0,Resolved
INV-007747,CUST-0099,2024-12-01,2025-01-15,45,1631.37,0,,No Dispute
INV-007748,CUST-0099,2025-01-26,2025-03-12,45,2217.86,0,,No Dispute
INV-007749,CUST-0099,2025-07-17,2025-08-31,45,2222.62,0,,No Dispute
INV-007750,CUST-0099,2024-09-26,2024-11-10,45,2886.7,0,,No Dispute
INV-007751,CUST-0099,2025-02-27,2025-04-13,45,1364.45,0,,No Dispute
INV-007752,CUST-0099,2025-08-23,2025-10-07,45,2013.89,0,,No Dispute
INV-007753,CUST-0099,2024-11-18,2025-01-02,45,3595.3,0,,No Dispute
INV-007754,CUST-0099,2024-03-27,2024-05-11,45,2767.86,0,,No Dispute
INV-007755,CUST-0099,2025-09-18,2025-11-02,45,808.1,0,,No Dispute
INV-007756,CUST-0099,2025-06-13,2025-07-28,45,2055.22,0,,No Dispute
INV-007757,CUST-0099,2025-03-09,2025-04-23,45,3886.76,0,,No Dispute
INV-007758,CUST-0099,2024-02-23,2024-04-08,45,692.74,0,,No Dispute
INV-007759,CUST-0099,2024-04-26,2024-06-10,45,1448.52,0,,No Dispute
INV-007760,CUST-0099,2025-04-10,2025-05-25,45,2011.79,0,,No Dispute
INV-007761,CUST-0099,2024-11-20,2025-01-04,45,3130.43,0,,No Dispute
INV-007762,CUST-0099,2024-05-25,2024-07-09,45,1515.47,0,,No Dispute
INV-007763,CUST-0099,2025-03-21,2025-05-05,45,2493.79,0,,No Dispute
INV-007764,CUST-0099,2025-10-15,2025-11-29,45,2382.07,1,5.0,Resolved
INV-007765,CUST-0099,2025-04-18,2025-06-02,45,3972.12,0,,No Dispute
INV-007766,CUST-0100,2024-12-06,2025-01-05,30,3281.38,0,,No Dispute
INV-007767,CUST-0100,2025-06-16,2025-07-16,30,2930.09,0,,No Dispute
INV-007768,CUST-0100,2025-10-09,2025-11-08,30,1115.94,0,,No Dispute
INV-007769,CUST-0100,2024-11-03,2024-12-03,30,3943.58,0,,No Dispute
INV-007770,CUST-0100,2024-10-02,2024-11-01,30,2712.99,0,,No Dispute
INV-007771,CUST-0100,2025-02-20,2025-03-22,30,3430.64,0,,No Dispute
INV-007772,CUST-0100,2024-12-07,2025-01-06,30,2643.73,0,,No Dispute
INV-007773,CUST-0100,2024-08-14,2024-09-13,30,1956.44,0,,No Dispute
INV-007774,CUST-0100,2024-04-04,2024-05-04,30,2043.66,0,,No Dispute
INV-007775,CUST-0100,2024-11-27,2024-12-27,30,634.9,0,,No Dispute
INV-007776,CUST-0100,2025-07-25,2025-08-24,30,3113.85,0,,No Dispute
INV-007777,CUST-0100,2025-03-14,2025-04-13,30,2663.22,0,,No Dispute
INV-007778,CUST-0100,2025-09-22,2025-10-22,30,2917.42,0,,No Dispute
INV-007779,CUST-0100,2024-10-15,2024-11-14,30,2554.43,0,,No Dispute
INV-007780,CUST-0100,2024-09-20,2024-10-20,30,2023.26,0,,No Dispute
INV-007781,CUST-0100,2024-12-18,2025-01-17,30,3420.53,0,,No Dispute
INV-007782,CUST-0100,2024-11-05,2024-12-05,30,1511.46,0,,No Dispute
INV-007783,CUST-0100,2024-08-24,2024-09-23,30,2904.33,0,,No Dispute
INV-007784,CUST-0100,2024-12-12,2025-01-11,30,1005.56,0,,No Dispute
INV-007785,CUST-0100,2024-01-03,2024-02-02,30,2866.71,0,,No Dispute
INV-007786,CUST-0100,2025-11-06,2025-12-06,30,3211.59,0,,No Dispute
INV-007787,CUST-0100,2024-10-01,2024-10-31,30,2687.18,0,,No Dispute
INV-007788,CUST-0100,2025-10-26,2025-11-25,30,2975.61,0,,No Dispute
INV-007789,CUST-0100,2025-05-28,2025-06-27,30,2933.1,0,,No Dispute
INV-007790,CUST-0101,2024-08-10,2024-09-09,30,2634.19,0,,No Dispute
INV-007791,CUST-0101,2024-10-02,2024-11-01,30,7626.25,0,,No Dispute
INV-007792,CUST-0101,2024-06-09,2024-07-09,30,4188.96,0,,No Dispute
INV-007793,CUST-0101,2025-12-10,2026-01-09,30,2900.54,0,,No Dispute
INV-007794,CUST-0101,2025-01-30,2025-03-01,30,10331.42,0,,No Dispute
INV-007795,CUST-0101,2025-03-12,2025-04-11,30,8349.24,1,3.0,Open
INV-007796,CUST-0101,2024-07-24,2024-08-23,30,7674.27,0,,No Dispute
INV-007797,CUST-0101,2025-07-17,2025-08-16,30,2215.81,0,,No Dispute
INV-007798,CUST-0101,2025-08-03,2025-09-02,30,11771.34,0,,No Dispute
INV-007799,CUST-0101,2025-04-01,2025-05-01,30,9351.36,0,,No Dispute
INV-007800,CUST-0101,2024-08-29,2024-09-28,30,9614.34,0,,No Dispute
INV-007801,CUST-0101,2025-05-02,2025-06-01,30,7776.93,0,,No Dispute
INV-007802,CUST-0101,2024-10-07,2024-11-06,30,3307.21,0,,No Dispute
INV-007803,CUST-0101,2024-04-10,2024-05-10,30,6978.89,0,,No Dispute
INV-007804,CUST-0101,2025-04-02,2025-05-02,30,7134.36,0,,No Dispute
INV-007805,CUST-0101,2024-08-22,2024-09-21,30,5215.46,0,,No Dispute
INV-007806,CUST-0101,2025-03-27,2025-04-26,30,3114.11,0,,No Dispute
INV-007807,CUST-0101,2024-09-05,2024-10-05,30,7959.35,0,,No Dispute
INV-007808,CUST-0101,2024-05-28,2024-06-27,30,8463.57,0,,No Dispute
INV-007809,CUST-0101,2025-06-29,2025-07-29,30,7964.42,0,,No Dispute
INV-007810,CUST-0101,2025-04-30,2025-05-30,30,8055.81,0,,No Dispute
INV-007811,CUST-0101,2025-10-11,2025-11-10,30,11136.66,0,,No Dispute
INV-007812,CUST-0101,2025-05-01,2025-05-31,30,1846.47,0,,No Dispute
INV-007813,CUST-0101,2025-06-10,2025-07-10,30,7057.1,0,,No Dispute
INV-007814,CUST-0101,2024-08-14,2024-09-13,30,10781.67,0,,No Dispute
INV-007815,CUST-0101,2025-07-10,2025-08-09,30,9108.63,0,,No Dispute
INV-007816,CUST-0101,2025-03-17,2025-04-16,30,8354.21,0,,No Dispute
INV-007817,CUST-0101,2024-05-04,2024-06-03,30,2008.44,0,,No Dispute
INV-007818,CUST-0101,2024-12-13,2025-01-12,30,7406.16,0,,No Dispute
INV-007819,CUST-0101,2024-04-22,2024-05-22,30,5933.16,0,,No Dispute
INV-007820,CUST-0101,2025-11-06,2025-12-06,30,8516.51,0,,No Dispute
INV-007821,CUST-0101,2024-05-27,2024-06-26,30,7210.37,0,,No Dispute
INV-007822,CUST-0101,2024-03-15,2024-04-14,30,10534.7,0,,No Dispute
INV-007823,CUST-0101,2025-09-14,2025-10-14,30,10649.82,0,,No Dispute
INV-007824,CUST-0101,2024-01-26,2024-02-25,30,1635.98,0,,No Dispute
INV-007825,CUST-0101,2025-09-05,2025-10-05,30,8207.74,0,,No Dispute
INV-007826,CUST-0101,2024-07-13,2024-08-12,30,11152.01,0,,No Dispute
INV-007827,CUST-0101,2025-08-09,2025-09-08,30,11480.97,0,,No Dispute
INV-007828,CUST-0101,2024-12-27,2025-01-26,30,3491.64,0,,No Dispute
INV-007829,CUST-0101,2025-05-10,2025-06-09,30,9741.37,0,,No Dispute
INV-007830,CUST-0101,2025-09-18,2025-10-18,30,6994.63,1,4.0,Resolved
INV-007831,CUST-0101,2024-07-20,2024-08-19,30,1548.4,0,,No Dispute
INV-007832,CUST-0101,2024-04-24,2024-05-24,30,6443.81,0,,No Dispute
INV-007833,CUST-0101,2024-06-19,2024-07-19,30,9135.1,1,3.0,Resolved
INV-007834,CUST-0101,2025-12-08,2026-01-07,30,7496.7,0,,No Dispute
INV-007835,CUST-0101,2025-11-24,2025-12-24,30,7816.0,0,,No Dispute
INV-007836,CUST-0101,2024-10-20,2024-11-19,30,10801.89,0,,No Dispute
INV-007837,CUST-0101,2025-03-13,2025-04-12,30,4886.83,0,,No Dispute
INV-007838,CUST-0101,2024-10-17,2024-11-16,30,5244.53,0,,No Dispute
INV-007839,CUST-0101,2025-09-24,2025-10-24,30,5057.75,0,,No Dispute
INV-007840,CUST-0101,2025-01-10,2025-02-09,30,4222.7,0,,No Dispute
INV-007841,CUST-0101,2025-03-28,2025-04-27,30,10327.83,0,,No Dispute
INV-007842,CUST-0101,2024-02-01,2024-03-02,30,5621.83,0,,No Dispute
INV-007843,CUST-0101,2024-11-29,2024-12-29,30,6417.63,0,,No Dispute
INV-007844,CUST-0101,2024-10-14,2024-11-13,30,8465.84,0,,No Dispute
INV-007845,CUST-0101,2024-07-17,2024-08-16,30,9472.12,0,,No Dispute
INV-007846,CUST-0101,2025-12-25,2026-01-24,30,6732.49,0,,No Dispute
INV-007847,CUST-0101,2025-07-29,2025-08-28,30,4980.62,0,,No Dispute
INV-007848,CUST-0101,2025-04-05,2025-05-05,30,8166.18,0,,No Dispute
INV-007849,CUST-0101,2025-05-28,2025-06-27,30,7687.12,0,,No Dispute
INV-007850,CUST-0101,2025-05-12,2025-06-11,30,5363.76,0,,No Dispute
INV-007851,CUST-0101,2024-05-25,2024-06-24,30,8795.73,1,3.0,Resolved
INV-007852,CUST-0101,2025-12-04,2026-01-03,30,6922.7,0,,No Dispute
INV-007853,CUST-0101,2025-10-26,2025-11-25,30,7359.07,0,,No Dispute
INV-007854,CUST-0101,2024-11-03,2024-12-03,30,9430.22,0,,No Dispute
INV-007855,CUST-0102,2025-04-19,2025-06-03,45,8164.97,0,,No Dispute
INV-007856,CUST-0102,2025-04-10,2025-05-25,45,4727.53,0,,No Dispute
INV-007857,CUST-0102,2025-03-21,2025-05-05,45,8595.03,0,,No Dispute
INV-007858,CUST-0102,2025-03-30,2025-05-14,45,9448.27,0,,No Dispute
INV-007859,CUST-0102,2025-05-28,2025-07-12,45,2585.01,0,,No Dispute
INV-007860,CUST-0102,2025-06-29,2025-08-13,45,7343.14,0,,No Dispute
INV-007861,CUST-0102,2025-05-05,2025-06-19,45,10448.83,0,,No Dispute
INV-007862,CUST-0102,2025-12-12,2026-01-26,45,3204.9,0,,No Dispute
INV-007863,CUST-0102,2024-01-23,2024-03-08,45,8504.13,0,,No Dispute
INV-007864,CUST-0102,2024-09-29,2024-11-13,45,9606.46,0,,No Dispute
INV-007865,CUST-0102,2024-09-12,2024-10-27,45,4373.9,0,,No Dispute
INV-007866,CUST-0102,2025-03-19,2025-05-03,45,11155.24,0,,No Dispute
INV-007867,CUST-0102,2024-02-23,2024-04-08,45,5376.68,0,,No Dispute
INV-007868,CUST-0102,2025-11-15,2025-12-30,45,10155.17,0,,No Dispute
INV-007869,CUST-0102,2025-11-09,2025-12-24,45,9234.31,0,,No Dispute
INV-007870,CUST-0102,2025-07-18,2025-09-01,45,1811.6,1,5.0,Resolved
INV-007871,CUST-0102,2025-09-15,2025-10-30,45,10535.81,0,,No Dispute
INV-007872,CUST-0102,2024-12-13,2025-01-27,45,10934.39,0,,No Dispute
INV-007873,CUST-0102,2025-08-28,2025-10-12,45,11709.49,0,,No Dispute
INV-007874,CUST-0102,2024-01-08,2024-02-22,45,10821.4,0,,No Dispute
INV-007875,CUST-0102,2024-11-08,2024-12-23,45,5206.14,1,5.0,Open
INV-007876,CUST-0102,2024-12-12,2025-01-26,45,2181.84,0,,No Dispute
INV-007877,CUST-0102,2025-07-29,2025-09-12,45,8389.93,0,,No Dispute
INV-007878,CUST-0102,2025-10-20,2025-12-04,45,3643.85,0,,No Dispute
INV-007879,CUST-0102,2025-02-06,2025-03-23,45,2824.82,0,,No Dispute
INV-007880,CUST-0102,2024-03-02,2024-04-16,45,8094.69,0,,No Dispute
INV-007881,CUST-0102,2025-07-03,2025-08-17,45,3766.99,0,,No Dispute
INV-007882,CUST-0102,2025-08-20,2025-10-04,45,4709.95,0,,No Dispute
INV-007883,CUST-0102,2024-10-24,2024-12-08,45,7003.2,0,,No Dispute
INV-007884,CUST-0102,2024-10-29,2024-12-13,45,1645.7,0,,No Dispute
INV-007885,CUST-0102,2025-03-12,2025-04-26,45,11102.3,0,,No Dispute
INV-007886,CUST-0102,2025-01-14,2025-02-28,45,11082.68,0,,No Dispute
INV-007887,CUST-0102,2024-03-10,2024-04-24,45,3459.48,0,,No Dispute
INV-007888,CUST-0102,2024-07-16,2024-08-30,45,11488.66,1,1.0,Resolved
INV-007889,CUST-0102,2024-08-17,2024-10-01,45,9955.93,0,,No Dispute
INV-007890,CUST-0102,2024-07-31,2024-09-14,45,11258.74,0,,No Dispute
INV-007891,CUST-0102,2024-06-25,2024-08-09,45,2567.31,0,,No Dispute
INV-007892,CUST-0102,2024-01-27,2024-03-12,45,10356.08,0,,No Dispute
INV-007893,CUST-0102,2024-05-31,2024-07-15,45,1626.49,1,4.0,Resolved
INV-007894,CUST-0102,2024-08-13,2024-09-27,45,11455.03,0,,No Dispute
INV-007895,CUST-0102,2024-07-11,2024-08-25,45,9540.87,1,4.0,Open
INV-007896,CUST-0102,2024-01-16,2024-03-01,45,2832.82,0,,No Dispute
INV-007897,CUST-0102,2025-07-11,2025-08-25,45,4318.69,0,,No Dispute
INV-007898,CUST-0102,2025-03-20,2025-05-04,45,6006.02,0,,No Dispute
INV-007899,CUST-0102,2025-04-02,2025-05-17,45,9095.33,0,,No Dispute
INV-007900,CUST-0102,2024-12-11,2025-01-25,45,11323.18,0,,No Dispute
INV-007901,CUST-0102,2025-08-27,2025-10-11,45,10350.13,0,,No Dispute
INV-007902,CUST-0102,2024-11-04,2024-12-19,45,8092.27,0,,No Dispute
INV-007903,CUST-0102,2025-05-06,2025-06-20,45,9600.9,0,,No Dispute
INV-007904,CUST-0102,2025-12-17,2026-01-31,45,1992.86,0,,No Dispute
INV-007905,CUST-0102,2025-04-04,2025-05-19,45,6059.71,0,,No Dispute
INV-007906,CUST-0102,2024-07-15,2024-08-29,45,6513.76,0,,No Dispute
INV-007907,CUST-0102,2024-11-18,2025-01-02,45,4493.32,0,,No Dispute
INV-007908,CUST-0102,2024-01-02,2024-02-16,45,11174.1,0,,No Dispute
INV-007909,CUST-0102,2024-10-01,2024-11-15,45,11124.25,0,,No Dispute
INV-007910,CUST-0102,2025-10-19,2025-12-03,45,7838.53,0,,No Dispute
INV-007911,CUST-0102,2025-11-03,2025-12-18,45,11011.58,0,,No Dispute
INV-007912,CUST-0102,2025-02-25,2025-04-11,45,6623.2,1,5.0,Open
INV-007913,CUST-0102,2025-01-15,2025-03-01,45,10067.03,0,,No Dispute
INV-007914,CUST-0102,2025-03-17,2025-05-01,45,2859.69,1,3.0,Resolved
INV-007915,CUST-0102,2024-04-12,2024-05-27,45,10951.71,0,,No Dispute
INV-007916,CUST-0102,2024-05-04,2024-06-18,45,2833.7,0,,No Dispute
INV-007917,CUST-0102,2025-09-17,2025-11-01,45,11068.13,0,,No Dispute
INV-007918,CUST-0102,2024-06-18,2024-08-02,45,7071.54,0,,No Dispute
INV-007919,CUST-0102,2025-04-05,2025-05-20,45,2551.91,0,,No Dispute
INV-007920,CUST-0102,2025-04-02,2025-05-17,45,9180.81,0,,No Dispute
INV-007921,CUST-0102,2025-03-13,2025-04-27,45,8498.31,0,,No Dispute
INV-007922,CUST-0102,2025-06-05,2025-07-20,45,4830.63,0,,No Dispute
INV-007923,CUST-0102,2025-04-06,2025-05-21,45,9080.98,0,,No Dispute
INV-007924,CUST-0102,2025-06-03,2025-07-18,45,9568.05,0,,No Dispute
INV-007925,CUST-0102,2024-04-17,2024-06-01,45,5962.95,1,4.0,Resolved
INV-007926,CUST-0102,2025-07-26,2025-09-09,45,3935.62,0,,No Dispute
INV-007927,CUST-0102,2024-08-21,2024-10-05,45,2543.6,0,,No Dispute
INV-007928,CUST-0102,2025-11-02,2025-12-17,45,2128.28,0,,No Dispute
INV-007929,CUST-0102,2025-11-03,2025-12-18,45,4306.65,0,,No Dispute
INV-007930,CUST-0102,2024-02-05,2024-03-21,45,11722.76,0,,No Dispute
INV-007931,CUST-0102,2025-03-03,2025-04-17,45,11577.51,0,,No Dispute
INV-007932,CUST-0102,2025-01-19,2025-03-05,45,11320.88,0,,No Dispute
INV-007933,CUST-0102,2024-02-19,2024-04-04,45,8943.25,0,,No Dispute
INV-007934,CUST-0102,2024-01-15,2024-02-29,45,4074.08,0,,No Dispute
INV-007935,CUST-0102,2024-07-28,2024-09-11,45,5857.0,0,,No Dispute
INV-007936,CUST-0102,2025-10-24,2025-12-08,45,2709.76,0,,No Dispute
INV-007937,CUST-0102,2025-07-15,2025-08-29,45,10868.2,0,,No Dispute
INV-007938,CUST-0102,2025-05-24,2025-07-08,45,5521.04,0,,No Dispute
INV-007939,CUST-0102,2025-01-04,2025-02-18,45,5954.03,0,,No Dispute
INV-007940,CUST-0102,2024-03-25,2024-05-09,45,6084.79,0,,No Dispute
INV-007941,CUST-0102,2025-12-27,2026-02-10,45,8308.91,0,,No Dispute
INV-007942,CUST-0102,2025-07-05,2025-08-19,45,5529.89,0,,No Dispute
INV-007943,CUST-0102,2025-03-06,2025-04-20,45,5500.16,0,,No Dispute
INV-007944,CUST-0102,2025-10-29,2025-12-13,45,8041.77,0,,No Dispute
INV-007945,CUST-0102,2025-01-04,2025-02-18,45,6338.14,0,,No Dispute
INV-007946,CUST-0102,2025-10-31,2025-12-15,45,9370.86,0,,No Dispute
INV-007947,CUST-0102,2025-03-12,2025-04-26,45,9960.27,0,,No Dispute
INV-007948,CUST-0102,2024-11-14,2024-12-29,45,6346.6,0,,No Dispute
INV-007949,CUST-0102,2024-11-05,2024-12-20,45,3816.2,0,,No Dispute
INV-007950,CUST-0102,2025-11-22,2026-01-06,45,9268.12,0,,No Dispute
INV-007951,CUST-0102,2025-03-15,2025-04-29,45,5150.69,0,,No Dispute
INV-007952,CUST-0102,2025-07-25,2025-09-08,45,5340.73,0,,No Dispute
INV-007953,CUST-0102,2024-02-21,2024-04-06,45,11751.73,0,,No Dispute
INV-007954,CUST-0102,2025-03-16,2025-04-30,45,6903.22,0,,No Dispute
INV-007955,CUST-0102,2025-05-22,2025-07-06,45,9455.44,0,,No Dispute
INV-007956,CUST-0102,2024-02-14,2024-03-30,45,4370.66,0,,No Dispute
INV-007957,CUST-0102,2025-09-27,2025-11-11,45,6233.81,0,,No Dispute
INV-007958,CUST-0102,2025-03-12,2025-04-26,45,8171.39,0,,No Dispute
INV-007959,CUST-0102,2024-09-14,2024-10-29,45,9652.68,0,,No Dispute
INV-007960,CUST-0103,2025-03-21,2025-05-20,60,1559.97,0,,No Dispute
INV-007961,CUST-0103,2025-03-28,2025-05-27,60,5042.92,0,,No Dispute
INV-007962,CUST-0103,2024-05-29,2024-07-28,60,2974.22,0,,No Dispute
INV-007963,CUST-0103,2025-06-26,2025-08-25,60,9200.61,0,,No Dispute
INV-007964,CUST-0103,2025-05-30,2025-07-29,60,8650.63,0,,No Dispute
INV-007965,CUST-0103,2025-12-24,2026-02-22,60,9306.52,0,,No Dispute
INV-007966,CUST-0103,2024-06-07,2024-08-06,60,6821.01,0,,No Dispute
INV-007967,CUST-0103,2024-05-23,2024-07-22,60,9284.53,0,,No Dispute
INV-007968,CUST-0103,2024-10-04,2024-12-03,60,8305.78,0,,No Dispute
INV-007969,CUST-0103,2024-02-28,2024-04-28,60,5709.0,0,,No Dispute
INV-007970,CUST-0103,2025-05-10,2025-07-09,60,2507.39,0,,No Dispute
INV-007971,CUST-0103,2025-09-13,2025-11-12,60,5694.31,0,,No Dispute
INV-007972,CUST-0103,2024-08-15,2024-10-14,60,10141.72,0,,No Dispute
INV-007973,CUST-0103,2024-06-23,2024-08-22,60,2709.28,0,,No Dispute
INV-007974,CUST-0103,2025-12-21,2026-02-19,60,11742.03,0,,No Dispute
INV-007975,CUST-0103,2025-05-07,2025-07-06,60,2867.14,0,,No Dispute
INV-007976,CUST-0103,2025-12-30,2026-02-28,60,5988.15,0,,No Dispute
INV-007977,CUST-0103,2024-11-10,2025-01-09,60,10180.92,0,,No Dispute
INV-007978,CUST-0103,2024-01-02,2024-03-02,60,3239.54,0,,No Dispute
INV-007979,CUST-0103,2024-02-26,2024-04-26,60,5144.66,0,,No Dispute
INV-007980,CUST-0103,2025-01-05,2025-03-06,60,7123.47,0,,No Dispute
INV-007981,CUST-0103,2024-04-07,2024-06-06,60,4339.72,0,,No Dispute
INV-007982,CUST-0103,2024-07-01,2024-08-30,60,7665.47,0,,No Dispute
INV-007983,CUST-0103,2024-10-28,2024-12-27,60,3359.23,0,,No Dispute
INV-007984,CUST-0103,2024-11-25,2025-01-24,60,7602.4,0,,No Dispute
INV-007985,CUST-0103,2024-04-06,2024-06-05,60,9691.18,0,,No Dispute
INV-007986,CUST-0103,2024-07-27,2024-09-25,60,2449.9,0,,No Dispute
INV-007987,CUST-0103,2025-05-22,2025-07-21,60,2785.17,0,,No Dispute
INV-007988,CUST-0103,2025-06-01,2025-07-31,60,4570.39,0,,No Dispute
INV-007989,CUST-0103,2024-09-06,2024-11-05,60,8390.8,0,,No Dispute
INV-007990,CUST-0103,2025-02-17,2025-04-18,60,3011.69,0,,No Dispute
INV-007991,CUST-0103,2024-08-10,2024-10-09,60,4751.03,0,,No Dispute
INV-007992,CUST-0103,2024-12-21,2025-02-19,60,10768.53,0,,No Dispute
INV-007993,CUST-0103,2025-11-15,2026-01-14,60,5763.34,0,,No Dispute
INV-007994,CUST-0103,2024-12-21,2025-02-19,60,5808.32,0,,No Dispute
INV-007995,CUST-0103,2024-06-09,2024-08-08,60,9576.23,0,,No Dispute
INV-007996,CUST-0103,2025-02-22,2025-04-23,60,6827.51,0,,No Dispute
INV-007997,CUST-0103,2025-06-02,2025-08-01,60,9329.03,0,,No Dispute
INV-007998,CUST-0103,2024-03-21,2024-05-20,60,7849.59,0,,No Dispute
INV-007999,CUST-0103,2024-01-13,2024-03-13,60,5586.95,0,,No Dispute
INV-008000,CUST-0103,2025-04-12,2025-06-11,60,7007.34,0,,No Dispute
INV-008001,CUST-0103,2024-02-11,2024-04-11,60,10168.15,0,,No Dispute
INV-008002,CUST-0103,2024-06-11,2024-08-10,60,6261.75,1,2.0,Resolved
INV-008003,CUST-0103,2024-06-10,2024-08-09,60,2278.78,0,,No Dispute
INV-008004,CUST-0103,2024-03-07,2024-05-06,60,3908.17,0,,No Dispute
INV-008005,CUST-0103,2025-08-24,2025-10-23,60,9426.6,0,,No Dispute
INV-008006,CUST-0103,2025-08-14,2025-10-13,60,1514.7,0,,No Dispute
INV-008007,CUST-0103,2025-08-14,2025-10-13,60,10119.78,0,,No Dispute
INV-008008,CUST-0103,2024-01-20,2024-03-20,60,3615.75,0,,No Dispute
INV-008009,CUST-0103,2025-12-02,2026-01-31,60,10788.07,0,,No Dispute
INV-008010,CUST-0103,2025-10-23,2025-12-22,60,10009.86,0,,No Dispute
INV-008011,CUST-0103,2024-06-08,2024-08-07,60,1684.35,0,,No Dispute
INV-008012,CUST-0103,2025-11-18,2026-01-17,60,7550.44,0,,No Dispute
INV-008013,CUST-0103,2024-08-14,2024-10-13,60,10741.1,0,,No Dispute
INV-008014,CUST-0103,2024-03-04,2024-05-03,60,2469.26,0,,No Dispute
INV-008015,CUST-0103,2024-01-01,2024-03-01,60,11119.54,0,,No Dispute
INV-008016,CUST-0103,2025-10-20,2025-12-19,60,7301.39,0,,No Dispute
INV-008017,CUST-0103,2024-07-05,2024-09-03,60,4169.93,0,,No Dispute
INV-008018,CUST-0103,2025-01-12,2025-03-13,60,5253.62,0,,No Dispute
INV-008019,CUST-0103,2025-07-21,2025-09-19,60,4168.14,0,,No Dispute
INV-008020,CUST-0103,2025-04-12,2025-06-11,60,4632.39,0,,No Dispute
INV-008021,CUST-0103,2025-09-04,2025-11-03,60,7972.84,0,,No Dispute
INV-008022,CUST-0103,2024-09-10,2024-11-09,60,9106.91,0,,No Dispute
INV-008023,CUST-0103,2024-03-03,2024-05-02,60,4982.28,0,,No Dispute
INV-008024,CUST-0103,2025-09-09,2025-11-08,60,9275.5,0,,No Dispute
INV-008025,CUST-0103,2025-02-12,2025-04-13,60,2769.66,0,,No Dispute
INV-008026,CUST-0103,2024-04-25,2024-06-24,60,10281.76,0,,No Dispute
INV-008027,CUST-0103,2025-12-15,2026-02-13,60,4934.57,0,,No Dispute
INV-008028,CUST-0103,2024-10-29,2024-12-28,60,3338.3,0,,No Dispute
INV-008029,CUST-0103,2025-07-21,2025-09-19,60,11778.1,0,,No Dispute
INV-008030,CUST-0103,2025-02-20,2025-04-21,60,3105.34,0,,No Dispute
INV-008031,CUST-0103,2024-08-12,2024-10-11,60,11232.32,0,,No Dispute
INV-008032,CUST-0103,2024-02-26,2024-04-26,60,7002.15,0,,No Dispute
INV-008033,CUST-0103,2025-09-27,2025-11-26,60,2439.46,0,,No Dispute
INV-008034,CUST-0103,2025-05-26,2025-07-25,60,7557.08,0,,No Dispute
INV-008035,CUST-0103,2024-06-08,2024-08-07,60,7714.6,0,,No Dispute
INV-008036,CUST-0103,2024-06-28,2024-08-27,60,8066.59,0,,No Dispute
INV-008037,CUST-0104,2025-02-08,2025-04-09,60,16736.11,0,,No Dispute
INV-008038,CUST-0104,2024-07-13,2024-09-11,60,14219.87,0,,No Dispute
INV-008039,CUST-0104,2024-08-13,2024-10-12,60,21708.53,0,,No Dispute
INV-008040,CUST-0104,2024-09-08,2024-11-07,60,16182.01,1,4.0,Resolved
INV-008041,CUST-0104,2024-01-01,2024-03-01,60,15749.3,0,,No Dispute
INV-008042,CUST-0104,2024-04-04,2024-06-03,60,20325.3,0,,No Dispute
INV-008043,CUST-0104,2024-11-20,2025-01-19,60,20251.47,0,,No Dispute
INV-008044,CUST-0104,2025-07-04,2025-09-02,60,23342.57,0,,No Dispute
INV-008045,CUST-0104,2024-09-17,2024-11-16,60,18511.44,0,,No Dispute
INV-008046,CUST-0104,2025-05-14,2025-07-13,60,6935.59,0,,No Dispute
INV-008047,CUST-0104,2025-04-08,2025-06-07,60,8368.11,1,2.0,Resolved
INV-008048,CUST-0104,2024-08-03,2024-10-02,60,21764.96,0,,No Dispute
INV-008049,CUST-0104,2024-01-11,2024-03-11,60,10315.84,0,,No Dispute
INV-008050,CUST-0104,2025-01-06,2025-03-07,60,17654.61,0,,No Dispute
INV-008051,CUST-0104,2024-01-24,2024-03-24,60,18092.33,0,,No Dispute
INV-008052,CUST-0104,2024-01-05,2024-03-05,60,7983.15,0,,No Dispute
INV-008053,CUST-0104,2025-07-30,2025-09-28,60,13610.58,0,,No Dispute
INV-008054,CUST-0104,2024-06-12,2024-08-11,60,25124.19,0,,No Dispute
INV-008055,CUST-0104,2024-07-25,2024-09-23,60,10298.75,0,,No Dispute
INV-008056,CUST-0104,2025-03-14,2025-05-13,60,28316.64,0,,No Dispute
INV-008057,CUST-0104,2025-01-09,2025-03-10,60,6291.87,1,5.0,Resolved
INV-008058,CUST-0104,2024-08-04,2024-10-03,60,8975.98,0,,No Dispute
INV-008059,CUST-0104,2024-11-01,2024-12-31,60,19137.03,0,,No Dispute
INV-008060,CUST-0104,2025-11-10,2026-01-09,60,28530.8,0,,No Dispute
INV-008061,CUST-0104,2024-02-09,2024-04-09,60,26544.74,1,5.0,Resolved
INV-008062,CUST-0104,2025-10-22,2025-12-21,60,26967.76,0,,No Dispute
INV-008063,CUST-0104,2024-07-17,2024-09-15,60,19302.29,1,2.0,Open
INV-008064,CUST-0104,2024-01-21,2024-03-21,60,25494.45,0,,No Dispute
INV-008065,CUST-0104,2025-01-19,2025-03-20,60,23144.52,0,,No Dispute
INV-008066,CUST-0104,2024-11-22,2025-01-21,60,18105.88,0,,No Dispute
INV-008067,CUST-0104,2025-05-23,2025-07-22,60,8680.81,1,1.0,Resolved
INV-008068,CUST-0104,2024-11-25,2025-01-24,60,21416.73,0,,No Dispute
INV-008069,CUST-0104,2024-11-24,2025-01-23,60,30417.59,0,,No Dispute
INV-008070,CUST-0104,2025-04-10,2025-06-09,60,28937.42,0,,No Dispute
INV-008071,CUST-0104,2024-07-13,2024-09-11,60,25241.93,0,,No Dispute
INV-008072,CUST-0104,2025-01-18,2025-03-19,60,19220.95,0,,No Dispute
INV-008073,CUST-0104,2025-04-29,2025-06-28,60,21471.26,0,,No Dispute
INV-008074,CUST-0104,2024-07-08,2024-09-06,60,20534.36,0,,No Dispute
INV-008075,CUST-0104,2025-07-23,2025-09-21,60,17964.35,0,,No Dispute
INV-008076,CUST-0104,2025-07-15,2025-09-13,60,16326.58,0,,No Dispute
INV-008077,CUST-0104,2025-04-01,2025-05-31,60,21017.62,0,,No Dispute
INV-008078,CUST-0104,2025-04-02,2025-06-01,60,5922.69,0,,No Dispute
INV-008079,CUST-0104,2025-09-12,2025-11-11,60,10471.49,0,,No Dispute
INV-008080,CUST-0104,2024-06-21,2024-08-20,60,6667.11,0,,No Dispute
INV-008081,CUST-0104,2024-06-15,2024-08-14,60,30174.04,0,,No Dispute
INV-008082,CUST-0104,2024-08-05,2024-10-04,60,15018.58,0,,No Dispute
INV-008083,CUST-0104,2024-12-06,2025-02-04,60,18735.94,0,,No Dispute
INV-008084,CUST-0104,2025-01-08,2025-03-09,60,6817.64,0,,No Dispute
INV-008085,CUST-0104,2025-03-06,2025-05-05,60,11381.47,0,,No Dispute
INV-008086,CUST-0104,2025-09-01,2025-10-31,60,7313.68,0,,No Dispute
INV-008087,CUST-0104,2025-05-17,2025-07-16,60,17430.21,0,,No Dispute
INV-008088,CUST-0104,2025-11-27,2026-01-26,60,21731.71,0,,No Dispute
INV-008089,CUST-0104,2024-03-15,2024-05-14,60,17101.44,0,,No Dispute
INV-008090,CUST-0104,2024-06-07,2024-08-06,60,6175.58,0,,No Dispute
INV-008091,CUST-0104,2025-11-26,2026-01-25,60,5232.37,0,,No Dispute
INV-008092,CUST-0104,2024-06-10,2024-08-09,60,5683.1,0,,No Dispute
INV-008093,CUST-0104,2024-05-24,2024-07-23,60,24808.7,0,,No Dispute
INV-008094,CUST-0104,2024-05-31,2024-07-30,60,10553.98,0,,No Dispute
INV-008095,CUST-0104,2024-08-03,2024-10-02,60,20693.76,1,2.0,Open
INV-008096,CUST-0104,2024-04-05,2024-06-04,60,25824.17,1,1.0,Open
INV-008097,CUST-0104,2024-02-15,2024-04-15,60,12662.05,0,,No Dispute
INV-008098,CUST-0104,2025-03-22,2025-05-21,60,31917.29,0,,No Dispute
INV-008099,CUST-0104,2025-03-18,2025-05-17,60,17269.99,0,,No Dispute
INV-008100,CUST-0104,2024-04-08,2024-06-07,60,18553.98,0,,No Dispute
INV-008101,CUST-0104,2024-11-11,2025-01-10,60,7921.65,0,,No Dispute
INV-008102,CUST-0104,2025-02-10,2025-04-11,60,9132.86,0,,No Dispute
INV-008103,CUST-0104,2025-02-28,2025-04-29,60,28223.11,0,,No Dispute
INV-008104,CUST-0104,2025-08-22,2025-10-21,60,5337.54,0,,No Dispute
INV-008105,CUST-0104,2025-01-24,2025-03-25,60,11860.13,0,,No Dispute
INV-008106,CUST-0104,2025-05-02,2025-07-01,60,28748.46,0,,No Dispute
INV-008107,CUST-0104,2024-12-31,2025-03-01,60,25114.6,0,,No Dispute
INV-008108,CUST-0104,2025-10-25,2025-12-24,60,18878.92,0,,No Dispute
INV-008109,CUST-0104,2025-10-09,2025-12-08,60,26056.58,0,,No Dispute
INV-008110,CUST-0104,2024-03-17,2024-05-16,60,18655.7,0,,No Dispute
INV-008111,CUST-0104,2025-06-07,2025-08-06,60,26840.97,0,,No Dispute
INV-008112,CUST-0104,2024-07-02,2024-08-31,60,21144.91,0,,No Dispute
INV-008113,CUST-0104,2024-06-03,2024-08-02,60,29855.38,0,,No Dispute
INV-008114,CUST-0104,2025-03-02,2025-05-01,60,7771.06,0,,No Dispute
INV-008115,CUST-0104,2025-01-29,2025-03-30,60,16159.37,0,,No Dispute
INV-008116,CUST-0104,2025-12-16,2026-02-14,60,5429.91,0,,No Dispute
INV-008117,CUST-0104,2025-02-12,2025-04-13,60,21078.63,0,,No Dispute
INV-008118,CUST-0104,2024-08-20,2024-10-19,60,26261.78,0,,No Dispute
INV-008119,CUST-0104,2025-10-04,2025-12-03,60,24181.12,0,,No Dispute
INV-008120,CUST-0104,2024-03-16,2024-05-15,60,8326.2,0,,No Dispute
INV-008121,CUST-0104,2025-06-12,2025-08-11,60,14253.36,0,,No Dispute
INV-008122,CUST-0104,2024-04-18,2024-06-17,60,15686.21,0,,No Dispute
INV-008123,CUST-0104,2025-08-23,2025-10-22,60,16216.69,0,,No Dispute
INV-008124,CUST-0104,2024-10-14,2024-12-13,60,24672.48,0,,No Dispute
INV-008125,CUST-0104,2025-04-15,2025-06-14,60,16341.01,0,,No Dispute
INV-008126,CUST-0104,2025-11-28,2026-01-27,60,25910.68,0,,No Dispute
INV-008127,CUST-0104,2025-04-06,2025-06-05,60,10785.8,0,,No Dispute
INV-008128,CUST-0104,2024-12-24,2025-02-22,60,24390.04,1,2.0,Resolved
INV-008129,CUST-0104,2024-06-13,2024-08-12,60,11631.71,1,3.0,Resolved
INV-008130,CUST-0104,2025-02-25,2025-04-26,60,12643.54,0,,No Dispute
INV-008131,CUST-0104,2024-10-04,2024-12-03,60,9825.9,0,,No Dispute
INV-008132,CUST-0104,2025-11-09,2026-01-08,60,21593.75,0,,No Dispute
INV-008133,CUST-0104,2025-02-05,2025-04-06,60,19395.35,0,,No Dispute
INV-008134,CUST-0104,2025-01-17,2025-03-18,60,25083.09,0,,No Dispute
INV-008135,CUST-0104,2024-02-01,2024-04-01,60,31027.39,0,,No Dispute
INV-008136,CUST-0104,2024-06-22,2024-08-21,60,10332.38,0,,No Dispute
INV-008137,CUST-0104,2025-06-16,2025-08-15,60,19416.16,0,,No Dispute
INV-008138,CUST-0104,2025-03-08,2025-05-07,60,27793.66,0,,No Dispute
INV-008139,CUST-0104,2024-09-20,2024-11-19,60,25222.14,1,4.0,Resolved
INV-008140,CUST-0104,2024-08-02,2024-10-01,60,29329.35,0,,No Dispute
INV-008141,CUST-0104,2025-09-03,2025-11-02,60,23834.29,0,,No Dispute
INV-008142,CUST-0104,2025-02-19,2025-04-20,60,27744.6,0,,No Dispute
INV-008143,CUST-0104,2024-12-19,2025-02-17,60,8278.9,0,,No Dispute
INV-008144,CUST-0104,2025-06-06,2025-08-05,60,12641.21,0,,No Dispute
INV-008145,CUST-0104,2024-11-01,2024-12-31,60,20483.74,0,,No Dispute
INV-008146,CUST-0104,2025-12-28,2026-02-26,60,10491.58,0,,No Dispute
INV-008147,CUST-0104,2025-05-07,2025-07-06,60,15729.15,0,,No Dispute
INV-008148,CUST-0104,2024-04-23,2024-06-22,60,21568.58,0,,No Dispute
INV-008149,CUST-0105,2024-12-25,2025-03-25,90,18472.96,0,,No Dispute
INV-008150,CUST-0105,2025-07-09,2025-10-07,90,5784.95,0,,No Dispute
INV-008151,CUST-0105,2025-02-20,2025-05-21,90,5689.16,0,,No Dispute
INV-008152,CUST-0105,2025-06-10,2025-09-08,90,7691.08,0,,No Dispute
INV-008153,CUST-0105,2025-12-19,2026-03-19,90,11074.39,0,,No Dispute
INV-008154,CUST-0105,2025-03-21,2025-06-19,90,25198.35,0,,No Dispute
INV-008155,CUST-0105,2024-12-08,2025-03-08,90,16700.48,0,,No Dispute
INV-008156,CUST-0105,2025-07-09,2025-10-07,90,14318.34,0,,No Dispute
INV-008157,CUST-0105,2025-11-13,2026-02-11,90,5105.83,0,,No Dispute
INV-008158,CUST-0105,2025-02-22,2025-05-23,90,14009.64,1,2.0,Resolved
INV-008159,CUST-0105,2024-12-12,2025-03-12,90,11779.63,0,,No Dispute
INV-008160,CUST-0105,2025-12-16,2026-03-16,90,24321.99,0,,No Dispute
INV-008161,CUST-0105,2024-07-18,2024-10-16,90,7484.99,0,,No Dispute
INV-008162,CUST-0105,2024-05-02,2024-07-31,90,12580.05,0,,No Dispute
INV-008163,CUST-0105,2025-12-18,2026-03-18,90,18361.91,0,,No Dispute
INV-008164,CUST-0105,2025-11-13,2026-02-11,90,9282.76,0,,No Dispute
INV-008165,CUST-0105,2025-05-11,2025-08-09,90,9680.0,0,,No Dispute
INV-008166,CUST-0105,2024-04-24,2024-07-23,90,27148.65,0,,No Dispute
INV-008167,CUST-0105,2025-07-30,2025-10-28,90,10104.15,1,3.0,Open
INV-008168,CUST-0105,2025-02-10,2025-05-11,90,24068.5,0,,No Dispute
INV-008169,CUST-0105,2025-04-10,2025-07-09,90,26424.41,0,,No Dispute
INV-008170,CUST-0105,2024-05-11,2024-08-09,90,18119.08,0,,No Dispute
INV-008171,CUST-0105,2025-10-21,2026-01-19,90,20820.17,0,,No Dispute
INV-008172,CUST-0105,2024-01-17,2024-04-16,90,10227.81,0,,No Dispute
INV-008173,CUST-0105,2025-06-23,2025-09-21,90,20815.28,0,,No Dispute
INV-008174,CUST-0105,2025-02-17,2025-05-18,90,22868.4,0,,No Dispute
INV-008175,CUST-0105,2025-01-05,2025-04-05,90,31069.17,0,,No Dispute
INV-008176,CUST-0105,2024-10-13,2025-01-11,90,17523.84,0,,No Dispute
INV-008177,CUST-0105,2024-08-16,2024-11-14,90,14850.03,0,,No Dispute
INV-008178,CUST-0105,2025-12-12,2026-03-12,90,22389.34,0,,No Dispute
INV-008179,CUST-0105,2024-02-17,2024-05-17,90,31674.05,0,,No Dispute
INV-008180,CUST-0105,2025-01-27,2025-04-27,90,21034.68,0,,No Dispute
INV-008181,CUST-0105,2024-12-21,2025-03-21,90,17570.54,0,,No Dispute
INV-008182,CUST-0105,2024-08-08,2024-11-06,90,15485.53,0,,No Dispute
INV-008183,CUST-0105,2025-12-29,2026-03-29,90,24671.97,0,,No Dispute
INV-008184,CUST-0105,2025-04-20,2025-07-19,90,23160.88,0,,No Dispute
INV-008185,CUST-0105,2024-03-01,2024-05-30,90,23916.46,0,,No Dispute
INV-008186,CUST-0105,2025-01-17,2025-04-17,90,13582.95,0,,No Dispute
INV-008187,CUST-0105,2024-12-13,2025-03-13,90,13516.59,0,,No Dispute
INV-008188,CUST-0105,2025-10-12,2026-01-10,90,24588.84,0,,No Dispute
INV-008189,CUST-0105,2025-06-22,2025-09-20,90,13381.68,0,,No Dispute
INV-008190,CUST-0105,2025-12-05,2026-03-05,90,8071.91,0,,No Dispute
INV-008191,CUST-0105,2024-12-05,2025-03-05,90,16605.56,0,,No Dispute
INV-008192,CUST-0105,2024-02-21,2024-05-21,90,16005.91,0,,No Dispute
INV-008193,CUST-0105,2024-10-06,2025-01-04,90,19649.94,0,,No Dispute
INV-008194,CUST-0105,2025-05-18,2025-08-16,90,9533.02,0,,No Dispute
INV-008195,CUST-0105,2025-12-25,2026-03-25,90,15800.66,0,,No Dispute
INV-008196,CUST-0105,2025-09-26,2025-12-25,90,14667.78,1,2.0,Open
INV-008197,CUST-0105,2024-10-15,2025-01-13,90,30613.89,0,,No Dispute
INV-008198,CUST-0105,2025-08-19,2025-11-17,90,9130.06,0,,No Dispute
INV-008199,CUST-0105,2025-12-01,2026-03-01,90,24569.38,0,,No Dispute
INV-008200,CUST-0105,2024-03-18,2024-06-16,90,27766.19,0,,No Dispute
INV-008201,CUST-0105,2024-01-29,2024-04-28,90,16585.92,0,,No Dispute
INV-008202,CUST-0105,2025-03-29,2025-06-27,90,10500.78,0,,No Dispute
INV-008203,CUST-0105,2024-03-18,2024-06-16,90,24962.77,0,,No Dispute
INV-008204,CUST-0105,2025-02-03,2025-05-04,90,12577.21,0,,No Dispute
INV-008205,CUST-0105,2024-07-27,2024-10-25,90,16855.82,0,,No Dispute
INV-008206,CUST-0105,2025-08-13,2025-11-11,90,6392.15,0,,No Dispute
INV-008207,CUST-0105,2025-09-23,2025-12-22,90,31622.68,0,,No Dispute
INV-008208,CUST-0105,2024-01-25,2024-04-24,90,11957.91,0,,No Dispute
INV-008209,CUST-0105,2024-05-18,2024-08-16,90,16155.61,0,,No Dispute
INV-008210,CUST-0105,2025-09-08,2025-12-07,90,29443.4,0,,No Dispute
INV-008211,CUST-0105,2024-03-09,2024-06-07,90,11125.64,0,,No Dispute
INV-008212,CUST-0105,2024-05-20,2024-08-18,90,27967.05,0,,No Dispute
INV-008213,CUST-0105,2024-04-03,2024-07-02,90,29420.6,0,,No Dispute
INV-008214,CUST-0105,2024-05-14,2024-08-12,90,5402.72,0,,No Dispute
INV-008215,CUST-0105,2025-05-16,2025-08-14,90,11909.01,0,,No Dispute
INV-008216,CUST-0105,2025-05-11,2025-08-09,90,6228.32,0,,No Dispute
INV-008217,CUST-0105,2025-06-19,2025-09-17,90,6470.08,0,,No Dispute
INV-008218,CUST-0105,2024-11-28,2025-02-26,90,21931.44,0,,No Dispute
INV-008219,CUST-0105,2025-09-30,2025-12-29,90,31658.87,0,,No Dispute
INV-008220,CUST-0105,2025-01-29,2025-04-29,90,13701.04,0,,No Dispute
INV-008221,CUST-0105,2025-08-17,2025-11-15,90,8061.37,0,,No Dispute
INV-008222,CUST-0105,2025-07-19,2025-10-17,90,22149.34,0,,No Dispute
INV-008223,CUST-0105,2024-05-16,2024-08-14,90,15846.64,0,,No Dispute
INV-008224,CUST-0105,2024-02-05,2024-05-05,90,13636.03,0,,No Dispute
INV-008225,CUST-0105,2025-04-24,2025-07-23,90,23592.53,0,,No Dispute
INV-008226,CUST-0105,2024-01-01,2024-03-31,90,8114.41,0,,No Dispute
INV-008227,CUST-0105,2025-12-12,2026-03-12,90,18401.98,0,,No Dispute
INV-008228,CUST-0105,2024-04-15,2024-07-14,90,10400.0,0,,No Dispute
INV-008229,CUST-0105,2024-12-14,2025-03-14,90,23302.73,0,,No Dispute
INV-008230,CUST-0105,2025-04-24,2025-07-23,90,14130.14,0,,No Dispute
INV-008231,CUST-0105,2024-08-26,2024-11-24,90,9572.95,0,,No Dispute
INV-008232,CUST-0105,2024-03-01,2024-05-30,90,19454.34,0,,No Dispute
INV-008233,CUST-0105,2025-07-29,2025-10-27,90,26765.64,0,,No Dispute
INV-008234,CUST-0105,2025-02-15,2025-05-16,90,31769.99,0,,No Dispute
INV-008235,CUST-0105,2024-06-19,2024-09-17,90,11364.3,0,,No Dispute
INV-008236,CUST-0105,2024-03-24,2024-06-22,90,10186.67,0,,No Dispute
INV-008237,CUST-0105,2024-10-24,2025-01-22,90,7480.28,0,,No Dispute
INV-008238,CUST-0105,2025-10-30,2026-01-28,90,23832.79,0,,No Dispute
INV-008239,CUST-0105,2025-02-05,2025-05-06,90,19883.84,0,,No Dispute
INV-008240,CUST-0105,2024-11-21,2025-02-19,90,12078.04,0,,No Dispute
INV-008241,CUST-0105,2024-08-23,2024-11-21,90,30990.8,0,,No Dispute
INV-008242,CUST-0105,2024-10-01,2024-12-30,90,17856.07,0,,No Dispute
INV-008243,CUST-0105,2024-08-06,2024-11-04,90,14382.04,0,,No Dispute
INV-008244,CUST-0105,2025-01-05,2025-04-05,90,31521.43,0,,No Dispute
INV-008245,CUST-0105,2024-03-27,2024-06-25,90,25942.4,0,,No Dispute
INV-008246,CUST-0105,2025-06-06,2025-09-04,90,25142.1,0,,No Dispute
INV-008247,CUST-0105,2025-06-12,2025-09-10,90,26887.85,0,,No Dispute
INV-008248,CUST-0105,2025-05-30,2025-08-28,90,5328.14,0,,No Dispute
INV-008249,CUST-0105,2024-06-07,2024-09-05,90,16652.16,0,,No Dispute
INV-008250,CUST-0105,2024-03-09,2024-06-07,90,28594.31,0,,No Dispute
INV-008251,CUST-0105,2024-05-25,2024-08-23,90,5957.66,0,,No Dispute
INV-008252,CUST-0105,2025-10-01,2025-12-30,90,25433.67,0,,No Dispute
INV-008253,CUST-0105,2025-12-22,2026-03-22,90,18239.99,0,,No Dispute
INV-008254,CUST-0105,2024-11-13,2025-02-11,90,17114.99,0,,No Dispute
INV-008255,CUST-0105,2024-01-18,2024-04-17,90,17807.15,0,,No Dispute
INV-008256,CUST-0105,2024-05-27,2024-08-25,90,12795.38,0,,No Dispute
INV-008257,CUST-0105,2024-04-10,2024-07-09,90,28256.21,1,5.0,Resolved
INV-008258,CUST-0105,2025-08-03,2025-11-01,90,29494.37,0,,No Dispute
INV-008259,CUST-0105,2025-10-31,2026-01-29,90,23319.2,0,,No Dispute
INV-008260,CUST-0105,2025-01-07,2025-04-07,90,9348.74,0,,No Dispute
INV-008261,CUST-0106,2025-04-19,2025-06-18,60,18103.71,0,,No Dispute
INV-008262,CUST-0106,2024-09-19,2024-11-18,60,29780.15,0,,No Dispute
INV-008263,CUST-0106,2024-07-17,2024-09-15,60,7187.69,0,,No Dispute
INV-008264,CUST-0106,2025-07-13,2025-09-11,60,11789.54,0,,No Dispute
INV-008265,CUST-0106,2025-10-24,2025-12-23,60,31068.7,0,,No Dispute
INV-008266,CUST-0106,2024-02-07,2024-04-07,60,30563.88,0,,No Dispute
INV-008267,CUST-0106,2024-09-14,2024-11-13,60,24625.39,0,,No Dispute
INV-008268,CUST-0106,2025-10-28,2025-12-27,60,5333.26,0,,No Dispute
INV-008269,CUST-0106,2025-08-23,2025-10-22,60,8903.28,0,,No Dispute
INV-008270,CUST-0106,2025-06-10,2025-08-09,60,8387.99,0,,No Dispute
INV-008271,CUST-0106,2025-04-29,2025-06-28,60,8500.74,0,,No Dispute
INV-008272,CUST-0106,2024-05-16,2024-07-15,60,30036.12,0,,No Dispute
INV-008273,CUST-0106,2025-08-07,2025-10-06,60,14130.16,0,,No Dispute
INV-008274,CUST-0106,2024-11-25,2025-01-24,60,6067.34,1,5.0,Resolved
INV-008275,CUST-0106,2025-01-11,2025-03-12,60,29663.42,0,,No Dispute
INV-008276,CUST-0106,2024-03-03,2024-05-02,60,12374.15,0,,No Dispute
INV-008277,CUST-0106,2024-12-22,2025-02-20,60,12125.1,0,,No Dispute
INV-008278,CUST-0106,2024-07-14,2024-09-12,60,16383.35,0,,No Dispute
INV-008279,CUST-0106,2025-07-31,2025-09-29,60,26903.71,0,,No Dispute
INV-008280,CUST-0106,2024-06-29,2024-08-28,60,19661.17,0,,No Dispute
INV-008281,CUST-0106,2025-10-19,2025-12-18,60,19725.58,0,,No Dispute
INV-008282,CUST-0106,2025-08-31,2025-10-30,60,17309.48,0,,No Dispute
INV-008283,CUST-0106,2025-06-25,2025-08-24,60,27417.75,0,,No Dispute
INV-008284,CUST-0106,2024-02-06,2024-04-06,60,22924.79,0,,No Dispute
INV-008285,CUST-0106,2024-06-09,2024-08-08,60,5867.75,0,,No Dispute
INV-008286,CUST-0106,2024-08-22,2024-10-21,60,27980.47,0,,No Dispute
INV-008287,CUST-0106,2025-09-03,2025-11-02,60,27808.54,0,,No Dispute
INV-008288,CUST-0106,2025-07-03,2025-09-01,60,24688.95,0,,No Dispute
INV-008289,CUST-0106,2024-06-23,2024-08-22,60,10803.79,0,,No Dispute
INV-008290,CUST-0106,2025-10-31,2025-12-30,60,25795.12,0,,No Dispute
INV-008291,CUST-0106,2024-08-15,2024-10-14,60,12113.46,0,,No Dispute
INV-008292,CUST-0106,2024-04-18,2024-06-17,60,12668.87,0,,No Dispute
INV-008293,CUST-0106,2024-08-11,2024-10-10,60,13492.5,0,,No Dispute
INV-008294,CUST-0106,2025-01-06,2025-03-07,60,24627.77,0,,No Dispute
INV-008295,CUST-0106,2024-04-02,2024-06-01,60,25408.17,0,,No Dispute
INV-008296,CUST-0106,2024-01-26,2024-03-26,60,12190.4,0,,No Dispute
INV-008297,CUST-0106,2024-10-29,2024-12-28,60,22942.77,0,,No Dispute
INV-008298,CUST-0106,2024-02-11,2024-04-11,60,15917.98,0,,No Dispute
INV-008299,CUST-0106,2025-10-01,2025-11-30,60,18956.18,0,,No Dispute
INV-008300,CUST-0106,2024-11-03,2025-01-02,60,20170.97,0,,No Dispute
INV-008301,CUST-0106,2024-05-08,2024-07-07,60,28837.67,0,,No Dispute
INV-008302,CUST-0106,2025-12-17,2026-02-15,60,17831.15,0,,No Dispute
INV-008303,CUST-0106,2025-03-14,2025-05-13,60,24512.79,0,,No Dispute
INV-008304,CUST-0106,2025-06-17,2025-08-16,60,12682.2,0,,No Dispute
INV-008305,CUST-0106,2024-09-23,2024-11-22,60,16191.31,0,,No Dispute
INV-008306,CUST-0106,2024-04-04,2024-06-03,60,12224.56,0,,No Dispute
INV-008307,CUST-0106,2024-09-23,2024-11-22,60,10053.82,0,,No Dispute
INV-008308,CUST-0106,2024-02-13,2024-04-13,60,8957.87,1,5.0,Open
INV-008309,CUST-0106,2024-08-25,2024-10-24,60,18288.59,0,,No Dispute
INV-008310,CUST-0106,2025-12-21,2026-02-19,60,15800.05,0,,No Dispute
INV-008311,CUST-0106,2024-10-13,2024-12-12,60,5747.33,0,,No Dispute
INV-008312,CUST-0106,2024-06-09,2024-08-08,60,24475.5,0,,No Dispute
INV-008313,CUST-0106,2025-05-05,2025-07-04,60,14560.94,0,,No Dispute
INV-008314,CUST-0106,2024-03-30,2024-05-29,60,28142.46,0,,No Dispute
INV-008315,CUST-0106,2024-02-03,2024-04-03,60,5930.35,0,,No Dispute
INV-008316,CUST-0106,2025-06-25,2025-08-24,60,24233.32,0,,No Dispute
INV-008317,CUST-0106,2024-07-05,2024-09-03,60,27745.07,0,,No Dispute
INV-008318,CUST-0106,2024-08-09,2024-10-08,60,27543.17,0,,No Dispute
INV-008319,CUST-0106,2024-02-19,2024-04-19,60,18971.84,0,,No Dispute
INV-008320,CUST-0106,2025-10-29,2025-12-28,60,27083.95,0,,No Dispute
INV-008321,CUST-0106,2025-11-15,2026-01-14,60,7517.46,1,2.0,Resolved
INV-008322,CUST-0106,2025-09-28,2025-11-27,60,16014.63,1,3.0,Resolved
INV-008323,CUST-0106,2025-07-21,2025-09-19,60,6970.14,0,,No Dispute
INV-008324,CUST-0106,2024-02-05,2024-04-05,60,16587.01,0,,No Dispute
INV-008325,CUST-0106,2024-09-14,2024-11-13,60,11798.53,0,,No Dispute
INV-008326,CUST-0106,2024-04-13,2024-06-12,60,25746.39,0,,No Dispute
INV-008327,CUST-0106,2025-05-24,2025-07-23,60,5010.75,0,,No Dispute
INV-008328,CUST-0106,2025-10-31,2025-12-30,60,29943.77,0,,No Dispute
INV-008329,CUST-0106,2024-07-09,2024-09-07,60,21995.85,0,,No Dispute
INV-008330,CUST-0106,2024-03-18,2024-05-17,60,30375.76,0,,No Dispute
INV-008331,CUST-0106,2024-04-17,2024-06-16,60,18874.03,0,,No Dispute
INV-008332,CUST-0106,2024-07-10,2024-09-08,60,12489.83,0,,No Dispute
INV-008333,CUST-0106,2025-07-02,2025-08-31,60,23790.54,0,,No Dispute
INV-008334,CUST-0106,2025-10-06,2025-12-05,60,26809.5,0,,No Dispute
INV-008335,CUST-0106,2025-08-15,2025-10-14,60,28839.73,0,,No Dispute
INV-008336,CUST-0106,2025-12-21,2026-02-19,60,16055.16,0,,No Dispute
INV-008337,CUST-0106,2025-11-14,2026-01-13,60,9118.07,0,,No Dispute
INV-008338,CUST-0106,2024-09-14,2024-11-13,60,29266.44,0,,No Dispute
INV-008339,CUST-0106,2024-10-17,2024-12-16,60,27313.64,0,,No Dispute
INV-008340,CUST-0106,2025-09-28,2025-11-27,60,29184.49,0,,No Dispute
INV-008341,CUST-0106,2025-04-26,2025-06-25,60,31423.06,1,3.0,Resolved
INV-008342,CUST-0106,2024-06-16,2024-08-15,60,26677.34,0,,No Dispute
INV-008343,CUST-0106,2025-03-27,2025-05-26,60,6081.88,0,,No Dispute
INV-008344,CUST-0106,2025-09-20,2025-11-19,60,18999.39,0,,No Dispute
INV-008345,CUST-0106,2025-08-25,2025-10-24,60,28920.35,0,,No Dispute
INV-008346,CUST-0106,2025-05-25,2025-07-24,60,26220.53,0,,No Dispute
INV-008347,CUST-0106,2025-01-18,2025-03-19,60,28400.44,1,2.0,Resolved
INV-008348,CUST-0106,2025-12-29,2026-02-27,60,15486.05,0,,No Dispute
INV-008349,CUST-0106,2024-07-17,2024-09-15,60,21894.43,0,,No Dispute
INV-008350,CUST-0106,2025-04-29,2025-06-28,60,23647.0,0,,No Dispute
INV-008351,CUST-0106,2025-05-02,2025-07-01,60,9054.86,0,,No Dispute
INV-008352,CUST-0106,2025-01-24,2025-03-25,60,17379.64,0,,No Dispute
INV-008353,CUST-0106,2025-09-16,2025-11-15,60,5398.16,0,,No Dispute
INV-008354,CUST-0106,2025-08-22,2025-10-21,60,16026.67,0,,No Dispute
INV-008355,CUST-0106,2025-06-24,2025-08-23,60,28090.99,0,,No Dispute
INV-008356,CUST-0106,2025-05-09,2025-07-08,60,10921.17,1,1.0,Open
INV-008357,CUST-0106,2024-12-04,2025-02-02,60,27376.89,0,,No Dispute
INV-008358,CUST-0106,2025-02-09,2025-04-10,60,25058.25,0,,No Dispute
INV-008359,CUST-0106,2025-06-21,2025-08-20,60,20450.74,0,,No Dispute
INV-008360,CUST-0106,2025-05-31,2025-07-30,60,15499.88,0,,No Dispute
INV-008361,CUST-0106,2024-06-06,2024-08-05,60,30563.87,0,,No Dispute
INV-008362,CUST-0106,2025-06-16,2025-08-15,60,9872.84,0,,No Dispute
INV-008363,CUST-0106,2024-10-29,2024-12-28,60,21198.14,0,,No Dispute
INV-008364,CUST-0106,2025-10-05,2025-12-04,60,15229.16,0,,No Dispute
INV-008365,CUST-0106,2024-12-25,2025-02-23,60,24406.46,0,,No Dispute
INV-008366,CUST-0106,2024-03-23,2024-05-22,60,9305.11,0,,No Dispute
INV-008367,CUST-0106,2024-02-08,2024-04-08,60,15453.24,0,,No Dispute
INV-008368,CUST-0106,2024-07-18,2024-09-16,60,28347.41,0,,No Dispute
INV-008369,CUST-0106,2025-10-20,2025-12-19,60,9941.36,0,,No Dispute
INV-008370,CUST-0106,2024-03-01,2024-04-30,60,30145.7,0,,No Dispute
INV-008371,CUST-0106,2024-05-17,2024-07-16,60,5612.46,0,,No Dispute
INV-008372,CUST-0106,2024-09-22,2024-11-21,60,17461.74,0,,No Dispute
INV-008373,CUST-0106,2024-05-03,2024-07-02,60,25816.32,0,,No Dispute
INV-008374,CUST-0106,2025-07-24,2025-09-22,60,13599.69,0,,No Dispute
INV-008375,CUST-0106,2025-12-01,2026-01-30,60,15755.24,0,,No Dispute
INV-008376,CUST-0106,2024-11-14,2025-01-13,60,28129.67,0,,No Dispute
INV-008377,CUST-0106,2025-05-30,2025-07-29,60,10988.76,0,,No Dispute
INV-008378,CUST-0106,2025-06-27,2025-08-26,60,28812.33,0,,No Dispute
INV-008379,CUST-0106,2024-06-21,2024-08-20,60,10482.23,0,,No Dispute
INV-008380,CUST-0106,2025-07-30,2025-09-28,60,5790.56,0,,No Dispute
INV-008381,CUST-0106,2025-07-06,2025-09-04,60,8411.02,0,,No Dispute
INV-008382,CUST-0106,2024-11-09,2025-01-08,60,30636.54,0,,No Dispute
INV-008383,CUST-0106,2024-04-11,2024-06-10,60,23901.04,0,,No Dispute
INV-008384,CUST-0106,2024-04-06,2024-06-05,60,19886.39,0,,No Dispute
INV-008385,CUST-0106,2024-07-16,2024-09-14,60,31001.56,0,,No Dispute
INV-008386,CUST-0106,2025-02-20,2025-04-21,60,9186.52,0,,No Dispute
INV-008387,CUST-0106,2024-08-10,2024-10-09,60,11567.43,0,,No Dispute
INV-008388,CUST-0106,2025-04-13,2025-06-12,60,10883.44,0,,No Dispute
INV-008389,CUST-0106,2025-12-11,2026-02-09,60,10437.59,0,,No Dispute
INV-008390,CUST-0107,2024-01-24,2024-02-23,30,3244.14,0,,No Dispute
INV-008391,CUST-0107,2024-03-18,2024-04-17,30,2242.84,0,,No Dispute
INV-008392,CUST-0107,2024-07-06,2024-08-05,30,970.03,0,,No Dispute
INV-008393,CUST-0107,2024-05-10,2024-06-09,30,3693.67,0,,No Dispute
INV-008394,CUST-0107,2025-07-05,2025-08-04,30,1214.42,0,,No Dispute
INV-008395,CUST-0107,2025-09-14,2025-10-14,30,3135.95,0,,No Dispute
INV-008396,CUST-0107,2025-03-31,2025-04-30,30,2115.79,0,,No Dispute
INV-008397,CUST-0107,2025-08-17,2025-09-16,30,505.09,0,,No Dispute
INV-008398,CUST-0107,2024-03-11,2024-04-10,30,2760.72,0,,No Dispute
INV-008399,CUST-0107,2025-02-15,2025-03-17,30,1094.9,0,,No Dispute
INV-008400,CUST-0107,2024-05-10,2024-06-09,30,3180.18,0,,No Dispute
INV-008401,CUST-0107,2024-11-29,2024-12-29,30,1343.28,0,,No Dispute
INV-008402,CUST-0107,2025-03-31,2025-04-30,30,2313.24,0,,No Dispute
INV-008403,CUST-0107,2024-11-27,2024-12-27,30,1644.38,0,,No Dispute
INV-008404,CUST-0107,2024-04-24,2024-05-24,30,1089.72,0,,No Dispute
INV-008405,CUST-0107,2025-01-06,2025-02-05,30,505.02,0,,No Dispute
INV-008406,CUST-0107,2024-02-26,2024-03-27,30,3406.07,0,,No Dispute
INV-008407,CUST-0107,2025-08-17,2025-09-16,30,2360.85,0,,No Dispute
INV-008408,CUST-0107,2024-09-25,2024-10-25,30,1488.21,0,,No Dispute
INV-008409,CUST-0107,2024-08-11,2024-09-10,30,3536.29,0,,No Dispute
INV-008410,CUST-0107,2025-06-09,2025-07-09,30,3394.84,0,,No Dispute
INV-008411,CUST-0107,2025-01-22,2025-02-21,30,1487.11,0,,No Dispute
INV-008412,CUST-0107,2025-11-26,2025-12-26,30,3121.33,0,,No Dispute
INV-008413,CUST-0107,2024-04-19,2024-05-19,30,603.24,0,,No Dispute
INV-008414,CUST-0107,2024-08-07,2024-09-06,30,3754.42,0,,No Dispute
INV-008415,CUST-0108,2024-06-25,2024-07-25,30,2123.91,0,,No Dispute
INV-008416,CUST-0108,2025-02-10,2025-03-12,30,3424.05,0,,No Dispute
INV-008417,CUST-0108,2024-12-24,2025-01-23,30,3066.04,0,,No Dispute
INV-008418,CUST-0108,2024-03-17,2024-04-16,30,2791.58,0,,No Dispute
INV-008419,CUST-0108,2025-01-22,2025-02-21,30,3312.7,0,,No Dispute
INV-008420,CUST-0108,2024-12-19,2025-01-18,30,3016.36,0,,No Dispute
INV-008421,CUST-0108,2025-05-14,2025-06-13,30,3905.54,0,,No Dispute
INV-008422,CUST-0108,2025-03-25,2025-04-24,30,3814.1,0,,No Dispute
INV-008423,CUST-0108,2024-07-22,2024-08-21,30,992.31,0,,No Dispute
INV-008424,CUST-0108,2025-11-13,2025-12-13,30,2907.52,0,,No Dispute
INV-008425,CUST-0108,2024-08-21,2024-09-20,30,927.78,0,,No Dispute
INV-008426,CUST-0108,2024-05-14,2024-06-13,30,584.57,0,,No Dispute
INV-008427,CUST-0108,2025-11-22,2025-12-22,30,3435.18,0,,No Dispute
INV-008428,CUST-0108,2024-02-11,2024-03-12,30,1624.88,0,,No Dispute
INV-008429,CUST-0108,2024-12-15,2025-01-14,30,2375.48,0,,No Dispute
INV-008430,CUST-0108,2025-02-13,2025-03-15,30,2303.89,0,,No Dispute
INV-008431,CUST-0108,2024-06-09,2024-07-09,30,2663.89,0,,No Dispute
INV-008432,CUST-0108,2025-08-10,2025-09-09,30,2506.64,0,,No Dispute
INV-008433,CUST-0108,2025-12-02,2026-01-01,30,2521.29,0,,No Dispute
INV-008434,CUST-0108,2025-06-30,2025-07-30,30,3422.81,0,,No Dispute
INV-008435,CUST-0108,2024-01-02,2024-02-01,30,2547.91,0,,No Dispute
INV-008436,CUST-0108,2024-08-19,2024-09-18,30,2670.72,0,,No Dispute
INV-008437,CUST-0108,2024-03-24,2024-04-23,30,1250.19,0,,No Dispute
INV-008438,CUST-0108,2025-12-07,2026-01-06,30,2701.46,0,,No Dispute
INV-008439,CUST-0108,2024-01-27,2024-02-26,30,695.06,0,,No Dispute
INV-008440,CUST-0108,2025-09-01,2025-10-01,30,1730.63,0,,No Dispute
INV-008441,CUST-0108,2025-12-15,2026-01-14,30,2624.61,0,,No Dispute
INV-008442,CUST-0108,2024-07-20,2024-08-19,30,2566.4,0,,No Dispute
INV-008443,CUST-0108,2025-10-24,2025-11-23,30,1880.36,0,,No Dispute
INV-008444,CUST-0108,2024-12-24,2025-01-23,30,3167.81,0,,No Dispute
INV-008445,CUST-0108,2024-03-29,2024-04-28,30,1548.97,0,,No Dispute
INV-008446,CUST-0108,2024-11-07,2024-12-07,30,2189.71,0,,No Dispute
INV-008447,CUST-0108,2024-06-26,2024-07-26,30,3336.63,0,,No Dispute
INV-008448,CUST-0108,2025-07-29,2025-08-28,30,730.2,0,,No Dispute
INV-008449,CUST-0108,2025-10-12,2025-11-11,30,2497.74,0,,No Dispute
INV-008450,CUST-0108,2025-06-11,2025-07-11,30,1798.79,0,,No Dispute
INV-008451,CUST-0108,2024-05-20,2024-06-19,30,3878.57,0,,No Dispute
INV-008452,CUST-0108,2024-03-02,2024-04-01,30,1118.83,0,,No Dispute
INV-008453,CUST-0108,2024-12-25,2025-01-24,30,2965.66,0,,No Dispute
INV-008454,CUST-0108,2025-09-26,2025-10-26,30,3590.73,0,,No Dispute
INV-008455,CUST-0108,2025-08-27,2025-09-26,30,946.91,0,,No Dispute
INV-008456,CUST-0108,2024-01-19,2024-02-18,30,3250.95,0,,No Dispute
INV-008457,CUST-0108,2024-01-07,2024-02-06,30,1334.44,0,,No Dispute
INV-008458,CUST-0108,2024-09-06,2024-10-06,30,3465.07,0,,No Dispute
INV-008459,CUST-0109,2024-02-03,2024-03-04,30,1542.46,1,1.0,Resolved
INV-008460,CUST-0109,2025-12-23,2026-01-22,30,2288.95,0,,No Dispute
INV-008461,CUST-0109,2025-09-08,2025-10-08,30,3395.67,0,,No Dispute
INV-008462,CUST-0109,2024-07-21,2024-08-20,30,504.89,0,,No Dispute
INV-008463,CUST-0109,2024-12-06,2025-01-05,30,2758.22,0,,No Dispute
INV-008464,CUST-0109,2025-03-07,2025-04-06,30,2440.9,0,,No Dispute
INV-008465,CUST-0109,2024-10-30,2024-11-29,30,2533.96,0,,No Dispute
INV-008466,CUST-0109,2024-07-22,2024-08-21,30,3079.79,0,,No Dispute
INV-008467,CUST-0109,2025-09-10,2025-10-10,30,1092.63,0,,No Dispute
INV-008468,CUST-0109,2024-07-27,2024-08-26,30,3937.1,0,,No Dispute
INV-008469,CUST-0109,2024-12-29,2025-01-28,30,3987.28,0,,No Dispute
INV-008470,CUST-0109,2025-06-04,2025-07-04,30,1001.82,0,,No Dispute
INV-008471,CUST-0109,2024-08-24,2024-09-23,30,2431.0,0,,No Dispute
INV-008472,CUST-0109,2025-01-25,2025-02-24,30,2955.97,0,,No Dispute
INV-008473,CUST-0109,2024-09-11,2024-10-11,30,2534.38,0,,No Dispute
INV-008474,CUST-0109,2025-09-28,2025-10-28,30,2173.38,0,,No Dispute
INV-008475,CUST-0109,2024-08-08,2024-09-07,30,1707.76,0,,No Dispute
INV-008476,CUST-0109,2025-05-15,2025-06-14,30,676.67,0,,No Dispute
INV-008477,CUST-0109,2024-08-09,2024-09-08,30,2632.68,0,,No Dispute
INV-008478,CUST-0109,2024-04-26,2024-05-26,30,2641.54,0,,No Dispute
INV-008479,CUST-0109,2025-12-07,2026-01-06,30,3822.55,0,,No Dispute
INV-008480,CUST-0109,2024-05-20,2024-06-19,30,794.14,0,,No Dispute
INV-008481,CUST-0109,2025-10-07,2025-11-06,30,2648.76,1,3.0,Resolved
INV-008482,CUST-0109,2025-10-27,2025-11-26,30,3023.47,0,,No Dispute
INV-008483,CUST-0109,2024-04-03,2024-05-03,30,1255.83,0,,No Dispute
INV-008484,CUST-0109,2025-08-07,2025-09-06,30,1284.96,0,,No Dispute
INV-008485,CUST-0109,2025-04-29,2025-05-29,30,1978.63,0,,No Dispute
INV-008486,CUST-0109,2024-05-11,2024-06-10,30,2586.74,0,,No Dispute
INV-008487,CUST-0109,2025-09-05,2025-10-05,30,1507.48,0,,No Dispute
INV-008488,CUST-0110,2024-10-26,2024-11-25,30,10658.33,0,,No Dispute
INV-008489,CUST-0110,2024-02-27,2024-03-28,30,5971.53,0,,No Dispute
INV-008490,CUST-0110,2025-12-13,2026-01-12,30,1702.9,1,1.0,Resolved
INV-008491,CUST-0110,2025-06-05,2025-07-05,30,7392.47,0,,No Dispute
INV-008492,CUST-0110,2024-12-31,2025-01-30,30,2225.09,0,,No Dispute
INV-008493,CUST-0110,2024-05-24,2024-06-23,30,2441.49,0,,No Dispute
INV-008494,CUST-0110,2025-09-21,2025-10-21,30,7170.07,1,3.0,Resolved
INV-008495,CUST-0110,2024-07-22,2024-08-21,30,8828.42,0,,No Dispute
INV-008496,CUST-0110,2025-06-28,2025-07-28,30,9196.49,0,,No Dispute
INV-008497,CUST-0110,2025-12-12,2026-01-11,30,3393.9,0,,No Dispute
INV-008498,CUST-0110,2024-06-24,2024-07-24,30,4688.2,0,,No Dispute
INV-008499,CUST-0110,2025-12-19,2026-01-18,30,2039.62,0,,No Dispute
INV-008500,CUST-0110,2025-05-23,2025-06-22,30,8340.26,0,,No Dispute
INV-008501,CUST-0110,2025-10-17,2025-11-16,30,10580.31,1,5.0,Resolved
INV-008502,CUST-0110,2025-09-19,2025-10-19,30,5688.12,1,5.0,Open
INV-008503,CUST-0110,2025-06-18,2025-07-18,30,2762.87,1,5.0,Resolved
INV-008504,CUST-0110,2024-07-24,2024-08-23,30,9936.8,0,,No Dispute
INV-008505,CUST-0110,2025-09-02,2025-10-02,30,7317.92,0,,No Dispute
INV-008506,CUST-0110,2025-11-09,2025-12-09,30,5507.97,0,,No Dispute
INV-008507,CUST-0110,2024-12-30,2025-01-29,30,9651.48,0,,No Dispute
INV-008508,CUST-0110,2024-11-06,2024-12-06,30,6990.43,0,,No Dispute
INV-008509,CUST-0110,2024-01-12,2024-02-11,30,5828.56,0,,No Dispute
INV-008510,CUST-0110,2024-02-29,2024-03-30,30,4076.56,0,,No Dispute
INV-008511,CUST-0110,2025-08-02,2025-09-01,30,3371.2,0,,No Dispute
INV-008512,CUST-0110,2024-03-03,2024-04-02,30,2564.01,0,,No Dispute
INV-008513,CUST-0110,2024-09-03,2024-10-03,30,5825.57,0,,No Dispute
INV-008514,CUST-0110,2024-09-17,2024-10-17,30,11798.26,0,,No Dispute
INV-008515,CUST-0110,2024-03-02,2024-04-01,30,9070.02,0,,No Dispute
INV-008516,CUST-0110,2024-02-26,2024-03-27,30,8987.08,0,,No Dispute
INV-008517,CUST-0110,2024-04-12,2024-05-12,30,11437.04,0,,No Dispute
INV-008518,CUST-0110,2025-08-03,2025-09-02,30,3020.54,1,4.0,Resolved
INV-008519,CUST-0110,2024-12-04,2025-01-03,30,4832.33,0,,No Dispute
INV-008520,CUST-0110,2025-07-12,2025-08-11,30,10191.53,0,,No Dispute
INV-008521,CUST-0110,2024-01-08,2024-02-07,30,10924.84,0,,No Dispute
INV-008522,CUST-0110,2025-09-24,2025-10-24,30,8708.55,0,,No Dispute
INV-008523,CUST-0110,2024-03-22,2024-04-21,30,3758.53,0,,No Dispute
INV-008524,CUST-0110,2024-09-23,2024-10-23,30,5593.01,0,,No Dispute
INV-008525,CUST-0110,2024-06-05,2024-07-05,30,10662.7,0,,No Dispute
INV-008526,CUST-0110,2024-09-16,2024-10-16,30,6377.2,0,,No Dispute
INV-008527,CUST-0110,2024-11-02,2024-12-02,30,10844.55,0,,No Dispute
INV-008528,CUST-0110,2025-05-14,2025-06-13,30,6814.08,1,4.0,Resolved
INV-008529,CUST-0110,2025-02-22,2025-03-24,30,2964.98,0,,No Dispute
INV-008530,CUST-0110,2025-12-28,2026-01-27,30,10943.76,0,,No Dispute
INV-008531,CUST-0110,2024-07-30,2024-08-29,30,7213.54,0,,No Dispute
INV-008532,CUST-0110,2025-03-20,2025-04-19,30,10395.71,0,,No Dispute
INV-008533,CUST-0110,2025-03-11,2025-04-10,30,9996.45,0,,No Dispute
INV-008534,CUST-0110,2025-11-15,2025-12-15,30,7961.54,0,,No Dispute
INV-008535,CUST-0110,2025-04-04,2025-05-04,30,2658.3,0,,No Dispute
INV-008536,CUST-0110,2024-07-26,2024-08-25,30,10257.4,0,,No Dispute
INV-008537,CUST-0110,2024-04-27,2024-05-27,30,6488.78,0,,No Dispute
INV-008538,CUST-0110,2025-03-09,2025-04-08,30,8127.79,0,,No Dispute
INV-008539,CUST-0110,2025-04-10,2025-05-10,30,6137.36,0,,No Dispute
INV-008540,CUST-0110,2025-03-17,2025-04-16,30,3621.67,0,,No Dispute
INV-008541,CUST-0110,2024-03-03,2024-04-02,30,10321.6,0,,No Dispute
INV-008542,CUST-0110,2025-02-10,2025-03-12,30,5973.57,0,,No Dispute
INV-008543,CUST-0110,2024-12-03,2025-01-02,30,10193.48,0,,No Dispute
INV-008544,CUST-0110,2025-10-06,2025-11-05,30,6921.1,0,,No Dispute
INV-008545,CUST-0110,2025-10-27,2025-11-26,30,5017.33,0,,No Dispute
INV-008546,CUST-0110,2025-02-06,2025-03-08,30,11378.14,0,,No Dispute
INV-008547,CUST-0110,2025-02-16,2025-03-18,30,6849.38,1,4.0,Open
INV-008548,CUST-0110,2024-02-19,2024-03-20,30,2331.9,0,,No Dispute
INV-008549,CUST-0110,2024-11-19,2024-12-19,30,5923.97,0,,No Dispute
INV-008550,CUST-0110,2025-08-26,2025-09-25,30,9763.75,1,1.0,Resolved
INV-008551,CUST-0110,2024-04-16,2024-05-16,30,10754.31,1,5.0,Resolved
INV-008552,CUST-0110,2024-06-26,2024-07-26,30,8375.58,0,,No Dispute
INV-008553,CUST-0110,2024-10-14,2024-11-13,30,10897.59,0,,No Dispute
INV-008554,CUST-0110,2024-06-10,2024-07-10,30,3540.91,0,,No Dispute
INV-008555,CUST-0110,2024-03-29,2024-04-28,30,9767.75,0,,No Dispute
INV-008556,CUST-0110,2025-03-31,2025-04-30,30,11044.9,0,,No Dispute
INV-008557,CUST-0110,2024-11-23,2024-12-23,30,7905.6,0,,No Dispute
INV-008558,CUST-0110,2024-01-05,2024-02-04,30,4758.3,0,,No Dispute
INV-008559,CUST-0110,2025-07-17,2025-08-16,30,10116.4,0,,No Dispute
INV-008560,CUST-0110,2025-01-16,2025-02-15,30,10326.06,1,1.0,Open
INV-008561,CUST-0110,2025-11-09,2025-12-09,30,3574.83,0,,No Dispute
INV-008562,CUST-0110,2025-06-15,2025-07-15,30,3963.21,0,,No Dispute
INV-008563,CUST-0110,2025-08-19,2025-09-18,30,3835.48,0,,No Dispute
INV-008564,CUST-0110,2024-10-23,2024-11-22,30,11575.83,0,,No Dispute
INV-008565,CUST-0110,2025-05-19,2025-06-18,30,9844.23,0,,No Dispute
INV-008566,CUST-0110,2024-04-04,2024-05-04,30,11926.16,0,,No Dispute
INV-008567,CUST-0110,2024-11-23,2024-12-23,30,1864.46,0,,No Dispute
INV-008568,CUST-0110,2024-09-08,2024-10-08,30,3036.76,0,,No Dispute
INV-008569,CUST-0110,2025-07-27,2025-08-26,30,7739.5,0,,No Dispute
INV-008570,CUST-0110,2025-12-04,2026-01-03,30,10323.64,0,,No Dispute
INV-008571,CUST-0110,2025-01-28,2025-02-27,30,3174.72,1,2.0,Open
INV-008572,CUST-0110,2025-06-13,2025-07-13,30,2360.19,0,,No Dispute
INV-008573,CUST-0110,2024-09-26,2024-10-26,30,6761.58,0,,No Dispute
INV-008574,CUST-0110,2025-09-24,2025-10-24,30,2650.24,0,,No Dispute
INV-008575,CUST-0110,2025-04-12,2025-05-12,30,6297.69,0,,No Dispute
INV-008576,CUST-0111,2025-12-20,2026-02-18,60,11467.03,0,,No Dispute
INV-008577,CUST-0111,2024-11-13,2025-01-12,60,4320.35,0,,No Dispute
INV-008578,CUST-0111,2025-12-23,2026-02-21,60,6196.34,0,,No Dispute
INV-008579,CUST-0111,2024-05-31,2024-07-30,60,10413.01,0,,No Dispute
INV-008580,CUST-0111,2025-07-01,2025-08-30,60,5718.07,0,,No Dispute
INV-008581,CUST-0111,2024-01-25,2024-03-25,60,7082.07,0,,No Dispute
INV-008582,CUST-0111,2024-11-24,2025-01-23,60,8247.52,0,,No Dispute
INV-008583,CUST-0111,2024-07-01,2024-08-30,60,9140.4,0,,No Dispute
INV-008584,CUST-0111,2024-04-29,2024-06-28,60,2412.78,0,,No Dispute
INV-008585,CUST-0111,2025-11-26,2026-01-25,60,7064.87,0,,No Dispute
INV-008586,CUST-0111,2025-06-16,2025-08-15,60,11914.47,0,,No Dispute
INV-008587,CUST-0111,2025-07-09,2025-09-07,60,9121.12,0,,No Dispute
INV-008588,CUST-0111,2025-03-06,2025-05-05,60,7615.52,0,,No Dispute
INV-008589,CUST-0111,2024-03-11,2024-05-10,60,8317.18,0,,No Dispute
INV-008590,CUST-0111,2025-12-30,2026-02-28,60,11157.11,0,,No Dispute
INV-008591,CUST-0111,2025-11-09,2026-01-08,60,3000.01,0,,No Dispute
INV-008592,CUST-0111,2024-05-02,2024-07-01,60,2452.89,0,,No Dispute
INV-008593,CUST-0111,2024-08-18,2024-10-17,60,4551.93,0,,No Dispute
INV-008594,CUST-0111,2025-08-02,2025-10-01,60,2281.71,0,,No Dispute
INV-008595,CUST-0111,2025-09-17,2025-11-16,60,1510.78,0,,No Dispute
INV-008596,CUST-0111,2025-06-17,2025-08-16,60,3661.05,0,,No Dispute
INV-008597,CUST-0111,2024-01-23,2024-03-23,60,8397.92,0,,No Dispute
INV-008598,CUST-0111,2024-01-25,2024-03-25,60,3496.11,0,,No Dispute
INV-008599,CUST-0111,2025-01-10,2025-03-11,60,3202.48,0,,No Dispute
INV-008600,CUST-0111,2024-04-01,2024-05-31,60,2086.94,0,,No Dispute
INV-008601,CUST-0111,2024-05-05,2024-07-04,60,10836.44,0,,No Dispute
INV-008602,CUST-0111,2024-10-26,2024-12-25,60,3515.33,0,,No Dispute
INV-008603,CUST-0111,2025-07-05,2025-09-03,60,1630.85,0,,No Dispute
INV-008604,CUST-0111,2024-06-25,2024-08-24,60,3291.15,0,,No Dispute
INV-008605,CUST-0111,2024-10-22,2024-12-21,60,4026.7,0,,No Dispute
INV-008606,CUST-0111,2025-07-21,2025-09-19,60,10404.73,0,,No Dispute
INV-008607,CUST-0111,2025-11-24,2026-01-23,60,2042.2,0,,No Dispute
INV-008608,CUST-0111,2025-11-02,2026-01-01,60,11491.25,0,,No Dispute
INV-008609,CUST-0111,2024-01-08,2024-03-08,60,4951.15,0,,No Dispute
INV-008610,CUST-0111,2025-07-01,2025-08-30,60,3191.21,1,3.0,Resolved
INV-008611,CUST-0111,2024-09-05,2024-11-04,60,10112.47,0,,No Dispute
INV-008612,CUST-0111,2024-04-21,2024-06-20,60,10906.72,0,,No Dispute
INV-008613,CUST-0111,2024-09-20,2024-11-19,60,4470.62,0,,No Dispute
INV-008614,CUST-0111,2025-11-13,2026-01-12,60,7717.71,0,,No Dispute
INV-008615,CUST-0111,2025-10-19,2025-12-18,60,4801.92,0,,No Dispute
INV-008616,CUST-0111,2025-08-15,2025-10-14,60,10748.45,1,4.0,Open
INV-008617,CUST-0111,2024-05-22,2024-07-21,60,5856.5,1,5.0,Resolved
INV-008618,CUST-0111,2025-06-14,2025-08-13,60,2006.22,0,,No Dispute
INV-008619,CUST-0111,2024-01-07,2024-03-07,60,9654.92,1,2.0,Resolved
INV-008620,CUST-0111,2025-03-11,2025-05-10,60,6789.35,0,,No Dispute
INV-008621,CUST-0111,2024-04-01,2024-05-31,60,11862.22,0,,No Dispute
INV-008622,CUST-0111,2025-12-26,2026-02-24,60,4652.43,0,,No Dispute
INV-008623,CUST-0111,2024-07-30,2024-09-28,60,3935.78,0,,No Dispute
INV-008624,CUST-0111,2025-09-12,2025-11-11,60,5625.34,0,,No Dispute
INV-008625,CUST-0111,2025-06-20,2025-08-19,60,11425.7,0,,No Dispute
INV-008626,CUST-0111,2025-12-28,2026-02-26,60,7706.35,0,,No Dispute
INV-008627,CUST-0111,2024-12-23,2025-02-21,60,2324.84,0,,No Dispute
INV-008628,CUST-0111,2024-08-11,2024-10-10,60,8055.76,0,,No Dispute
INV-008629,CUST-0111,2024-06-01,2024-07-31,60,10162.21,0,,No Dispute
INV-008630,CUST-0111,2024-06-05,2024-08-04,60,9847.52,0,,No Dispute
INV-008631,CUST-0111,2024-12-06,2025-02-04,60,4088.81,0,,No Dispute
INV-008632,CUST-0111,2024-03-15,2024-05-14,60,2175.03,0,,No Dispute
INV-008633,CUST-0111,2025-06-12,2025-08-11,60,5302.03,0,,No Dispute
INV-008634,CUST-0111,2024-05-05,2024-07-04,60,7889.25,0,,No Dispute
INV-008635,CUST-0111,2024-03-31,2024-05-30,60,11378.52,0,,No Dispute
INV-008636,CUST-0111,2024-10-27,2024-12-26,60,4492.49,0,,No Dispute
INV-008637,CUST-0111,2024-02-17,2024-04-17,60,4151.92,0,,No Dispute
INV-008638,CUST-0111,2025-07-27,2025-09-25,60,4753.84,0,,No Dispute
INV-008639,CUST-0111,2025-04-15,2025-06-14,60,6321.37,0,,No Dispute
INV-008640,CUST-0111,2025-07-18,2025-09-16,60,4453.59,0,,No Dispute
INV-008641,CUST-0111,2025-07-18,2025-09-16,60,9982.41,0,,No Dispute
INV-008642,CUST-0111,2024-09-29,2024-11-28,60,11344.93,0,,No Dispute
INV-008643,CUST-0111,2024-02-15,2024-04-15,60,8726.39,0,,No Dispute
INV-008644,CUST-0111,2024-01-16,2024-03-16,60,6342.33,0,,No Dispute
INV-008645,CUST-0111,2024-07-02,2024-08-31,60,3985.24,0,,No Dispute
INV-008646,CUST-0111,2025-10-03,2025-12-02,60,3632.92,0,,No Dispute
INV-008647,CUST-0111,2024-09-24,2024-11-23,60,11809.31,0,,No Dispute
INV-008648,CUST-0111,2024-01-05,2024-03-05,60,9798.06,0,,No Dispute
INV-008649,CUST-0111,2024-06-26,2024-08-25,60,11204.95,1,3.0,Resolved
INV-008650,CUST-0111,2025-08-21,2025-10-20,60,4443.89,0,,No Dispute
INV-008651,CUST-0111,2024-05-22,2024-07-21,60,7096.85,1,1.0,Resolved
INV-008652,CUST-0111,2025-05-04,2025-07-03,60,11144.01,0,,No Dispute
INV-008653,CUST-0111,2025-11-21,2026-01-20,60,11024.79,0,,No Dispute
INV-008654,CUST-0111,2025-06-22,2025-08-21,60,5017.44,0,,No Dispute
INV-008655,CUST-0111,2024-04-26,2024-06-25,60,3007.0,0,,No Dispute
INV-008656,CUST-0111,2024-12-06,2025-02-04,60,4944.87,0,,No Dispute
INV-008657,CUST-0111,2024-07-17,2024-09-15,60,6425.76,0,,No Dispute
INV-008658,CUST-0111,2025-03-21,2025-05-20,60,6274.6,0,,No Dispute
INV-008659,CUST-0111,2024-02-16,2024-04-16,60,8173.19,0,,No Dispute
INV-008660,CUST-0111,2025-03-31,2025-05-30,60,9179.39,0,,No Dispute
INV-008661,CUST-0111,2024-08-07,2024-10-06,60,8311.32,0,,No Dispute
INV-008662,CUST-0111,2025-06-05,2025-08-04,60,6867.32,0,,No Dispute
INV-008663,CUST-0111,2025-06-06,2025-08-05,60,4678.15,1,2.0,Open
INV-008664,CUST-0111,2024-07-03,2024-09-01,60,1854.11,0,,No Dispute
INV-008665,CUST-0111,2025-02-02,2025-04-03,60,9096.19,0,,No Dispute
INV-008666,CUST-0111,2024-01-11,2024-03-11,60,2111.47,0,,No Dispute
INV-008667,CUST-0111,2025-08-14,2025-10-13,60,7758.62,0,,No Dispute
INV-008668,CUST-0111,2025-09-08,2025-11-07,60,4567.8,0,,No Dispute
INV-008669,CUST-0111,2025-12-22,2026-02-20,60,1823.89,0,,No Dispute
INV-008670,CUST-0111,2024-11-18,2025-01-17,60,9100.74,0,,No Dispute
INV-008671,CUST-0111,2024-01-14,2024-03-14,60,2540.14,0,,No Dispute
INV-008672,CUST-0111,2024-07-27,2024-09-25,60,7125.42,0,,No Dispute
INV-008673,CUST-0111,2025-08-29,2025-10-28,60,3944.46,0,,No Dispute
INV-008674,CUST-0111,2025-01-24,2025-03-25,60,1630.2,0,,No Dispute
INV-008675,CUST-0111,2025-08-29,2025-10-28,60,2287.22,0,,No Dispute
INV-008676,CUST-0112,2025-12-17,2026-01-31,45,9755.11,0,,No Dispute
INV-008677,CUST-0112,2025-03-03,2025-04-17,45,2345.13,0,,No Dispute
INV-008678,CUST-0112,2025-09-17,2025-11-01,45,6081.41,0,,No Dispute
INV-008679,CUST-0112,2025-10-07,2025-11-21,45,9368.09,0,,No Dispute
INV-008680,CUST-0112,2025-12-21,2026-02-04,45,6656.91,0,,No Dispute
INV-008681,CUST-0112,2025-09-22,2025-11-06,45,3157.58,0,,No Dispute
INV-008682,CUST-0112,2025-12-21,2026-02-04,45,8752.65,0,,No Dispute
INV-008683,CUST-0112,2025-12-22,2026-02-05,45,2836.39,0,,No Dispute
INV-008684,CUST-0112,2025-05-19,2025-07-03,45,10988.86,0,,No Dispute
INV-008685,CUST-0112,2025-08-06,2025-09-20,45,6726.11,0,,No Dispute
INV-008686,CUST-0112,2024-05-13,2024-06-27,45,9630.17,0,,No Dispute
INV-008687,CUST-0112,2024-08-09,2024-09-23,45,5259.8,0,,No Dispute
INV-008688,CUST-0112,2024-12-21,2025-02-04,45,3069.95,0,,No Dispute
INV-008689,CUST-0112,2024-11-13,2024-12-28,45,2678.68,0,,No Dispute
INV-008690,CUST-0112,2024-01-19,2024-03-04,45,9538.28,0,,No Dispute
INV-008691,CUST-0112,2025-01-07,2025-02-21,45,11342.03,0,,No Dispute
INV-008692,CUST-0112,2024-04-21,2024-06-05,45,3866.95,0,,No Dispute
INV-008693,CUST-0112,2025-05-02,2025-06-16,45,9285.61,1,5.0,Resolved
INV-008694,CUST-0112,2024-06-01,2024-07-16,45,9052.2,0,,No Dispute
INV-008695,CUST-0112,2025-08-25,2025-10-09,45,2724.89,0,,No Dispute
INV-008696,CUST-0112,2025-08-18,2025-10-02,45,11916.56,0,,No Dispute
INV-008697,CUST-0112,2025-02-02,2025-03-19,45,10484.82,0,,No Dispute
INV-008698,CUST-0112,2025-05-13,2025-06-27,45,8432.63,0,,No Dispute
INV-008699,CUST-0112,2024-04-02,2024-05-17,45,9080.25,0,,No Dispute
INV-008700,CUST-0112,2024-06-27,2024-08-11,45,8987.5,0,,No Dispute
INV-008701,CUST-0112,2024-08-29,2024-10-13,45,3660.61,0,,No Dispute
INV-008702,CUST-0112,2025-08-26,2025-10-10,45,9259.7,0,,No Dispute
INV-008703,CUST-0112,2025-03-01,2025-04-15,45,11331.59,0,,No Dispute
INV-008704,CUST-0112,2025-10-31,2025-12-15,45,7140.92,0,,No Dispute
INV-008705,CUST-0112,2024-03-20,2024-05-04,45,4851.98,0,,No Dispute
INV-008706,CUST-0112,2025-03-02,2025-04-16,45,9362.05,0,,No Dispute
INV-008707,CUST-0112,2025-03-29,2025-05-13,45,4253.99,0,,No Dispute
INV-008708,CUST-0112,2024-03-22,2024-05-06,45,3290.86,0,,No Dispute
INV-008709,CUST-0112,2025-10-14,2025-11-28,45,4703.55,0,,No Dispute
INV-008710,CUST-0112,2025-12-01,2026-01-15,45,3625.3,0,,No Dispute
INV-008711,CUST-0112,2024-11-02,2024-12-17,45,4791.55,1,2.0,Resolved
INV-008712,CUST-0112,2025-11-17,2026-01-01,45,11894.58,0,,No Dispute
INV-008713,CUST-0112,2025-08-14,2025-09-28,45,6937.92,0,,No Dispute
INV-008714,CUST-0112,2025-10-02,2025-11-16,45,11930.62,0,,No Dispute
INV-008715,CUST-0112,2025-05-27,2025-07-11,45,4707.54,1,5.0,Resolved
INV-008716,CUST-0112,2024-08-29,2024-10-13,45,8080.46,0,,No Dispute
INV-008717,CUST-0112,2025-10-08,2025-11-22,45,8386.72,0,,No Dispute
INV-008718,CUST-0112,2025-03-27,2025-05-11,45,11404.32,0,,No Dispute
INV-008719,CUST-0112,2025-05-02,2025-06-16,45,6626.02,0,,No Dispute
INV-008720,CUST-0112,2025-12-14,2026-01-28,45,4502.57,1,4.0,Resolved
INV-008721,CUST-0112,2025-04-22,2025-06-06,45,11411.67,0,,No Dispute
INV-008722,CUST-0112,2024-01-11,2024-02-25,45,11406.24,0,,No Dispute
INV-008723,CUST-0112,2024-12-14,2025-01-28,45,10004.46,0,,No Dispute
INV-008724,CUST-0112,2024-10-30,2024-12-14,45,9743.39,0,,No Dispute
INV-008725,CUST-0112,2025-05-01,2025-06-15,45,10524.91,0,,No Dispute
INV-008726,CUST-0112,2025-04-07,2025-05-22,45,6756.62,0,,No Dispute
INV-008727,CUST-0112,2025-01-18,2025-03-04,45,2085.31,0,,No Dispute
INV-008728,CUST-0112,2025-12-14,2026-01-28,45,11883.06,0,,No Dispute
INV-008729,CUST-0112,2024-12-08,2025-01-22,45,3830.04,0,,No Dispute
INV-008730,CUST-0112,2025-01-07,2025-02-21,45,5083.41,1,1.0,Resolved
INV-008731,CUST-0112,2024-11-30,2025-01-14,45,9887.03,0,,No Dispute
INV-008732,CUST-0112,2025-11-24,2026-01-08,45,3489.43,0,,No Dispute
INV-008733,CUST-0112,2024-12-09,2025-01-23,45,10926.5,0,,No Dispute
INV-008734,CUST-0112,2025-04-27,2025-06-11,45,10250.78,0,,No Dispute
INV-008735,CUST-0112,2025-04-20,2025-06-04,45,5018.51,0,,No Dispute
INV-008736,CUST-0112,2025-10-10,2025-11-24,45,10386.62,0,,No Dispute
INV-008737,CUST-0112,2025-12-09,2026-01-23,45,5684.75,0,,No Dispute
INV-008738,CUST-0112,2025-07-23,2025-09-06,45,10895.66,0,,No Dispute
INV-008739,CUST-0112,2024-08-13,2024-09-27,45,9138.98,0,,No Dispute
INV-008740,CUST-0112,2024-04-14,2024-05-29,45,9883.64,0,,No Dispute
INV-008741,CUST-0112,2024-02-18,2024-04-03,45,5328.75,0,,No Dispute
INV-008742,CUST-0112,2024-01-19,2024-03-04,45,9726.49,0,,No Dispute
INV-008743,CUST-0112,2025-02-09,2025-03-26,45,8844.8,0,,No Dispute
INV-008744,CUST-0112,2024-04-09,2024-05-24,45,10415.37,0,,No Dispute
INV-008745,CUST-0112,2025-11-22,2026-01-06,45,9948.7,0,,No Dispute
INV-008746,CUST-0112,2025-06-25,2025-08-09,45,3680.87,0,,No Dispute
INV-008747,CUST-0112,2024-07-29,2024-09-12,45,5304.83,0,,No Dispute
INV-008748,CUST-0112,2025-04-12,2025-05-27,45,9703.21,0,,No Dispute
INV-008749,CUST-0112,2024-04-21,2024-06-05,45,6577.24,0,,No Dispute
INV-008750,CUST-0112,2025-11-18,2026-01-02,45,4096.68,0,,No Dispute
INV-008751,CUST-0112,2024-03-25,2024-05-09,45,5211.2,0,,No Dispute
INV-008752,CUST-0112,2025-12-20,2026-02-03,45,4124.16,0,,No Dispute
INV-008753,CUST-0112,2025-07-24,2025-09-07,45,10686.11,0,,No Dispute
INV-008754,CUST-0112,2025-08-02,2025-09-16,45,9452.64,0,,No Dispute
INV-008755,CUST-0112,2025-01-06,2025-02-20,45,3836.18,0,,No Dispute
INV-008756,CUST-0112,2024-10-09,2024-11-23,45,10425.7,0,,No Dispute
INV-008757,CUST-0112,2025-02-01,2025-03-18,45,2966.75,0,,No Dispute
INV-008758,CUST-0113,2024-01-02,2024-02-01,30,11705.2,0,,No Dispute
INV-008759,CUST-0113,2025-02-06,2025-03-08,30,1743.52,0,,No Dispute
INV-008760,CUST-0113,2024-12-19,2025-01-18,30,10604.26,0,,No Dispute
INV-008761,CUST-0113,2024-10-26,2024-11-25,30,8368.66,0,,No Dispute
INV-008762,CUST-0113,2024-06-08,2024-07-08,30,5874.35,0,,No Dispute
INV-008763,CUST-0113,2025-03-20,2025-04-19,30,1858.29,0,,No Dispute
INV-008764,CUST-0113,2024-10-16,2024-11-15,30,5457.73,0,,No Dispute
INV-008765,CUST-0113,2024-09-26,2024-10-26,30,8470.37,0,,No Dispute
INV-008766,CUST-0113,2024-01-11,2024-02-10,30,4431.08,0,,No Dispute
INV-008767,CUST-0113,2025-02-02,2025-03-04,30,8325.33,0,,No Dispute
INV-008768,CUST-0113,2025-05-19,2025-06-18,30,1786.27,0,,No Dispute
INV-008769,CUST-0113,2024-08-26,2024-09-25,30,8905.14,0,,No Dispute
INV-008770,CUST-0113,2025-12-01,2025-12-31,30,3038.3,0,,No Dispute
INV-008771,CUST-0113,2025-09-10,2025-10-10,30,7008.68,1,1.0,Resolved
INV-008772,CUST-0113,2024-07-01,2024-07-31,30,2784.6,0,,No Dispute
INV-008773,CUST-0113,2024-10-06,2024-11-05,30,8502.98,0,,No Dispute
INV-008774,CUST-0113,2024-11-15,2024-12-15,30,7591.45,0,,No Dispute
INV-008775,CUST-0113,2025-09-09,2025-10-09,30,9057.42,0,,No Dispute
INV-008776,CUST-0113,2024-11-30,2024-12-30,30,8853.65,0,,No Dispute
INV-008777,CUST-0113,2025-10-27,2025-11-26,30,5350.92,0,,No Dispute
INV-008778,CUST-0113,2024-04-15,2024-05-15,30,5066.18,0,,No Dispute
INV-008779,CUST-0113,2024-04-26,2024-05-26,30,9491.3,0,,No Dispute
INV-008780,CUST-0113,2024-01-12,2024-02-11,30,8827.7,0,,No Dispute
INV-008781,CUST-0113,2025-09-03,2025-10-03,30,2294.71,0,,No Dispute
INV-008782,CUST-0113,2025-01-20,2025-02-19,30,4186.27,0,,No Dispute
INV-008783,CUST-0113,2025-01-28,2025-02-27,30,8834.57,0,,No Dispute
INV-008784,CUST-0113,2024-12-23,2025-01-22,30,11644.75,0,,No Dispute
INV-008785,CUST-0113,2025-05-10,2025-06-09,30,10283.24,0,,No Dispute
INV-008786,CUST-0113,2025-05-14,2025-06-13,30,3862.59,0,,No Dispute
INV-008787,CUST-0113,2025-09-28,2025-10-28,30,11743.43,0,,No Dispute
INV-008788,CUST-0113,2024-05-14,2024-06-13,30,8797.87,0,,No Dispute
INV-008789,CUST-0113,2025-01-16,2025-02-15,30,7702.42,0,,No Dispute
INV-008790,CUST-0113,2024-08-04,2024-09-03,30,3392.67,0,,No Dispute
INV-008791,CUST-0113,2025-02-20,2025-03-22,30,2628.19,0,,No Dispute
INV-008792,CUST-0113,2024-06-06,2024-07-06,30,7727.45,0,,No Dispute
INV-008793,CUST-0113,2024-01-18,2024-02-17,30,6017.6,0,,No Dispute
INV-008794,CUST-0113,2025-11-29,2025-12-29,30,10181.32,0,,No Dispute
INV-008795,CUST-0113,2024-05-04,2024-06-03,30,3300.17,0,,No Dispute
INV-008796,CUST-0113,2024-07-09,2024-08-08,30,2491.8,0,,No Dispute
INV-008797,CUST-0113,2025-07-21,2025-08-20,30,8846.04,0,,No Dispute
INV-008798,CUST-0113,2024-01-04,2024-02-03,30,5615.8,0,,No Dispute
INV-008799,CUST-0113,2024-09-27,2024-10-27,30,5562.49,0,,No Dispute
INV-008800,CUST-0113,2025-02-15,2025-03-17,30,10791.15,0,,No Dispute
INV-008801,CUST-0113,2025-11-24,2025-12-24,30,2116.4,0,,No Dispute
INV-008802,CUST-0113,2025-11-17,2025-12-17,30,11743.53,0,,No Dispute
INV-008803,CUST-0113,2024-05-01,2024-05-31,30,11486.65,0,,No Dispute
INV-008804,CUST-0113,2024-09-07,2024-10-07,30,6736.79,0,,No Dispute
INV-008805,CUST-0113,2025-04-30,2025-05-30,30,10931.46,0,,No Dispute
INV-008806,CUST-0113,2025-04-25,2025-05-25,30,3460.34,0,,No Dispute
INV-008807,CUST-0113,2025-12-11,2026-01-10,30,9513.3,0,,No Dispute
INV-008808,CUST-0113,2024-07-14,2024-08-13,30,8903.78,0,,No Dispute
INV-008809,CUST-0113,2024-04-18,2024-05-18,30,2279.91,0,,No Dispute
INV-008810,CUST-0113,2025-05-06,2025-06-05,30,11490.81,0,,No Dispute
INV-008811,CUST-0113,2025-01-19,2025-02-18,30,6659.54,0,,No Dispute
INV-008812,CUST-0113,2024-03-03,2024-04-02,30,9723.03,0,,No Dispute
INV-008813,CUST-0113,2025-02-25,2025-03-27,30,4103.62,0,,No Dispute
INV-008814,CUST-0113,2025-04-13,2025-05-13,30,10265.75,0,,No Dispute
INV-008815,CUST-0113,2024-02-17,2024-03-18,30,9149.28,0,,No Dispute
INV-008816,CUST-0113,2025-07-18,2025-08-17,30,9389.73,0,,No Dispute
INV-008817,CUST-0113,2024-01-14,2024-02-13,30,9032.11,0,,No Dispute
INV-008818,CUST-0113,2025-04-25,2025-05-25,30,3713.19,0,,No Dispute
INV-008819,CUST-0113,2024-10-07,2024-11-06,30,8200.05,0,,No Dispute
INV-008820,CUST-0113,2024-06-15,2024-07-15,30,6806.57,0,,No Dispute
INV-008821,CUST-0113,2024-08-25,2024-09-24,30,7150.12,0,,No Dispute
INV-008822,CUST-0113,2025-09-30,2025-10-30,30,9141.35,0,,No Dispute
INV-008823,CUST-0113,2025-09-15,2025-10-15,30,5931.03,0,,No Dispute
INV-008824,CUST-0113,2024-11-22,2024-12-22,30,6793.61,0,,No Dispute
INV-008825,CUST-0113,2025-10-20,2025-11-19,30,9998.63,0,,No Dispute
INV-008826,CUST-0113,2024-12-05,2025-01-04,30,11700.15,0,,No Dispute
INV-008827,CUST-0113,2024-06-25,2024-07-25,30,3912.96,0,,No Dispute
INV-008828,CUST-0113,2024-10-19,2024-11-18,30,5743.39,0,,No Dispute
INV-008829,CUST-0113,2025-04-27,2025-05-27,30,5283.37,0,,No Dispute
INV-008830,CUST-0113,2024-07-19,2024-08-18,30,8218.41,0,,No Dispute
INV-008831,CUST-0113,2025-06-28,2025-07-28,30,6382.95,0,,No Dispute
INV-008832,CUST-0113,2024-04-04,2024-05-04,30,1525.35,0,,No Dispute
INV-008833,CUST-0113,2024-04-04,2024-05-04,30,11714.43,0,,No Dispute
INV-008834,CUST-0113,2024-09-30,2024-10-30,30,5496.26,0,,No Dispute
INV-008835,CUST-0113,2025-08-01,2025-08-31,30,9711.46,0,,No Dispute
INV-008836,CUST-0113,2024-01-02,2024-02-01,30,11406.44,0,,No Dispute
INV-008837,CUST-0114,2024-12-13,2025-01-27,45,7686.82,0,,No Dispute
INV-008838,CUST-0114,2025-07-02,2025-08-16,45,10991.63,0,,No Dispute
INV-008839,CUST-0114,2025-04-16,2025-05-31,45,2521.33,0,,No Dispute
INV-008840,CUST-0114,2025-05-21,2025-07-05,45,9215.72,0,,No Dispute
INV-008841,CUST-0114,2024-06-29,2024-08-13,45,7655.09,0,,No Dispute
INV-008842,CUST-0114,2024-02-15,2024-03-31,45,10874.8,0,,No Dispute
INV-008843,CUST-0114,2025-12-10,2026-01-24,45,10781.75,0,,No Dispute
INV-008844,CUST-0114,2025-03-20,2025-05-04,45,1533.91,0,,No Dispute
INV-008845,CUST-0114,2025-12-05,2026-01-19,45,3327.75,0,,No Dispute
INV-008846,CUST-0114,2024-09-14,2024-10-29,45,11765.28,0,,No Dispute
INV-008847,CUST-0114,2025-03-02,2025-04-16,45,11101.4,0,,No Dispute
INV-008848,CUST-0114,2024-01-17,2024-03-02,45,10803.99,0,,No Dispute
INV-008849,CUST-0114,2024-08-24,2024-10-08,45,9618.25,0,,No Dispute
INV-008850,CUST-0114,2025-04-11,2025-05-26,45,5041.34,0,,No Dispute
INV-008851,CUST-0114,2025-10-24,2025-12-08,45,6942.88,0,,No Dispute
INV-008852,CUST-0114,2025-09-04,2025-10-19,45,7236.16,0,,No Dispute
INV-008853,CUST-0114,2025-10-10,2025-11-24,45,9272.12,0,,No Dispute
INV-008854,CUST-0114,2025-07-22,2025-09-05,45,3164.25,0,,No Dispute
INV-008855,CUST-0114,2024-02-26,2024-04-11,45,5448.12,0,,No Dispute
INV-008856,CUST-0114,2024-03-12,2024-04-26,45,6419.49,0,,No Dispute
INV-008857,CUST-0114,2025-07-01,2025-08-15,45,9080.69,0,,No Dispute
INV-008858,CUST-0114,2025-08-25,2025-10-09,45,9179.29,0,,No Dispute
INV-008859,CUST-0114,2024-06-20,2024-08-04,45,1725.53,0,,No Dispute
INV-008860,CUST-0114,2024-01-12,2024-02-26,45,9083.33,0,,No Dispute
INV-008861,CUST-0114,2024-01-22,2024-03-07,45,10392.72,0,,No Dispute
INV-008862,CUST-0114,2025-09-28,2025-11-12,45,8250.33,0,,No Dispute
INV-008863,CUST-0114,2025-02-18,2025-04-04,45,1549.42,1,1.0,Open
INV-008864,CUST-0114,2024-02-05,2024-03-21,45,5213.17,0,,No Dispute
INV-008865,CUST-0114,2024-09-20,2024-11-04,45,2649.91,0,,No Dispute
INV-008866,CUST-0114,2025-05-25,2025-07-09,45,7052.62,0,,No Dispute
INV-008867,CUST-0114,2024-07-02,2024-08-16,45,9220.34,0,,No Dispute
INV-008868,CUST-0114,2024-07-20,2024-09-03,45,11137.25,0,,No Dispute
INV-008869,CUST-0114,2024-05-02,2024-06-16,45,2946.02,0,,No Dispute
INV-008870,CUST-0114,2024-08-28,2024-10-12,45,10703.82,0,,No Dispute
INV-008871,CUST-0114,2025-07-25,2025-09-08,45,5466.19,0,,No Dispute
INV-008872,CUST-0114,2024-08-13,2024-09-27,45,9691.6,0,,No Dispute
INV-008873,CUST-0114,2025-04-18,2025-06-02,45,9684.76,0,,No Dispute
INV-008874,CUST-0114,2024-04-11,2024-05-26,45,8108.48,0,,No Dispute
INV-008875,CUST-0114,2025-11-08,2025-12-23,45,8292.78,0,,No Dispute
INV-008876,CUST-0114,2025-07-06,2025-08-20,45,8150.14,0,,No Dispute
INV-008877,CUST-0114,2025-08-19,2025-10-03,45,7946.35,0,,No Dispute
INV-008878,CUST-0114,2025-01-13,2025-02-27,45,7854.81,0,,No Dispute
INV-008879,CUST-0114,2024-06-26,2024-08-10,45,11489.73,0,,No Dispute
INV-008880,CUST-0114,2024-06-22,2024-08-06,45,7027.16,0,,No Dispute
INV-008881,CUST-0114,2025-08-16,2025-09-30,45,3337.27,0,,No Dispute
INV-008882,CUST-0114,2025-01-20,2025-03-06,45,7806.68,0,,No Dispute
INV-008883,CUST-0114,2024-11-22,2025-01-06,45,9753.96,0,,No Dispute
INV-008884,CUST-0114,2025-12-24,2026-02-07,45,10916.37,0,,No Dispute
INV-008885,CUST-0114,2025-02-11,2025-03-28,45,4636.34,0,,No Dispute
INV-008886,CUST-0114,2025-06-11,2025-07-26,45,11360.88,0,,No Dispute
INV-008887,CUST-0114,2025-07-17,2025-08-31,45,2438.66,0,,No Dispute
INV-008888,CUST-0114,2024-08-09,2024-09-23,45,10540.14,0,,No Dispute
INV-008889,CUST-0114,2025-09-04,2025-10-19,45,3348.17,0,,No Dispute
INV-008890,CUST-0114,2025-10-13,2025-11-27,45,10548.68,0,,No Dispute
INV-008891,CUST-0114,2024-10-27,2024-12-11,45,9039.81,0,,No Dispute
INV-008892,CUST-0114,2024-08-01,2024-09-15,45,11369.08,0,,No Dispute
INV-008893,CUST-0114,2025-09-26,2025-11-10,45,2388.42,0,,No Dispute
INV-008894,CUST-0114,2025-05-19,2025-07-03,45,3440.24,0,,No Dispute
INV-008895,CUST-0114,2025-11-07,2025-12-22,45,7209.66,0,,No Dispute
INV-008896,CUST-0114,2024-10-24,2024-12-08,45,2550.1,0,,No Dispute
INV-008897,CUST-0114,2025-05-22,2025-07-06,45,5233.76,0,,No Dispute
INV-008898,CUST-0114,2025-05-18,2025-07-02,45,7758.28,0,,No Dispute
INV-008899,CUST-0114,2024-04-21,2024-06-05,45,3994.84,0,,No Dispute
INV-008900,CUST-0114,2024-01-25,2024-03-10,45,11217.17,0,,No Dispute
INV-008901,CUST-0114,2024-02-28,2024-04-13,45,7516.05,0,,No Dispute
INV-008902,CUST-0114,2024-02-07,2024-03-23,45,11675.63,0,,No Dispute
INV-008903,CUST-0114,2025-11-02,2025-12-17,45,4611.25,0,,No Dispute
INV-008904,CUST-0114,2025-11-26,2026-01-10,45,2339.53,0,,No Dispute
INV-008905,CUST-0114,2024-10-14,2024-11-28,45,3916.25,0,,No Dispute
INV-008906,CUST-0114,2025-05-21,2025-07-05,45,2012.83,1,1.0,Resolved
INV-008907,CUST-0114,2025-06-02,2025-07-17,45,8834.18,0,,No Dispute
INV-008908,CUST-0114,2025-12-27,2026-02-10,45,8173.21,0,,No Dispute
INV-008909,CUST-0114,2024-02-25,2024-04-10,45,4123.02,0,,No Dispute
INV-008910,CUST-0114,2024-05-03,2024-06-17,45,4408.75,0,,No Dispute
INV-008911,CUST-0114,2025-03-30,2025-05-14,45,3272.38,0,,No Dispute
INV-008912,CUST-0114,2024-08-05,2024-09-19,45,11447.99,0,,No Dispute
INV-008913,CUST-0114,2024-01-22,2024-03-07,45,7684.88,0,,No Dispute
INV-008914,CUST-0114,2025-12-22,2026-02-05,45,2917.42,0,,No Dispute
INV-008915,CUST-0114,2025-11-27,2026-01-11,45,1958.23,0,,No Dispute
INV-008916,CUST-0114,2025-09-05,2025-10-20,45,10002.74,0,,No Dispute
INV-008917,CUST-0114,2025-08-30,2025-10-14,45,9172.57,0,,No Dispute
INV-008918,CUST-0114,2024-01-23,2024-03-08,45,6966.77,1,3.0,Resolved
INV-008919,CUST-0114,2024-10-06,2024-11-20,45,9646.0,0,,No Dispute
INV-008920,CUST-0114,2024-11-29,2025-01-13,45,9165.19,0,,No Dispute
INV-008921,CUST-0114,2025-09-18,2025-11-02,45,11977.08,0,,No Dispute
INV-008922,CUST-0114,2025-09-30,2025-11-14,45,6196.53,0,,No Dispute
INV-008923,CUST-0114,2024-11-20,2025-01-04,45,2545.79,0,,No Dispute
INV-008924,CUST-0114,2025-06-07,2025-07-22,45,10965.93,0,,No Dispute
INV-008925,CUST-0114,2024-08-31,2024-10-15,45,6504.25,0,,No Dispute
INV-008926,CUST-0114,2024-12-18,2025-02-01,45,11650.25,1,3.0,Resolved
INV-008927,CUST-0114,2025-11-25,2026-01-09,45,8786.48,0,,No Dispute
INV-008928,CUST-0114,2024-01-01,2024-02-15,45,10898.15,0,,No Dispute
INV-008929,CUST-0114,2024-06-29,2024-08-13,45,4792.33,0,,No Dispute
INV-008930,CUST-0114,2025-10-16,2025-11-30,45,11820.12,0,,No Dispute
INV-008931,CUST-0114,2024-07-21,2024-09-04,45,3460.51,1,1.0,Resolved
INV-008932,CUST-0114,2024-10-27,2024-12-11,45,4275.26,0,,No Dispute
INV-008933,CUST-0115,2025-10-23,2025-12-07,45,3124.07,0,,No Dispute
INV-008934,CUST-0115,2025-05-18,2025-07-02,45,2802.02,0,,No Dispute
INV-008935,CUST-0115,2024-01-18,2024-03-03,45,1148.0,0,,No Dispute
INV-008936,CUST-0115,2025-01-22,2025-03-08,45,2758.02,0,,No Dispute
INV-008937,CUST-0115,2025-10-14,2025-11-28,45,1221.81,0,,No Dispute
INV-008938,CUST-0115,2025-11-26,2026-01-10,45,2684.12,0,,No Dispute
INV-008939,CUST-0115,2024-03-03,2024-04-17,45,2489.64,0,,No Dispute
INV-008940,CUST-0115,2024-07-31,2024-09-14,45,2370.36,1,2.0,Open
INV-008941,CUST-0115,2024-05-02,2024-06-16,45,505.46,0,,No Dispute
INV-008942,CUST-0115,2024-10-14,2024-11-28,45,2075.82,0,,No Dispute
INV-008943,CUST-0115,2024-08-16,2024-09-30,45,2353.72,0,,No Dispute
INV-008944,CUST-0115,2024-02-01,2024-03-17,45,3432.34,1,4.0,Open
INV-008945,CUST-0115,2025-08-13,2025-09-27,45,1292.54,0,,No Dispute
INV-008946,CUST-0115,2024-03-03,2024-04-17,45,1124.5,1,3.0,Resolved
INV-008947,CUST-0115,2025-04-29,2025-06-13,45,3332.38,0,,No Dispute
INV-008948,CUST-0115,2025-07-14,2025-08-28,45,2196.72,0,,No Dispute
INV-008949,CUST-0115,2024-03-23,2024-05-07,45,2400.7,0,,No Dispute
INV-008950,CUST-0115,2024-10-02,2024-11-16,45,1837.44,1,5.0,Resolved
INV-008951,CUST-0115,2025-04-01,2025-05-16,45,3060.2,1,4.0,Resolved
INV-008952,CUST-0115,2024-04-13,2024-05-28,45,2807.53,0,,No Dispute
INV-008953,CUST-0115,2025-06-10,2025-07-25,45,2938.18,0,,No Dispute
INV-008954,CUST-0115,2024-07-04,2024-08-18,45,3667.53,0,,No Dispute
INV-008955,CUST-0115,2025-11-23,2026-01-07,45,2587.65,0,,No Dispute
INV-008956,CUST-0115,2025-02-18,2025-04-04,45,3288.87,0,,No Dispute
INV-008957,CUST-0115,2025-07-12,2025-08-26,45,953.01,0,,No Dispute
INV-008958,CUST-0115,2024-01-08,2024-02-22,45,1070.27,0,,No Dispute
INV-008959,CUST-0115,2024-08-05,2024-09-19,45,1573.42,0,,No Dispute
INV-008960,CUST-0115,2025-03-09,2025-04-23,45,3582.46,1,4.0,Resolved
INV-008961,CUST-0115,2025-12-10,2026-01-24,45,1439.98,0,,No Dispute
INV-008962,CUST-0115,2024-05-27,2024-07-11,45,1779.7,0,,No Dispute
INV-008963,CUST-0115,2024-10-05,2024-11-19,45,1395.3,1,3.0,Resolved
INV-008964,CUST-0115,2024-12-28,2025-02-11,45,2234.01,0,,No Dispute
INV-008965,CUST-0115,2025-12-04,2026-01-18,45,3348.93,0,,No Dispute
INV-008966,CUST-0115,2024-07-07,2024-08-21,45,520.85,0,,No Dispute
INV-008967,CUST-0115,2025-02-02,2025-03-19,45,679.12,0,,No Dispute
INV-008968,CUST-0115,2024-01-11,2024-02-25,45,714.34,0,,No Dispute
INV-008969,CUST-0115,2025-10-04,2025-11-18,45,3804.67,0,,No Dispute
INV-008970,CUST-0115,2024-06-21,2024-08-05,45,1009.99,0,,No Dispute
INV-008971,CUST-0115,2024-06-27,2024-08-11,45,2275.87,1,2.0,Open
INV-008972,CUST-0115,2025-01-24,2025-03-10,45,529.45,1,4.0,Open
INV-008973,CUST-0115,2024-02-18,2024-04-03,45,3317.5,0,,No Dispute
INV-008974,CUST-0115,2024-11-09,2024-12-24,45,735.57,1,2.0,Resolved
INV-008975,CUST-0115,2025-08-25,2025-10-09,45,3449.11,0,,No Dispute
INV-008976,CUST-0115,2025-05-25,2025-07-09,45,1425.82,0,,No Dispute
INV-008977,CUST-0115,2025-07-30,2025-09-13,45,1101.69,0,,No Dispute
INV-008978,CUST-0115,2025-10-18,2025-12-02,45,1841.56,0,,No Dispute
INV-008979,CUST-0116,2024-12-30,2025-01-29,30,2027.3,0,,No Dispute
INV-008980,CUST-0116,2025-08-27,2025-09-26,30,1755.6,0,,No Dispute
INV-008981,CUST-0116,2024-05-12,2024-06-11,30,1286.27,0,,No Dispute
INV-008982,CUST-0116,2024-06-10,2024-07-10,30,818.08,0,,No Dispute
INV-008983,CUST-0116,2024-04-01,2024-05-01,30,2750.19,0,,No Dispute
INV-008984,CUST-0116,2025-11-26,2025-12-26,30,1661.83,0,,No Dispute
INV-008985,CUST-0116,2024-05-12,2024-06-11,30,3063.04,0,,No Dispute
INV-008986,CUST-0116,2025-05-20,2025-06-19,30,3862.66,1,3.0,Open
INV-008987,CUST-0116,2024-11-04,2024-12-04,30,2018.47,1,4.0,Resolved
INV-008988,CUST-0116,2025-05-01,2025-05-31,30,3335.28,0,,No Dispute
INV-008989,CUST-0116,2025-04-03,2025-05-03,30,628.53,0,,No Dispute
INV-008990,CUST-0116,2025-07-08,2025-08-07,30,2240.77,0,,No Dispute
INV-008991,CUST-0116,2024-09-25,2024-10-25,30,3242.26,0,,No Dispute
INV-008992,CUST-0116,2025-09-11,2025-10-11,30,2973.82,0,,No Dispute
INV-008993,CUST-0116,2025-12-07,2026-01-06,30,544.45,0,,No Dispute
INV-008994,CUST-0116,2025-07-13,2025-08-12,30,3019.43,0,,No Dispute
INV-008995,CUST-0116,2025-01-27,2025-02-26,30,3224.66,0,,No Dispute
INV-008996,CUST-0116,2024-11-11,2024-12-11,30,1394.53,0,,No Dispute
INV-008997,CUST-0116,2024-08-23,2024-09-22,30,2899.74,0,,No Dispute
INV-008998,CUST-0116,2025-10-17,2025-11-16,30,2274.68,0,,No Dispute
INV-008999,CUST-0116,2025-03-26,2025-04-25,30,872.82,0,,No Dispute
INV-009000,CUST-0116,2025-06-19,2025-07-19,30,3942.8,0,,No Dispute
INV-009001,CUST-0116,2025-09-07,2025-10-07,30,2607.56,0,,No Dispute
INV-009002,CUST-0117,2024-08-03,2024-10-02,60,5449.97,0,,No Dispute
INV-009003,CUST-0117,2024-11-06,2025-01-05,60,5776.84,0,,No Dispute
INV-009004,CUST-0117,2024-09-27,2024-11-26,60,5498.65,0,,No Dispute
INV-009005,CUST-0117,2025-02-27,2025-04-28,60,8277.81,0,,No Dispute
INV-009006,CUST-0117,2024-11-10,2025-01-09,60,2099.71,0,,No Dispute
INV-009007,CUST-0117,2025-11-03,2026-01-02,60,11183.83,0,,No Dispute
INV-009008,CUST-0117,2025-10-10,2025-12-09,60,11936.26,0,,No Dispute
INV-009009,CUST-0117,2024-06-17,2024-08-16,60,11692.02,1,3.0,Resolved
INV-009010,CUST-0117,2025-09-10,2025-11-09,60,5385.39,0,,No Dispute
INV-009011,CUST-0117,2025-11-08,2026-01-07,60,10866.84,0,,No Dispute
INV-009012,CUST-0117,2025-03-18,2025-05-17,60,8097.41,1,2.0,Resolved
INV-009013,CUST-0117,2024-01-21,2024-03-21,60,4271.44,0,,No Dispute
INV-009014,CUST-0117,2025-07-17,2025-09-15,60,6901.77,0,,No Dispute
INV-009015,CUST-0117,2025-07-28,2025-09-26,60,11072.47,0,,No Dispute
INV-009016,CUST-0117,2024-02-24,2024-04-24,60,5105.11,0,,No Dispute
INV-009017,CUST-0117,2024-04-03,2024-06-02,60,10928.53,0,,No Dispute
INV-009018,CUST-0117,2024-12-30,2025-02-28,60,6558.9,0,,No Dispute
INV-009019,CUST-0117,2024-03-11,2024-05-10,60,6411.88,1,5.0,Resolved
INV-009020,CUST-0117,2025-12-09,2026-02-07,60,11910.73,0,,No Dispute
INV-009021,CUST-0117,2024-04-14,2024-06-13,60,8183.68,0,,No Dispute
INV-009022,CUST-0117,2024-03-16,2024-05-15,60,9316.08,0,,No Dispute
INV-009023,CUST-0117,2025-11-18,2026-01-17,60,5736.93,0,,No Dispute
INV-009024,CUST-0117,2025-12-07,2026-02-05,60,6090.16,0,,No Dispute
INV-009025,CUST-0117,2024-11-09,2025-01-08,60,7054.51,0,,No Dispute
INV-009026,CUST-0117,2024-07-27,2024-09-25,60,7812.5,0,,No Dispute
INV-009027,CUST-0117,2025-09-02,2025-11-01,60,3083.01,0,,No Dispute
INV-009028,CUST-0117,2024-01-14,2024-03-14,60,3195.8,0,,No Dispute
INV-009029,CUST-0117,2025-03-30,2025-05-29,60,2699.15,0,,No Dispute
INV-009030,CUST-0117,2025-12-04,2026-02-02,60,3521.36,1,3.0,Resolved
INV-009031,CUST-0117,2024-05-15,2024-07-14,60,3227.2,0,,No Dispute
INV-009032,CUST-0117,2025-04-04,2025-06-03,60,2465.25,0,,No Dispute
INV-009033,CUST-0117,2024-04-06,2024-06-05,60,9710.62,0,,No Dispute
INV-009034,CUST-0117,2024-12-25,2025-02-23,60,10678.43,0,,No Dispute
INV-009035,CUST-0117,2024-06-17,2024-08-16,60,7851.3,0,,No Dispute
INV-009036,CUST-0117,2025-12-28,2026-02-26,60,10083.59,0,,No Dispute
INV-009037,CUST-0117,2024-08-21,2024-10-20,60,3030.98,0,,No Dispute
INV-009038,CUST-0117,2025-09-30,2025-11-29,60,4810.06,0,,No Dispute
INV-009039,CUST-0117,2025-06-06,2025-08-05,60,10758.41,0,,No Dispute
INV-009040,CUST-0117,2024-12-25,2025-02-23,60,7153.73,0,,No Dispute
INV-009041,CUST-0117,2024-07-03,2024-09-01,60,11993.9,0,,No Dispute
INV-009042,CUST-0117,2024-12-08,2025-02-06,60,2553.78,0,,No Dispute
INV-009043,CUST-0117,2024-08-10,2024-10-09,60,8826.39,0,,No Dispute
INV-009044,CUST-0117,2024-12-02,2025-01-31,60,8405.52,0,,No Dispute
INV-009045,CUST-0117,2024-12-05,2025-02-03,60,6133.43,0,,No Dispute
INV-009046,CUST-0117,2025-09-06,2025-11-05,60,2659.97,0,,No Dispute
INV-009047,CUST-0117,2024-02-24,2024-04-24,60,7208.57,0,,No Dispute
INV-009048,CUST-0117,2024-07-26,2024-09-24,60,4035.33,0,,No Dispute
INV-009049,CUST-0117,2024-08-22,2024-10-21,60,7622.17,0,,No Dispute
INV-009050,CUST-0117,2025-06-26,2025-08-25,60,3200.23,0,,No Dispute
INV-009051,CUST-0117,2024-11-16,2025-01-15,60,5765.45,1,2.0,Resolved
INV-009052,CUST-0117,2025-03-21,2025-05-20,60,8585.54,0,,No Dispute
INV-009053,CUST-0117,2024-01-19,2024-03-19,60,11632.34,0,,No Dispute
INV-009054,CUST-0117,2024-04-13,2024-06-12,60,8920.31,0,,No Dispute
INV-009055,CUST-0117,2024-05-28,2024-07-27,60,8682.79,1,2.0,Open
INV-009056,CUST-0117,2024-03-01,2024-04-30,60,5058.65,0,,No Dispute
INV-009057,CUST-0117,2025-05-29,2025-07-28,60,7056.62,1,1.0,Resolved
INV-009058,CUST-0117,2025-12-16,2026-02-14,60,9245.92,0,,No Dispute
INV-009059,CUST-0117,2025-04-19,2025-06-18,60,9022.32,0,,No Dispute
INV-009060,CUST-0117,2024-08-28,2024-10-27,60,11119.36,0,,No Dispute
INV-009061,CUST-0117,2024-05-19,2024-07-18,60,6125.09,0,,No Dispute
INV-009062,CUST-0117,2024-02-12,2024-04-12,60,7616.06,0,,No Dispute
INV-009063,CUST-0117,2025-08-13,2025-10-12,60,5737.56,1,4.0,Resolved
INV-009064,CUST-0117,2024-09-14,2024-11-13,60,1910.15,0,,No Dispute
INV-009065,CUST-0117,2024-08-03,2024-10-02,60,10558.28,0,,No Dispute
INV-009066,CUST-0117,2025-12-18,2026-02-16,60,5460.6,0,,No Dispute
INV-009067,CUST-0117,2025-10-05,2025-12-04,60,5231.52,0,,No Dispute
INV-009068,CUST-0117,2024-11-13,2025-01-12,60,8265.49,0,,No Dispute
INV-009069,CUST-0117,2024-02-06,2024-04-06,60,11508.76,0,,No Dispute
INV-009070,CUST-0117,2024-06-09,2024-08-08,60,4723.47,0,,No Dispute
INV-009071,CUST-0117,2025-04-12,2025-06-11,60,11938.06,0,,No Dispute
INV-009072,CUST-0117,2024-12-28,2025-02-26,60,7410.11,0,,No Dispute
INV-009073,CUST-0117,2024-04-09,2024-06-08,60,10514.58,0,,No Dispute
INV-009074,CUST-0117,2025-08-21,2025-10-20,60,6455.78,0,,No Dispute
INV-009075,CUST-0117,2024-11-03,2025-01-02,60,11187.08,0,,No Dispute
INV-009076,CUST-0117,2025-10-30,2025-12-29,60,9802.26,0,,No Dispute
INV-009077,CUST-0117,2025-05-04,2025-07-03,60,7187.28,0,,No Dispute
INV-009078,CUST-0117,2024-03-07,2024-05-06,60,5577.7,0,,No Dispute
INV-009079,CUST-0117,2025-09-10,2025-11-09,60,11821.1,0,,No Dispute
INV-009080,CUST-0117,2024-08-28,2024-10-27,60,7705.38,0,,No Dispute
INV-009081,CUST-0117,2025-09-22,2025-11-21,60,7883.52,0,,No Dispute
INV-009082,CUST-0117,2025-02-21,2025-04-22,60,5309.37,0,,No Dispute
INV-009083,CUST-0117,2025-11-18,2026-01-17,60,7255.2,0,,No Dispute
INV-009084,CUST-0118,2025-12-05,2026-01-04,30,811.84,0,,No Dispute
INV-009085,CUST-0118,2024-04-22,2024-05-22,30,2694.52,0,,No Dispute
INV-009086,CUST-0118,2025-06-23,2025-07-23,30,3557.02,0,,No Dispute
INV-009087,CUST-0118,2025-06-18,2025-07-18,30,3329.51,0,,No Dispute
INV-009088,CUST-0118,2025-11-21,2025-12-21,30,3087.53,1,4.0,Resolved
INV-009089,CUST-0118,2025-05-01,2025-05-31,30,3514.65,1,2.0,Resolved
INV-009090,CUST-0118,2024-11-26,2024-12-26,30,801.16,0,,No Dispute
INV-009091,CUST-0118,2024-04-17,2024-05-17,30,2325.03,0,,No Dispute
INV-009092,CUST-0118,2025-03-09,2025-04-08,30,3273.56,0,,No Dispute
INV-009093,CUST-0118,2024-08-08,2024-09-07,30,3377.55,0,,No Dispute
INV-009094,CUST-0118,2024-10-15,2024-11-14,30,2679.64,0,,No Dispute
INV-009095,CUST-0118,2024-05-15,2024-06-14,30,1464.22,0,,No Dispute
INV-009096,CUST-0118,2025-12-24,2026-01-23,30,1568.19,0,,No Dispute
INV-009097,CUST-0118,2025-06-16,2025-07-16,30,2062.95,0,,No Dispute
INV-009098,CUST-0118,2025-01-24,2025-02-23,30,1717.03,0,,No Dispute
INV-009099,CUST-0118,2024-04-24,2024-05-24,30,3606.89,0,,No Dispute
INV-009100,CUST-0118,2024-12-30,2025-01-29,30,1268.66,0,,No Dispute
INV-009101,CUST-0118,2025-03-03,2025-04-02,30,3316.35,0,,No Dispute
INV-009102,CUST-0118,2025-12-05,2026-01-04,30,1065.22,0,,No Dispute
INV-009103,CUST-0118,2025-02-07,2025-03-09,30,989.41,0,,No Dispute
INV-009104,CUST-0118,2025-08-22,2025-09-21,30,2127.85,0,,No Dispute
INV-009105,CUST-0118,2024-02-14,2024-03-15,30,2409.0,0,,No Dispute
INV-009106,CUST-0118,2024-09-20,2024-10-20,30,1001.71,0,,No Dispute
INV-009107,CUST-0118,2025-07-02,2025-08-01,30,2927.91,0,,No Dispute
INV-009108,CUST-0118,2024-04-11,2024-05-11,30,3858.84,0,,No Dispute
INV-009109,CUST-0118,2025-01-06,2025-02-05,30,2974.07,0,,No Dispute
INV-009110,CUST-0118,2025-07-15,2025-08-14,30,3505.62,0,,No Dispute
INV-009111,CUST-0118,2025-09-30,2025-10-30,30,2530.67,0,,No Dispute
INV-009112,CUST-0118,2024-11-30,2024-12-30,30,2443.35,0,,No Dispute
INV-009113,CUST-0118,2025-04-12,2025-05-12,30,3631.55,0,,No Dispute
INV-009114,CUST-0118,2025-01-10,2025-02-09,30,2916.22,0,,No Dispute
INV-009115,CUST-0118,2025-04-07,2025-05-07,30,2665.15,0,,No Dispute
INV-009116,CUST-0118,2025-02-03,2025-03-05,30,3260.1,0,,No Dispute
INV-009117,CUST-0118,2025-10-21,2025-11-20,30,2922.54,0,,No Dispute
INV-009118,CUST-0118,2025-04-04,2025-05-04,30,2931.31,0,,No Dispute
INV-009119,CUST-0118,2025-08-11,2025-09-10,30,1669.57,0,,No Dispute
INV-009120,CUST-0118,2024-04-02,2024-05-02,30,547.48,0,,No Dispute
INV-009121,CUST-0118,2024-09-24,2024-10-24,30,1596.31,0,,No Dispute
INV-009122,CUST-0118,2024-10-12,2024-11-11,30,3206.92,0,,No Dispute
INV-009123,CUST-0119,2025-11-22,2025-12-22,30,3438.16,0,,No Dispute
INV-009124,CUST-0119,2024-09-19,2024-10-19,30,2819.36,0,,No Dispute
INV-009125,CUST-0119,2025-01-22,2025-02-21,30,3935.79,1,2.0,Resolved
INV-009126,CUST-0119,2025-01-16,2025-02-15,30,669.45,0,,No Dispute
INV-009127,CUST-0119,2024-04-15,2024-05-15,30,561.24,0,,No Dispute
INV-009128,CUST-0119,2025-06-22,2025-07-22,30,2382.15,0,,No Dispute
INV-009129,CUST-0119,2024-11-12,2024-12-12,30,855.89,1,3.0,Resolved
INV-009130,CUST-0119,2024-03-26,2024-04-25,30,3509.83,0,,No Dispute
INV-009131,CUST-0119,2025-04-28,2025-05-28,30,1353.47,0,,No Dispute
INV-009132,CUST-0119,2025-12-13,2026-01-12,30,1267.13,0,,No Dispute
INV-009133,CUST-0119,2025-08-27,2025-09-26,30,2730.19,0,,No Dispute
INV-009134,CUST-0119,2024-10-04,2024-11-03,30,2961.67,0,,No Dispute
INV-009135,CUST-0119,2025-12-07,2026-01-06,30,3730.46,0,,No Dispute
INV-009136,CUST-0119,2025-08-03,2025-09-02,30,608.17,0,,No Dispute
INV-009137,CUST-0119,2024-01-20,2024-02-19,30,3938.17,0,,No Dispute
INV-009138,CUST-0119,2024-04-24,2024-05-24,30,898.78,1,4.0,Open
INV-009139,CUST-0119,2024-07-08,2024-08-07,30,3822.41,0,,No Dispute
INV-009140,CUST-0119,2025-04-29,2025-05-29,30,621.89,0,,No Dispute
INV-009141,CUST-0119,2025-11-01,2025-12-01,30,2709.55,0,,No Dispute
INV-009142,CUST-0119,2025-06-20,2025-07-20,30,1465.43,1,4.0,Resolved
INV-009143,CUST-0119,2024-06-14,2024-07-14,30,3608.42,0,,No Dispute
INV-009144,CUST-0119,2024-06-17,2024-07-17,30,725.4,0,,No Dispute
INV-009145,CUST-0119,2024-01-29,2024-02-28,30,1934.72,0,,No Dispute
INV-009146,CUST-0119,2025-09-03,2025-10-03,30,3521.68,1,4.0,Resolved
INV-009147,CUST-0120,2025-08-25,2025-10-24,60,12499.83,0,,No Dispute
INV-009148,CUST-0120,2025-01-14,2025-03-15,60,11834.08,0,,No Dispute
INV-009149,CUST-0120,2025-02-10,2025-04-11,60,10919.33,0,,No Dispute
INV-009150,CUST-0120,2025-07-02,2025-08-31,60,12834.68,0,,No Dispute
INV-009151,CUST-0120,2024-05-14,2024-07-13,60,10655.4,0,,No Dispute
INV-009152,CUST-0120,2025-06-10,2025-08-09,60,25381.79,0,,No Dispute
INV-009153,CUST-0120,2025-12-24,2026-02-22,60,24834.04,0,,No Dispute
INV-009154,CUST-0120,2025-08-11,2025-10-10,60,17185.65,0,,No Dispute
INV-009155,CUST-0120,2024-05-19,2024-07-18,60,13877.15,0,,No Dispute
INV-009156,CUST-0120,2024-12-05,2025-02-03,60,11323.92,0,,No Dispute
INV-009157,CUST-0120,2025-09-25,2025-11-24,60,5220.56,1,2.0,Resolved
INV-009158,CUST-0120,2025-12-30,2026-02-28,60,9224.01,0,,No Dispute
INV-009159,CUST-0120,2025-12-29,2026-02-27,60,21908.28,0,,No Dispute
INV-009160,CUST-0120,2024-04-14,2024-06-13,60,27909.58,0,,No Dispute
INV-009161,CUST-0120,2024-11-13,2025-01-12,60,22773.72,0,,No Dispute
INV-009162,CUST-0120,2025-10-20,2025-12-19,60,25498.12,0,,No Dispute
INV-009163,CUST-0120,2025-06-27,2025-08-26,60,28079.44,0,,No Dispute
INV-009164,CUST-0120,2024-02-22,2024-04-22,60,16574.33,0,,No Dispute
INV-009165,CUST-0120,2025-06-26,2025-08-25,60,12534.41,1,2.0,Open
INV-009166,CUST-0120,2025-11-23,2026-01-22,60,15226.7,0,,No Dispute
INV-009167,CUST-0120,2024-01-25,2024-03-25,60,30147.64,0,,No Dispute
INV-009168,CUST-0120,2025-04-07,2025-06-06,60,25540.12,0,,No Dispute
INV-009169,CUST-0120,2025-05-25,2025-07-24,60,13175.16,0,,No Dispute
INV-009170,CUST-0120,2025-12-01,2026-01-30,60,13952.83,0,,No Dispute
INV-009171,CUST-0120,2025-11-08,2026-01-07,60,10234.06,0,,No Dispute
INV-009172,CUST-0120,2024-01-17,2024-03-17,60,21515.08,0,,No Dispute
INV-009173,CUST-0120,2024-08-22,2024-10-21,60,20275.49,0,,No Dispute
INV-009174,CUST-0120,2024-05-20,2024-07-19,60,15135.88,0,,No Dispute
INV-009175,CUST-0120,2025-09-16,2025-11-15,60,18230.38,0,,No Dispute
INV-009176,CUST-0120,2024-10-27,2024-12-26,60,23600.05,0,,No Dispute
INV-009177,CUST-0120,2025-01-26,2025-03-27,60,6744.88,0,,No Dispute
INV-009178,CUST-0120,2025-04-04,2025-06-03,60,5778.62,0,,No Dispute
INV-009179,CUST-0120,2024-11-23,2025-01-22,60,7921.11,0,,No Dispute
INV-009180,CUST-0120,2024-09-06,2024-11-05,60,16967.99,0,,No Dispute
INV-009181,CUST-0120,2024-01-03,2024-03-03,60,19608.26,0,,No Dispute
INV-009182,CUST-0120,2024-05-01,2024-06-30,60,13399.56,0,,No Dispute
INV-009183,CUST-0120,2025-01-22,2025-03-23,60,8342.35,0,,No Dispute
INV-009184,CUST-0120,2024-02-08,2024-04-08,60,13796.64,0,,No Dispute
INV-009185,CUST-0120,2025-11-22,2026-01-21,60,18714.6,0,,No Dispute
INV-009186,CUST-0120,2024-09-23,2024-11-22,60,10311.32,0,,No Dispute
INV-009187,CUST-0120,2024-07-23,2024-09-21,60,18108.14,0,,No Dispute
INV-009188,CUST-0120,2025-04-02,2025-06-01,60,24189.85,0,,No Dispute
INV-009189,CUST-0120,2024-10-30,2024-12-29,60,23830.27,0,,No Dispute
INV-009190,CUST-0120,2024-03-25,2024-05-24,60,21576.78,0,,No Dispute
INV-009191,CUST-0120,2024-02-27,2024-04-27,60,22812.71,0,,No Dispute
INV-009192,CUST-0120,2024-09-10,2024-11-09,60,31102.59,0,,No Dispute
INV-009193,CUST-0120,2025-08-22,2025-10-21,60,25651.05,0,,No Dispute
INV-009194,CUST-0120,2025-12-15,2026-02-13,60,24505.64,0,,No Dispute
INV-009195,CUST-0120,2025-07-06,2025-09-04,60,29759.99,0,,No Dispute
INV-009196,CUST-0120,2024-04-22,2024-06-21,60,12978.98,0,,No Dispute
INV-009197,CUST-0120,2024-11-23,2025-01-22,60,23751.79,0,,No Dispute
INV-009198,CUST-0120,2024-03-11,2024-05-10,60,11132.55,0,,No Dispute
INV-009199,CUST-0120,2025-12-24,2026-02-22,60,13226.22,0,,No Dispute
INV-009200,CUST-0120,2025-12-19,2026-02-17,60,12807.83,0,,No Dispute
INV-009201,CUST-0120,2024-07-26,2024-09-24,60,18135.34,0,,No Dispute
INV-009202,CUST-0120,2025-11-11,2026-01-10,60,19637.57,0,,No Dispute
INV-009203,CUST-0120,2025-12-21,2026-02-19,60,26796.88,0,,No Dispute
INV-009204,CUST-0120,2024-04-12,2024-06-11,60,23474.89,0,,No Dispute
INV-009205,CUST-0120,2025-08-29,2025-10-28,60,22108.88,0,,No Dispute
INV-009206,CUST-0120,2025-07-14,2025-09-12,60,19690.83,0,,No Dispute
INV-009207,CUST-0120,2025-08-26,2025-10-25,60,12232.64,0,,No Dispute
INV-009208,CUST-0120,2024-05-26,2024-07-25,60,11393.77,0,,No Dispute
INV-009209,CUST-0120,2025-02-14,2025-04-15,60,12310.68,0,,No Dispute
INV-009210,CUST-0120,2025-09-30,2025-11-29,60,21210.1,0,,No Dispute
INV-009211,CUST-0120,2025-03-21,2025-05-20,60,19085.02,0,,No Dispute
INV-009212,CUST-0120,2024-01-18,2024-03-18,60,19250.8,0,,No Dispute
INV-009213,CUST-0120,2025-04-24,2025-06-23,60,9538.43,0,,No Dispute
INV-009214,CUST-0120,2024-03-11,2024-05-10,60,19207.9,0,,No Dispute
INV-009215,CUST-0120,2025-04-29,2025-06-28,60,6235.76,0,,No Dispute
INV-009216,CUST-0120,2024-03-31,2024-05-30,60,5646.8,0,,No Dispute
INV-009217,CUST-0120,2025-02-22,2025-04-23,60,20623.1,0,,No Dispute
INV-009218,CUST-0120,2025-12-22,2026-02-20,60,30877.17,0,,No Dispute
INV-009219,CUST-0120,2025-08-13,2025-10-12,60,8376.78,0,,No Dispute
INV-009220,CUST-0120,2024-12-23,2025-02-21,60,27469.57,0,,No Dispute
INV-009221,CUST-0120,2024-10-23,2024-12-22,60,16708.61,0,,No Dispute
INV-009222,CUST-0120,2024-01-10,2024-03-10,60,10393.98,1,2.0,Open
INV-009223,CUST-0120,2024-01-26,2024-03-26,60,28171.33,0,,No Dispute
INV-009224,CUST-0120,2024-06-29,2024-08-28,60,23640.68,0,,No Dispute
INV-009225,CUST-0120,2025-06-11,2025-08-10,60,7156.37,0,,No Dispute
INV-009226,CUST-0120,2024-03-24,2024-05-23,60,5272.72,0,,No Dispute
INV-009227,CUST-0120,2024-08-13,2024-10-12,60,29325.87,0,,No Dispute
INV-009228,CUST-0120,2024-05-12,2024-07-11,60,5332.42,0,,No Dispute
INV-009229,CUST-0120,2025-11-17,2026-01-16,60,15425.76,0,,No Dispute
INV-009230,CUST-0120,2024-04-24,2024-06-23,60,27960.37,0,,No Dispute
INV-009231,CUST-0120,2024-05-15,2024-07-14,60,30307.44,0,,No Dispute
INV-009232,CUST-0120,2024-06-23,2024-08-22,60,23072.35,0,,No Dispute
INV-009233,CUST-0120,2024-03-09,2024-05-08,60,20609.76,0,,No Dispute
INV-009234,CUST-0120,2024-04-19,2024-06-18,60,27017.41,0,,No Dispute
INV-009235,CUST-0120,2024-11-22,2025-01-21,60,18655.74,0,,No Dispute
INV-009236,CUST-0120,2024-04-04,2024-06-03,60,29972.52,0,,No Dispute
INV-009237,CUST-0120,2025-08-09,2025-10-08,60,21057.45,0,,No Dispute
INV-009238,CUST-0120,2025-10-27,2025-12-26,60,8328.21,0,,No Dispute
INV-009239,CUST-0120,2025-08-18,2025-10-17,60,24358.56,0,,No Dispute
INV-009240,CUST-0120,2024-09-17,2024-11-16,60,27420.16,0,,No Dispute
INV-009241,CUST-0120,2024-06-02,2024-08-01,60,8815.92,0,,No Dispute
INV-009242,CUST-0120,2024-08-23,2024-10-22,60,22558.0,0,,No Dispute
INV-009243,CUST-0120,2024-02-10,2024-04-10,60,14542.72,0,,No Dispute
INV-009244,CUST-0120,2024-04-30,2024-06-29,60,28328.88,0,,No Dispute
INV-009245,CUST-0120,2024-11-21,2025-01-20,60,16687.07,0,,No Dispute
INV-009246,CUST-0120,2024-02-11,2024-04-11,60,6718.17,0,,No Dispute
INV-009247,CUST-0120,2025-02-13,2025-04-14,60,20519.56,0,,No Dispute
INV-009248,CUST-0120,2025-02-25,2025-04-26,60,20763.16,0,,No Dispute
INV-009249,CUST-0120,2024-10-28,2024-12-27,60,25071.76,0,,No Dispute
INV-009250,CUST-0120,2025-04-30,2025-06-29,60,17908.7,0,,No Dispute
INV-009251,CUST-0120,2024-01-02,2024-03-02,60,18877.55,0,,No Dispute
INV-009252,CUST-0120,2024-03-25,2024-05-24,60,10037.9,0,,No Dispute
INV-009253,CUST-0120,2025-04-19,2025-06-18,60,12465.23,0,,No Dispute
INV-009254,CUST-0120,2024-12-12,2025-02-10,60,10073.79,0,,No Dispute
INV-009255,CUST-0120,2024-06-05,2024-08-04,60,27910.48,0,,No Dispute
INV-009256,CUST-0120,2024-12-28,2025-02-26,60,9593.6,0,,No Dispute
INV-009257,CUST-0120,2024-07-06,2024-09-04,60,27530.61,0,,No Dispute
INV-009258,CUST-0120,2024-12-03,2025-02-01,60,16299.67,1,5.0,Resolved
INV-009259,CUST-0120,2024-03-17,2024-05-16,60,31004.91,0,,No Dispute
INV-009260,CUST-0120,2025-01-21,2025-03-22,60,30936.21,0,,No Dispute
INV-009261,CUST-0120,2024-03-25,2024-05-24,60,17539.99,0,,No Dispute
INV-009262,CUST-0120,2024-01-29,2024-03-29,60,8734.83,0,,No Dispute
INV-009263,CUST-0120,2025-08-02,2025-10-01,60,7583.32,0,,No Dispute
INV-009264,CUST-0120,2024-03-30,2024-05-29,60,29328.37,0,,No Dispute
INV-009265,CUST-0120,2025-04-13,2025-06-12,60,24896.29,0,,No Dispute
INV-009266,CUST-0120,2025-01-07,2025-03-08,60,22020.39,0,,No Dispute
INV-009267,CUST-0120,2024-04-19,2024-06-18,60,21445.81,0,,No Dispute
INV-009268,CUST-0120,2024-04-16,2024-06-15,60,19087.29,0,,No Dispute
INV-009269,CUST-0120,2025-10-09,2025-12-08,60,26547.0,0,,No Dispute
INV-009270,CUST-0120,2025-05-16,2025-07-15,60,22324.26,0,,No Dispute
INV-009271,CUST-0120,2024-09-13,2024-11-12,60,5582.78,0,,No Dispute
INV-009272,CUST-0120,2025-09-30,2025-11-29,60,31571.11,0,,No Dispute
INV-009273,CUST-0120,2024-12-14,2025-02-12,60,22290.98,0,,No Dispute
INV-009274,CUST-0120,2025-08-16,2025-10-15,60,5718.84,0,,No Dispute
INV-009275,CUST-0120,2024-07-28,2024-09-26,60,6180.39,0,,No Dispute
INV-009276,CUST-0120,2025-07-07,2025-09-05,60,22204.88,0,,No Dispute
INV-009277,CUST-0120,2025-03-11,2025-05-10,60,22532.55,0,,No Dispute
INV-009278,CUST-0120,2025-02-05,2025-04-06,60,23322.72,0,,No Dispute
INV-009279,CUST-0120,2024-10-13,2024-12-12,60,25746.0,0,,No Dispute
INV-009280,CUST-0120,2024-11-09,2025-01-08,60,15309.23,0,,No Dispute
INV-009281,CUST-0120,2025-10-23,2025-12-22,60,26894.83,0,,No Dispute
INV-009282,CUST-0120,2025-10-05,2025-12-04,60,26693.23,0,,No Dispute
INV-009283,CUST-0120,2025-12-16,2026-02-14,60,25238.74,0,,No Dispute
INV-009284,CUST-0120,2024-10-03,2024-12-02,60,18646.04,0,,No Dispute
INV-009285,CUST-0120,2024-05-02,2024-07-01,60,16438.43,0,,No Dispute
INV-009286,CUST-0120,2025-04-04,2025-06-03,60,16544.0,0,,No Dispute
INV-009287,CUST-0120,2024-05-20,2024-07-19,60,10843.57,0,,No Dispute
INV-009288,CUST-0120,2024-01-29,2024-03-29,60,19362.2,0,,No Dispute
INV-009289,CUST-0120,2024-12-06,2025-02-04,60,14016.08,0,,No Dispute
INV-009290,CUST-0120,2025-11-07,2026-01-06,60,25489.06,1,2.0,Open
INV-009291,CUST-0120,2024-03-04,2024-05-03,60,21580.65,0,,No Dispute
INV-009292,CUST-0120,2024-04-03,2024-06-02,60,17965.88,0,,No Dispute
INV-009293,CUST-0120,2025-04-19,2025-06-18,60,25665.27,0,,No Dispute
INV-009294,CUST-0120,2025-12-02,2026-01-31,60,23573.09,0,,No Dispute
INV-009295,CUST-0120,2024-05-23,2024-07-22,60,20805.04,0,,No Dispute
INV-009296,CUST-0120,2024-11-02,2025-01-01,60,22609.46,0,,No Dispute
INV-009297,CUST-0120,2025-05-23,2025-07-22,60,25059.23,0,,No Dispute
INV-009298,CUST-0120,2024-01-17,2024-03-17,60,26616.96,0,,No Dispute
INV-009299,CUST-0120,2024-04-10,2024-06-09,60,6547.08,0,,No Dispute
INV-009300,CUST-0120,2025-05-20,2025-07-19,60,12428.99,0,,No Dispute
INV-009301,CUST-0120,2025-11-26,2026-01-25,60,9969.31,0,,No Dispute
INV-009302,CUST-0120,2025-11-15,2026-01-14,60,9783.56,0,,No Dispute
INV-009303,CUST-0120,2025-02-12,2025-04-13,60,14222.1,0,,No Dispute
INV-009304,CUST-0120,2024-12-30,2025-02-28,60,7122.72,0,,No Dispute
INV-009305,CUST-0120,2024-12-22,2025-02-20,60,25745.3,0,,No Dispute
INV-009306,CUST-0121,2025-01-18,2025-03-19,60,1879.36,0,,No Dispute
INV-009307,CUST-0121,2025-03-04,2025-05-03,60,11203.4,0,,No Dispute
INV-009308,CUST-0121,2025-10-03,2025-12-02,60,11548.17,0,,No Dispute
INV-009309,CUST-0121,2025-05-14,2025-07-13,60,7913.79,0,,No Dispute
INV-009310,CUST-0121,2024-05-25,2024-07-24,60,10761.21,0,,No Dispute
INV-009311,CUST-0121,2024-05-08,2024-07-07,60,4431.02,0,,No Dispute
INV-009312,CUST-0121,2025-11-17,2026-01-16,60,9664.96,0,,No Dispute
INV-009313,CUST-0121,2024-01-28,2024-03-28,60,9995.32,0,,No Dispute
INV-009314,CUST-0121,2025-10-02,2025-12-01,60,2653.86,0,,No Dispute
INV-009315,CUST-0121,2025-02-10,2025-04-11,60,9873.3,0,,No Dispute
INV-009316,CUST-0121,2025-03-19,2025-05-18,60,9877.96,0,,No Dispute
INV-009317,CUST-0121,2024-05-11,2024-07-10,60,4380.76,0,,No Dispute
INV-009318,CUST-0121,2024-02-09,2024-04-09,60,3037.58,0,,No Dispute
INV-009319,CUST-0121,2024-01-07,2024-03-07,60,11255.19,0,,No Dispute
INV-009320,CUST-0121,2024-06-05,2024-08-04,60,8354.23,0,,No Dispute
INV-009321,CUST-0121,2025-05-26,2025-07-25,60,2550.52,0,,No Dispute
INV-009322,CUST-0121,2024-12-09,2025-02-07,60,7805.55,0,,No Dispute
INV-009323,CUST-0121,2024-12-26,2025-02-24,60,6436.69,0,,No Dispute
INV-009324,CUST-0121,2025-03-18,2025-05-17,60,4453.13,0,,No Dispute
INV-009325,CUST-0121,2025-09-28,2025-11-27,60,8704.49,0,,No Dispute
INV-009326,CUST-0121,2024-03-22,2024-05-21,60,9107.26,0,,No Dispute
INV-009327,CUST-0121,2025-05-18,2025-07-17,60,11921.25,0,,No Dispute
INV-009328,CUST-0121,2024-09-01,2024-10-31,60,11300.87,0,,No Dispute
INV-009329,CUST-0121,2025-03-21,2025-05-20,60,11145.54,0,,No Dispute
INV-009330,CUST-0121,2025-08-12,2025-10-11,60,6871.63,0,,No Dispute
INV-009331,CUST-0121,2025-05-08,2025-07-07,60,5066.57,0,,No Dispute
INV-009332,CUST-0121,2024-11-30,2025-01-29,60,4771.45,0,,No Dispute
INV-009333,CUST-0121,2025-08-23,2025-10-22,60,6323.48,0,,No Dispute
INV-009334,CUST-0121,2024-03-30,2024-05-29,60,6665.77,0,,No Dispute
INV-009335,CUST-0121,2025-07-28,2025-09-26,60,10735.59,0,,No Dispute
INV-009336,CUST-0121,2024-06-22,2024-08-21,60,3784.47,0,,No Dispute
INV-009337,CUST-0121,2025-10-15,2025-12-14,60,2369.9,0,,No Dispute
INV-009338,CUST-0121,2025-03-22,2025-05-21,60,11554.97,0,,No Dispute
INV-009339,CUST-0121,2025-01-25,2025-03-26,60,9430.46,0,,No Dispute
INV-009340,CUST-0121,2024-04-24,2024-06-23,60,10922.48,0,,No Dispute
INV-009341,CUST-0121,2024-08-27,2024-10-26,60,8586.85,0,,No Dispute
INV-009342,CUST-0121,2025-05-24,2025-07-23,60,11305.42,0,,No Dispute
INV-009343,CUST-0121,2024-12-14,2025-02-12,60,11332.23,0,,No Dispute
INV-009344,CUST-0121,2025-01-28,2025-03-29,60,6409.77,0,,No Dispute
INV-009345,CUST-0121,2024-06-11,2024-08-10,60,4900.47,0,,No Dispute
INV-009346,CUST-0121,2024-11-23,2025-01-22,60,2585.63,0,,No Dispute
INV-009347,CUST-0121,2024-09-12,2024-11-11,60,3197.56,0,,No Dispute
INV-009348,CUST-0121,2025-11-16,2026-01-15,60,5219.63,0,,No Dispute
INV-009349,CUST-0121,2024-09-13,2024-11-12,60,6269.75,0,,No Dispute
INV-009350,CUST-0121,2024-05-27,2024-07-26,60,5486.41,0,,No Dispute
INV-009351,CUST-0121,2024-04-29,2024-06-28,60,7666.9,0,,No Dispute
INV-009352,CUST-0121,2024-09-27,2024-11-26,60,8476.77,0,,No Dispute
INV-009353,CUST-0121,2024-09-25,2024-11-24,60,8256.13,0,,No Dispute
INV-009354,CUST-0121,2025-12-25,2026-02-23,60,10406.18,0,,No Dispute
INV-009355,CUST-0121,2024-03-14,2024-05-13,60,8560.04,0,,No Dispute
INV-009356,CUST-0121,2024-07-07,2024-09-05,60,5442.11,0,,No Dispute
INV-009357,CUST-0121,2025-09-10,2025-11-09,60,1774.76,0,,No Dispute
INV-009358,CUST-0121,2025-05-18,2025-07-17,60,11121.84,0,,No Dispute
INV-009359,CUST-0121,2024-10-19,2024-12-18,60,11756.77,0,,No Dispute
INV-009360,CUST-0121,2024-04-23,2024-06-22,60,10406.19,0,,No Dispute
INV-009361,CUST-0121,2025-05-26,2025-07-25,60,5852.31,0,,No Dispute
INV-009362,CUST-0121,2025-07-18,2025-09-16,60,5492.77,0,,No Dispute
INV-009363,CUST-0121,2024-12-22,2025-02-20,60,4193.62,0,,No Dispute
INV-009364,CUST-0121,2025-01-11,2025-03-12,60,9658.8,0,,No Dispute
INV-009365,CUST-0121,2025-02-28,2025-04-29,60,5903.04,0,,No Dispute
INV-009366,CUST-0121,2025-12-06,2026-02-04,60,5716.5,0,,No Dispute
INV-009367,CUST-0121,2025-08-27,2025-10-26,60,3260.34,0,,No Dispute
INV-009368,CUST-0121,2024-11-24,2025-01-23,60,10992.23,0,,No Dispute
INV-009369,CUST-0121,2024-04-03,2024-06-02,60,6483.26,0,,No Dispute
INV-009370,CUST-0121,2025-06-05,2025-08-04,60,1934.65,0,,No Dispute
INV-009371,CUST-0121,2024-09-16,2024-11-15,60,6475.75,0,,No Dispute
INV-009372,CUST-0122,2025-03-19,2025-04-18,30,2593.71,0,,No Dispute
INV-009373,CUST-0122,2025-01-24,2025-02-23,30,3114.34,0,,No Dispute
INV-009374,CUST-0122,2024-10-13,2024-11-12,30,1721.62,0,,No Dispute
INV-009375,CUST-0122,2024-08-06,2024-09-05,30,2595.97,0,,No Dispute
INV-009376,CUST-0122,2024-12-22,2025-01-21,30,3518.46,0,,No Dispute
INV-009377,CUST-0122,2025-12-02,2026-01-01,30,2729.84,0,,No Dispute
INV-009378,CUST-0122,2024-10-30,2024-11-29,30,943.25,0,,No Dispute
INV-009379,CUST-0122,2025-09-03,2025-10-03,30,1666.61,0,,No Dispute
INV-009380,CUST-0122,2024-05-16,2024-06-15,30,912.83,0,,No Dispute
INV-009381,CUST-0122,2024-06-29,2024-07-29,30,3092.84,0,,No Dispute
INV-009382,CUST-0122,2024-06-06,2024-07-06,30,2289.1,0,,No Dispute
INV-009383,CUST-0122,2025-02-19,2025-03-21,30,1075.37,0,,No Dispute
INV-009384,CUST-0122,2024-11-15,2024-12-15,30,1473.96,0,,No Dispute
INV-009385,CUST-0122,2024-04-30,2024-05-30,30,1995.27,1,5.0,Resolved
INV-009386,CUST-0122,2025-09-16,2025-10-16,30,1205.43,0,,No Dispute
INV-009387,CUST-0122,2025-02-19,2025-03-21,30,815.13,0,,No Dispute
INV-009388,CUST-0122,2024-10-27,2024-11-26,30,2605.26,0,,No Dispute
INV-009389,CUST-0122,2025-02-10,2025-03-12,30,1569.51,0,,No Dispute
INV-009390,CUST-0122,2025-11-15,2025-12-15,30,1593.82,0,,No Dispute
INV-009391,CUST-0122,2025-04-17,2025-05-17,30,3105.48,0,,No Dispute
INV-009392,CUST-0122,2024-10-12,2024-11-11,30,1660.0,0,,No Dispute
INV-009393,CUST-0122,2025-08-08,2025-09-07,30,3425.34,0,,No Dispute
INV-009394,CUST-0122,2024-12-31,2025-01-30,30,3831.14,0,,No Dispute
INV-009395,CUST-0122,2025-11-07,2025-12-07,30,933.86,0,,No Dispute
INV-009396,CUST-0122,2025-11-13,2025-12-13,30,3071.09,0,,No Dispute
INV-009397,CUST-0122,2024-06-03,2024-07-03,30,926.75,0,,No Dispute
INV-009398,CUST-0122,2024-09-08,2024-10-08,30,3132.72,1,1.0,Resolved
INV-009399,CUST-0122,2025-10-19,2025-11-18,30,1856.81,0,,No Dispute
INV-009400,CUST-0122,2024-06-06,2024-07-06,30,3887.1,0,,No Dispute
INV-009401,CUST-0122,2025-06-29,2025-07-29,30,2466.72,0,,No Dispute
INV-009402,CUST-0122,2024-09-16,2024-10-16,30,2496.32,0,,No Dispute
INV-009403,CUST-0122,2025-05-29,2025-06-28,30,2398.99,0,,No Dispute
INV-009404,CUST-0122,2024-10-03,2024-11-02,30,617.72,0,,No Dispute
INV-009405,CUST-0122,2024-01-09,2024-02-08,30,698.99,0,,No Dispute
INV-009406,CUST-0122,2024-03-26,2024-04-25,30,2496.51,0,,No Dispute
INV-009407,CUST-0122,2025-08-22,2025-09-21,30,1430.32,0,,No Dispute
INV-009408,CUST-0122,2024-08-15,2024-09-14,30,1871.89,0,,No Dispute
INV-009409,CUST-0122,2024-12-06,2025-01-05,30,1209.0,1,4.0,Open
INV-009410,CUST-0122,2024-07-03,2024-08-02,30,3418.03,0,,No Dispute
INV-009411,CUST-0122,2024-08-30,2024-09-29,30,1336.34,0,,No Dispute
INV-009412,CUST-0122,2025-09-12,2025-10-12,30,601.53,0,,No Dispute
INV-009413,CUST-0122,2025-01-04,2025-02-03,30,1605.16,0,,No Dispute
INV-009414,CUST-0122,2024-08-02,2024-09-01,30,2351.55,0,,No Dispute
INV-009415,CUST-0122,2025-03-06,2025-04-05,30,1103.49,0,,No Dispute
INV-009416,CUST-0123,2024-04-03,2024-06-02,60,27369.62,0,,No Dispute
INV-009417,CUST-0123,2024-09-04,2024-11-03,60,13633.37,0,,No Dispute
INV-009418,CUST-0123,2025-11-06,2026-01-05,60,17820.29,0,,No Dispute
INV-009419,CUST-0123,2025-06-12,2025-08-11,60,21604.88,0,,No Dispute
INV-009420,CUST-0123,2024-02-10,2024-04-10,60,24443.17,0,,No Dispute
INV-009421,CUST-0123,2024-07-21,2024-09-19,60,30030.1,0,,No Dispute
INV-009422,CUST-0123,2025-06-01,2025-07-31,60,7853.8,0,,No Dispute
INV-009423,CUST-0123,2025-05-03,2025-07-02,60,9389.08,0,,No Dispute
INV-009424,CUST-0123,2025-11-12,2026-01-11,60,14258.59,0,,No Dispute
INV-009425,CUST-0123,2024-11-30,2025-01-29,60,16214.06,0,,No Dispute
INV-009426,CUST-0123,2025-10-31,2025-12-30,60,8829.19,0,,No Dispute
INV-009427,CUST-0123,2025-03-16,2025-05-15,60,5991.81,0,,No Dispute
INV-009428,CUST-0123,2025-10-10,2025-12-09,60,24906.51,0,,No Dispute
INV-009429,CUST-0123,2024-05-06,2024-07-05,60,15421.0,0,,No Dispute
INV-009430,CUST-0123,2024-12-27,2025-02-25,60,24463.79,1,5.0,Resolved
INV-009431,CUST-0123,2024-12-24,2025-02-22,60,5180.91,0,,No Dispute
INV-009432,CUST-0123,2024-06-27,2024-08-26,60,23340.33,0,,No Dispute
INV-009433,CUST-0123,2024-10-13,2024-12-12,60,27007.86,0,,No Dispute
INV-009434,CUST-0123,2024-04-13,2024-06-12,60,6315.62,0,,No Dispute
INV-009435,CUST-0123,2024-09-04,2024-11-03,60,30568.28,0,,No Dispute
INV-009436,CUST-0123,2025-04-29,2025-06-28,60,18055.15,0,,No Dispute
INV-009437,CUST-0123,2025-12-13,2026-02-11,60,16994.93,0,,No Dispute
INV-009438,CUST-0123,2024-06-07,2024-08-06,60,7531.97,0,,No Dispute
INV-009439,CUST-0123,2024-11-27,2025-01-26,60,10043.33,0,,No Dispute
INV-009440,CUST-0123,2025-06-15,2025-08-14,60,9592.02,0,,No Dispute
INV-009441,CUST-0123,2024-11-09,2025-01-08,60,14126.45,0,,No Dispute
INV-009442,CUST-0123,2025-03-12,2025-05-11,60,9670.92,0,,No Dispute
INV-009443,CUST-0123,2025-03-11,2025-05-10,60,14031.74,0,,No Dispute
INV-009444,CUST-0123,2025-12-30,2026-02-28,60,27129.12,0,,No Dispute
INV-009445,CUST-0123,2024-12-18,2025-02-16,60,11757.31,0,,No Dispute
INV-009446,CUST-0123,2024-06-10,2024-08-09,60,8579.99,0,,No Dispute
INV-009447,CUST-0123,2025-05-08,2025-07-07,60,14069.79,0,,No Dispute
INV-009448,CUST-0123,2025-05-06,2025-07-05,60,12157.16,0,,No Dispute
INV-009449,CUST-0123,2024-04-01,2024-05-31,60,13977.41,0,,No Dispute
INV-009450,CUST-0123,2024-06-21,2024-08-20,60,10945.86,0,,No Dispute
INV-009451,CUST-0123,2024-02-26,2024-04-26,60,18269.88,0,,No Dispute
INV-009452,CUST-0123,2024-10-24,2024-12-23,60,10503.67,0,,No Dispute
INV-009453,CUST-0123,2024-07-12,2024-09-10,60,13785.42,0,,No Dispute
INV-009454,CUST-0123,2024-06-23,2024-08-22,60,13032.82,0,,No Dispute
INV-009455,CUST-0123,2024-04-05,2024-06-04,60,30259.43,0,,No Dispute
INV-009456,CUST-0123,2024-06-24,2024-08-23,60,24889.82,0,,No Dispute
INV-009457,CUST-0123,2024-02-27,2024-04-27,60,18362.87,0,,No Dispute
INV-009458,CUST-0123,2025-04-17,2025-06-16,60,20018.95,0,,No Dispute
INV-009459,CUST-0123,2025-11-19,2026-01-18,60,11577.62,0,,No Dispute
INV-009460,CUST-0123,2025-02-14,2025-04-15,60,31535.54,0,,No Dispute
INV-009461,CUST-0123,2025-03-08,2025-05-07,60,21796.93,0,,No Dispute
INV-009462,CUST-0123,2024-02-16,2024-04-16,60,16454.94,1,5.0,Resolved
INV-009463,CUST-0123,2025-03-08,2025-05-07,60,6264.85,0,,No Dispute
INV-009464,CUST-0123,2025-01-12,2025-03-13,60,14492.73,0,,No Dispute
INV-009465,CUST-0123,2025-02-25,2025-04-26,60,14223.01,0,,No Dispute
INV-009466,CUST-0123,2024-07-22,2024-09-20,60,31160.3,0,,No Dispute
INV-009467,CUST-0123,2025-07-09,2025-09-07,60,15186.29,0,,No Dispute
INV-009468,CUST-0123,2024-02-25,2024-04-25,60,10135.74,0,,No Dispute
INV-009469,CUST-0123,2025-07-07,2025-09-05,60,25204.34,1,5.0,Resolved
INV-009470,CUST-0123,2025-04-18,2025-06-17,60,19943.36,0,,No Dispute
INV-009471,CUST-0123,2024-01-08,2024-03-08,60,26562.06,0,,No Dispute
INV-009472,CUST-0123,2025-12-14,2026-02-12,60,5161.65,1,1.0,Open
INV-009473,CUST-0123,2024-07-13,2024-09-11,60,7676.51,0,,No Dispute
INV-009474,CUST-0123,2024-09-03,2024-11-02,60,30604.11,0,,No Dispute
INV-009475,CUST-0123,2024-01-12,2024-03-12,60,29853.74,0,,No Dispute
INV-009476,CUST-0123,2024-06-09,2024-08-08,60,31773.63,0,,No Dispute
INV-009477,CUST-0123,2025-11-29,2026-01-28,60,20246.43,0,,No Dispute
INV-009478,CUST-0123,2024-11-07,2025-01-06,60,18565.33,0,,No Dispute
INV-009479,CUST-0123,2024-12-17,2025-02-15,60,21687.76,0,,No Dispute
INV-009480,CUST-0123,2024-08-09,2024-10-08,60,13948.4,0,,No Dispute
INV-009481,CUST-0123,2025-06-17,2025-08-16,60,7168.29,0,,No Dispute
INV-009482,CUST-0123,2024-10-11,2024-12-10,60,12956.63,1,2.0,Open
INV-009483,CUST-0123,2024-08-09,2024-10-08,60,20095.67,1,2.0,Resolved
INV-009484,CUST-0123,2025-01-08,2025-03-09,60,7746.69,0,,No Dispute
INV-009485,CUST-0123,2025-03-27,2025-05-26,60,5100.73,0,,No Dispute
INV-009486,CUST-0123,2025-06-28,2025-08-27,60,7733.47,0,,No Dispute
INV-009487,CUST-0123,2024-01-02,2024-03-02,60,30564.92,0,,No Dispute
INV-009488,CUST-0123,2025-08-08,2025-10-07,60,29929.64,0,,No Dispute
INV-009489,CUST-0123,2025-09-26,2025-11-25,60,22078.75,0,,No Dispute
INV-009490,CUST-0123,2024-11-27,2025-01-26,60,21741.9,0,,No Dispute
INV-009491,CUST-0123,2024-12-24,2025-02-22,60,19380.4,0,,No Dispute
INV-009492,CUST-0123,2024-10-23,2024-12-22,60,12043.3,0,,No Dispute
INV-009493,CUST-0123,2024-10-31,2024-12-30,60,17602.39,1,1.0,Resolved
INV-009494,CUST-0123,2025-03-25,2025-05-24,60,29590.0,0,,No Dispute
INV-009495,CUST-0123,2025-05-26,2025-07-25,60,5469.01,0,,No Dispute
INV-009496,CUST-0123,2025-05-02,2025-07-01,60,8995.29,0,,No Dispute
INV-009497,CUST-0123,2024-03-13,2024-05-12,60,19558.47,0,,No Dispute
INV-009498,CUST-0123,2025-08-03,2025-10-02,60,26912.57,0,,No Dispute
INV-009499,CUST-0123,2025-04-22,2025-06-21,60,8687.54,0,,No Dispute
INV-009500,CUST-0123,2025-09-03,2025-11-02,60,29053.52,0,,No Dispute
INV-009501,CUST-0123,2025-04-10,2025-06-09,60,10251.07,0,,No Dispute
INV-009502,CUST-0123,2024-03-06,2024-05-05,60,5044.37,0,,No Dispute
INV-009503,CUST-0123,2025-10-06,2025-12-05,60,21718.95,0,,No Dispute
INV-009504,CUST-0123,2025-05-14,2025-07-13,60,7842.85,0,,No Dispute
INV-009505,CUST-0123,2024-04-16,2024-06-15,60,17751.19,0,,No Dispute
INV-009506,CUST-0123,2024-09-01,2024-10-31,60,25018.06,0,,No Dispute
INV-009507,CUST-0123,2024-09-06,2024-11-05,60,17530.03,0,,No Dispute
INV-009508,CUST-0123,2024-11-07,2025-01-06,60,10096.56,0,,No Dispute
INV-009509,CUST-0123,2025-06-30,2025-08-29,60,12912.41,0,,No Dispute
INV-009510,CUST-0123,2025-06-19,2025-08-18,60,5641.73,0,,No Dispute
INV-009511,CUST-0123,2024-12-28,2025-02-26,60,27108.24,0,,No Dispute
INV-009512,CUST-0123,2025-04-22,2025-06-21,60,25158.16,0,,No Dispute
INV-009513,CUST-0123,2025-05-19,2025-07-18,60,23319.87,0,,No Dispute
INV-009514,CUST-0123,2024-04-09,2024-06-08,60,16416.87,0,,No Dispute
INV-009515,CUST-0123,2025-01-17,2025-03-18,60,7015.91,0,,No Dispute
INV-009516,CUST-0123,2024-12-20,2025-02-18,60,12076.5,0,,No Dispute
INV-009517,CUST-0123,2024-02-01,2024-04-01,60,7238.52,0,,No Dispute
INV-009518,CUST-0123,2025-11-17,2026-01-16,60,18362.78,0,,No Dispute
INV-009519,CUST-0123,2025-07-01,2025-08-30,60,8817.97,0,,No Dispute
INV-009520,CUST-0123,2025-05-23,2025-07-22,60,5127.2,0,,No Dispute
INV-009521,CUST-0123,2024-04-21,2024-06-20,60,16036.67,0,,No Dispute
INV-009522,CUST-0123,2024-05-16,2024-07-15,60,17533.38,0,,No Dispute
INV-009523,CUST-0123,2024-11-24,2025-01-23,60,25861.65,0,,No Dispute
INV-009524,CUST-0123,2025-07-16,2025-09-14,60,26452.99,0,,No Dispute
INV-009525,CUST-0123,2024-01-08,2024-03-08,60,5520.49,0,,No Dispute
INV-009526,CUST-0123,2025-03-28,2025-05-27,60,15406.8,0,,No Dispute
INV-009527,CUST-0123,2025-09-25,2025-11-24,60,7565.38,0,,No Dispute
INV-009528,CUST-0123,2024-01-04,2024-03-04,60,9893.45,0,,No Dispute
INV-009529,CUST-0123,2024-11-01,2024-12-31,60,19721.18,0,,No Dispute
INV-009530,CUST-0123,2024-04-29,2024-06-28,60,24042.06,0,,No Dispute
INV-009531,CUST-0123,2024-09-10,2024-11-09,60,12939.18,0,,No Dispute
INV-009532,CUST-0123,2024-05-20,2024-07-19,60,12400.21,0,,No Dispute
INV-009533,CUST-0123,2024-01-22,2024-03-22,60,20213.74,0,,No Dispute
INV-009534,CUST-0123,2024-09-19,2024-11-18,60,8959.48,0,,No Dispute
INV-009535,CUST-0123,2025-09-20,2025-11-19,60,22253.34,0,,No Dispute
INV-009536,CUST-0123,2024-05-19,2024-07-18,60,5322.7,0,,No Dispute
INV-009537,CUST-0123,2024-07-15,2024-09-13,60,6671.46,0,,No Dispute
INV-009538,CUST-0123,2025-01-12,2025-03-13,60,16587.6,0,,No Dispute
INV-009539,CUST-0123,2025-01-19,2025-03-20,60,9112.81,0,,No Dispute
INV-009540,CUST-0123,2025-02-13,2025-04-14,60,7989.78,0,,No Dispute
INV-009541,CUST-0123,2024-12-08,2025-02-06,60,31380.52,0,,No Dispute
INV-009542,CUST-0123,2024-07-31,2024-09-29,60,12286.96,0,,No Dispute
INV-009543,CUST-0123,2025-03-28,2025-05-27,60,30244.3,0,,No Dispute
INV-009544,CUST-0123,2025-06-18,2025-08-17,60,31318.54,0,,No Dispute
INV-009545,CUST-0123,2024-06-24,2024-08-23,60,19585.83,0,,No Dispute
INV-009546,CUST-0123,2024-04-17,2024-06-16,60,24084.57,0,,No Dispute
INV-009547,CUST-0123,2024-05-17,2024-07-16,60,21233.9,0,,No Dispute
INV-009548,CUST-0123,2024-01-10,2024-03-10,60,11529.48,0,,No Dispute
INV-009549,CUST-0123,2025-07-12,2025-09-10,60,25133.89,0,,No Dispute
INV-009550,CUST-0123,2024-12-03,2025-02-01,60,13409.87,0,,No Dispute
INV-009551,CUST-0123,2025-05-25,2025-07-24,60,12145.19,0,,No Dispute
INV-009552,CUST-0123,2025-08-09,2025-10-08,60,5912.0,0,,No Dispute
INV-009553,CUST-0123,2025-08-16,2025-10-15,60,10333.86,0,,No Dispute
INV-009554,CUST-0123,2024-01-04,2024-03-04,60,22055.99,0,,No Dispute
INV-009555,CUST-0123,2025-11-07,2026-01-06,60,27483.58,1,1.0,Resolved
INV-009556,CUST-0123,2024-02-12,2024-04-12,60,15914.48,0,,No Dispute
INV-009557,CUST-0123,2024-12-14,2025-02-12,60,22960.54,0,,No Dispute
INV-009558,CUST-0123,2025-10-10,2025-12-09,60,26078.76,0,,No Dispute
INV-009559,CUST-0123,2024-04-04,2024-06-03,60,5813.14,0,,No Dispute
INV-009560,CUST-0123,2024-08-10,2024-10-09,60,12707.17,0,,No Dispute
INV-009561,CUST-0123,2025-07-16,2025-09-14,60,20956.54,0,,No Dispute
INV-009562,CUST-0123,2025-01-28,2025-03-29,60,25911.97,0,,No Dispute
INV-009563,CUST-0123,2024-12-16,2025-02-14,60,28102.88,0,,No Dispute
INV-009564,CUST-0123,2024-03-25,2024-05-24,60,26817.58,0,,No Dispute
INV-009565,CUST-0123,2025-11-06,2026-01-05,60,7078.47,0,,No Dispute
INV-009566,CUST-0123,2025-11-01,2025-12-31,60,28627.06,0,,No Dispute
INV-009567,CUST-0123,2024-07-14,2024-09-12,60,20694.77,0,,No Dispute
INV-009568,CUST-0123,2025-02-27,2025-04-28,60,28772.42,0,,No Dispute
INV-009569,CUST-0123,2024-05-24,2024-07-23,60,7076.31,0,,No Dispute
INV-009570,CUST-0123,2025-06-28,2025-08-27,60,27693.06,0,,No Dispute
INV-009571,CUST-0123,2025-01-26,2025-03-27,60,11909.94,0,,No Dispute
INV-009572,CUST-0123,2025-06-24,2025-08-23,60,26825.06,0,,No Dispute
INV-009573,CUST-0123,2025-08-05,2025-10-04,60,23751.31,0,,No Dispute
INV-009574,CUST-0124,2024-07-06,2024-08-05,30,5596.75,0,,No Dispute
INV-009575,CUST-0124,2024-03-06,2024-04-05,30,5299.87,0,,No Dispute
INV-009576,CUST-0124,2024-08-15,2024-09-14,30,8921.28,0,,No Dispute
INV-009577,CUST-0124,2025-09-17,2025-10-17,30,3624.29,0,,No Dispute
INV-009578,CUST-0124,2024-04-27,2024-05-27,30,8122.34,0,,No Dispute
INV-009579,CUST-0124,2025-04-13,2025-05-13,30,6723.97,0,,No Dispute
INV-009580,CUST-0124,2024-02-02,2024-03-03,30,1606.44,0,,No Dispute
INV-009581,CUST-0124,2025-09-12,2025-10-12,30,10999.9,0,,No Dispute
INV-009582,CUST-0124,2024-09-26,2024-10-26,30,10772.33,0,,No Dispute
INV-009583,CUST-0124,2025-10-18,2025-11-17,30,9721.27,0,,No Dispute
INV-009584,CUST-0124,2024-01-03,2024-02-02,30,11815.93,0,,No Dispute
INV-009585,CUST-0124,2024-01-21,2024-02-20,30,8643.01,0,,No Dispute
INV-009586,CUST-0124,2024-09-10,2024-10-10,30,3140.09,0,,No Dispute
INV-009587,CUST-0124,2025-12-23,2026-01-22,30,9573.12,0,,No Dispute
INV-009588,CUST-0124,2024-01-10,2024-02-09,30,7892.46,0,,No Dispute
INV-009589,CUST-0124,2025-04-07,2025-05-07,30,11917.35,0,,No Dispute
INV-009590,CUST-0124,2024-01-04,2024-02-03,30,7800.22,0,,No Dispute
INV-009591,CUST-0124,2024-03-04,2024-04-03,30,1672.55,0,,No Dispute
INV-009592,CUST-0124,2025-10-15,2025-11-14,30,5640.91,0,,No Dispute
INV-009593,CUST-0124,2025-06-21,2025-07-21,30,9627.85,0,,No Dispute
INV-009594,CUST-0124,2025-03-17,2025-04-16,30,3862.43,0,,No Dispute
INV-009595,CUST-0124,2024-01-14,2024-02-13,30,8162.47,0,,No Dispute
INV-009596,CUST-0124,2025-02-04,2025-03-06,30,6596.41,0,,No Dispute
INV-009597,CUST-0124,2024-01-09,2024-02-08,30,10459.71,0,,No Dispute
INV-009598,CUST-0124,2025-11-11,2025-12-11,30,1675.21,0,,No Dispute
INV-009599,CUST-0124,2024-05-12,2024-06-11,30,6393.0,0,,No Dispute
INV-009600,CUST-0124,2025-08-05,2025-09-04,30,5839.8,0,,No Dispute
INV-009601,CUST-0124,2024-11-20,2024-12-20,30,6213.07,0,,No Dispute
INV-009602,CUST-0124,2024-11-10,2024-12-10,30,11716.17,0,,No Dispute
INV-009603,CUST-0124,2025-12-25,2026-01-24,30,10771.21,0,,No Dispute
INV-009604,CUST-0124,2025-03-26,2025-04-25,30,5634.26,0,,No Dispute
INV-009605,CUST-0124,2024-09-28,2024-10-28,30,7413.19,0,,No Dispute
INV-009606,CUST-0124,2025-10-28,2025-11-27,30,4717.95,0,,No Dispute
INV-009607,CUST-0124,2025-12-09,2026-01-08,30,5392.15,0,,No Dispute
INV-009608,CUST-0124,2024-04-17,2024-05-17,30,7698.98,0,,No Dispute
INV-009609,CUST-0124,2025-09-30,2025-10-30,30,7733.22,0,,No Dispute
INV-009610,CUST-0124,2025-10-31,2025-11-30,30,8728.69,0,,No Dispute
INV-009611,CUST-0124,2025-06-02,2025-07-02,30,3725.28,0,,No Dispute
INV-009612,CUST-0124,2025-10-01,2025-10-31,30,7914.05,1,1.0,Resolved
INV-009613,CUST-0124,2024-01-09,2024-02-08,30,1678.02,0,,No Dispute
INV-009614,CUST-0124,2024-05-07,2024-06-06,30,10509.74,0,,No Dispute
INV-009615,CUST-0124,2024-01-18,2024-02-17,30,8342.47,0,,No Dispute
INV-009616,CUST-0124,2024-09-03,2024-10-03,30,4564.13,0,,No Dispute
INV-009617,CUST-0124,2025-01-20,2025-02-19,30,8089.26,1,1.0,Resolved
INV-009618,CUST-0124,2025-08-27,2025-09-26,30,5552.91,0,,No Dispute
INV-009619,CUST-0124,2025-09-20,2025-10-20,30,11546.51,0,,No Dispute
INV-009620,CUST-0124,2024-04-02,2024-05-02,30,11750.15,0,,No Dispute
INV-009621,CUST-0124,2024-02-14,2024-03-15,30,5779.28,0,,No Dispute
INV-009622,CUST-0124,2025-11-02,2025-12-02,30,5142.25,0,,No Dispute
INV-009623,CUST-0124,2025-12-04,2026-01-03,30,11507.36,0,,No Dispute
INV-009624,CUST-0124,2024-04-13,2024-05-13,30,9778.46,0,,No Dispute
INV-009625,CUST-0124,2025-08-06,2025-09-05,30,2883.28,0,,No Dispute
INV-009626,CUST-0124,2025-11-29,2025-12-29,30,11903.83,0,,No Dispute
INV-009627,CUST-0124,2024-09-08,2024-10-08,30,4629.96,0,,No Dispute
INV-009628,CUST-0124,2024-01-18,2024-02-17,30,3304.96,0,,No Dispute
INV-009629,CUST-0124,2024-04-18,2024-05-18,30,4016.03,0,,No Dispute
INV-009630,CUST-0124,2025-11-28,2025-12-28,30,7549.62,0,,No Dispute
INV-009631,CUST-0124,2024-11-22,2024-12-22,30,6641.57,0,,No Dispute
INV-009632,CUST-0124,2025-12-01,2025-12-31,30,10604.4,0,,No Dispute
INV-009633,CUST-0124,2025-09-13,2025-10-13,30,5934.28,0,,No Dispute
INV-009634,CUST-0125,2025-11-27,2026-01-26,60,27088.01,0,,No Dispute
INV-009635,CUST-0125,2025-01-06,2025-03-07,60,21517.61,0,,No Dispute
INV-009636,CUST-0125,2025-01-05,2025-03-06,60,10628.25,0,,No Dispute
INV-009637,CUST-0125,2025-10-19,2025-12-18,60,18545.99,0,,No Dispute
INV-009638,CUST-0125,2025-09-03,2025-11-02,60,10269.7,0,,No Dispute
INV-009639,CUST-0125,2024-12-22,2025-02-20,60,13623.76,0,,No Dispute
INV-009640,CUST-0125,2025-08-18,2025-10-17,60,27849.12,1,4.0,Open
INV-009641,CUST-0125,2025-12-03,2026-02-01,60,20243.68,0,,No Dispute
INV-009642,CUST-0125,2025-12-28,2026-02-26,60,16173.6,0,,No Dispute
INV-009643,CUST-0125,2024-03-08,2024-05-07,60,30611.88,0,,No Dispute
INV-009644,CUST-0125,2025-10-01,2025-11-30,60,13656.02,0,,No Dispute
INV-009645,CUST-0125,2025-01-12,2025-03-13,60,23948.76,0,,No Dispute
INV-009646,CUST-0125,2025-03-08,2025-05-07,60,21562.04,0,,No Dispute
INV-009647,CUST-0125,2025-09-03,2025-11-02,60,13083.94,0,,No Dispute
INV-009648,CUST-0125,2024-12-21,2025-02-19,60,7684.62,0,,No Dispute
INV-009649,CUST-0125,2025-08-05,2025-10-04,60,23143.51,0,,No Dispute
INV-009650,CUST-0125,2024-04-10,2024-06-09,60,17938.14,0,,No Dispute
INV-009651,CUST-0125,2025-08-21,2025-10-20,60,29120.42,0,,No Dispute
INV-009652,CUST-0125,2025-01-11,2025-03-12,60,11386.02,0,,No Dispute
INV-009653,CUST-0125,2024-05-16,2024-07-15,60,25199.16,0,,No Dispute
INV-009654,CUST-0125,2025-05-02,2025-07-01,60,14871.79,0,,No Dispute
INV-009655,CUST-0125,2025-12-09,2026-02-07,60,6827.69,0,,No Dispute
INV-009656,CUST-0125,2024-05-27,2024-07-26,60,30344.85,0,,No Dispute
INV-009657,CUST-0125,2024-08-13,2024-10-12,60,23434.61,0,,No Dispute
INV-009658,CUST-0125,2024-06-03,2024-08-02,60,25744.88,0,,No Dispute
INV-009659,CUST-0125,2025-02-02,2025-04-03,60,24652.39,0,,No Dispute
INV-009660,CUST-0125,2025-07-17,2025-09-15,60,15895.19,0,,No Dispute
INV-009661,CUST-0125,2025-02-06,2025-04-07,60,16454.86,0,,No Dispute
INV-009662,CUST-0125,2025-10-24,2025-12-23,60,23036.45,0,,No Dispute
INV-009663,CUST-0125,2025-05-07,2025-07-06,60,29926.99,0,,No Dispute
INV-009664,CUST-0125,2025-11-29,2026-01-28,60,6993.9,0,,No Dispute
INV-009665,CUST-0125,2025-11-01,2025-12-31,60,5200.03,0,,No Dispute
INV-009666,CUST-0125,2024-03-16,2024-05-15,60,14046.86,0,,No Dispute
INV-009667,CUST-0125,2025-02-15,2025-04-16,60,29728.43,1,5.0,Resolved
INV-009668,CUST-0125,2025-12-12,2026-02-10,60,25006.01,0,,No Dispute
INV-009669,CUST-0125,2024-03-31,2024-05-30,60,24423.81,0,,No Dispute
INV-009670,CUST-0125,2024-06-26,2024-08-25,60,30661.5,0,,No Dispute
INV-009671,CUST-0125,2025-05-29,2025-07-28,60,23547.51,0,,No Dispute
INV-009672,CUST-0125,2025-03-14,2025-05-13,60,24349.25,0,,No Dispute
INV-009673,CUST-0125,2024-01-26,2024-03-26,60,26800.06,0,,No Dispute
INV-009674,CUST-0125,2024-06-02,2024-08-01,60,18156.34,0,,No Dispute
INV-009675,CUST-0125,2024-11-25,2025-01-24,60,30997.28,0,,No Dispute
INV-009676,CUST-0125,2025-10-13,2025-12-12,60,17729.66,0,,No Dispute
INV-009677,CUST-0125,2025-12-22,2026-02-20,60,27458.17,0,,No Dispute
INV-009678,CUST-0125,2025-08-24,2025-10-23,60,27142.65,0,,No Dispute
INV-009679,CUST-0125,2024-03-12,2024-05-11,60,25913.56,0,,No Dispute
INV-009680,CUST-0125,2025-03-07,2025-05-06,60,24268.94,0,,No Dispute
INV-009681,CUST-0125,2024-01-19,2024-03-19,60,19871.06,0,,No Dispute
INV-009682,CUST-0125,2024-10-16,2024-12-15,60,31606.44,0,,No Dispute
INV-009683,CUST-0125,2024-03-08,2024-05-07,60,25078.08,0,,No Dispute
INV-009684,CUST-0125,2024-04-04,2024-06-03,60,6288.93,0,,No Dispute
INV-009685,CUST-0125,2024-09-06,2024-11-05,60,18738.89,0,,No Dispute
INV-009686,CUST-0125,2024-03-25,2024-05-24,60,29707.54,0,,No Dispute
INV-009687,CUST-0125,2024-01-12,2024-03-12,60,17018.41,0,,No Dispute
INV-009688,CUST-0125,2025-04-22,2025-06-21,60,11213.73,0,,No Dispute
INV-009689,CUST-0125,2024-02-29,2024-04-29,60,30494.08,0,,No Dispute
INV-009690,CUST-0125,2025-04-07,2025-06-06,60,19000.46,0,,No Dispute
INV-009691,CUST-0125,2025-01-14,2025-03-15,60,25512.05,0,,No Dispute
INV-009692,CUST-0125,2024-05-14,2024-07-13,60,27011.85,0,,No Dispute
INV-009693,CUST-0125,2025-08-26,2025-10-25,60,24567.14,0,,No Dispute
INV-009694,CUST-0125,2025-04-20,2025-06-19,60,5861.99,0,,No Dispute
INV-009695,CUST-0125,2025-04-14,2025-06-13,60,6784.9,0,,No Dispute
INV-009696,CUST-0125,2024-04-18,2024-06-17,60,26602.51,0,,No Dispute
INV-009697,CUST-0125,2025-02-28,2025-04-29,60,8143.77,0,,No Dispute
INV-009698,CUST-0125,2025-07-12,2025-09-10,60,9048.11,0,,No Dispute
INV-009699,CUST-0125,2024-11-02,2025-01-01,60,23952.79,0,,No Dispute
INV-009700,CUST-0125,2024-11-05,2025-01-04,60,9944.41,0,,No Dispute
INV-009701,CUST-0125,2024-12-19,2025-02-17,60,7490.13,0,,No Dispute
INV-009702,CUST-0125,2025-10-29,2025-12-28,60,14510.02,0,,No Dispute
INV-009703,CUST-0125,2025-09-13,2025-11-12,60,17844.53,0,,No Dispute
INV-009704,CUST-0125,2025-03-30,2025-05-29,60,27019.19,0,,No Dispute
INV-009705,CUST-0125,2024-12-11,2025-02-09,60,21077.42,1,1.0,Open
INV-009706,CUST-0125,2024-03-09,2024-05-08,60,24651.27,0,,No Dispute
INV-009707,CUST-0125,2024-12-27,2025-02-25,60,7395.24,0,,No Dispute
INV-009708,CUST-0125,2025-09-25,2025-11-24,60,23220.04,0,,No Dispute
INV-009709,CUST-0125,2024-07-10,2024-09-08,60,21438.5,0,,No Dispute
INV-009710,CUST-0125,2025-04-28,2025-06-27,60,27633.62,0,,No Dispute
INV-009711,CUST-0125,2024-08-31,2024-10-30,60,6435.11,0,,No Dispute
INV-009712,CUST-0125,2024-05-16,2024-07-15,60,5121.45,0,,No Dispute
INV-009713,CUST-0125,2025-01-17,2025-03-18,60,26870.11,1,2.0,Resolved
INV-009714,CUST-0125,2024-07-11,2024-09-09,60,13299.39,0,,No Dispute
INV-009715,CUST-0125,2024-06-15,2024-08-14,60,19122.5,0,,No Dispute
INV-009716,CUST-0125,2024-07-27,2024-09-25,60,25663.3,0,,No Dispute
INV-009717,CUST-0125,2024-06-20,2024-08-19,60,9750.73,0,,No Dispute
INV-009718,CUST-0125,2025-11-29,2026-01-28,60,12509.37,0,,No Dispute
INV-009719,CUST-0125,2024-09-22,2024-11-21,60,28607.9,0,,No Dispute
INV-009720,CUST-0125,2025-05-03,2025-07-02,60,22892.66,0,,No Dispute
INV-009721,CUST-0125,2024-12-08,2025-02-06,60,13577.59,0,,No Dispute
INV-009722,CUST-0125,2025-06-06,2025-08-05,60,27994.7,1,2.0,Resolved
INV-009723,CUST-0125,2024-12-19,2025-02-17,60,30024.11,0,,No Dispute
INV-009724,CUST-0125,2024-08-20,2024-10-19,60,30668.78,0,,No Dispute
INV-009725,CUST-0125,2025-10-30,2025-12-29,60,25871.79,0,,No Dispute
INV-009726,CUST-0125,2024-08-12,2024-10-11,60,10401.36,0,,No Dispute
INV-009727,CUST-0125,2024-04-29,2024-06-28,60,22880.6,0,,No Dispute
INV-009728,CUST-0125,2025-09-28,2025-11-27,60,26904.18,0,,No Dispute
INV-009729,CUST-0125,2024-05-07,2024-07-06,60,26870.67,0,,No Dispute
INV-009730,CUST-0125,2025-09-25,2025-11-24,60,31320.38,0,,No Dispute
INV-009731,CUST-0125,2025-01-30,2025-03-31,60,27198.31,0,,No Dispute
INV-009732,CUST-0125,2025-07-28,2025-09-26,60,24708.89,0,,No Dispute
INV-009733,CUST-0125,2025-02-20,2025-04-21,60,29174.64,0,,No Dispute
INV-009734,CUST-0125,2025-07-20,2025-09-18,60,27391.17,0,,No Dispute
INV-009735,CUST-0125,2024-03-01,2024-04-30,60,20109.56,0,,No Dispute
INV-009736,CUST-0125,2024-01-15,2024-03-15,60,19396.2,0,,No Dispute
INV-009737,CUST-0125,2025-03-06,2025-05-05,60,18824.04,0,,No Dispute
INV-009738,CUST-0125,2024-01-29,2024-03-29,60,27534.88,0,,No Dispute
INV-009739,CUST-0125,2025-09-20,2025-11-19,60,6927.05,0,,No Dispute
INV-009740,CUST-0125,2025-11-23,2026-01-22,60,25177.06,0,,No Dispute
INV-009741,CUST-0125,2024-02-17,2024-04-17,60,6769.87,0,,No Dispute
INV-009742,CUST-0125,2024-08-15,2024-10-14,60,14620.74,0,,No Dispute
INV-009743,CUST-0125,2024-01-08,2024-03-08,60,6561.95,0,,No Dispute
INV-009744,CUST-0125,2025-03-29,2025-05-28,60,10252.02,0,,No Dispute
INV-009745,CUST-0125,2025-03-20,2025-05-19,60,31298.79,0,,No Dispute
INV-009746,CUST-0125,2025-10-08,2025-12-07,60,30169.84,0,,No Dispute
INV-009747,CUST-0125,2025-11-19,2026-01-18,60,15213.84,0,,No Dispute
INV-009748,CUST-0125,2025-11-18,2026-01-17,60,16984.58,0,,No Dispute
INV-009749,CUST-0125,2025-10-24,2025-12-23,60,20678.57,0,,No Dispute
INV-009750,CUST-0125,2025-06-21,2025-08-20,60,13664.68,0,,No Dispute
INV-009751,CUST-0125,2025-03-16,2025-05-15,60,29765.74,0,,No Dispute
INV-009752,CUST-0125,2025-04-27,2025-06-26,60,28074.52,0,,No Dispute
INV-009753,CUST-0125,2024-10-13,2024-12-12,60,22826.82,0,,No Dispute
INV-009754,CUST-0125,2024-12-29,2025-02-27,60,19150.44,0,,No Dispute
INV-009755,CUST-0125,2024-03-03,2024-05-02,60,12098.19,0,,No Dispute
INV-009756,CUST-0125,2024-09-30,2024-11-29,60,16498.22,0,,No Dispute
INV-009757,CUST-0125,2025-02-11,2025-04-12,60,11835.2,0,,No Dispute
INV-009758,CUST-0125,2024-01-23,2024-03-23,60,8811.3,0,,No Dispute
INV-009759,CUST-0125,2025-02-14,2025-04-15,60,13722.99,0,,No Dispute
INV-009760,CUST-0125,2024-12-17,2025-02-15,60,26705.33,0,,No Dispute
INV-009761,CUST-0125,2025-12-16,2026-02-14,60,10786.35,0,,No Dispute
INV-009762,CUST-0125,2025-12-14,2026-02-12,60,9060.75,0,,No Dispute
INV-009763,CUST-0125,2025-07-11,2025-09-09,60,28883.62,0,,No Dispute
INV-009764,CUST-0125,2024-11-26,2025-01-25,60,6565.96,0,,No Dispute
INV-009765,CUST-0125,2024-03-23,2024-05-22,60,15158.38,0,,No Dispute
INV-009766,CUST-0125,2025-04-12,2025-06-11,60,25140.3,0,,No Dispute
INV-009767,CUST-0126,2024-12-23,2025-03-23,90,17582.13,0,,No Dispute
INV-009768,CUST-0126,2025-05-16,2025-08-14,90,12711.25,0,,No Dispute
INV-009769,CUST-0126,2024-11-21,2025-02-19,90,21692.1,0,,No Dispute
INV-009770,CUST-0126,2024-02-27,2024-05-27,90,7076.35,0,,No Dispute
INV-009771,CUST-0126,2025-07-21,2025-10-19,90,27257.38,0,,No Dispute
INV-009772,CUST-0126,2025-04-11,2025-07-10,90,22240.42,0,,No Dispute
INV-009773,CUST-0126,2024-07-22,2024-10-20,90,18916.72,0,,No Dispute
INV-009774,CUST-0126,2024-10-08,2025-01-06,90,18426.5,0,,No Dispute
INV-009775,CUST-0126,2024-12-15,2025-03-15,90,16760.03,0,,No Dispute
INV-009776,CUST-0126,2025-05-06,2025-08-04,90,8500.23,0,,No Dispute
INV-009777,CUST-0126,2025-01-12,2025-04-12,90,16720.53,0,,No Dispute
INV-009778,CUST-0126,2024-09-14,2024-12-13,90,24451.06,0,,No Dispute
INV-009779,CUST-0126,2024-05-09,2024-08-07,90,14938.93,0,,No Dispute
INV-009780,CUST-0126,2024-01-03,2024-04-02,90,13635.77,0,,No Dispute
INV-009781,CUST-0126,2024-04-04,2024-07-03,90,13481.85,0,,No Dispute
INV-009782,CUST-0126,2024-05-10,2024-08-08,90,24419.12,0,,No Dispute
INV-009783,CUST-0126,2025-05-28,2025-08-26,90,25092.62,0,,No Dispute
INV-009784,CUST-0126,2025-04-04,2025-07-03,90,9933.38,0,,No Dispute
INV-009785,CUST-0126,2024-05-01,2024-07-30,90,23101.47,0,,No Dispute
INV-009786,CUST-0126,2025-07-01,2025-09-29,90,19904.68,0,,No Dispute
INV-009787,CUST-0126,2025-05-15,2025-08-13,90,22871.81,1,5.0,Resolved
INV-009788,CUST-0126,2024-12-07,2025-03-07,90,8725.67,0,,No Dispute
INV-009789,CUST-0126,2024-07-07,2024-10-05,90,13490.45,0,,No Dispute
INV-009790,CUST-0126,2025-04-02,2025-07-01,90,16139.27,0,,No Dispute
INV-009791,CUST-0126,2024-02-05,2024-05-05,90,27123.54,0,,No Dispute
INV-009792,CUST-0126,2024-08-17,2024-11-15,90,13801.66,0,,No Dispute
INV-009793,CUST-0126,2025-12-19,2026-03-19,90,11501.21,0,,No Dispute
INV-009794,CUST-0126,2025-03-28,2025-06-26,90,21760.15,0,,No Dispute
INV-009795,CUST-0126,2025-10-30,2026-01-28,90,15011.37,0,,No Dispute
INV-009796,CUST-0126,2025-10-19,2026-01-17,90,23159.12,0,,No Dispute
INV-009797,CUST-0126,2025-04-11,2025-07-10,90,19409.21,0,,No Dispute
INV-009798,CUST-0126,2025-03-09,2025-06-07,90,11646.59,0,,No Dispute
INV-009799,CUST-0126,2024-06-27,2024-09-25,90,9695.03,0,,No Dispute
INV-009800,CUST-0126,2025-11-27,2026-02-25,90,14637.6,0,,No Dispute
INV-009801,CUST-0126,2025-03-17,2025-06-15,90,8087.05,0,,No Dispute
INV-009802,CUST-0126,2024-12-22,2025-03-22,90,13963.27,0,,No Dispute
INV-009803,CUST-0126,2024-11-10,2025-02-08,90,8781.27,0,,No Dispute
INV-009804,CUST-0126,2024-08-08,2024-11-06,90,17170.33,0,,No Dispute
INV-009805,CUST-0126,2024-10-29,2025-01-27,90,5285.71,0,,No Dispute
INV-009806,CUST-0126,2024-10-19,2025-01-17,90,22464.59,0,,No Dispute
INV-009807,CUST-0126,2024-05-04,2024-08-02,90,8517.34,0,,No Dispute
INV-009808,CUST-0126,2025-03-19,2025-06-17,90,17408.0,0,,No Dispute
INV-009809,CUST-0126,2024-04-13,2024-07-12,90,8085.26,0,,No Dispute
INV-009810,CUST-0126,2024-10-12,2025-01-10,90,16796.78,0,,No Dispute
INV-009811,CUST-0126,2025-01-09,2025-04-09,90,22496.18,0,,No Dispute
INV-009812,CUST-0126,2025-04-08,2025-07-07,90,8727.54,0,,No Dispute
INV-009813,CUST-0126,2025-04-26,2025-07-25,90,5561.1,0,,No Dispute
INV-009814,CUST-0126,2024-01-20,2024-04-19,90,23221.85,0,,No Dispute
INV-009815,CUST-0126,2024-02-26,2024-05-26,90,11987.33,0,,No Dispute
INV-009816,CUST-0126,2024-06-17,2024-09-15,90,5192.45,0,,No Dispute
INV-009817,CUST-0126,2024-02-09,2024-05-09,90,26429.91,0,,No Dispute
INV-009818,CUST-0126,2024-02-03,2024-05-03,90,9601.18,1,5.0,Resolved
INV-009819,CUST-0126,2024-02-17,2024-05-17,90,23953.02,0,,No Dispute
INV-009820,CUST-0126,2025-04-07,2025-07-06,90,17340.83,0,,No Dispute
INV-009821,CUST-0126,2024-01-14,2024-04-13,90,26004.92,0,,No Dispute
INV-009822,CUST-0126,2024-11-08,2025-02-06,90,28733.68,1,2.0,Resolved
INV-009823,CUST-0126,2025-09-28,2025-12-27,90,14879.45,0,,No Dispute
INV-009824,CUST-0126,2025-01-22,2025-04-22,90,6782.45,0,,No Dispute
INV-009825,CUST-0126,2024-07-21,2024-10-19,90,29051.73,0,,No Dispute
INV-009826,CUST-0126,2025-05-15,2025-08-13,90,17858.04,0,,No Dispute
INV-009827,CUST-0126,2024-03-15,2024-06-13,90,26189.08,0,,No Dispute
INV-009828,CUST-0126,2025-07-15,2025-10-13,90,10572.01,0,,No Dispute
INV-009829,CUST-0126,2024-12-20,2025-03-20,90,23834.46,0,,No Dispute
INV-009830,CUST-0126,2025-05-07,2025-08-05,90,13739.54,1,1.0,Resolved
INV-009831,CUST-0126,2025-09-22,2025-12-21,90,24948.31,0,,No Dispute
INV-009832,CUST-0126,2025-05-11,2025-08-09,90,5966.9,0,,No Dispute
INV-009833,CUST-0126,2024-07-09,2024-10-07,90,26002.96,0,,No Dispute
INV-009834,CUST-0126,2025-03-08,2025-06-06,90,5121.18,0,,No Dispute
INV-009835,CUST-0126,2024-05-03,2024-08-01,90,25830.13,0,,No Dispute
INV-009836,CUST-0126,2025-10-29,2026-01-27,90,29289.53,0,,No Dispute
INV-009837,CUST-0126,2025-06-20,2025-09-18,90,17955.0,0,,No Dispute
INV-009838,CUST-0126,2025-10-24,2026-01-22,90,23720.46,0,,No Dispute
INV-009839,CUST-0126,2025-05-31,2025-08-29,90,12530.26,0,,No Dispute
INV-009840,CUST-0126,2024-01-03,2024-04-02,90,28346.07,0,,No Dispute
INV-009841,CUST-0126,2024-11-05,2025-02-03,90,15536.03,0,,No Dispute
INV-009842,CUST-0126,2025-04-20,2025-07-19,90,28416.61,0,,No Dispute
INV-009843,CUST-0126,2024-10-24,2025-01-22,90,29353.54,0,,No Dispute
INV-009844,CUST-0126,2024-07-13,2024-10-11,90,30378.73,0,,No Dispute
INV-009845,CUST-0126,2024-08-15,2024-11-13,90,31273.62,0,,No Dispute
INV-009846,CUST-0126,2025-04-29,2025-07-28,90,10122.41,0,,No Dispute
INV-009847,CUST-0126,2024-02-10,2024-05-10,90,9799.69,0,,No Dispute
INV-009848,CUST-0126,2024-11-01,2025-01-30,90,30693.08,0,,No Dispute
INV-009849,CUST-0126,2024-12-23,2025-03-23,90,20066.96,0,,No Dispute
INV-009850,CUST-0126,2025-07-26,2025-10-24,90,6307.39,0,,No Dispute
INV-009851,CUST-0126,2024-08-16,2024-11-14,90,5494.91,1,3.0,Resolved
INV-009852,CUST-0126,2024-07-04,2024-10-02,90,9121.53,1,5.0,Open
INV-009853,CUST-0126,2025-12-01,2026-03-01,90,10751.96,0,,No Dispute
INV-009854,CUST-0126,2024-09-01,2024-11-30,90,21425.18,0,,No Dispute
INV-009855,CUST-0126,2025-01-06,2025-04-06,90,27065.83,0,,No Dispute
INV-009856,CUST-0126,2025-12-12,2026-03-12,90,21560.24,0,,No Dispute
INV-009857,CUST-0126,2025-03-08,2025-06-06,90,16236.91,0,,No Dispute
INV-009858,CUST-0126,2024-11-13,2025-02-11,90,6530.59,0,,No Dispute
INV-009859,CUST-0126,2024-01-11,2024-04-10,90,11301.32,0,,No Dispute
INV-009860,CUST-0126,2024-05-27,2024-08-25,90,23774.92,0,,No Dispute
INV-009861,CUST-0126,2025-05-19,2025-08-17,90,7878.54,0,,No Dispute
INV-009862,CUST-0126,2025-11-01,2026-01-30,90,18788.27,0,,No Dispute
INV-009863,CUST-0126,2025-05-31,2025-08-29,90,20515.68,0,,No Dispute
INV-009864,CUST-0126,2025-07-15,2025-10-13,90,30784.49,0,,No Dispute
INV-009865,CUST-0126,2024-12-23,2025-03-23,90,30227.89,0,,No Dispute
INV-009866,CUST-0126,2024-10-30,2025-01-28,90,30667.24,0,,No Dispute
INV-009867,CUST-0126,2024-02-17,2024-05-17,90,5944.68,0,,No Dispute
INV-009868,CUST-0126,2024-06-22,2024-09-20,90,12131.38,0,,No Dispute
INV-009869,CUST-0126,2025-08-10,2025-11-08,90,11461.55,0,,No Dispute
INV-009870,CUST-0126,2024-12-18,2025-03-18,90,13960.18,0,,No Dispute
INV-009871,CUST-0126,2024-11-05,2025-02-03,90,12703.09,0,,No Dispute
INV-009872,CUST-0126,2024-07-18,2024-10-16,90,23375.42,0,,No Dispute
INV-009873,CUST-0126,2025-03-01,2025-05-30,90,18816.57,0,,No Dispute
INV-009874,CUST-0126,2024-02-24,2024-05-24,90,20579.7,0,,No Dispute
INV-009875,CUST-0126,2024-01-22,2024-04-21,90,28356.22,0,,No Dispute
INV-009876,CUST-0126,2024-02-03,2024-05-03,90,28091.32,0,,No Dispute
INV-009877,CUST-0126,2024-11-15,2025-02-13,90,6924.8,0,,No Dispute
INV-009878,CUST-0126,2025-09-30,2025-12-29,90,10920.2,0,,No Dispute
INV-009879,CUST-0126,2024-04-21,2024-07-20,90,10727.16,0,,No Dispute
INV-009880,CUST-0126,2024-11-27,2025-02-25,90,19362.45,0,,No Dispute
INV-009881,CUST-0126,2025-07-22,2025-10-20,90,17620.98,0,,No Dispute
INV-009882,CUST-0126,2025-07-19,2025-10-17,90,12542.45,0,,No Dispute
INV-009883,CUST-0126,2025-07-03,2025-10-01,90,23564.64,0,,No Dispute
INV-009884,CUST-0126,2024-09-01,2024-11-30,90,21192.76,0,,No Dispute
INV-009885,CUST-0126,2024-03-21,2024-06-19,90,14035.78,0,,No Dispute
INV-009886,CUST-0126,2024-01-29,2024-04-28,90,18505.27,0,,No Dispute
INV-009887,CUST-0126,2024-08-28,2024-11-26,90,6624.28,0,,No Dispute
INV-009888,CUST-0126,2024-02-10,2024-05-10,90,22965.64,0,,No Dispute
INV-009889,CUST-0126,2025-02-11,2025-05-12,90,7892.02,0,,No Dispute
INV-009890,CUST-0126,2024-10-08,2025-01-06,90,9148.99,0,,No Dispute
INV-009891,CUST-0126,2024-05-26,2024-08-24,90,9616.35,1,3.0,Open
INV-009892,CUST-0126,2024-04-05,2024-07-04,90,19995.74,0,,No Dispute
INV-009893,CUST-0126,2024-09-01,2024-11-30,90,30090.25,0,,No Dispute
INV-009894,CUST-0126,2024-04-25,2024-07-24,90,11313.97,0,,No Dispute
INV-009895,CUST-0126,2024-03-19,2024-06-17,90,30253.13,0,,No Dispute
INV-009896,CUST-0126,2025-03-05,2025-06-03,90,24870.11,0,,No Dispute
INV-009897,CUST-0126,2024-02-28,2024-05-28,90,14749.1,0,,No Dispute
INV-009898,CUST-0126,2024-09-03,2024-12-02,90,15060.41,0,,No Dispute
INV-009899,CUST-0126,2024-11-02,2025-01-31,90,23943.67,0,,No Dispute
INV-009900,CUST-0126,2024-03-01,2024-05-30,90,20353.37,0,,No Dispute
INV-009901,CUST-0126,2025-11-13,2026-02-11,90,24268.12,0,,No Dispute
INV-009902,CUST-0126,2024-10-29,2025-01-27,90,6088.38,0,,No Dispute
INV-009903,CUST-0127,2025-12-30,2026-01-29,30,5937.38,0,,No Dispute
INV-009904,CUST-0127,2025-07-13,2025-08-12,30,9228.81,0,,No Dispute
INV-009905,CUST-0127,2024-08-10,2024-09-09,30,6608.29,0,,No Dispute
INV-009906,CUST-0127,2024-03-05,2024-04-04,30,2605.85,0,,No Dispute
INV-009907,CUST-0127,2025-12-01,2025-12-31,30,10785.02,0,,No Dispute
INV-009908,CUST-0127,2025-02-22,2025-03-24,30,1941.91,0,,No Dispute
INV-009909,CUST-0127,2024-02-23,2024-03-24,30,11106.45,0,,No Dispute
INV-009910,CUST-0127,2025-04-14,2025-05-14,30,5007.39,0,,No Dispute
INV-009911,CUST-0127,2025-01-03,2025-02-02,30,8727.33,0,,No Dispute
INV-009912,CUST-0127,2025-03-09,2025-04-08,30,6681.21,0,,No Dispute
INV-009913,CUST-0127,2024-09-06,2024-10-06,30,6888.39,0,,No Dispute
INV-009914,CUST-0127,2025-11-20,2025-12-20,30,1921.57,0,,No Dispute
INV-009915,CUST-0127,2024-08-27,2024-09-26,30,6684.93,0,,No Dispute
INV-009916,CUST-0127,2025-01-14,2025-02-13,30,11819.4,0,,No Dispute
INV-009917,CUST-0127,2025-03-01,2025-03-31,30,5338.0,0,,No Dispute
INV-009918,CUST-0127,2025-03-28,2025-04-27,30,8623.26,0,,No Dispute
INV-009919,CUST-0127,2024-12-12,2025-01-11,30,3458.37,0,,No Dispute
INV-009920,CUST-0127,2025-01-26,2025-02-25,30,3553.93,0,,No Dispute
INV-009921,CUST-0127,2024-04-16,2024-05-16,30,5261.34,1,1.0,Resolved
INV-009922,CUST-0127,2025-12-15,2026-01-14,30,7041.65,0,,No Dispute
INV-009923,CUST-0127,2025-01-03,2025-02-02,30,9833.77,0,,No Dispute
INV-009924,CUST-0127,2024-04-30,2024-05-30,30,11901.95,0,,No Dispute
INV-009925,CUST-0127,2025-08-24,2025-09-23,30,8597.46,1,3.0,Resolved
INV-009926,CUST-0127,2024-10-20,2024-11-19,30,10030.33,0,,No Dispute
INV-009927,CUST-0127,2024-07-28,2024-08-27,30,7988.65,0,,No Dispute
INV-009928,CUST-0127,2025-05-04,2025-06-03,30,5961.22,0,,No Dispute
INV-009929,CUST-0127,2024-06-20,2024-07-20,30,3142.77,0,,No Dispute
INV-009930,CUST-0127,2025-05-09,2025-06-08,30,3523.64,0,,No Dispute
INV-009931,CUST-0127,2025-11-21,2025-12-21,30,8116.97,0,,No Dispute
INV-009932,CUST-0127,2024-10-10,2024-11-09,30,2139.04,0,,No Dispute
INV-009933,CUST-0127,2024-06-20,2024-07-20,30,1926.86,0,,No Dispute
INV-009934,CUST-0127,2025-01-17,2025-02-16,30,7115.65,0,,No Dispute
INV-009935,CUST-0127,2024-04-25,2024-05-25,30,10416.42,0,,No Dispute
INV-009936,CUST-0127,2024-03-22,2024-04-21,30,8167.26,0,,No Dispute
INV-009937,CUST-0127,2024-07-19,2024-08-18,30,9403.7,0,,No Dispute
INV-009938,CUST-0127,2025-10-06,2025-11-05,30,11376.03,0,,No Dispute
INV-009939,CUST-0127,2024-05-13,2024-06-12,30,3382.55,0,,No Dispute
INV-009940,CUST-0127,2024-09-11,2024-10-11,30,8990.86,0,,No Dispute
INV-009941,CUST-0127,2025-09-09,2025-10-09,30,1509.9,0,,No Dispute
INV-009942,CUST-0127,2025-07-22,2025-08-21,30,7818.93,0,,No Dispute
INV-009943,CUST-0127,2024-12-29,2025-01-28,30,4323.44,0,,No Dispute
INV-009944,CUST-0127,2025-12-27,2026-01-26,30,4540.41,0,,No Dispute
INV-009945,CUST-0127,2024-02-25,2024-03-26,30,4103.1,0,,No Dispute
INV-009946,CUST-0127,2025-07-18,2025-08-17,30,1561.83,0,,No Dispute
INV-009947,CUST-0127,2025-04-23,2025-05-23,30,3374.58,0,,No Dispute
INV-009948,CUST-0127,2025-10-24,2025-11-23,30,5106.13,0,,No Dispute
INV-009949,CUST-0127,2025-06-25,2025-07-25,30,3556.63,0,,No Dispute
INV-009950,CUST-0127,2025-04-24,2025-05-24,30,11853.83,0,,No Dispute
INV-009951,CUST-0127,2024-06-17,2024-07-17,30,11688.59,0,,No Dispute
INV-009952,CUST-0127,2025-08-24,2025-09-23,30,4418.57,0,,No Dispute
INV-009953,CUST-0127,2024-06-29,2024-07-29,30,10346.33,0,,No Dispute
INV-009954,CUST-0127,2025-10-23,2025-11-22,30,9229.23,0,,No Dispute
INV-009955,CUST-0127,2024-06-26,2024-07-26,30,9113.95,0,,No Dispute
INV-009956,CUST-0127,2024-03-31,2024-04-30,30,10643.07,0,,No Dispute
INV-009957,CUST-0127,2025-04-06,2025-05-06,30,3702.93,0,,No Dispute
INV-009958,CUST-0127,2025-10-13,2025-11-12,30,5052.71,0,,No Dispute
INV-009959,CUST-0127,2024-09-24,2024-10-24,30,5979.34,0,,No Dispute
INV-009960,CUST-0127,2025-07-17,2025-08-16,30,10848.26,0,,No Dispute
INV-009961,CUST-0127,2024-01-17,2024-02-16,30,10776.74,0,,No Dispute
INV-009962,CUST-0127,2024-05-25,2024-06-24,30,3558.68,0,,No Dispute
INV-009963,CUST-0127,2025-02-20,2025-03-22,30,3874.13,0,,No Dispute
INV-009964,CUST-0127,2025-04-12,2025-05-12,30,7172.0,0,,No Dispute
INV-009965,CUST-0127,2024-05-24,2024-06-23,30,8836.52,0,,No Dispute
INV-009966,CUST-0127,2025-11-11,2025-12-11,30,4281.21,0,,No Dispute
INV-009967,CUST-0127,2024-12-04,2025-01-03,30,11813.97,0,,No Dispute
INV-009968,CUST-0127,2025-05-19,2025-06-18,30,5594.6,0,,No Dispute
INV-009969,CUST-0127,2025-05-13,2025-06-12,30,4194.06,0,,No Dispute
INV-009970,CUST-0127,2024-02-07,2024-03-08,30,9296.66,0,,No Dispute
INV-009971,CUST-0127,2024-11-02,2024-12-02,30,6039.36,0,,No Dispute
INV-009972,CUST-0127,2024-09-24,2024-10-24,30,8224.5,0,,No Dispute
INV-009973,CUST-0127,2024-12-03,2025-01-02,30,7474.22,0,,No Dispute
INV-009974,CUST-0127,2024-12-03,2025-01-02,30,2462.73,0,,No Dispute
INV-009975,CUST-0127,2025-11-05,2025-12-05,30,2448.87,0,,No Dispute
INV-009976,CUST-0127,2025-07-26,2025-08-25,30,5652.27,0,,No Dispute
INV-009977,CUST-0127,2025-09-17,2025-10-17,30,7100.95,0,,No Dispute
INV-009978,CUST-0127,2024-01-08,2024-02-07,30,9614.53,0,,No Dispute
INV-009979,CUST-0127,2025-02-03,2025-03-05,30,5153.63,0,,No Dispute
INV-009980,CUST-0127,2025-07-23,2025-08-22,30,5203.31,0,,No Dispute
INV-009981,CUST-0127,2024-01-08,2024-02-07,30,4954.94,0,,No Dispute
INV-009982,CUST-0127,2024-02-21,2024-03-22,30,10438.63,1,5.0,Resolved
INV-009983,CUST-0127,2025-12-20,2026-01-19,30,9594.9,0,,No Dispute
INV-009984,CUST-0127,2024-05-28,2024-06-27,30,6602.79,0,,No Dispute
INV-009985,CUST-0127,2024-05-22,2024-06-21,30,6537.54,0,,No Dispute
INV-009986,CUST-0127,2024-02-13,2024-03-14,30,7347.23,0,,No Dispute
INV-009987,CUST-0127,2024-10-16,2024-11-15,30,7284.4,0,,No Dispute
INV-009988,CUST-0127,2025-08-09,2025-09-08,30,5424.6,1,5.0,Open
INV-009989,CUST-0127,2024-12-02,2025-01-01,30,8703.26,0,,No Dispute
INV-009990,CUST-0127,2025-02-01,2025-03-03,30,11059.39,0,,No Dispute
INV-009991,CUST-0127,2024-10-11,2024-11-10,30,5837.7,0,,No Dispute
INV-009992,CUST-0127,2024-01-06,2024-02-05,30,1802.38,0,,No Dispute
INV-009993,CUST-0127,2025-12-25,2026-01-24,30,7747.54,0,,No Dispute
INV-009994,CUST-0127,2025-01-26,2025-02-25,30,8381.76,0,,No Dispute
INV-009995,CUST-0127,2025-12-15,2026-01-14,30,6536.37,0,,No Dispute
INV-009996,CUST-0127,2025-10-04,2025-11-03,30,7197.35,0,,No Dispute
INV-009997,CUST-0127,2024-04-28,2024-05-28,30,11952.56,0,,No Dispute
INV-009998,CUST-0127,2024-08-08,2024-09-07,30,11942.28,0,,No Dispute
INV-009999,CUST-0127,2024-11-05,2024-12-05,30,11287.4,0,,No Dispute
INV-010000,CUST-0127,2025-01-03,2025-02-02,30,2665.4,0,,No Dispute
INV-010001,CUST-0127,2024-09-27,2024-10-27,30,6266.41,0,,No Dispute
INV-010002,CUST-0127,2024-10-07,2024-11-06,30,5222.31,0,,No Dispute
INV-010003,CUST-0127,2025-06-22,2025-07-22,30,5959.92,0,,No Dispute
INV-010004,CUST-0128,2024-08-24,2024-09-23,30,3853.75,0,,No Dispute
INV-010005,CUST-0128,2025-02-25,2025-03-27,30,2774.09,0,,No Dispute
INV-010006,CUST-0128,2025-12-04,2026-01-03,30,2218.93,0,,No Dispute
INV-010007,CUST-0128,2025-12-25,2026-01-24,30,2196.34,0,,No Dispute
INV-010008,CUST-0128,2025-03-30,2025-04-29,30,660.04,0,,No Dispute
INV-010009,CUST-0128,2025-02-03,2025-03-05,30,1665.04,1,1.0,Resolved
INV-010010,CUST-0128,2025-11-09,2025-12-09,30,1388.44,0,,No Dispute
INV-010011,CUST-0128,2025-11-22,2025-12-22,30,2540.56,1,2.0,Open
INV-010012,CUST-0128,2025-12-09,2026-01-08,30,2097.22,0,,No Dispute
INV-010013,CUST-0128,2025-04-30,2025-05-30,30,1913.97,0,,No Dispute
INV-010014,CUST-0128,2025-10-21,2025-11-20,30,2571.43,0,,No Dispute
INV-010015,CUST-0128,2024-02-27,2024-03-28,30,2906.85,1,4.0,Resolved
INV-010016,CUST-0128,2025-05-25,2025-06-24,30,2398.38,1,3.0,Resolved
INV-010017,CUST-0128,2024-01-06,2024-02-05,30,2976.44,0,,No Dispute
INV-010018,CUST-0128,2024-08-13,2024-09-12,30,3481.07,0,,No Dispute
INV-010019,CUST-0128,2025-03-10,2025-04-09,30,3464.84,0,,No Dispute
INV-010020,CUST-0128,2024-01-07,2024-02-06,30,3373.83,1,3.0,Open
INV-010021,CUST-0128,2025-03-26,2025-04-25,30,1998.32,0,,No Dispute
INV-010022,CUST-0128,2025-01-05,2025-02-04,30,3932.51,0,,No Dispute
INV-010023,CUST-0128,2024-01-14,2024-02-13,30,2921.35,0,,No Dispute
INV-010024,CUST-0128,2025-02-12,2025-03-14,30,1399.39,0,,No Dispute
INV-010025,CUST-0128,2024-06-11,2024-07-11,30,2307.23,0,,No Dispute
INV-010026,CUST-0128,2024-07-09,2024-08-08,30,2341.72,0,,No Dispute
INV-010027,CUST-0128,2025-07-02,2025-08-01,30,1976.32,0,,No Dispute
INV-010028,CUST-0128,2024-11-25,2024-12-25,30,2784.22,0,,No Dispute
INV-010029,CUST-0128,2024-01-03,2024-02-02,30,1283.78,0,,No Dispute
INV-010030,CUST-0128,2024-10-12,2024-11-11,30,3857.1,0,,No Dispute
INV-010031,CUST-0128,2024-08-25,2024-09-24,30,3663.37,1,1.0,Open
INV-010032,CUST-0128,2025-08-27,2025-09-26,30,1156.73,0,,No Dispute
INV-010033,CUST-0128,2024-11-02,2024-12-02,30,1165.89,0,,No Dispute
INV-010034,CUST-0128,2025-12-02,2026-01-01,30,2415.15,0,,No Dispute
INV-010035,CUST-0128,2024-02-28,2024-03-29,30,1844.76,0,,No Dispute
INV-010036,CUST-0128,2025-02-04,2025-03-06,30,3869.51,0,,No Dispute
INV-010037,CUST-0128,2024-04-12,2024-05-12,30,1148.83,1,1.0,Resolved
INV-010038,CUST-0128,2024-04-01,2024-05-01,30,873.43,0,,No Dispute
INV-010039,CUST-0128,2024-01-18,2024-02-17,30,3654.39,0,,No Dispute
INV-010040,CUST-0128,2025-06-05,2025-07-05,30,1633.82,0,,No Dispute
INV-010041,CUST-0128,2025-01-26,2025-02-25,30,1991.31,0,,No Dispute
INV-010042,CUST-0128,2024-07-15,2024-08-14,30,3644.82,0,,No Dispute
INV-010043,CUST-0128,2024-07-21,2024-08-20,30,1406.28,0,,No Dispute
INV-010044,CUST-0128,2024-07-31,2024-08-30,30,3323.97,0,,No Dispute
INV-010045,CUST-0128,2024-06-24,2024-07-24,30,3776.02,1,2.0,Open
INV-010046,CUST-0128,2024-03-17,2024-04-16,30,3255.66,0,,No Dispute
INV-010047,CUST-0128,2025-03-02,2025-04-01,30,1835.83,1,5.0,Resolved
INV-010048,CUST-0128,2025-11-23,2025-12-23,30,2188.99,0,,No Dispute
INV-010049,CUST-0128,2025-02-02,2025-03-04,30,1173.63,0,,No Dispute
INV-010050,CUST-0129,2025-03-15,2025-04-14,30,1924.73,0,,No Dispute
INV-010051,CUST-0129,2025-01-07,2025-02-06,30,923.91,0,,No Dispute
INV-010052,CUST-0129,2024-01-17,2024-02-16,30,3961.93,1,5.0,Resolved
INV-010053,CUST-0129,2024-07-12,2024-08-11,30,1423.31,0,,No Dispute
INV-010054,CUST-0129,2025-12-30,2026-01-29,30,1689.12,0,,No Dispute
INV-010055,CUST-0129,2024-11-28,2024-12-28,30,2014.48,0,,No Dispute
INV-010056,CUST-0129,2025-10-02,2025-11-01,30,817.16,0,,No Dispute
INV-010057,CUST-0129,2025-07-07,2025-08-06,30,3150.83,0,,No Dispute
INV-010058,CUST-0129,2025-06-17,2025-07-17,30,1889.83,0,,No Dispute
INV-010059,CUST-0129,2025-04-26,2025-05-26,30,3468.03,0,,No Dispute
INV-010060,CUST-0129,2025-11-28,2025-12-28,30,1901.6,0,,No Dispute
INV-010061,CUST-0129,2025-06-22,2025-07-22,30,2901.8,0,,No Dispute
INV-010062,CUST-0129,2025-11-28,2025-12-28,30,860.16,0,,No Dispute
INV-010063,CUST-0129,2025-11-17,2025-12-17,30,3849.52,0,,No Dispute
INV-010064,CUST-0129,2025-12-02,2026-01-01,30,2964.33,0,,No Dispute
INV-010065,CUST-0129,2025-04-21,2025-05-21,30,3215.76,0,,No Dispute
INV-010066,CUST-0129,2025-04-22,2025-05-22,30,1101.11,0,,No Dispute
INV-010067,CUST-0129,2024-09-10,2024-10-10,30,3677.94,0,,No Dispute
INV-010068,CUST-0129,2025-03-28,2025-04-27,30,3811.18,1,4.0,Resolved
INV-010069,CUST-0129,2024-01-30,2024-02-29,30,2393.06,1,5.0,Open
INV-010070,CUST-0129,2025-08-12,2025-09-11,30,2344.17,0,,No Dispute
INV-010071,CUST-0129,2025-05-20,2025-06-19,30,2701.09,0,,No Dispute
INV-010072,CUST-0129,2025-08-16,2025-09-15,30,3612.52,0,,No Dispute
INV-010073,CUST-0129,2025-05-17,2025-06-16,30,2276.8,1,4.0,Resolved
INV-010074,CUST-0129,2024-03-05,2024-04-04,30,1693.02,0,,No Dispute
INV-010075,CUST-0129,2025-06-05,2025-07-05,30,637.19,0,,No Dispute
INV-010076,CUST-0129,2025-09-18,2025-10-18,30,2665.96,0,,No Dispute
INV-010077,CUST-0129,2024-12-19,2025-01-18,30,2905.59,0,,No Dispute
INV-010078,CUST-0129,2025-04-24,2025-05-24,30,1865.75,0,,No Dispute
INV-010079,CUST-0129,2025-11-18,2025-12-18,30,1801.68,0,,No Dispute
INV-010080,CUST-0129,2024-11-17,2024-12-17,30,573.31,0,,No Dispute
INV-010081,CUST-0129,2025-04-24,2025-05-24,30,3523.63,0,,No Dispute
INV-010082,CUST-0129,2024-08-05,2024-09-04,30,3976.4,0,,No Dispute
INV-010083,CUST-0129,2024-11-21,2024-12-21,30,2421.4,0,,No Dispute
INV-010084,CUST-0129,2024-05-16,2024-06-15,30,654.79,0,,No Dispute
INV-010085,CUST-0129,2025-10-23,2025-11-22,30,3638.89,0,,No Dispute
INV-010086,CUST-0129,2025-10-09,2025-11-08,30,3053.88,0,,No Dispute
INV-010087,CUST-0129,2024-05-20,2024-06-19,30,3214.25,0,,No Dispute
INV-010088,CUST-0129,2025-07-11,2025-08-10,30,2010.23,0,,No Dispute
INV-010089,CUST-0129,2025-01-13,2025-02-12,30,3291.03,1,2.0,Resolved
INV-010090,CUST-0129,2024-02-17,2024-03-18,30,3178.18,0,,No Dispute
INV-010091,CUST-0129,2025-02-24,2025-03-26,30,2837.03,0,,No Dispute
INV-010092,CUST-0129,2024-01-14,2024-02-13,30,3738.56,0,,No Dispute
INV-010093,CUST-0129,2024-11-05,2024-12-05,30,851.05,0,,No Dispute
INV-010094,CUST-0129,2024-09-21,2024-10-21,30,858.64,0,,No Dispute
INV-010095,CUST-0130,2025-06-27,2025-08-26,60,8227.22,0,,No Dispute
INV-010096,CUST-0130,2024-01-18,2024-03-18,60,9705.25,0,,No Dispute
INV-010097,CUST-0130,2025-08-20,2025-10-19,60,10026.39,0,,No Dispute
INV-010098,CUST-0130,2024-03-15,2024-05-14,60,6014.36,0,,No Dispute
INV-010099,CUST-0130,2024-05-08,2024-07-07,60,5651.65,0,,No Dispute
INV-010100,CUST-0130,2025-11-19,2026-01-18,60,10049.96,0,,No Dispute
INV-010101,CUST-0130,2025-04-16,2025-06-15,60,11273.67,0,,No Dispute
INV-010102,CUST-0130,2025-10-18,2025-12-17,60,11948.15,0,,No Dispute
INV-010103,CUST-0130,2024-03-13,2024-05-12,60,3340.23,0,,No Dispute
INV-010104,CUST-0130,2025-09-27,2025-11-26,60,10417.56,0,,No Dispute
INV-010105,CUST-0130,2024-05-31,2024-07-30,60,11484.15,0,,No Dispute
INV-010106,CUST-0130,2024-05-09,2024-07-08,60,9279.13,0,,No Dispute
INV-010107,CUST-0130,2024-05-24,2024-07-23,60,9774.9,0,,No Dispute
INV-010108,CUST-0130,2025-02-23,2025-04-24,60,4795.59,0,,No Dispute
INV-010109,CUST-0130,2024-10-30,2024-12-29,60,1686.53,0,,No Dispute
INV-010110,CUST-0130,2024-07-15,2024-09-13,60,4331.81,0,,No Dispute
INV-010111,CUST-0130,2025-09-30,2025-11-29,60,2750.88,0,,No Dispute
INV-010112,CUST-0130,2025-07-01,2025-08-30,60,8355.46,0,,No Dispute
INV-010113,CUST-0130,2025-08-25,2025-10-24,60,2697.13,0,,No Dispute
INV-010114,CUST-0130,2024-04-19,2024-06-18,60,1608.16,0,,No Dispute
INV-010115,CUST-0130,2024-05-19,2024-07-18,60,3138.82,0,,No Dispute
INV-010116,CUST-0130,2025-06-15,2025-08-14,60,9668.74,0,,No Dispute
INV-010117,CUST-0130,2024-02-18,2024-04-18,60,9576.93,0,,No Dispute
INV-010118,CUST-0130,2024-08-26,2024-10-25,60,11744.77,0,,No Dispute
INV-010119,CUST-0130,2024-09-29,2024-11-28,60,7877.46,0,,No Dispute
INV-010120,CUST-0130,2025-12-21,2026-02-19,60,3401.57,0,,No Dispute
INV-010121,CUST-0130,2025-07-22,2025-09-20,60,6168.82,0,,No Dispute
INV-010122,CUST-0130,2025-02-13,2025-04-14,60,6111.86,0,,No Dispute
INV-010123,CUST-0130,2025-07-26,2025-09-24,60,10591.86,0,,No Dispute
INV-010124,CUST-0130,2024-02-09,2024-04-09,60,7067.78,0,,No Dispute
INV-010125,CUST-0130,2024-01-30,2024-03-30,60,9503.17,0,,No Dispute
INV-010126,CUST-0130,2024-08-29,2024-10-28,60,9646.66,0,,No Dispute
INV-010127,CUST-0130,2024-05-30,2024-07-29,60,1978.69,0,,No Dispute
INV-010128,CUST-0130,2024-05-31,2024-07-30,60,7044.59,0,,No Dispute
INV-010129,CUST-0130,2025-10-26,2025-12-25,60,5098.91,0,,No Dispute
INV-010130,CUST-0130,2025-03-20,2025-05-19,60,6319.14,0,,No Dispute
INV-010131,CUST-0130,2025-08-03,2025-10-02,60,5537.63,0,,No Dispute
INV-010132,CUST-0130,2025-11-30,2026-01-29,60,4887.09,0,,No Dispute
INV-010133,CUST-0130,2025-08-26,2025-10-25,60,2152.2,0,,No Dispute
INV-010134,CUST-0130,2025-11-14,2026-01-13,60,10290.83,0,,No Dispute
INV-010135,CUST-0130,2025-01-19,2025-03-20,60,9597.78,0,,No Dispute
INV-010136,CUST-0130,2025-05-08,2025-07-07,60,4427.1,0,,No Dispute
INV-010137,CUST-0130,2024-03-19,2024-05-18,60,6934.97,0,,No Dispute
INV-010138,CUST-0130,2024-06-22,2024-08-21,60,4606.15,0,,No Dispute
INV-010139,CUST-0130,2025-08-23,2025-10-22,60,5459.97,0,,No Dispute
INV-010140,CUST-0130,2025-09-23,2025-11-22,60,11782.22,0,,No Dispute
INV-010141,CUST-0130,2025-10-23,2025-12-22,60,8645.02,0,,No Dispute
INV-010142,CUST-0130,2024-03-18,2024-05-17,60,4202.41,0,,No Dispute
INV-010143,CUST-0130,2025-06-13,2025-08-12,60,9205.58,0,,No Dispute
INV-010144,CUST-0130,2025-10-11,2025-12-10,60,2355.81,0,,No Dispute
INV-010145,CUST-0130,2025-04-26,2025-06-25,60,8055.61,0,,No Dispute
INV-010146,CUST-0130,2024-05-17,2024-07-16,60,8689.56,0,,No Dispute
INV-010147,CUST-0130,2024-09-22,2024-11-21,60,2409.13,0,,No Dispute
INV-010148,CUST-0130,2024-09-21,2024-11-20,60,7661.64,0,,No Dispute
INV-010149,CUST-0130,2025-12-19,2026-02-17,60,5104.7,0,,No Dispute
INV-010150,CUST-0130,2025-04-29,2025-06-28,60,9632.44,0,,No Dispute
INV-010151,CUST-0130,2025-03-28,2025-05-27,60,4195.76,0,,No Dispute
INV-010152,CUST-0130,2025-02-07,2025-04-08,60,10225.23,0,,No Dispute
INV-010153,CUST-0130,2024-09-02,2024-11-01,60,2813.29,0,,No Dispute
INV-010154,CUST-0130,2024-05-08,2024-07-07,60,10600.26,0,,No Dispute
INV-010155,CUST-0130,2024-02-21,2024-04-21,60,1744.64,0,,No Dispute
INV-010156,CUST-0130,2025-01-14,2025-03-15,60,5933.69,0,,No Dispute
INV-010157,CUST-0130,2024-10-24,2024-12-23,60,7733.04,1,1.0,Resolved
INV-010158,CUST-0130,2025-03-19,2025-05-18,60,4953.86,0,,No Dispute
INV-010159,CUST-0130,2025-09-21,2025-11-20,60,11200.11,0,,No Dispute
INV-010160,CUST-0130,2024-02-23,2024-04-23,60,5136.31,0,,No Dispute
INV-010161,CUST-0130,2025-10-20,2025-12-19,60,11754.6,1,4.0,Resolved
INV-010162,CUST-0130,2024-11-23,2025-01-22,60,2606.98,0,,No Dispute
INV-010163,CUST-0130,2025-03-19,2025-05-18,60,4504.78,0,,No Dispute
INV-010164,CUST-0130,2025-09-07,2025-11-06,60,5448.63,0,,No Dispute
INV-010165,CUST-0130,2024-12-18,2025-02-16,60,9698.26,0,,No Dispute
INV-010166,CUST-0130,2025-05-19,2025-07-18,60,9839.41,0,,No Dispute
INV-010167,CUST-0130,2024-02-25,2024-04-25,60,10068.45,0,,No Dispute
INV-010168,CUST-0130,2024-07-13,2024-09-11,60,8092.75,0,,No Dispute
INV-010169,CUST-0130,2024-09-26,2024-11-25,60,4633.96,0,,No Dispute
INV-010170,CUST-0130,2025-03-01,2025-04-30,60,4620.38,0,,No Dispute
INV-010171,CUST-0130,2025-08-15,2025-10-14,60,7565.17,0,,No Dispute
INV-010172,CUST-0130,2024-09-02,2024-11-01,60,2842.04,0,,No Dispute
INV-010173,CUST-0130,2025-03-23,2025-05-22,60,3157.54,0,,No Dispute
INV-010174,CUST-0130,2025-10-23,2025-12-22,60,6247.43,0,,No Dispute
INV-010175,CUST-0130,2025-04-07,2025-06-06,60,3149.28,0,,No Dispute
INV-010176,CUST-0130,2025-05-08,2025-07-07,60,11529.13,0,,No Dispute
INV-010177,CUST-0130,2025-09-08,2025-11-07,60,8630.16,0,,No Dispute
INV-010178,CUST-0130,2025-07-14,2025-09-12,60,3488.4,0,,No Dispute
INV-010179,CUST-0130,2024-07-27,2024-09-25,60,10380.85,0,,No Dispute
INV-010180,CUST-0130,2024-12-11,2025-02-09,60,5681.2,0,,No Dispute
INV-010181,CUST-0130,2024-09-21,2024-11-20,60,1803.97,0,,No Dispute
INV-010182,CUST-0130,2025-09-15,2025-11-14,60,7412.63,0,,No Dispute
INV-010183,CUST-0130,2024-04-24,2024-06-23,60,4548.15,0,,No Dispute
INV-010184,CUST-0130,2024-12-17,2025-02-15,60,8019.49,0,,No Dispute
INV-010185,CUST-0130,2024-10-03,2024-12-02,60,3581.83,0,,No Dispute
INV-010186,CUST-0130,2025-12-04,2026-02-02,60,2071.38,0,,No Dispute
INV-010187,CUST-0130,2024-05-04,2024-07-03,60,4066.64,0,,No Dispute
INV-010188,CUST-0130,2024-06-30,2024-08-29,60,7745.2,0,,No Dispute
INV-010189,CUST-0130,2024-02-22,2024-04-22,60,11445.66,0,,No Dispute
INV-010190,CUST-0130,2024-10-21,2024-12-20,60,7622.05,0,,No Dispute
INV-010191,CUST-0130,2025-12-29,2026-02-27,60,9591.06,0,,No Dispute
INV-010192,CUST-0130,2024-10-12,2024-12-11,60,3868.35,0,,No Dispute
INV-010193,CUST-0130,2024-12-23,2025-02-21,60,9248.52,0,,No Dispute
INV-010194,CUST-0130,2024-10-25,2024-12-24,60,4504.84,0,,No Dispute
INV-010195,CUST-0130,2024-02-20,2024-04-20,60,3105.65,0,,No Dispute
INV-010196,CUST-0130,2025-06-13,2025-08-12,60,10736.65,0,,No Dispute
INV-010197,CUST-0130,2025-03-11,2025-05-10,60,11590.77,0,,No Dispute
INV-010198,CUST-0131,2025-02-22,2025-04-08,45,5198.75,0,,No Dispute
INV-010199,CUST-0131,2024-05-07,2024-06-21,45,4247.21,0,,No Dispute
INV-010200,CUST-0131,2025-10-22,2025-12-06,45,6107.28,0,,No Dispute
INV-010201,CUST-0131,2025-03-20,2025-05-04,45,10115.54,0,,No Dispute
INV-010202,CUST-0131,2024-01-29,2024-03-14,45,8196.81,0,,No Dispute
INV-010203,CUST-0131,2025-10-25,2025-12-09,45,9377.02,0,,No Dispute
INV-010204,CUST-0131,2024-08-11,2024-09-25,45,7898.35,1,2.0,Resolved
INV-010205,CUST-0131,2025-05-18,2025-07-02,45,10741.49,0,,No Dispute
INV-010206,CUST-0131,2025-05-05,2025-06-19,45,2340.42,0,,No Dispute
INV-010207,CUST-0131,2024-02-12,2024-03-28,45,10316.21,0,,No Dispute
INV-010208,CUST-0131,2025-02-12,2025-03-29,45,8161.81,0,,No Dispute
INV-010209,CUST-0131,2025-10-31,2025-12-15,45,5004.67,0,,No Dispute
INV-010210,CUST-0131,2024-01-30,2024-03-15,45,8243.17,0,,No Dispute
INV-010211,CUST-0131,2025-09-11,2025-10-26,45,8092.48,0,,No Dispute
INV-010212,CUST-0131,2025-02-23,2025-04-09,45,6042.65,0,,No Dispute
INV-010213,CUST-0131,2024-04-11,2024-05-26,45,8860.74,0,,No Dispute
INV-010214,CUST-0131,2025-06-15,2025-07-30,45,11181.25,0,,No Dispute
INV-010215,CUST-0131,2025-11-13,2025-12-28,45,11873.98,0,,No Dispute
INV-010216,CUST-0131,2025-04-27,2025-06-11,45,2850.06,0,,No Dispute
INV-010217,CUST-0131,2025-05-27,2025-07-11,45,10538.48,0,,No Dispute
INV-010218,CUST-0131,2024-10-14,2024-11-28,45,8956.83,0,,No Dispute
INV-010219,CUST-0131,2025-07-07,2025-08-21,45,5287.88,0,,No Dispute
INV-010220,CUST-0131,2024-01-30,2024-03-15,45,9157.63,0,,No Dispute
INV-010221,CUST-0131,2025-06-10,2025-07-25,45,11038.68,0,,No Dispute
INV-010222,CUST-0131,2024-12-06,2025-01-20,45,9541.14,0,,No Dispute
INV-010223,CUST-0131,2025-07-08,2025-08-22,45,8690.32,0,,No Dispute
INV-010224,CUST-0131,2024-04-06,2024-05-21,45,6485.57,0,,No Dispute
INV-010225,CUST-0131,2025-03-21,2025-05-05,45,11218.87,0,,No Dispute
INV-010226,CUST-0131,2025-01-19,2025-03-05,45,2387.12,0,,No Dispute
INV-010227,CUST-0131,2024-10-26,2024-12-10,45,11489.88,0,,No Dispute
INV-010228,CUST-0131,2025-03-07,2025-04-21,45,2978.63,0,,No Dispute
INV-010229,CUST-0131,2025-03-07,2025-04-21,45,6996.29,0,,No Dispute
INV-010230,CUST-0131,2024-07-01,2024-08-15,45,8257.71,0,,No Dispute
INV-010231,CUST-0131,2024-03-27,2024-05-11,45,7572.89,0,,No Dispute
INV-010232,CUST-0131,2025-04-03,2025-05-18,45,4030.8,0,,No Dispute
INV-010233,CUST-0131,2024-11-20,2025-01-04,45,7373.52,0,,No Dispute
INV-010234,CUST-0131,2024-02-03,2024-03-19,45,7095.12,0,,No Dispute
INV-010235,CUST-0131,2025-04-26,2025-06-10,45,7563.2,1,3.0,Resolved
INV-010236,CUST-0131,2025-05-14,2025-06-28,45,10369.35,0,,No Dispute
INV-010237,CUST-0131,2024-04-05,2024-05-20,45,6021.55,0,,No Dispute
INV-010238,CUST-0131,2025-03-23,2025-05-07,45,11420.4,0,,No Dispute
INV-010239,CUST-0131,2024-10-03,2024-11-17,45,2312.7,0,,No Dispute
INV-010240,CUST-0131,2025-09-02,2025-10-17,45,3050.18,0,,No Dispute
INV-010241,CUST-0131,2024-03-31,2024-05-15,45,9187.16,0,,No Dispute
INV-010242,CUST-0131,2024-05-05,2024-06-19,45,1869.25,0,,No Dispute
INV-010243,CUST-0131,2024-06-29,2024-08-13,45,9612.16,0,,No Dispute
INV-010244,CUST-0131,2024-08-01,2024-09-15,45,3167.76,0,,No Dispute
INV-010245,CUST-0131,2024-12-03,2025-01-17,45,4527.52,0,,No Dispute
INV-010246,CUST-0131,2025-08-28,2025-10-12,45,11367.29,0,,No Dispute
INV-010247,CUST-0131,2024-12-04,2025-01-18,45,5970.67,0,,No Dispute
INV-010248,CUST-0131,2024-08-20,2024-10-04,45,8502.6,0,,No Dispute
INV-010249,CUST-0131,2024-06-27,2024-08-11,45,4905.52,0,,No Dispute
INV-010250,CUST-0131,2024-12-30,2025-02-13,45,4421.71,0,,No Dispute
INV-010251,CUST-0131,2025-09-16,2025-10-31,45,11416.49,0,,No Dispute
INV-010252,CUST-0131,2024-08-09,2024-09-23,45,6611.81,0,,No Dispute
INV-010253,CUST-0131,2024-05-26,2024-07-10,45,6187.57,0,,No Dispute
INV-010254,CUST-0131,2024-04-27,2024-06-11,45,5497.17,0,,No Dispute
INV-010255,CUST-0131,2025-01-21,2025-03-07,45,6910.15,0,,No Dispute
INV-010256,CUST-0131,2025-04-23,2025-06-07,45,8764.85,0,,No Dispute
INV-010257,CUST-0131,2024-12-18,2025-02-01,45,8216.99,0,,No Dispute
INV-010258,CUST-0131,2025-11-11,2025-12-26,45,11493.77,0,,No Dispute
INV-010259,CUST-0131,2024-02-19,2024-04-04,45,7132.29,0,,No Dispute
INV-010260,CUST-0131,2024-06-22,2024-08-06,45,4909.87,0,,No Dispute
INV-010261,CUST-0131,2025-12-19,2026-02-02,45,2335.03,0,,No Dispute
INV-010262,CUST-0131,2025-06-13,2025-07-28,45,10004.93,0,,No Dispute
INV-010263,CUST-0131,2025-02-06,2025-03-23,45,6276.12,0,,No Dispute
INV-010264,CUST-0131,2025-06-22,2025-08-06,45,2636.3,0,,No Dispute
INV-010265,CUST-0131,2024-08-23,2024-10-07,45,11656.75,0,,No Dispute
INV-010266,CUST-0131,2024-10-20,2024-12-04,45,6134.19,0,,No Dispute
INV-010267,CUST-0131,2025-12-23,2026-02-06,45,11313.2,0,,No Dispute
INV-010268,CUST-0131,2024-02-14,2024-03-30,45,8937.92,0,,No Dispute
INV-010269,CUST-0131,2024-12-16,2025-01-30,45,7098.24,0,,No Dispute
INV-010270,CUST-0131,2025-02-22,2025-04-08,45,2752.54,0,,No Dispute
INV-010271,CUST-0131,2025-01-14,2025-02-28,45,4263.18,0,,No Dispute
INV-010272,CUST-0131,2024-11-11,2024-12-26,45,8091.97,0,,No Dispute
INV-010273,CUST-0131,2025-11-04,2025-12-19,45,3011.03,0,,No Dispute
INV-010274,CUST-0131,2025-12-30,2026-02-13,45,4942.22,0,,No Dispute
INV-010275,CUST-0131,2024-05-29,2024-07-13,45,3697.33,0,,No Dispute
INV-010276,CUST-0131,2025-10-02,2025-11-16,45,1911.12,0,,No Dispute
INV-010277,CUST-0131,2024-05-31,2024-07-15,45,11664.6,0,,No Dispute
INV-010278,CUST-0131,2025-09-07,2025-10-22,45,9150.75,0,,No Dispute
INV-010279,CUST-0131,2024-12-20,2025-02-03,45,1960.16,0,,No Dispute
INV-010280,CUST-0131,2025-12-06,2026-01-20,45,6182.2,0,,No Dispute
INV-010281,CUST-0131,2024-11-25,2025-01-09,45,8262.24,0,,No Dispute
INV-010282,CUST-0131,2025-01-22,2025-03-08,45,6403.05,0,,No Dispute
INV-010283,CUST-0131,2024-05-06,2024-06-20,45,5468.4,0,,No Dispute
INV-010284,CUST-0131,2025-05-31,2025-07-15,45,8327.59,0,,No Dispute
INV-010285,CUST-0131,2025-06-10,2025-07-25,45,7297.96,1,2.0,Resolved
INV-010286,CUST-0132,2025-03-11,2025-05-10,60,10234.68,1,1.0,Open
INV-010287,CUST-0132,2024-01-02,2024-03-02,60,2963.26,0,,No Dispute
INV-010288,CUST-0132,2025-01-26,2025-03-27,60,6720.26,0,,No Dispute
INV-010289,CUST-0132,2025-03-17,2025-05-16,60,10542.62,0,,No Dispute
INV-010290,CUST-0132,2025-08-13,2025-10-12,60,9542.67,0,,No Dispute
INV-010291,CUST-0132,2024-12-04,2025-02-02,60,7264.3,0,,No Dispute
INV-010292,CUST-0132,2025-02-23,2025-04-24,60,9951.71,0,,No Dispute
INV-010293,CUST-0132,2024-05-25,2024-07-24,60,7783.93,1,2.0,Resolved
INV-010294,CUST-0132,2024-08-05,2024-10-04,60,2142.41,0,,No Dispute
INV-010295,CUST-0132,2024-05-07,2024-07-06,60,8707.49,0,,No Dispute
INV-010296,CUST-0132,2024-12-04,2025-02-02,60,9925.42,0,,No Dispute
INV-010297,CUST-0132,2025-10-13,2025-12-12,60,7104.92,0,,No Dispute
INV-010298,CUST-0132,2025-10-08,2025-12-07,60,11218.36,0,,No Dispute
INV-010299,CUST-0132,2024-08-11,2024-10-10,60,6987.78,0,,No Dispute
INV-010300,CUST-0132,2025-02-08,2025-04-09,60,7247.75,0,,No Dispute
INV-010301,CUST-0132,2025-04-26,2025-06-25,60,7713.38,0,,No Dispute
INV-010302,CUST-0132,2024-12-02,2025-01-31,60,5253.95,1,3.0,Open
INV-010303,CUST-0132,2025-02-12,2025-04-13,60,5617.36,0,,No Dispute
INV-010304,CUST-0132,2024-11-17,2025-01-16,60,6656.45,0,,No Dispute
INV-010305,CUST-0132,2025-03-13,2025-05-12,60,10162.63,0,,No Dispute
INV-010306,CUST-0132,2025-08-23,2025-10-22,60,7061.91,0,,No Dispute
INV-010307,CUST-0132,2025-07-04,2025-09-02,60,6770.01,1,1.0,Open
INV-010308,CUST-0132,2024-02-04,2024-04-04,60,4672.71,0,,No Dispute
INV-010309,CUST-0132,2025-11-17,2026-01-16,60,8519.31,0,,No Dispute
INV-010310,CUST-0132,2025-03-28,2025-05-27,60,2846.63,0,,No Dispute
INV-010311,CUST-0132,2025-10-04,2025-12-03,60,5498.11,0,,No Dispute
INV-010312,CUST-0132,2025-09-14,2025-11-13,60,6057.89,0,,No Dispute
INV-010313,CUST-0132,2025-05-18,2025-07-17,60,2874.27,0,,No Dispute
INV-010314,CUST-0132,2024-07-21,2024-09-19,60,4060.34,0,,No Dispute
INV-010315,CUST-0132,2025-07-23,2025-09-21,60,8439.35,0,,No Dispute
INV-010316,CUST-0132,2024-11-14,2025-01-13,60,3701.69,1,5.0,Resolved
INV-010317,CUST-0132,2024-08-16,2024-10-15,60,11539.86,0,,No Dispute
INV-010318,CUST-0132,2025-09-02,2025-11-01,60,2185.43,0,,No Dispute
INV-010319,CUST-0132,2024-09-01,2024-10-31,60,4016.1,0,,No Dispute
INV-010320,CUST-0132,2024-07-26,2024-09-24,60,5032.21,0,,No Dispute
INV-010321,CUST-0132,2024-01-26,2024-03-26,60,5100.18,0,,No Dispute
INV-010322,CUST-0132,2024-05-23,2024-07-22,60,5637.76,1,1.0,Resolved
INV-010323,CUST-0132,2025-11-04,2026-01-03,60,10222.07,0,,No Dispute
INV-010324,CUST-0132,2024-01-10,2024-03-10,60,5433.97,0,,No Dispute
INV-010325,CUST-0132,2025-04-21,2025-06-20,60,3192.54,0,,No Dispute
INV-010326,CUST-0132,2025-04-20,2025-06-19,60,4514.3,0,,No Dispute
INV-010327,CUST-0132,2025-10-11,2025-12-10,60,7569.03,0,,No Dispute
INV-010328,CUST-0132,2025-08-26,2025-10-25,60,3616.66,0,,No Dispute
INV-010329,CUST-0132,2024-07-13,2024-09-11,60,8837.5,0,,No Dispute
INV-010330,CUST-0132,2025-08-22,2025-10-21,60,5194.31,1,5.0,Resolved
INV-010331,CUST-0132,2025-01-02,2025-03-03,60,3716.83,0,,No Dispute
INV-010332,CUST-0132,2025-01-25,2025-03-26,60,2793.08,0,,No Dispute
INV-010333,CUST-0132,2024-10-17,2024-12-16,60,5982.72,0,,No Dispute
INV-010334,CUST-0132,2025-09-10,2025-11-09,60,10985.03,0,,No Dispute
INV-010335,CUST-0132,2024-01-10,2024-03-10,60,5033.59,0,,No Dispute
INV-010336,CUST-0132,2024-08-04,2024-10-03,60,5555.82,0,,No Dispute
INV-010337,CUST-0132,2025-03-12,2025-05-11,60,4083.41,0,,No Dispute
INV-010338,CUST-0132,2025-08-07,2025-10-06,60,7927.12,0,,No Dispute
INV-010339,CUST-0132,2025-01-13,2025-03-14,60,7909.16,0,,No Dispute
INV-010340,CUST-0132,2025-12-23,2026-02-21,60,6777.8,0,,No Dispute
INV-010341,CUST-0132,2025-01-07,2025-03-08,60,2269.93,0,,No Dispute
INV-010342,CUST-0132,2025-06-06,2025-08-05,60,11281.06,0,,No Dispute
INV-010343,CUST-0132,2024-04-15,2024-06-14,60,8214.48,0,,No Dispute
INV-010344,CUST-0132,2024-12-26,2025-02-24,60,3576.86,0,,No Dispute
INV-010345,CUST-0132,2025-02-27,2025-04-28,60,6347.29,0,,No Dispute
INV-010346,CUST-0132,2025-12-01,2026-01-30,60,3566.35,0,,No Dispute
INV-010347,CUST-0132,2024-01-28,2024-03-28,60,2847.6,0,,No Dispute
INV-010348,CUST-0132,2025-11-15,2026-01-14,60,4790.03,0,,No Dispute
INV-010349,CUST-0132,2024-06-11,2024-08-10,60,10147.0,0,,No Dispute
INV-010350,CUST-0132,2025-12-22,2026-02-20,60,8817.97,0,,No Dispute
INV-010351,CUST-0132,2025-10-16,2025-12-15,60,8474.22,0,,No Dispute
INV-010352,CUST-0132,2025-11-25,2026-01-24,60,10980.53,0,,No Dispute
INV-010353,CUST-0132,2024-04-25,2024-06-24,60,7964.61,0,,No Dispute
INV-010354,CUST-0132,2025-12-07,2026-02-05,60,8197.21,0,,No Dispute
INV-010355,CUST-0132,2024-11-10,2025-01-09,60,9244.81,0,,No Dispute
INV-010356,CUST-0132,2024-08-24,2024-10-23,60,1540.38,0,,No Dispute
INV-010357,CUST-0132,2024-09-25,2024-11-24,60,10315.95,0,,No Dispute
INV-010358,CUST-0132,2025-10-18,2025-12-17,60,11154.84,0,,No Dispute
INV-010359,CUST-0132,2025-02-18,2025-04-19,60,9348.44,0,,No Dispute
INV-010360,CUST-0132,2025-02-07,2025-04-08,60,7449.55,0,,No Dispute
INV-010361,CUST-0132,2024-06-01,2024-07-31,60,2579.79,0,,No Dispute
INV-010362,CUST-0132,2024-10-14,2024-12-13,60,2579.29,0,,No Dispute
INV-010363,CUST-0132,2025-11-06,2026-01-05,60,6023.77,1,3.0,Resolved
INV-010364,CUST-0132,2024-10-18,2024-12-17,60,7427.33,0,,No Dispute
INV-010365,CUST-0132,2024-01-20,2024-03-20,60,3088.28,0,,No Dispute
INV-010366,CUST-0132,2024-04-23,2024-06-22,60,2988.83,0,,No Dispute
INV-010367,CUST-0132,2024-11-17,2025-01-16,60,9990.98,0,,No Dispute
INV-010368,CUST-0132,2025-02-22,2025-04-23,60,9656.87,0,,No Dispute
INV-010369,CUST-0132,2024-12-01,2025-01-30,60,6135.08,0,,No Dispute
INV-010370,CUST-0132,2024-11-27,2025-01-26,60,8654.17,0,,No Dispute
INV-010371,CUST-0132,2025-06-10,2025-08-09,60,5414.15,0,,No Dispute
INV-010372,CUST-0132,2024-04-24,2024-06-23,60,3519.96,0,,No Dispute
INV-010373,CUST-0132,2024-02-19,2024-04-19,60,7605.39,1,4.0,Resolved
INV-010374,CUST-0132,2025-10-22,2025-12-21,60,10923.76,1,4.0,Resolved
INV-010375,CUST-0132,2024-10-21,2024-12-20,60,5486.79,0,,No Dispute
INV-010376,CUST-0132,2024-01-03,2024-03-03,60,8063.4,0,,No Dispute
INV-010377,CUST-0132,2024-10-01,2024-11-30,60,6212.2,0,,No Dispute
INV-010378,CUST-0132,2025-07-03,2025-09-01,60,2316.27,0,,No Dispute
INV-010379,CUST-0132,2024-01-31,2024-03-31,60,3010.47,0,,No Dispute
INV-010380,CUST-0132,2024-06-29,2024-08-28,60,9262.99,0,,No Dispute
INV-010381,CUST-0132,2025-02-02,2025-04-03,60,2204.51,1,2.0,Open
INV-010382,CUST-0132,2025-12-06,2026-02-04,60,4657.24,0,,No Dispute
INV-010383,CUST-0132,2025-01-17,2025-03-18,60,10604.33,0,,No Dispute
INV-010384,CUST-0132,2024-12-06,2025-02-04,60,3455.66,1,4.0,Resolved
INV-010385,CUST-0132,2025-11-23,2026-01-22,60,8663.86,0,,No Dispute
INV-010386,CUST-0132,2024-11-25,2025-01-24,60,2485.1,0,,No Dispute
INV-010387,CUST-0132,2025-01-19,2025-03-20,60,9192.08,0,,No Dispute
INV-010388,CUST-0132,2025-01-07,2025-03-08,60,5159.63,0,,No Dispute
INV-010389,CUST-0132,2025-04-20,2025-06-19,60,11347.14,0,,No Dispute
INV-010390,CUST-0132,2024-08-21,2024-10-20,60,5280.9,0,,No Dispute
INV-010391,CUST-0133,2024-02-06,2024-03-07,30,4927.7,0,,No Dispute
INV-010392,CUST-0133,2024-10-11,2024-11-10,30,6052.52,0,,No Dispute
INV-010393,CUST-0133,2025-02-18,2025-03-20,30,5215.25,1,1.0,Resolved
INV-010394,CUST-0133,2024-10-05,2024-11-04,30,7873.14,0,,No Dispute
INV-010395,CUST-0133,2025-12-27,2026-01-26,30,6749.92,0,,No Dispute
INV-010396,CUST-0133,2025-10-17,2025-11-16,30,5991.04,0,,No Dispute
INV-010397,CUST-0133,2024-05-05,2024-06-04,30,7210.96,0,,No Dispute
INV-010398,CUST-0133,2024-02-16,2024-03-17,30,2397.05,0,,No Dispute
INV-010399,CUST-0133,2025-08-21,2025-09-20,30,6119.84,0,,No Dispute
INV-010400,CUST-0133,2025-09-26,2025-10-26,30,7189.97,0,,No Dispute
INV-010401,CUST-0133,2024-12-24,2025-01-23,30,11647.82,0,,No Dispute
INV-010402,CUST-0133,2025-02-22,2025-03-24,30,1906.36,0,,No Dispute
INV-010403,CUST-0133,2025-02-24,2025-03-26,30,3445.0,0,,No Dispute
INV-010404,CUST-0133,2025-08-08,2025-09-07,30,10493.9,0,,No Dispute
INV-010405,CUST-0133,2025-11-27,2025-12-27,30,11529.13,0,,No Dispute
INV-010406,CUST-0133,2025-01-24,2025-02-23,30,8624.01,0,,No Dispute
INV-010407,CUST-0133,2025-05-29,2025-06-28,30,10570.58,1,4.0,Resolved
INV-010408,CUST-0133,2025-09-16,2025-10-16,30,10091.64,0,,No Dispute
INV-010409,CUST-0133,2025-02-27,2025-03-29,30,6402.17,0,,No Dispute
INV-010410,CUST-0133,2025-10-03,2025-11-02,30,4150.06,0,,No Dispute
INV-010411,CUST-0133,2025-07-21,2025-08-20,30,11464.84,1,3.0,Resolved
INV-010412,CUST-0133,2025-10-07,2025-11-06,30,8751.64,0,,No Dispute
INV-010413,CUST-0133,2024-10-08,2024-11-07,30,11638.81,0,,No Dispute
INV-010414,CUST-0133,2025-03-03,2025-04-02,30,8274.56,0,,No Dispute
INV-010415,CUST-0133,2025-09-28,2025-10-28,30,2057.14,0,,No Dispute
INV-010416,CUST-0133,2024-08-13,2024-09-12,30,4167.31,0,,No Dispute
INV-010417,CUST-0133,2025-12-20,2026-01-19,30,11167.5,0,,No Dispute
INV-010418,CUST-0133,2025-09-16,2025-10-16,30,5223.21,0,,No Dispute
INV-010419,CUST-0133,2024-10-28,2024-11-27,30,8846.65,0,,No Dispute
INV-010420,CUST-0133,2025-12-17,2026-01-16,30,5510.34,0,,No Dispute
INV-010421,CUST-0133,2025-02-03,2025-03-05,30,11425.88,0,,No Dispute
INV-010422,CUST-0133,2024-05-10,2024-06-09,30,9167.25,0,,No Dispute
INV-010423,CUST-0133,2024-03-31,2024-04-30,30,5194.28,1,4.0,Open
INV-010424,CUST-0133,2024-09-29,2024-10-29,30,9625.46,1,5.0,Resolved
INV-010425,CUST-0133,2024-01-09,2024-02-08,30,6667.81,0,,No Dispute
INV-010426,CUST-0133,2025-05-13,2025-06-12,30,11939.11,0,,No Dispute
INV-010427,CUST-0133,2024-07-11,2024-08-10,30,10716.83,0,,No Dispute
INV-010428,CUST-0133,2024-01-06,2024-02-05,30,8901.72,1,5.0,Resolved
INV-010429,CUST-0133,2024-03-07,2024-04-06,30,6728.97,0,,No Dispute
INV-010430,CUST-0133,2024-06-19,2024-07-19,30,3602.93,0,,No Dispute
INV-010431,CUST-0133,2024-03-11,2024-04-10,30,8605.29,0,,No Dispute
INV-010432,CUST-0133,2025-04-11,2025-05-11,30,11254.89,0,,No Dispute
INV-010433,CUST-0133,2025-02-23,2025-03-25,30,8972.62,0,,No Dispute
INV-010434,CUST-0133,2024-09-18,2024-10-18,30,6901.54,0,,No Dispute
INV-010435,CUST-0133,2025-08-09,2025-09-08,30,6029.16,0,,No Dispute
INV-010436,CUST-0133,2024-04-09,2024-05-09,30,8401.11,0,,No Dispute
INV-010437,CUST-0133,2024-10-27,2024-11-26,30,9920.7,0,,No Dispute
INV-010438,CUST-0133,2024-03-08,2024-04-07,30,11463.62,0,,No Dispute
INV-010439,CUST-0133,2025-03-22,2025-04-21,30,10007.19,0,,No Dispute
INV-010440,CUST-0133,2024-04-12,2024-05-12,30,6745.66,0,,No Dispute
INV-010441,CUST-0133,2025-01-10,2025-02-09,30,10134.57,0,,No Dispute
INV-010442,CUST-0133,2025-09-03,2025-10-03,30,11925.43,0,,No Dispute
INV-010443,CUST-0133,2024-09-19,2024-10-19,30,2004.76,0,,No Dispute
INV-010444,CUST-0133,2024-05-13,2024-06-12,30,11582.53,0,,No Dispute
INV-010445,CUST-0133,2025-05-22,2025-06-21,30,2736.75,0,,No Dispute
INV-010446,CUST-0133,2024-03-30,2024-04-29,30,9381.36,0,,No Dispute
INV-010447,CUST-0133,2025-08-05,2025-09-04,30,8871.91,0,,No Dispute
INV-010448,CUST-0133,2025-10-27,2025-11-26,30,9545.16,0,,No Dispute
INV-010449,CUST-0133,2025-06-03,2025-07-03,30,5304.52,0,,No Dispute
INV-010450,CUST-0133,2024-10-27,2024-11-26,30,3570.55,0,,No Dispute
INV-010451,CUST-0133,2024-02-15,2024-03-16,30,9994.82,0,,No Dispute
INV-010452,CUST-0133,2024-11-07,2024-12-07,30,5648.61,0,,No Dispute
INV-010453,CUST-0133,2025-10-02,2025-11-01,30,3385.19,0,,No Dispute
INV-010454,CUST-0133,2025-10-11,2025-11-10,30,10509.42,0,,No Dispute
INV-010455,CUST-0133,2025-01-05,2025-02-04,30,10884.07,0,,No Dispute
INV-010456,CUST-0133,2024-08-13,2024-09-12,30,7754.37,0,,No Dispute
INV-010457,CUST-0133,2025-05-12,2025-06-11,30,3669.22,0,,No Dispute
INV-010458,CUST-0133,2024-06-22,2024-07-22,30,9640.82,0,,No Dispute
INV-010459,CUST-0133,2025-05-04,2025-06-03,30,2327.8,0,,No Dispute
INV-010460,CUST-0133,2025-02-02,2025-03-04,30,9333.84,0,,No Dispute
INV-010461,CUST-0133,2025-11-08,2025-12-08,30,4154.61,0,,No Dispute
INV-010462,CUST-0133,2024-01-03,2024-02-02,30,6257.71,0,,No Dispute
INV-010463,CUST-0133,2025-08-31,2025-09-30,30,9201.06,0,,No Dispute
INV-010464,CUST-0133,2024-11-18,2024-12-18,30,4408.52,0,,No Dispute
INV-010465,CUST-0133,2024-11-16,2024-12-16,30,4611.39,0,,No Dispute
INV-010466,CUST-0133,2025-10-14,2025-11-13,30,4822.48,0,,No Dispute
INV-010467,CUST-0133,2024-01-01,2024-01-31,30,4089.24,0,,No Dispute
INV-010468,CUST-0133,2024-03-06,2024-04-05,30,4323.99,0,,No Dispute
INV-010469,CUST-0133,2025-09-14,2025-10-14,30,2219.4,0,,No Dispute
INV-010470,CUST-0133,2024-03-22,2024-04-21,30,3896.69,0,,No Dispute
INV-010471,CUST-0133,2024-01-16,2024-02-15,30,5529.85,0,,No Dispute
INV-010472,CUST-0133,2025-08-23,2025-09-22,30,6545.14,0,,No Dispute
INV-010473,CUST-0133,2024-04-21,2024-05-21,30,3616.99,0,,No Dispute
INV-010474,CUST-0133,2025-06-14,2025-07-14,30,6329.39,0,,No Dispute
INV-010475,CUST-0133,2025-10-02,2025-11-01,30,1537.49,0,,No Dispute
INV-010476,CUST-0133,2024-11-20,2024-12-20,30,11410.25,0,,No Dispute
INV-010477,CUST-0133,2025-06-29,2025-07-29,30,5657.85,0,,No Dispute
INV-010478,CUST-0133,2025-09-14,2025-10-14,30,8313.15,0,,No Dispute
INV-010479,CUST-0133,2025-02-05,2025-03-07,30,11956.52,1,4.0,Resolved
INV-010480,CUST-0133,2025-03-04,2025-04-03,30,1649.35,0,,No Dispute
INV-010481,CUST-0133,2024-06-13,2024-07-13,30,3432.87,0,,No Dispute
INV-010482,CUST-0133,2024-12-07,2025-01-06,30,5128.67,0,,No Dispute
INV-010483,CUST-0133,2025-06-12,2025-07-12,30,3247.74,0,,No Dispute
INV-010484,CUST-0133,2025-11-30,2025-12-30,30,3449.82,0,,No Dispute
INV-010485,CUST-0133,2024-10-17,2024-11-16,30,7516.91,0,,No Dispute
INV-010486,CUST-0133,2025-05-28,2025-06-27,30,6110.7,0,,No Dispute
INV-010487,CUST-0133,2024-01-25,2024-02-24,30,6270.06,0,,No Dispute
INV-010488,CUST-0133,2025-03-23,2025-04-22,30,11879.65,0,,No Dispute
INV-010489,CUST-0133,2024-03-03,2024-04-02,30,10537.47,0,,No Dispute
INV-010490,CUST-0133,2025-01-15,2025-02-14,30,9964.23,0,,No Dispute
INV-010491,CUST-0133,2025-07-20,2025-08-19,30,5339.24,1,3.0,Resolved
INV-010492,CUST-0134,2025-07-21,2025-08-20,30,2246.99,0,,No Dispute
INV-010493,CUST-0134,2024-11-01,2024-12-01,30,2811.36,1,1.0,Resolved
INV-010494,CUST-0134,2024-01-03,2024-02-02,30,1649.13,0,,No Dispute
INV-010495,CUST-0134,2025-01-27,2025-02-26,30,2905.94,0,,No Dispute
INV-010496,CUST-0134,2024-06-24,2024-07-24,30,3523.82,0,,No Dispute
INV-010497,CUST-0134,2024-12-03,2025-01-02,30,809.58,0,,No Dispute
INV-010498,CUST-0134,2025-09-15,2025-10-15,30,2487.15,0,,No Dispute
INV-010499,CUST-0134,2025-07-23,2025-08-22,30,2361.49,0,,No Dispute
INV-010500,CUST-0134,2025-08-29,2025-09-28,30,1409.8,0,,No Dispute
INV-010501,CUST-0134,2024-05-25,2024-06-24,30,658.16,0,,No Dispute
INV-010502,CUST-0134,2025-04-05,2025-05-05,30,768.96,0,,No Dispute
INV-010503,CUST-0134,2025-08-06,2025-09-05,30,1021.79,1,5.0,Open
INV-010504,CUST-0134,2025-10-09,2025-11-08,30,2364.69,0,,No Dispute
INV-010505,CUST-0134,2024-02-29,2024-03-30,30,1243.15,0,,No Dispute
INV-010506,CUST-0134,2025-08-07,2025-09-06,30,1896.55,0,,No Dispute
INV-010507,CUST-0134,2024-01-19,2024-02-18,30,3506.52,0,,No Dispute
INV-010508,CUST-0134,2024-12-12,2025-01-11,30,3806.33,0,,No Dispute
INV-010509,CUST-0134,2024-04-25,2024-05-25,30,1387.66,0,,No Dispute
INV-010510,CUST-0134,2025-07-27,2025-08-26,30,2184.18,0,,No Dispute
INV-010511,CUST-0134,2025-07-09,2025-08-08,30,3370.08,0,,No Dispute
INV-010512,CUST-0134,2024-05-17,2024-06-16,30,1861.6,0,,No Dispute
INV-010513,CUST-0134,2025-10-03,2025-11-02,30,1378.69,0,,No Dispute
INV-010514,CUST-0134,2024-03-10,2024-04-09,30,1409.22,0,,No Dispute
INV-010515,CUST-0134,2025-07-02,2025-08-01,30,862.78,0,,No Dispute
INV-010516,CUST-0134,2025-04-16,2025-05-16,30,1459.24,0,,No Dispute
INV-010517,CUST-0134,2025-07-14,2025-08-13,30,2348.6,0,,No Dispute
INV-010518,CUST-0134,2025-01-11,2025-02-10,30,604.77,0,,No Dispute
INV-010519,CUST-0134,2025-07-03,2025-08-02,30,2182.34,0,,No Dispute
INV-010520,CUST-0134,2025-03-01,2025-03-31,30,3155.51,0,,No Dispute
INV-010521,CUST-0134,2024-10-03,2024-11-02,30,2361.68,0,,No Dispute
INV-010522,CUST-0134,2024-05-04,2024-06-03,30,534.83,0,,No Dispute
INV-010523,CUST-0134,2025-05-25,2025-06-24,30,3945.61,0,,No Dispute
INV-010524,CUST-0134,2025-09-08,2025-10-08,30,3790.54,0,,No Dispute
INV-010525,CUST-0134,2025-06-01,2025-07-01,30,3668.59,0,,No Dispute
INV-010526,CUST-0134,2024-06-20,2024-07-20,30,1339.55,0,,No Dispute
INV-010527,CUST-0134,2025-05-27,2025-06-26,30,1843.97,0,,No Dispute
INV-010528,CUST-0134,2025-07-23,2025-08-22,30,2149.86,0,,No Dispute
INV-010529,CUST-0134,2024-08-21,2024-09-20,30,2526.32,0,,No Dispute
INV-010530,CUST-0135,2025-03-13,2025-04-12,30,1600.5,0,,No Dispute
INV-010531,CUST-0135,2025-06-11,2025-07-11,30,11401.14,0,,No Dispute
INV-010532,CUST-0135,2024-02-07,2024-03-08,30,11698.67,0,,No Dispute
INV-010533,CUST-0135,2025-11-16,2025-12-16,30,5579.92,0,,No Dispute
INV-010534,CUST-0135,2024-06-27,2024-07-27,30,5629.77,0,,No Dispute
INV-010535,CUST-0135,2024-08-01,2024-08-31,30,7533.16,0,,No Dispute
INV-010536,CUST-0135,2025-09-02,2025-10-02,30,10961.04,0,,No Dispute
INV-010537,CUST-0135,2024-10-31,2024-11-30,30,4480.47,0,,No Dispute
INV-010538,CUST-0135,2025-05-26,2025-06-25,30,2777.98,0,,No Dispute
INV-010539,CUST-0135,2025-09-20,2025-10-20,30,6958.39,0,,No Dispute
INV-010540,CUST-0135,2025-01-04,2025-02-03,30,10134.14,0,,No Dispute
INV-010541,CUST-0135,2024-04-18,2024-05-18,30,2596.25,0,,No Dispute
INV-010542,CUST-0135,2024-03-15,2024-04-14,30,8188.87,0,,No Dispute
INV-010543,CUST-0135,2024-08-12,2024-09-11,30,11111.17,1,1.0,Resolved
INV-010544,CUST-0135,2025-08-09,2025-09-08,30,11849.31,0,,No Dispute
INV-010545,CUST-0135,2024-05-02,2024-06-01,30,11752.96,0,,No Dispute
INV-010546,CUST-0135,2025-06-21,2025-07-21,30,6869.74,0,,No Dispute
INV-010547,CUST-0135,2024-09-14,2024-10-14,30,3270.54,0,,No Dispute
INV-010548,CUST-0135,2024-08-29,2024-09-28,30,11765.91,0,,No Dispute
INV-010549,CUST-0135,2025-10-22,2025-11-21,30,2341.47,0,,No Dispute
INV-010550,CUST-0135,2025-07-21,2025-08-20,30,5844.41,0,,No Dispute
INV-010551,CUST-0135,2025-02-22,2025-03-24,30,4648.06,0,,No Dispute
INV-010552,CUST-0135,2025-03-17,2025-04-16,30,11873.04,0,,No Dispute
INV-010553,CUST-0135,2024-11-23,2024-12-23,30,6189.97,0,,No Dispute
INV-010554,CUST-0135,2024-10-31,2024-11-30,30,9397.54,0,,No Dispute
INV-010555,CUST-0135,2025-03-19,2025-04-18,30,2074.06,0,,No Dispute
INV-010556,CUST-0135,2024-10-31,2024-11-30,30,8127.2,0,,No Dispute
INV-010557,CUST-0135,2024-12-20,2025-01-19,30,7183.57,0,,No Dispute
INV-010558,CUST-0135,2024-11-15,2024-12-15,30,7696.69,0,,No Dispute
INV-010559,CUST-0135,2024-12-26,2025-01-25,30,8961.6,0,,No Dispute
INV-010560,CUST-0135,2025-07-17,2025-08-16,30,11167.79,0,,No Dispute
INV-010561,CUST-0135,2024-12-25,2025-01-24,30,1607.82,0,,No Dispute
INV-010562,CUST-0135,2025-09-01,2025-10-01,30,8007.96,0,,No Dispute
INV-010563,CUST-0135,2025-04-15,2025-05-15,30,3990.15,0,,No Dispute
INV-010564,CUST-0135,2025-07-07,2025-08-06,30,9699.9,0,,No Dispute
INV-010565,CUST-0135,2025-05-23,2025-06-22,30,11400.17,0,,No Dispute
INV-010566,CUST-0135,2024-10-11,2024-11-10,30,8599.29,0,,No Dispute
INV-010567,CUST-0135,2024-04-03,2024-05-03,30,9371.47,0,,No Dispute
INV-010568,CUST-0135,2025-02-27,2025-03-29,30,3466.11,0,,No Dispute
INV-010569,CUST-0135,2025-04-03,2025-05-03,30,5715.17,0,,No Dispute
INV-010570,CUST-0135,2025-11-02,2025-12-02,30,8685.57,0,,No Dispute
INV-010571,CUST-0135,2024-10-12,2024-11-11,30,10397.21,0,,No Dispute
INV-010572,CUST-0135,2024-04-14,2024-05-14,30,3002.53,0,,No Dispute
INV-010573,CUST-0135,2025-11-04,2025-12-04,30,3798.58,0,,No Dispute
INV-010574,CUST-0135,2025-08-03,2025-09-02,30,6753.74,0,,No Dispute
INV-010575,CUST-0135,2024-02-09,2024-03-10,30,6253.88,0,,No Dispute
INV-010576,CUST-0135,2025-12-30,2026-01-29,30,10116.4,0,,No Dispute
INV-010577,CUST-0135,2025-02-10,2025-03-12,30,6780.75,0,,No Dispute
INV-010578,CUST-0135,2025-04-10,2025-05-10,30,4670.7,0,,No Dispute
INV-010579,CUST-0135,2025-06-06,2025-07-06,30,10883.48,0,,No Dispute
INV-010580,CUST-0135,2024-12-03,2025-01-02,30,4686.47,0,,No Dispute
INV-010581,CUST-0135,2025-03-24,2025-04-23,30,4121.29,0,,No Dispute
INV-010582,CUST-0135,2025-12-02,2026-01-01,30,3926.97,0,,No Dispute
INV-010583,CUST-0135,2024-03-29,2024-04-28,30,8856.04,0,,No Dispute
INV-010584,CUST-0135,2024-07-03,2024-08-02,30,4655.38,0,,No Dispute
INV-010585,CUST-0135,2025-02-07,2025-03-09,30,11731.07,0,,No Dispute
INV-010586,CUST-0135,2025-12-25,2026-01-24,30,1584.18,0,,No Dispute
INV-010587,CUST-0135,2024-01-10,2024-02-09,30,7557.64,0,,No Dispute
INV-010588,CUST-0135,2024-05-29,2024-06-28,30,3374.36,0,,No Dispute
INV-010589,CUST-0135,2025-11-17,2025-12-17,30,7553.52,0,,No Dispute
INV-010590,CUST-0135,2024-03-15,2024-04-14,30,1625.55,0,,No Dispute
INV-010591,CUST-0135,2024-06-22,2024-07-22,30,3435.54,0,,No Dispute
INV-010592,CUST-0135,2024-11-19,2024-12-19,30,2532.17,0,,No Dispute
INV-010593,CUST-0135,2025-03-22,2025-04-21,30,6597.66,0,,No Dispute
INV-010594,CUST-0135,2024-05-12,2024-06-11,30,6999.32,0,,No Dispute
INV-010595,CUST-0135,2025-04-17,2025-05-17,30,9446.8,0,,No Dispute
INV-010596,CUST-0135,2025-06-20,2025-07-20,30,10975.07,0,,No Dispute
INV-010597,CUST-0135,2025-12-19,2026-01-18,30,6973.86,0,,No Dispute
INV-010598,CUST-0135,2025-06-30,2025-07-30,30,6928.71,0,,No Dispute
INV-010599,CUST-0135,2024-11-07,2024-12-07,30,1859.83,0,,No Dispute
INV-010600,CUST-0135,2024-10-29,2024-11-28,30,11399.29,0,,No Dispute
INV-010601,CUST-0135,2024-03-08,2024-04-07,30,7785.81,0,,No Dispute
INV-010602,CUST-0135,2025-06-13,2025-07-13,30,2764.61,0,,No Dispute
INV-010603,CUST-0135,2025-09-08,2025-10-08,30,9122.76,0,,No Dispute
INV-010604,CUST-0135,2024-11-22,2024-12-22,30,8911.79,0,,No Dispute
INV-010605,CUST-0135,2025-12-14,2026-01-13,30,3923.69,0,,No Dispute
INV-010606,CUST-0135,2025-09-12,2025-10-12,30,3318.9,0,,No Dispute
INV-010607,CUST-0135,2024-07-12,2024-08-11,30,7414.84,0,,No Dispute
INV-010608,CUST-0135,2025-05-17,2025-06-16,30,8888.12,0,,No Dispute
INV-010609,CUST-0135,2024-04-25,2024-05-25,30,2374.02,0,,No Dispute
INV-010610,CUST-0135,2024-07-12,2024-08-11,30,5957.78,0,,No Dispute
INV-010611,CUST-0135,2025-12-10,2026-01-09,30,5441.05,0,,No Dispute
INV-010612,CUST-0135,2024-01-12,2024-02-11,30,7884.45,0,,No Dispute
INV-010613,CUST-0135,2025-10-27,2025-11-26,30,8846.98,0,,No Dispute
INV-010614,CUST-0135,2024-02-17,2024-03-18,30,9138.9,0,,No Dispute
INV-010615,CUST-0135,2025-09-16,2025-10-16,30,6939.87,1,2.0,Resolved
INV-010616,CUST-0135,2025-11-26,2025-12-26,30,11876.59,0,,No Dispute
INV-010617,CUST-0135,2024-06-13,2024-07-13,30,6042.89,0,,No Dispute
INV-010618,CUST-0136,2024-09-18,2024-11-17,60,5400.57,0,,No Dispute
INV-010619,CUST-0136,2025-11-26,2026-01-25,60,7721.85,0,,No Dispute
INV-010620,CUST-0136,2024-04-17,2024-06-16,60,7062.4,0,,No Dispute
INV-010621,CUST-0136,2024-07-01,2024-08-30,60,3832.66,0,,No Dispute
INV-010622,CUST-0136,2024-07-12,2024-09-10,60,3580.9,0,,No Dispute
INV-010623,CUST-0136,2025-07-05,2025-09-03,60,11064.48,0,,No Dispute
INV-010624,CUST-0136,2025-07-12,2025-09-10,60,11370.7,0,,No Dispute
INV-010625,CUST-0136,2025-05-27,2025-07-26,60,10566.22,0,,No Dispute
INV-010626,CUST-0136,2024-09-11,2024-11-10,60,1979.44,0,,No Dispute
INV-010627,CUST-0136,2025-03-19,2025-05-18,60,6159.62,0,,No Dispute
INV-010628,CUST-0136,2025-04-21,2025-06-20,60,7236.5,0,,No Dispute
INV-010629,CUST-0136,2024-08-18,2024-10-17,60,9682.42,0,,No Dispute
INV-010630,CUST-0136,2024-01-27,2024-03-27,60,5337.75,0,,No Dispute
INV-010631,CUST-0136,2025-06-05,2025-08-04,60,8093.95,0,,No Dispute
INV-010632,CUST-0136,2024-03-22,2024-05-21,60,2428.63,0,,No Dispute
INV-010633,CUST-0136,2025-02-24,2025-04-25,60,5346.27,0,,No Dispute
INV-010634,CUST-0136,2024-10-15,2024-12-14,60,11015.87,1,1.0,Resolved
INV-010635,CUST-0136,2024-06-22,2024-08-21,60,5176.89,0,,No Dispute
INV-010636,CUST-0136,2025-05-25,2025-07-24,60,10480.84,0,,No Dispute
INV-010637,CUST-0136,2024-05-26,2024-07-25,60,8184.57,0,,No Dispute
INV-010638,CUST-0136,2025-09-19,2025-11-18,60,6579.11,0,,No Dispute
INV-010639,CUST-0136,2025-12-19,2026-02-17,60,11711.44,0,,No Dispute
INV-010640,CUST-0136,2024-08-17,2024-10-16,60,8685.91,0,,No Dispute
INV-010641,CUST-0136,2024-05-25,2024-07-24,60,6586.95,0,,No Dispute
INV-010642,CUST-0136,2024-05-30,2024-07-29,60,10309.09,0,,No Dispute
INV-010643,CUST-0136,2024-10-18,2024-12-17,60,8732.56,0,,No Dispute
INV-010644,CUST-0136,2025-01-22,2025-03-23,60,10329.09,0,,No Dispute
INV-010645,CUST-0136,2025-05-10,2025-07-09,60,10179.78,0,,No Dispute
INV-010646,CUST-0136,2025-05-08,2025-07-07,60,11033.31,0,,No Dispute
INV-010647,CUST-0136,2024-03-31,2024-05-30,60,8714.08,0,,No Dispute
INV-010648,CUST-0136,2024-07-31,2024-09-29,60,10953.24,0,,No Dispute
INV-010649,CUST-0136,2025-08-19,2025-10-18,60,10384.32,0,,No Dispute
INV-010650,CUST-0136,2024-11-08,2025-01-07,60,6152.69,1,5.0,Open
INV-010651,CUST-0136,2025-05-31,2025-07-30,60,11401.72,0,,No Dispute
INV-010652,CUST-0136,2025-08-19,2025-10-18,60,9190.86,0,,No Dispute
INV-010653,CUST-0136,2024-12-12,2025-02-10,60,6439.19,0,,No Dispute
INV-010654,CUST-0136,2024-08-31,2024-10-30,60,7719.38,0,,No Dispute
INV-010655,CUST-0136,2025-09-29,2025-11-28,60,6275.25,0,,No Dispute
INV-010656,CUST-0136,2025-05-14,2025-07-13,60,7261.0,0,,No Dispute
INV-010657,CUST-0136,2024-07-22,2024-09-20,60,10502.38,1,2.0,Resolved
INV-010658,CUST-0136,2024-04-22,2024-06-21,60,6318.88,0,,No Dispute
INV-010659,CUST-0136,2025-01-08,2025-03-09,60,3218.42,0,,No Dispute
INV-010660,CUST-0136,2025-06-25,2025-08-24,60,4900.24,0,,No Dispute
INV-010661,CUST-0136,2024-09-12,2024-11-11,60,1670.61,0,,No Dispute
INV-010662,CUST-0136,2025-11-04,2026-01-03,60,10666.65,0,,No Dispute
INV-010663,CUST-0136,2024-06-22,2024-08-21,60,8540.74,0,,No Dispute
INV-010664,CUST-0136,2025-09-18,2025-11-17,60,9886.51,0,,No Dispute
INV-010665,CUST-0136,2024-10-05,2024-12-04,60,9220.21,0,,No Dispute
INV-010666,CUST-0136,2025-06-14,2025-08-13,60,10619.01,0,,No Dispute
INV-010667,CUST-0136,2024-11-22,2025-01-21,60,10682.36,0,,No Dispute
INV-010668,CUST-0136,2024-04-12,2024-06-11,60,9616.71,0,,No Dispute
INV-010669,CUST-0136,2024-05-10,2024-07-09,60,9349.83,0,,No Dispute
INV-010670,CUST-0136,2024-01-04,2024-03-04,60,3047.12,0,,No Dispute
INV-010671,CUST-0136,2025-06-15,2025-08-14,60,10437.49,0,,No Dispute
INV-010672,CUST-0136,2024-08-02,2024-10-01,60,3561.66,0,,No Dispute
INV-010673,CUST-0136,2024-07-21,2024-09-19,60,7802.86,0,,No Dispute
INV-010674,CUST-0136,2025-09-23,2025-11-22,60,11290.16,0,,No Dispute
INV-010675,CUST-0136,2025-12-11,2026-02-09,60,4468.28,0,,No Dispute
INV-010676,CUST-0136,2024-06-15,2024-08-14,60,2107.42,0,,No Dispute
INV-010677,CUST-0136,2024-03-30,2024-05-29,60,2761.41,0,,No Dispute
INV-010678,CUST-0136,2024-04-04,2024-06-03,60,11791.11,0,,No Dispute
INV-010679,CUST-0136,2024-10-18,2024-12-17,60,7915.98,0,,No Dispute
INV-010680,CUST-0136,2024-03-28,2024-05-27,60,11715.77,0,,No Dispute
INV-010681,CUST-0136,2024-09-24,2024-11-23,60,9810.89,0,,No Dispute
INV-010682,CUST-0136,2025-12-07,2026-02-05,60,7892.98,0,,No Dispute
INV-010683,CUST-0136,2024-10-16,2024-12-15,60,2154.62,0,,No Dispute
INV-010684,CUST-0136,2025-08-17,2025-10-16,60,9185.65,0,,No Dispute
INV-010685,CUST-0136,2025-05-06,2025-07-05,60,6456.4,0,,No Dispute
INV-010686,CUST-0136,2024-11-19,2025-01-18,60,5715.05,0,,No Dispute
INV-010687,CUST-0136,2025-08-18,2025-10-17,60,3625.25,0,,No Dispute
INV-010688,CUST-0136,2025-04-27,2025-06-26,60,7440.52,0,,No Dispute
INV-010689,CUST-0136,2024-05-17,2024-07-16,60,1906.08,0,,No Dispute
INV-010690,CUST-0136,2024-10-22,2024-12-21,60,8624.36,0,,No Dispute
INV-010691,CUST-0136,2025-12-11,2026-02-09,60,3097.65,0,,No Dispute
INV-010692,CUST-0136,2025-02-23,2025-04-24,60,4201.66,1,2.0,Resolved
INV-010693,CUST-0136,2024-03-18,2024-05-17,60,4607.55,0,,No Dispute
INV-010694,CUST-0136,2025-06-14,2025-08-13,60,8869.33,0,,No Dispute
INV-010695,CUST-0136,2024-05-11,2024-07-10,60,7107.07,0,,No Dispute
INV-010696,CUST-0136,2024-06-26,2024-08-25,60,5336.62,0,,No Dispute
INV-010697,CUST-0136,2024-12-09,2025-02-07,60,5956.51,0,,No Dispute
INV-010698,CUST-0136,2025-11-16,2026-01-15,60,10028.36,0,,No Dispute
INV-010699,CUST-0136,2025-08-07,2025-10-06,60,8179.75,0,,No Dispute
INV-010700,CUST-0136,2025-10-28,2025-12-27,60,5534.9,0,,No Dispute
INV-010701,CUST-0136,2024-04-12,2024-06-11,60,10970.34,0,,No Dispute
INV-010702,CUST-0136,2025-04-26,2025-06-25,60,6354.29,0,,No Dispute
INV-010703,CUST-0136,2025-10-16,2025-12-15,60,8846.12,0,,No Dispute
INV-010704,CUST-0136,2025-04-03,2025-06-02,60,7665.7,0,,No Dispute
INV-010705,CUST-0136,2024-08-16,2024-10-15,60,2049.13,0,,No Dispute
INV-010706,CUST-0136,2024-09-09,2024-11-08,60,6646.29,0,,No Dispute
INV-010707,CUST-0136,2024-10-29,2024-12-28,60,1967.54,0,,No Dispute
INV-010708,CUST-0136,2024-07-08,2024-09-06,60,4539.46,1,2.0,Resolved
INV-010709,CUST-0136,2024-12-03,2025-02-01,60,6115.84,0,,No Dispute
INV-010710,CUST-0136,2024-02-09,2024-04-09,60,10590.15,0,,No Dispute
INV-010711,CUST-0136,2025-01-13,2025-03-14,60,11050.37,0,,No Dispute
INV-010712,CUST-0136,2024-12-25,2025-02-23,60,11805.86,0,,No Dispute
INV-010713,CUST-0136,2024-06-16,2024-08-15,60,11094.76,0,,No Dispute
INV-010714,CUST-0136,2025-08-23,2025-10-22,60,8135.53,0,,No Dispute
INV-010715,CUST-0136,2024-01-15,2024-03-15,60,3766.79,0,,No Dispute
INV-010716,CUST-0136,2024-10-12,2024-12-11,60,3014.57,0,,No Dispute
INV-010717,CUST-0136,2024-11-29,2025-01-28,60,6586.65,1,2.0,Open
INV-010718,CUST-0136,2024-11-26,2025-01-25,60,9344.03,0,,No Dispute
INV-010719,CUST-0136,2024-12-17,2025-02-15,60,9071.92,1,4.0,Resolved
INV-010720,CUST-0136,2025-07-16,2025-09-14,60,6714.79,0,,No Dispute
INV-010721,CUST-0136,2025-01-24,2025-03-25,60,8617.98,0,,No Dispute
INV-010722,CUST-0136,2025-06-27,2025-08-26,60,3735.38,0,,No Dispute
INV-010723,CUST-0136,2025-10-12,2025-12-11,60,11023.33,0,,No Dispute
INV-010724,CUST-0136,2024-08-06,2024-10-05,60,8860.23,0,,No Dispute
INV-010725,CUST-0136,2025-03-20,2025-05-19,60,5827.24,0,,No Dispute
INV-010726,CUST-0136,2025-07-16,2025-09-14,60,8592.13,0,,No Dispute
INV-010727,CUST-0137,2025-05-02,2025-06-01,30,10825.35,0,,No Dispute
INV-010728,CUST-0137,2025-08-28,2025-09-27,30,4405.0,0,,No Dispute
INV-010729,CUST-0137,2025-02-22,2025-03-24,30,1991.25,0,,No Dispute
INV-010730,CUST-0137,2025-04-13,2025-05-13,30,5977.37,0,,No Dispute
INV-010731,CUST-0137,2025-10-07,2025-11-06,30,2018.46,0,,No Dispute
INV-010732,CUST-0137,2025-12-22,2026-01-21,30,6273.3,0,,No Dispute
INV-010733,CUST-0137,2025-10-16,2025-11-15,30,11279.31,0,,No Dispute
INV-010734,CUST-0137,2025-04-08,2025-05-08,30,7781.63,0,,No Dispute
INV-010735,CUST-0137,2025-12-25,2026-01-24,30,6146.24,0,,No Dispute
INV-010736,CUST-0137,2025-05-14,2025-06-13,30,2225.32,0,,No Dispute
INV-010737,CUST-0137,2024-12-24,2025-01-23,30,7847.02,0,,No Dispute
INV-010738,CUST-0137,2025-09-25,2025-10-25,30,3096.61,0,,No Dispute
INV-010739,CUST-0137,2025-05-07,2025-06-06,30,9891.03,0,,No Dispute
INV-010740,CUST-0137,2024-07-17,2024-08-16,30,5018.23,0,,No Dispute
INV-010741,CUST-0137,2025-06-27,2025-07-27,30,4517.95,0,,No Dispute
INV-010742,CUST-0137,2024-02-18,2024-03-19,30,10524.9,0,,No Dispute
INV-010743,CUST-0137,2024-12-16,2025-01-15,30,8177.48,0,,No Dispute
INV-010744,CUST-0137,2024-02-05,2024-03-06,30,1658.83,1,4.0,Resolved
INV-010745,CUST-0137,2025-08-12,2025-09-11,30,5056.76,0,,No Dispute
INV-010746,CUST-0137,2024-06-18,2024-07-18,30,7039.7,0,,No Dispute
INV-010747,CUST-0137,2025-05-06,2025-06-05,30,2538.11,0,,No Dispute
INV-010748,CUST-0137,2024-04-12,2024-05-12,30,9259.66,0,,No Dispute
INV-010749,CUST-0137,2025-04-22,2025-05-22,30,8366.71,0,,No Dispute
INV-010750,CUST-0137,2024-04-16,2024-05-16,30,11970.02,0,,No Dispute
INV-010751,CUST-0137,2024-06-04,2024-07-04,30,8425.85,0,,No Dispute
INV-010752,CUST-0137,2024-06-14,2024-07-14,30,9553.21,0,,No Dispute
INV-010753,CUST-0137,2025-10-24,2025-11-23,30,5823.31,0,,No Dispute
INV-010754,CUST-0137,2025-06-22,2025-07-22,30,1740.72,1,1.0,Resolved
INV-010755,CUST-0137,2025-03-06,2025-04-05,30,10532.9,0,,No Dispute
INV-010756,CUST-0137,2024-10-19,2024-11-18,30,7362.53,0,,No Dispute
INV-010757,CUST-0137,2025-06-28,2025-07-28,30,2227.34,0,,No Dispute
INV-010758,CUST-0137,2024-09-27,2024-10-27,30,3408.72,0,,No Dispute
INV-010759,CUST-0137,2025-02-02,2025-03-04,30,6263.15,0,,No Dispute
INV-010760,CUST-0137,2024-04-20,2024-05-20,30,5631.63,0,,No Dispute
INV-010761,CUST-0137,2025-10-29,2025-11-28,30,11640.11,0,,No Dispute
INV-010762,CUST-0137,2024-02-02,2024-03-03,30,1769.27,0,,No Dispute
INV-010763,CUST-0137,2025-02-16,2025-03-18,30,6594.64,0,,No Dispute
INV-010764,CUST-0137,2025-06-22,2025-07-22,30,3434.49,0,,No Dispute
INV-010765,CUST-0137,2024-05-05,2024-06-04,30,11254.49,0,,No Dispute
INV-010766,CUST-0137,2025-06-19,2025-07-19,30,5461.86,0,,No Dispute
INV-010767,CUST-0137,2025-01-06,2025-02-05,30,3626.57,0,,No Dispute
INV-010768,CUST-0137,2024-10-30,2024-11-29,30,10635.52,0,,No Dispute
INV-010769,CUST-0137,2024-05-13,2024-06-12,30,9052.1,0,,No Dispute
INV-010770,CUST-0137,2024-12-27,2025-01-26,30,2669.06,0,,No Dispute
INV-010771,CUST-0137,2024-03-02,2024-04-01,30,1622.47,0,,No Dispute
INV-010772,CUST-0137,2024-07-20,2024-08-19,30,7334.12,0,,No Dispute
INV-010773,CUST-0137,2025-05-18,2025-06-17,30,2449.02,0,,No Dispute
INV-010774,CUST-0137,2024-03-15,2024-04-14,30,11791.49,0,,No Dispute
INV-010775,CUST-0137,2025-03-24,2025-04-23,30,6263.3,0,,No Dispute
INV-010776,CUST-0137,2024-11-15,2024-12-15,30,5084.52,1,2.0,Resolved
INV-010777,CUST-0137,2024-12-10,2025-01-09,30,1581.1,0,,No Dispute
INV-010778,CUST-0137,2024-11-12,2024-12-12,30,11774.07,0,,No Dispute
INV-010779,CUST-0137,2025-11-28,2025-12-28,30,10420.59,0,,No Dispute
INV-010780,CUST-0137,2024-04-24,2024-05-24,30,1690.37,1,1.0,Resolved
INV-010781,CUST-0137,2024-04-25,2024-05-25,30,8852.46,0,,No Dispute
INV-010782,CUST-0137,2024-01-15,2024-02-14,30,2925.72,0,,No Dispute
INV-010783,CUST-0137,2024-07-08,2024-08-07,30,1925.03,0,,No Dispute
INV-010784,CUST-0137,2025-04-12,2025-05-12,30,7243.92,0,,No Dispute
INV-010785,CUST-0137,2024-11-12,2024-12-12,30,11119.52,0,,No Dispute
INV-010786,CUST-0137,2025-09-20,2025-10-20,30,6412.35,0,,No Dispute
INV-010787,CUST-0137,2024-10-24,2024-11-23,30,11291.66,0,,No Dispute
INV-010788,CUST-0137,2025-03-03,2025-04-02,30,5150.55,0,,No Dispute
INV-010789,CUST-0137,2024-05-15,2024-06-14,30,1703.48,1,1.0,Resolved
INV-010790,CUST-0137,2025-12-09,2026-01-08,30,6814.27,0,,No Dispute
INV-010791,CUST-0137,2024-07-02,2024-08-01,30,7340.22,0,,No Dispute
INV-010792,CUST-0137,2024-06-26,2024-07-26,30,4830.56,1,2.0,Resolved
INV-010793,CUST-0137,2025-06-22,2025-07-22,30,3669.48,0,,No Dispute
INV-010794,CUST-0137,2025-08-16,2025-09-15,30,1655.58,0,,No Dispute
INV-010795,CUST-0137,2024-03-05,2024-04-04,30,6982.9,0,,No Dispute
INV-010796,CUST-0137,2024-01-01,2024-01-31,30,7108.17,0,,No Dispute
INV-010797,CUST-0137,2024-12-13,2025-01-12,30,2691.67,0,,No Dispute
INV-010798,CUST-0137,2024-07-22,2024-08-21,30,4837.66,0,,No Dispute
INV-010799,CUST-0137,2025-10-08,2025-11-07,30,6821.97,0,,No Dispute
INV-010800,CUST-0137,2024-12-09,2025-01-08,30,10704.17,0,,No Dispute
INV-010801,CUST-0137,2025-06-20,2025-07-20,30,4404.69,0,,No Dispute
INV-010802,CUST-0137,2025-12-19,2026-01-18,30,8190.32,0,,No Dispute
INV-010803,CUST-0137,2024-09-28,2024-10-28,30,7963.58,0,,No Dispute
INV-010804,CUST-0137,2024-12-15,2025-01-14,30,7482.98,0,,No Dispute
INV-010805,CUST-0137,2025-12-16,2026-01-15,30,4329.64,0,,No Dispute
INV-010806,CUST-0137,2025-01-06,2025-02-05,30,5474.37,0,,No Dispute
INV-010807,CUST-0137,2025-06-30,2025-07-30,30,10135.06,0,,No Dispute
INV-010808,CUST-0137,2025-06-04,2025-07-04,30,10990.91,0,,No Dispute
INV-010809,CUST-0137,2024-03-08,2024-04-07,30,5120.52,0,,No Dispute
INV-010810,CUST-0137,2025-12-08,2026-01-07,30,9917.48,0,,No Dispute
INV-010811,CUST-0137,2025-12-01,2025-12-31,30,10665.12,0,,No Dispute
INV-010812,CUST-0137,2025-04-25,2025-05-25,30,7504.98,0,,No Dispute
INV-010813,CUST-0137,2024-08-24,2024-09-23,30,7468.37,0,,No Dispute
INV-010814,CUST-0137,2024-08-04,2024-09-03,30,4093.79,0,,No Dispute
INV-010815,CUST-0137,2024-01-10,2024-02-09,30,5551.79,0,,No Dispute
INV-010816,CUST-0137,2025-02-08,2025-03-10,30,4465.91,0,,No Dispute
INV-010817,CUST-0137,2024-08-31,2024-09-30,30,4448.03,0,,No Dispute
INV-010818,CUST-0137,2025-06-01,2025-07-01,30,1723.07,0,,No Dispute
INV-010819,CUST-0138,2025-11-03,2025-12-03,30,8992.09,0,,No Dispute
INV-010820,CUST-0138,2025-12-23,2026-01-22,30,5550.71,0,,No Dispute
INV-010821,CUST-0138,2024-03-26,2024-04-25,30,3182.25,0,,No Dispute
INV-010822,CUST-0138,2024-01-13,2024-02-12,30,11496.21,0,,No Dispute
INV-010823,CUST-0138,2024-10-20,2024-11-19,30,5636.41,0,,No Dispute
INV-010824,CUST-0138,2024-09-25,2024-10-25,30,6162.48,0,,No Dispute
INV-010825,CUST-0138,2024-08-23,2024-09-22,30,4774.88,0,,No Dispute
INV-010826,CUST-0138,2025-07-07,2025-08-06,30,3659.12,0,,No Dispute
INV-010827,CUST-0138,2025-03-20,2025-04-19,30,7804.07,0,,No Dispute
INV-010828,CUST-0138,2024-02-13,2024-03-14,30,8882.3,0,,No Dispute
INV-010829,CUST-0138,2024-11-26,2024-12-26,30,5137.71,0,,No Dispute
INV-010830,CUST-0138,2024-03-11,2024-04-10,30,6715.43,0,,No Dispute
INV-010831,CUST-0138,2024-07-04,2024-08-03,30,7900.0,0,,No Dispute
INV-010832,CUST-0138,2024-04-27,2024-05-27,30,7187.11,0,,No Dispute
INV-010833,CUST-0138,2025-01-07,2025-02-06,30,8604.6,0,,No Dispute
INV-010834,CUST-0138,2024-08-21,2024-09-20,30,3716.3,0,,No Dispute
INV-010835,CUST-0138,2025-01-14,2025-02-13,30,10501.64,0,,No Dispute
INV-010836,CUST-0138,2024-03-23,2024-04-22,30,7041.8,0,,No Dispute
INV-010837,CUST-0138,2024-09-24,2024-10-24,30,1617.82,1,1.0,Resolved
INV-010838,CUST-0138,2025-06-02,2025-07-02,30,6495.13,0,,No Dispute
INV-010839,CUST-0138,2024-09-03,2024-10-03,30,10136.0,0,,No Dispute
INV-010840,CUST-0138,2024-02-25,2024-03-26,30,6417.4,0,,No Dispute
INV-010841,CUST-0138,2024-09-23,2024-10-23,30,7417.48,0,,No Dispute
INV-010842,CUST-0138,2025-06-24,2025-07-24,30,3561.78,0,,No Dispute
INV-010843,CUST-0138,2025-11-21,2025-12-21,30,2090.99,0,,No Dispute
INV-010844,CUST-0138,2024-07-17,2024-08-16,30,10044.87,0,,No Dispute
INV-010845,CUST-0138,2025-06-17,2025-07-17,30,4113.09,0,,No Dispute
INV-010846,CUST-0138,2024-04-20,2024-05-20,30,11551.41,0,,No Dispute
INV-010847,CUST-0138,2024-08-30,2024-09-29,30,5588.77,0,,No Dispute
INV-010848,CUST-0138,2025-12-03,2026-01-02,30,10319.85,0,,No Dispute
INV-010849,CUST-0138,2024-10-01,2024-10-31,30,4086.5,1,5.0,Open
INV-010850,CUST-0138,2024-10-15,2024-11-14,30,3605.64,0,,No Dispute
INV-010851,CUST-0138,2025-01-19,2025-02-18,30,9751.95,1,3.0,Resolved
INV-010852,CUST-0138,2024-11-15,2024-12-15,30,11096.49,0,,No Dispute
INV-010853,CUST-0138,2024-10-30,2024-11-29,30,7189.94,0,,No Dispute
INV-010854,CUST-0138,2024-01-09,2024-02-08,30,9307.7,0,,No Dispute
INV-010855,CUST-0138,2025-02-01,2025-03-03,30,5893.69,0,,No Dispute
INV-010856,CUST-0138,2024-05-29,2024-06-28,30,3357.68,0,,No Dispute
INV-010857,CUST-0138,2025-02-18,2025-03-20,30,6663.41,0,,No Dispute
INV-010858,CUST-0138,2024-03-25,2024-04-24,30,11946.2,1,3.0,Resolved
INV-010859,CUST-0138,2024-06-20,2024-07-20,30,6937.31,0,,No Dispute
INV-010860,CUST-0138,2024-12-01,2024-12-31,30,5412.51,0,,No Dispute
INV-010861,CUST-0138,2025-02-11,2025-03-13,30,1608.03,0,,No Dispute
INV-010862,CUST-0138,2024-03-18,2024-04-17,30,6644.9,0,,No Dispute
INV-010863,CUST-0138,2025-05-16,2025-06-15,30,3094.41,0,,No Dispute
INV-010864,CUST-0138,2024-02-12,2024-03-13,30,11098.23,0,,No Dispute
INV-010865,CUST-0138,2025-02-25,2025-03-27,30,2069.49,0,,No Dispute
INV-010866,CUST-0138,2024-07-30,2024-08-29,30,3927.65,0,,No Dispute
INV-010867,CUST-0138,2025-11-08,2025-12-08,30,6891.86,0,,No Dispute
INV-010868,CUST-0138,2025-02-26,2025-03-28,30,6856.57,0,,No Dispute
INV-010869,CUST-0138,2024-10-01,2024-10-31,30,9130.66,0,,No Dispute
INV-010870,CUST-0138,2025-07-07,2025-08-06,30,10129.24,1,1.0,Open
INV-010871,CUST-0138,2024-01-16,2024-02-15,30,11997.76,0,,No Dispute
INV-010872,CUST-0138,2024-03-12,2024-04-11,30,9190.29,0,,No Dispute
INV-010873,CUST-0138,2024-01-28,2024-02-27,30,2210.2,0,,No Dispute
INV-010874,CUST-0138,2025-07-25,2025-08-24,30,4477.11,0,,No Dispute
INV-010875,CUST-0138,2025-05-25,2025-06-24,30,7898.42,0,,No Dispute
INV-010876,CUST-0138,2025-04-28,2025-05-28,30,9510.56,1,1.0,Open
INV-010877,CUST-0138,2024-01-07,2024-02-06,30,9400.61,0,,No Dispute
INV-010878,CUST-0138,2025-09-05,2025-10-05,30,11715.63,0,,No Dispute
INV-010879,CUST-0138,2025-07-29,2025-08-28,30,11249.89,0,,No Dispute
INV-010880,CUST-0138,2024-02-27,2024-03-28,30,4542.47,0,,No Dispute
INV-010881,CUST-0139,2025-11-04,2025-12-04,30,2494.81,0,,No Dispute
INV-010882,CUST-0139,2024-09-07,2024-10-07,30,869.03,0,,No Dispute
INV-010883,CUST-0139,2025-08-23,2025-09-22,30,3358.02,0,,No Dispute
INV-010884,CUST-0139,2024-12-28,2025-01-27,30,1126.58,0,,No Dispute
INV-010885,CUST-0139,2024-06-20,2024-07-20,30,3750.66,1,3.0,Resolved
INV-010886,CUST-0139,2024-07-07,2024-08-06,30,2990.07,0,,No Dispute
INV-010887,CUST-0139,2024-09-28,2024-10-28,30,1031.97,0,,No Dispute
INV-010888,CUST-0139,2025-07-31,2025-08-30,30,1346.94,1,1.0,Resolved
INV-010889,CUST-0139,2024-06-28,2024-07-28,30,2570.73,0,,No Dispute
INV-010890,CUST-0139,2024-06-07,2024-07-07,30,1509.62,1,1.0,Resolved
INV-010891,CUST-0139,2025-12-19,2026-01-18,30,2012.0,0,,No Dispute
INV-010892,CUST-0139,2024-09-07,2024-10-07,30,1757.26,0,,No Dispute
INV-010893,CUST-0139,2024-04-20,2024-05-20,30,706.36,0,,No Dispute
INV-010894,CUST-0139,2025-11-01,2025-12-01,30,3196.34,0,,No Dispute
INV-010895,CUST-0139,2024-08-19,2024-09-18,30,947.29,0,,No Dispute
INV-010896,CUST-0139,2024-06-12,2024-07-12,30,1236.51,0,,No Dispute
INV-010897,CUST-0139,2025-07-16,2025-08-15,30,1520.47,0,,No Dispute
INV-010898,CUST-0139,2025-12-25,2026-01-24,30,1180.1,0,,No Dispute
INV-010899,CUST-0139,2024-08-30,2024-09-29,30,1333.77,0,,No Dispute
INV-010900,CUST-0139,2024-07-13,2024-08-12,30,1463.96,0,,No Dispute
INV-010901,CUST-0139,2025-06-07,2025-07-07,30,2040.46,0,,No Dispute
INV-010902,CUST-0139,2024-09-30,2024-10-30,30,3470.01,0,,No Dispute
INV-010903,CUST-0139,2025-01-06,2025-02-05,30,756.64,0,,No Dispute
INV-010904,CUST-0139,2024-10-13,2024-11-12,30,500.51,0,,No Dispute
INV-010905,CUST-0139,2024-12-31,2025-01-30,30,2344.33,0,,No Dispute
INV-010906,CUST-0139,2025-03-23,2025-04-22,30,2609.51,0,,No Dispute
INV-010907,CUST-0139,2024-12-21,2025-01-20,30,867.29,0,,No Dispute
INV-010908,CUST-0139,2025-05-24,2025-06-23,30,981.46,0,,No Dispute
INV-010909,CUST-0139,2024-07-12,2024-08-11,30,3672.55,0,,No Dispute
INV-010910,CUST-0139,2025-10-21,2025-11-20,30,1940.58,0,,No Dispute
INV-010911,CUST-0139,2024-11-18,2024-12-18,30,2476.76,0,,No Dispute
INV-010912,CUST-0139,2025-01-16,2025-02-15,30,2755.05,0,,No Dispute
INV-010913,CUST-0139,2025-06-24,2025-07-24,30,1519.03,0,,No Dispute
INV-010914,CUST-0139,2024-06-07,2024-07-07,30,816.82,0,,No Dispute
INV-010915,CUST-0139,2025-04-03,2025-05-03,30,1286.45,0,,No Dispute
INV-010916,CUST-0139,2024-03-19,2024-04-18,30,2075.64,0,,No Dispute
INV-010917,CUST-0139,2025-08-07,2025-09-06,30,1415.14,0,,No Dispute
INV-010918,CUST-0139,2024-09-22,2024-10-22,30,1141.82,0,,No Dispute
INV-010919,CUST-0139,2024-01-20,2024-02-19,30,1091.7,0,,No Dispute
INV-010920,CUST-0139,2025-09-13,2025-10-13,30,3191.44,0,,No Dispute
INV-010921,CUST-0139,2025-05-15,2025-06-14,30,1396.87,0,,No Dispute
INV-010922,CUST-0139,2025-08-10,2025-09-09,30,3508.09,0,,No Dispute
INV-010923,CUST-0139,2025-02-06,2025-03-08,30,3604.17,0,,No Dispute
INV-010924,CUST-0140,2025-08-30,2025-10-29,60,4653.03,0,,No Dispute
INV-010925,CUST-0140,2025-04-02,2025-06-01,60,10822.22,0,,No Dispute
INV-010926,CUST-0140,2024-02-05,2024-04-05,60,4698.38,0,,No Dispute
INV-010927,CUST-0140,2025-09-20,2025-11-19,60,11737.33,0,,No Dispute
INV-010928,CUST-0140,2024-08-04,2024-10-03,60,7769.56,0,,No Dispute
INV-010929,CUST-0140,2025-01-08,2025-03-09,60,7091.75,0,,No Dispute
INV-010930,CUST-0140,2024-10-19,2024-12-18,60,5418.3,0,,No Dispute
INV-010931,CUST-0140,2024-05-23,2024-07-22,60,3315.71,0,,No Dispute
INV-010932,CUST-0140,2024-02-14,2024-04-14,60,6044.82,0,,No Dispute
INV-010933,CUST-0140,2024-09-25,2024-11-24,60,11795.36,0,,No Dispute
INV-010934,CUST-0140,2025-01-09,2025-03-10,60,6156.73,0,,No Dispute
INV-010935,CUST-0140,2024-06-04,2024-08-03,60,2238.69,0,,No Dispute
INV-010936,CUST-0140,2024-11-22,2025-01-21,60,10990.05,0,,No Dispute
INV-010937,CUST-0140,2025-08-17,2025-10-16,60,5896.59,0,,No Dispute
INV-010938,CUST-0140,2024-05-22,2024-07-21,60,4037.13,0,,No Dispute
INV-010939,CUST-0140,2025-09-24,2025-11-23,60,2056.3,0,,No Dispute
INV-010940,CUST-0140,2025-06-25,2025-08-24,60,9855.53,0,,No Dispute
INV-010941,CUST-0140,2025-05-19,2025-07-18,60,4060.46,0,,No Dispute
INV-010942,CUST-0140,2025-06-13,2025-08-12,60,11145.18,0,,No Dispute
INV-010943,CUST-0140,2024-09-08,2024-11-07,60,9988.47,0,,No Dispute
INV-010944,CUST-0140,2025-11-10,2026-01-09,60,3744.97,0,,No Dispute
INV-010945,CUST-0140,2024-10-19,2024-12-18,60,7378.94,0,,No Dispute
INV-010946,CUST-0140,2024-05-18,2024-07-17,60,7914.9,0,,No Dispute
INV-010947,CUST-0140,2024-04-25,2024-06-24,60,4055.95,0,,No Dispute
INV-010948,CUST-0140,2024-09-26,2024-11-25,60,2158.52,0,,No Dispute
INV-010949,CUST-0140,2025-03-24,2025-05-23,60,3360.78,0,,No Dispute
INV-010950,CUST-0140,2024-08-28,2024-10-27,60,8194.62,1,4.0,Resolved
INV-010951,CUST-0140,2025-06-14,2025-08-13,60,1947.8,0,,No Dispute
INV-010952,CUST-0140,2025-05-21,2025-07-20,60,3449.1,0,,No Dispute
INV-010953,CUST-0140,2025-03-02,2025-05-01,60,10037.34,0,,No Dispute
INV-010954,CUST-0140,2025-04-22,2025-06-21,60,5996.94,0,,No Dispute
INV-010955,CUST-0140,2025-10-13,2025-12-12,60,4138.65,0,,No Dispute
INV-010956,CUST-0140,2025-08-10,2025-10-09,60,8387.2,0,,No Dispute
INV-010957,CUST-0140,2024-09-26,2024-11-25,60,9060.12,0,,No Dispute
INV-010958,CUST-0140,2025-11-08,2026-01-07,60,3014.3,0,,No Dispute
INV-010959,CUST-0140,2025-02-09,2025-04-10,60,3658.73,0,,No Dispute
INV-010960,CUST-0140,2024-12-30,2025-02-28,60,10869.34,0,,No Dispute
INV-010961,CUST-0140,2025-08-23,2025-10-22,60,11471.25,0,,No Dispute
INV-010962,CUST-0140,2025-05-25,2025-07-24,60,5388.58,0,,No Dispute
INV-010963,CUST-0140,2024-11-22,2025-01-21,60,7652.73,0,,No Dispute
INV-010964,CUST-0140,2025-08-14,2025-10-13,60,6546.29,0,,No Dispute
INV-010965,CUST-0140,2024-04-14,2024-06-13,60,9643.81,0,,No Dispute
INV-010966,CUST-0140,2025-03-07,2025-05-06,60,6779.92,0,,No Dispute
INV-010967,CUST-0140,2025-12-01,2026-01-30,60,5967.05,0,,No Dispute
INV-010968,CUST-0140,2025-11-14,2026-01-13,60,11722.93,0,,No Dispute
INV-010969,CUST-0140,2025-05-08,2025-07-07,60,2295.23,0,,No Dispute
INV-010970,CUST-0140,2025-09-23,2025-11-22,60,9837.07,0,,No Dispute
INV-010971,CUST-0140,2024-06-06,2024-08-05,60,8125.66,1,1.0,Open
INV-010972,CUST-0140,2025-10-03,2025-12-02,60,8328.35,0,,No Dispute
INV-010973,CUST-0140,2025-04-11,2025-06-10,60,6703.44,0,,No Dispute
INV-010974,CUST-0140,2025-11-02,2026-01-01,60,1814.08,0,,No Dispute
INV-010975,CUST-0140,2024-01-13,2024-03-13,60,2359.12,0,,No Dispute
INV-010976,CUST-0140,2024-04-03,2024-06-02,60,1868.66,1,1.0,Resolved
INV-010977,CUST-0140,2025-03-02,2025-05-01,60,3016.79,0,,No Dispute
INV-010978,CUST-0140,2025-08-30,2025-10-29,60,3740.2,1,3.0,Resolved
INV-010979,CUST-0140,2025-09-14,2025-11-13,60,7064.79,0,,No Dispute
INV-010980,CUST-0140,2024-07-26,2024-09-24,60,11632.7,0,,No Dispute
INV-010981,CUST-0140,2025-08-27,2025-10-26,60,4714.4,0,,No Dispute
INV-010982,CUST-0140,2024-02-11,2024-04-11,60,9105.69,0,,No Dispute
INV-010983,CUST-0140,2024-06-27,2024-08-26,60,2523.04,0,,No Dispute
INV-010984,CUST-0140,2025-04-04,2025-06-03,60,7381.15,0,,No Dispute
INV-010985,CUST-0140,2025-04-19,2025-06-18,60,5626.03,0,,No Dispute
INV-010986,CUST-0140,2025-09-14,2025-11-13,60,4647.46,0,,No Dispute
INV-010987,CUST-0140,2024-12-09,2025-02-07,60,5618.35,0,,No Dispute
INV-010988,CUST-0140,2025-12-28,2026-02-26,60,4661.19,0,,No Dispute
INV-010989,CUST-0141,2024-11-24,2025-02-22,90,24173.99,0,,No Dispute
INV-010990,CUST-0141,2024-07-06,2024-10-04,90,25462.5,0,,No Dispute
INV-010991,CUST-0141,2024-10-30,2025-01-28,90,31247.63,0,,No Dispute
INV-010992,CUST-0141,2024-08-15,2024-11-13,90,14213.99,0,,No Dispute
INV-010993,CUST-0141,2024-03-27,2024-06-25,90,10329.65,0,,No Dispute
INV-010994,CUST-0141,2024-12-03,2025-03-03,90,30926.13,0,,No Dispute
INV-010995,CUST-0141,2024-02-27,2024-05-27,90,20822.78,0,,No Dispute
INV-010996,CUST-0141,2024-01-17,2024-04-16,90,24448.09,0,,No Dispute
INV-010997,CUST-0141,2024-07-02,2024-09-30,90,30530.7,0,,No Dispute
INV-010998,CUST-0141,2025-12-26,2026-03-26,90,17436.23,0,,No Dispute
INV-010999,CUST-0141,2025-05-05,2025-08-03,90,30372.2,0,,No Dispute
INV-011000,CUST-0141,2024-12-30,2025-03-30,90,12964.29,0,,No Dispute
INV-011001,CUST-0141,2025-06-03,2025-09-01,90,8743.66,0,,No Dispute
INV-011002,CUST-0141,2024-10-05,2025-01-03,90,5046.25,0,,No Dispute
INV-011003,CUST-0141,2024-10-01,2024-12-30,90,31653.43,0,,No Dispute
INV-011004,CUST-0141,2024-02-05,2024-05-05,90,5429.88,0,,No Dispute
INV-011005,CUST-0141,2025-10-15,2026-01-13,90,14073.86,0,,No Dispute
INV-011006,CUST-0141,2024-10-12,2025-01-10,90,26161.87,0,,No Dispute
INV-011007,CUST-0141,2025-10-21,2026-01-19,90,21136.4,0,,No Dispute
INV-011008,CUST-0141,2024-08-29,2024-11-27,90,12445.36,0,,No Dispute
INV-011009,CUST-0141,2024-04-10,2024-07-09,90,10511.2,0,,No Dispute
INV-011010,CUST-0141,2024-08-11,2024-11-09,90,14236.1,0,,No Dispute
INV-011011,CUST-0141,2024-01-23,2024-04-22,90,21073.97,0,,No Dispute
INV-011012,CUST-0141,2024-10-12,2025-01-10,90,16899.09,0,,No Dispute
INV-011013,CUST-0141,2025-07-29,2025-10-27,90,22621.71,0,,No Dispute
INV-011014,CUST-0141,2025-03-03,2025-06-01,90,23706.51,0,,No Dispute
INV-011015,CUST-0141,2025-11-02,2026-01-31,90,12590.28,0,,No Dispute
INV-011016,CUST-0141,2024-05-15,2024-08-13,90,29447.05,0,,No Dispute
INV-011017,CUST-0141,2024-03-23,2024-06-21,90,12373.28,0,,No Dispute
INV-011018,CUST-0141,2025-06-24,2025-09-22,90,25734.41,0,,No Dispute
INV-011019,CUST-0141,2024-02-18,2024-05-18,90,31596.39,0,,No Dispute
INV-011020,CUST-0141,2024-10-29,2025-01-27,90,5410.32,1,4.0,Resolved
INV-011021,CUST-0141,2025-04-28,2025-07-27,90,31782.53,0,,No Dispute
INV-011022,CUST-0141,2024-10-07,2025-01-05,90,8048.11,0,,No Dispute
INV-011023,CUST-0141,2024-09-10,2024-12-09,90,5619.43,0,,No Dispute
INV-011024,CUST-0141,2025-02-06,2025-05-07,90,5126.34,0,,No Dispute
INV-011025,CUST-0141,2024-01-14,2024-04-13,90,5627.08,0,,No Dispute
INV-011026,CUST-0141,2025-10-28,2026-01-26,90,17801.48,0,,No Dispute
INV-011027,CUST-0141,2024-06-06,2024-09-04,90,15337.06,0,,No Dispute
INV-011028,CUST-0141,2025-11-21,2026-02-19,90,10747.19,0,,No Dispute
INV-011029,CUST-0141,2024-01-24,2024-04-23,90,27463.35,0,,No Dispute
INV-011030,CUST-0141,2024-07-24,2024-10-22,90,13802.43,0,,No Dispute
INV-011031,CUST-0141,2025-05-14,2025-08-12,90,15826.3,0,,No Dispute
INV-011032,CUST-0141,2024-11-19,2025-02-17,90,31463.04,0,,No Dispute
INV-011033,CUST-0141,2024-03-23,2024-06-21,90,23473.46,0,,No Dispute
INV-011034,CUST-0141,2025-10-04,2026-01-02,90,7837.4,0,,No Dispute
INV-011035,CUST-0141,2025-10-03,2026-01-01,90,8443.02,0,,No Dispute
INV-011036,CUST-0141,2025-01-22,2025-04-22,90,10281.37,0,,No Dispute
INV-011037,CUST-0141,2024-09-13,2024-12-12,90,28583.89,0,,No Dispute
INV-011038,CUST-0141,2025-09-02,2025-12-01,90,21021.14,1,1.0,Resolved
INV-011039,CUST-0141,2025-11-03,2026-02-01,90,28750.42,0,,No Dispute
INV-011040,CUST-0141,2025-05-30,2025-08-28,90,12013.24,0,,No Dispute
INV-011041,CUST-0141,2024-11-24,2025-02-22,90,16745.27,0,,No Dispute
INV-011042,CUST-0141,2025-03-09,2025-06-07,90,26543.15,0,,No Dispute
INV-011043,CUST-0141,2024-10-14,2025-01-12,90,12303.25,0,,No Dispute
INV-011044,CUST-0141,2024-03-17,2024-06-15,90,8829.64,0,,No Dispute
INV-011045,CUST-0141,2024-01-02,2024-04-01,90,15233.12,0,,No Dispute
INV-011046,CUST-0141,2024-07-17,2024-10-15,90,29322.69,0,,No Dispute
INV-011047,CUST-0141,2025-07-06,2025-10-04,90,25738.22,0,,No Dispute
INV-011048,CUST-0141,2025-01-19,2025-04-19,90,31383.03,0,,No Dispute
INV-011049,CUST-0141,2024-12-16,2025-03-16,90,12814.06,0,,No Dispute
INV-011050,CUST-0141,2025-06-21,2025-09-19,90,31324.52,0,,No Dispute
INV-011051,CUST-0141,2024-03-14,2024-06-12,90,6858.27,0,,No Dispute
INV-011052,CUST-0141,2025-12-06,2026-03-06,90,9253.57,0,,No Dispute
INV-011053,CUST-0141,2025-09-30,2025-12-29,90,14923.04,0,,No Dispute
INV-011054,CUST-0141,2024-12-30,2025-03-30,90,12899.33,0,,No Dispute
INV-011055,CUST-0141,2024-10-03,2025-01-01,90,24015.5,0,,No Dispute
INV-011056,CUST-0141,2025-10-05,2026-01-03,90,7606.85,0,,No Dispute
INV-011057,CUST-0141,2025-11-30,2026-02-28,90,17478.55,0,,No Dispute
INV-011058,CUST-0141,2025-07-30,2025-10-28,90,12241.47,0,,No Dispute
INV-011059,CUST-0141,2024-07-06,2024-10-04,90,24709.7,0,,No Dispute
INV-011060,CUST-0141,2025-08-21,2025-11-19,90,11810.27,0,,No Dispute
INV-011061,CUST-0141,2025-10-11,2026-01-09,90,25627.97,0,,No Dispute
INV-011062,CUST-0141,2025-03-25,2025-06-23,90,15396.57,0,,No Dispute
INV-011063,CUST-0141,2025-08-24,2025-11-22,90,14811.06,0,,No Dispute
INV-011064,CUST-0141,2025-07-30,2025-10-28,90,24405.96,0,,No Dispute
INV-011065,CUST-0141,2025-09-15,2025-12-14,90,23734.27,0,,No Dispute
INV-011066,CUST-0141,2025-08-21,2025-11-19,90,29333.49,0,,No Dispute
INV-011067,CUST-0141,2025-10-11,2026-01-09,90,13973.94,0,,No Dispute
INV-011068,CUST-0141,2024-12-22,2025-03-22,90,30219.29,0,,No Dispute
INV-011069,CUST-0141,2024-07-07,2024-10-05,90,5350.21,0,,No Dispute
INV-011070,CUST-0141,2024-02-25,2024-05-25,90,25135.88,0,,No Dispute
INV-011071,CUST-0141,2024-05-19,2024-08-17,90,17053.53,0,,No Dispute
INV-011072,CUST-0141,2024-02-20,2024-05-20,90,21500.0,0,,No Dispute
INV-011073,CUST-0141,2025-06-02,2025-08-31,90,30993.32,0,,No Dispute
INV-011074,CUST-0141,2025-01-31,2025-05-01,90,17282.84,0,,No Dispute
INV-011075,CUST-0141,2024-11-28,2025-02-26,90,17119.15,1,1.0,Resolved
INV-011076,CUST-0141,2024-03-29,2024-06-27,90,9056.45,0,,No Dispute
INV-011077,CUST-0141,2025-01-23,2025-04-23,90,31169.16,0,,No Dispute
INV-011078,CUST-0141,2025-08-12,2025-11-10,90,12759.5,0,,No Dispute
INV-011079,CUST-0141,2025-11-13,2026-02-11,90,20683.19,0,,No Dispute
INV-011080,CUST-0141,2025-03-29,2025-06-27,90,8361.14,0,,No Dispute
INV-011081,CUST-0141,2024-04-25,2024-07-24,90,8038.65,0,,No Dispute
INV-011082,CUST-0141,2024-10-15,2025-01-13,90,10064.37,0,,No Dispute
INV-011083,CUST-0141,2024-06-07,2024-09-05,90,12286.25,0,,No Dispute
INV-011084,CUST-0141,2024-06-21,2024-09-19,90,16725.49,0,,No Dispute
INV-011085,CUST-0141,2024-05-21,2024-08-19,90,7842.38,0,,No Dispute
INV-011086,CUST-0141,2024-09-12,2024-12-11,90,20403.98,0,,No Dispute
INV-011087,CUST-0141,2025-10-08,2026-01-06,90,25461.92,0,,No Dispute
INV-011088,CUST-0141,2025-05-25,2025-08-23,90,26289.7,0,,No Dispute
INV-011089,CUST-0141,2025-11-28,2026-02-26,90,13878.01,0,,No Dispute
INV-011090,CUST-0141,2024-08-16,2024-11-14,90,30849.17,0,,No Dispute
INV-011091,CUST-0141,2024-04-29,2024-07-28,90,12219.76,0,,No Dispute
INV-011092,CUST-0141,2025-07-05,2025-10-03,90,27318.11,0,,No Dispute
INV-011093,CUST-0141,2025-02-14,2025-05-15,90,6616.0,0,,No Dispute
INV-011094,CUST-0141,2024-11-22,2025-02-20,90,25566.03,0,,No Dispute
INV-011095,CUST-0141,2024-11-13,2025-02-11,90,18020.38,0,,No Dispute
INV-011096,CUST-0141,2024-11-22,2025-02-20,90,5770.52,0,,No Dispute
INV-011097,CUST-0141,2024-09-12,2024-12-11,90,18093.81,0,,No Dispute
INV-011098,CUST-0141,2024-07-08,2024-10-06,90,22086.14,0,,No Dispute
INV-011099,CUST-0141,2025-02-15,2025-05-16,90,18979.2,0,,No Dispute
INV-011100,CUST-0141,2024-10-21,2025-01-19,90,9469.58,0,,No Dispute
INV-011101,CUST-0141,2024-01-08,2024-04-07,90,26774.22,0,,No Dispute
INV-011102,CUST-0141,2025-09-05,2025-12-04,90,29455.42,0,,No Dispute
INV-011103,CUST-0141,2025-11-12,2026-02-10,90,5962.53,0,,No Dispute
INV-011104,CUST-0141,2024-08-17,2024-11-15,90,30541.65,0,,No Dispute
INV-011105,CUST-0141,2024-05-11,2024-08-09,90,23567.55,0,,No Dispute
INV-011106,CUST-0141,2025-06-30,2025-09-28,90,21224.17,0,,No Dispute
INV-011107,CUST-0141,2024-02-07,2024-05-07,90,24001.12,0,,No Dispute
INV-011108,CUST-0141,2024-02-11,2024-05-11,90,27291.37,1,5.0,Resolved
INV-011109,CUST-0141,2024-05-03,2024-08-01,90,30386.47,0,,No Dispute
INV-011110,CUST-0141,2025-05-17,2025-08-15,90,12671.79,0,,No Dispute
INV-011111,CUST-0141,2025-02-07,2025-05-08,90,9569.16,0,,No Dispute
INV-011112,CUST-0141,2025-06-10,2025-09-08,90,23249.92,0,,No Dispute
INV-011113,CUST-0141,2025-12-04,2026-03-04,90,15499.92,0,,No Dispute
INV-011114,CUST-0141,2024-10-07,2025-01-05,90,27744.89,0,,No Dispute
INV-011115,CUST-0141,2025-06-29,2025-09-27,90,15394.0,0,,No Dispute
INV-011116,CUST-0141,2025-12-18,2026-03-18,90,24957.13,1,5.0,Open
INV-011117,CUST-0141,2025-03-31,2025-06-29,90,11035.46,0,,No Dispute
INV-011118,CUST-0141,2024-10-29,2025-01-27,90,12021.74,0,,No Dispute
INV-011119,CUST-0141,2024-06-26,2024-09-24,90,30147.48,0,,No Dispute
INV-011120,CUST-0141,2024-07-04,2024-10-02,90,30254.5,0,,No Dispute
INV-011121,CUST-0141,2025-01-21,2025-04-21,90,26192.89,0,,No Dispute
INV-011122,CUST-0141,2025-02-27,2025-05-28,90,30191.02,0,,No Dispute
INV-011123,CUST-0141,2024-08-28,2024-11-26,90,6344.18,0,,No Dispute
INV-011124,CUST-0141,2024-07-25,2024-10-23,90,16985.44,0,,No Dispute
INV-011125,CUST-0141,2025-05-19,2025-08-17,90,11225.64,0,,No Dispute
INV-011126,CUST-0141,2024-08-21,2024-11-19,90,18370.31,0,,No Dispute
INV-011127,CUST-0141,2025-08-15,2025-11-13,90,20280.41,0,,No Dispute
INV-011128,CUST-0141,2025-04-27,2025-07-26,90,16731.31,0,,No Dispute
INV-011129,CUST-0141,2024-07-17,2024-10-15,90,18332.76,0,,No Dispute
INV-011130,CUST-0141,2024-03-10,2024-06-08,90,29914.41,0,,No Dispute
INV-011131,CUST-0141,2025-01-04,2025-04-04,90,26525.07,0,,No Dispute
INV-011132,CUST-0141,2025-04-10,2025-07-09,90,10632.63,0,,No Dispute
INV-011133,CUST-0141,2024-12-10,2025-03-10,90,27244.05,0,,No Dispute
INV-011134,CUST-0141,2024-10-28,2025-01-26,90,30736.15,0,,No Dispute
INV-011135,CUST-0142,2024-11-02,2024-12-02,30,3990.81,0,,No Dispute
INV-011136,CUST-0142,2024-10-20,2024-11-19,30,2339.85,0,,No Dispute
INV-011137,CUST-0142,2024-07-12,2024-08-11,30,634.5,0,,No Dispute
INV-011138,CUST-0142,2024-03-14,2024-04-13,30,3661.53,0,,No Dispute
INV-011139,CUST-0142,2024-10-17,2024-11-16,30,814.45,0,,No Dispute
INV-011140,CUST-0142,2024-03-29,2024-04-28,30,3729.09,0,,No Dispute
INV-011141,CUST-0142,2024-07-05,2024-08-04,30,1154.84,0,,No Dispute
INV-011142,CUST-0142,2024-06-15,2024-07-15,30,3132.42,0,,No Dispute
INV-011143,CUST-0142,2024-04-18,2024-05-18,30,3062.13,0,,No Dispute
INV-011144,CUST-0142,2025-02-22,2025-03-24,30,2680.17,0,,No Dispute
INV-011145,CUST-0142,2024-10-25,2024-11-24,30,1106.55,0,,No Dispute
INV-011146,CUST-0142,2024-06-12,2024-07-12,30,940.17,0,,No Dispute
INV-011147,CUST-0142,2025-02-25,2025-03-27,30,1371.66,0,,No Dispute
INV-011148,CUST-0142,2025-06-07,2025-07-07,30,1282.48,0,,No Dispute
INV-011149,CUST-0142,2024-08-13,2024-09-12,30,2534.71,0,,No Dispute
INV-011150,CUST-0142,2025-11-20,2025-12-20,30,3048.2,0,,No Dispute
INV-011151,CUST-0142,2024-12-02,2025-01-01,30,2485.74,0,,No Dispute
INV-011152,CUST-0142,2025-08-25,2025-09-24,30,1091.98,0,,No Dispute
INV-011153,CUST-0142,2024-03-06,2024-04-05,30,1766.67,0,,No Dispute
INV-011154,CUST-0142,2024-08-24,2024-09-23,30,903.85,0,,No Dispute
INV-011155,CUST-0142,2025-03-25,2025-04-24,30,3206.27,1,3.0,Open
INV-011156,CUST-0142,2024-05-25,2024-06-24,30,2876.75,0,,No Dispute
INV-011157,CUST-0142,2025-07-06,2025-08-05,30,1965.18,0,,No Dispute
INV-011158,CUST-0142,2025-09-23,2025-10-23,30,2484.19,0,,No Dispute
INV-011159,CUST-0142,2025-11-26,2025-12-26,30,3114.99,0,,No Dispute
INV-011160,CUST-0142,2024-07-25,2024-08-24,30,3000.42,0,,No Dispute
INV-011161,CUST-0142,2024-12-15,2025-01-14,30,893.81,0,,No Dispute
INV-011162,CUST-0142,2025-12-05,2026-01-04,30,2867.47,0,,No Dispute
INV-011163,CUST-0142,2025-01-12,2025-02-11,30,1297.79,1,5.0,Resolved
INV-011164,CUST-0142,2024-01-09,2024-02-08,30,1609.95,0,,No Dispute
INV-011165,CUST-0142,2025-11-06,2025-12-06,30,3978.24,0,,No Dispute
INV-011166,CUST-0142,2025-12-28,2026-01-27,30,2386.3,0,,No Dispute
INV-011167,CUST-0142,2024-03-05,2024-04-04,30,2270.56,0,,No Dispute
INV-011168,CUST-0142,2025-02-01,2025-03-03,30,1484.11,0,,No Dispute
INV-011169,CUST-0142,2024-06-13,2024-07-13,30,3970.42,0,,No Dispute
INV-011170,CUST-0142,2025-08-29,2025-09-28,30,825.06,0,,No Dispute
INV-011171,CUST-0142,2024-10-05,2024-11-04,30,3903.39,0,,No Dispute
INV-011172,CUST-0142,2025-05-17,2025-06-16,30,1321.95,0,,No Dispute
INV-011173,CUST-0142,2025-01-16,2025-02-15,30,1324.28,0,,No Dispute
INV-011174,CUST-0142,2025-06-11,2025-07-11,30,3643.5,0,,No Dispute
INV-011175,CUST-0142,2024-12-18,2025-01-17,30,3456.2,0,,No Dispute
INV-011176,CUST-0142,2025-09-14,2025-10-14,30,1291.36,0,,No Dispute
INV-011177,CUST-0143,2025-06-24,2025-07-24,30,989.81,0,,No Dispute
INV-011178,CUST-0143,2024-10-26,2024-11-25,30,1337.52,0,,No Dispute
INV-011179,CUST-0143,2024-08-28,2024-09-27,30,3449.59,0,,No Dispute
INV-011180,CUST-0143,2024-07-24,2024-08-23,30,1863.65,0,,No Dispute
INV-011181,CUST-0143,2024-10-15,2024-11-14,30,2875.59,0,,No Dispute
INV-011182,CUST-0143,2025-11-08,2025-12-08,30,3992.21,0,,No Dispute
INV-011183,CUST-0143,2024-12-10,2025-01-09,30,3954.03,0,,No Dispute
INV-011184,CUST-0143,2024-03-06,2024-04-05,30,3831.26,0,,No Dispute
INV-011185,CUST-0143,2024-06-02,2024-07-02,30,3902.52,0,,No Dispute
INV-011186,CUST-0143,2024-01-01,2024-01-31,30,2912.24,0,,No Dispute
INV-011187,CUST-0143,2025-08-02,2025-09-01,30,2649.21,1,2.0,Resolved
INV-011188,CUST-0143,2024-12-06,2025-01-05,30,3858.46,0,,No Dispute
INV-011189,CUST-0143,2025-05-30,2025-06-29,30,2703.52,0,,No Dispute
INV-011190,CUST-0143,2024-04-17,2024-05-17,30,3540.47,0,,No Dispute
INV-011191,CUST-0143,2025-04-25,2025-05-25,30,870.71,0,,No Dispute
INV-011192,CUST-0143,2024-12-18,2025-01-17,30,1477.24,0,,No Dispute
INV-011193,CUST-0143,2025-03-17,2025-04-16,30,3364.26,0,,No Dispute
INV-011194,CUST-0143,2025-07-11,2025-08-10,30,1396.22,0,,No Dispute
INV-011195,CUST-0143,2025-02-20,2025-03-22,30,635.32,0,,No Dispute
INV-011196,CUST-0143,2024-06-13,2024-07-13,30,3564.17,1,3.0,Resolved
INV-011197,CUST-0143,2024-03-26,2024-04-25,30,2545.59,0,,No Dispute
INV-011198,CUST-0143,2024-09-01,2024-10-01,30,3318.52,0,,No Dispute
INV-011199,CUST-0143,2024-10-22,2024-11-21,30,2060.56,0,,No Dispute
INV-011200,CUST-0143,2024-06-08,2024-07-08,30,3966.04,1,5.0,Resolved
INV-011201,CUST-0143,2024-08-13,2024-09-12,30,2610.77,0,,No Dispute
INV-011202,CUST-0143,2025-12-04,2026-01-03,30,1058.27,0,,No Dispute
INV-011203,CUST-0143,2025-07-10,2025-08-09,30,1240.36,0,,No Dispute
INV-011204,CUST-0143,2024-02-04,2024-03-05,30,2572.21,0,,No Dispute
INV-011205,CUST-0143,2025-11-13,2025-12-13,30,1132.57,0,,No Dispute
INV-011206,CUST-0143,2025-05-30,2025-06-29,30,1949.45,0,,No Dispute
INV-011207,CUST-0143,2024-10-24,2024-11-23,30,3233.2,0,,No Dispute
INV-011208,CUST-0143,2024-02-13,2024-03-14,30,3166.75,0,,No Dispute
INV-011209,CUST-0143,2025-03-15,2025-04-14,30,2913.08,0,,No Dispute
INV-011210,CUST-0144,2025-08-28,2025-10-27,60,29458.2,0,,No Dispute
INV-011211,CUST-0144,2025-01-29,2025-03-30,60,14070.68,0,,No Dispute
INV-011212,CUST-0144,2024-06-08,2024-08-07,60,6543.55,0,,No Dispute
INV-011213,CUST-0144,2024-11-01,2024-12-31,60,27952.34,0,,No Dispute
INV-011214,CUST-0144,2024-04-09,2024-06-08,60,10981.4,0,,No Dispute
INV-011215,CUST-0144,2025-01-28,2025-03-29,60,24870.43,0,,No Dispute
INV-011216,CUST-0144,2024-10-23,2024-12-22,60,11424.19,0,,No Dispute
INV-011217,CUST-0144,2025-02-09,2025-04-10,60,20944.68,0,,No Dispute
INV-011218,CUST-0144,2024-06-29,2024-08-28,60,26504.68,0,,No Dispute
INV-011219,CUST-0144,2024-06-29,2024-08-28,60,23560.71,0,,No Dispute
INV-011220,CUST-0144,2024-05-04,2024-07-03,60,19967.9,0,,No Dispute
INV-011221,CUST-0144,2024-03-26,2024-05-25,60,24749.82,0,,No Dispute
INV-011222,CUST-0144,2024-04-05,2024-06-04,60,29747.27,0,,No Dispute
INV-011223,CUST-0144,2025-05-04,2025-07-03,60,26686.92,0,,No Dispute
INV-011224,CUST-0144,2025-08-31,2025-10-30,60,28446.83,0,,No Dispute
INV-011225,CUST-0144,2024-01-26,2024-03-26,60,18041.41,0,,No Dispute
INV-011226,CUST-0144,2025-08-29,2025-10-28,60,11268.38,0,,No Dispute
INV-011227,CUST-0144,2024-10-18,2024-12-17,60,21769.04,0,,No Dispute
INV-011228,CUST-0144,2024-11-23,2025-01-22,60,12143.03,0,,No Dispute
INV-011229,CUST-0144,2024-10-07,2024-12-06,60,26661.07,0,,No Dispute
INV-011230,CUST-0144,2025-05-19,2025-07-18,60,13674.3,0,,No Dispute
INV-011231,CUST-0144,2025-06-21,2025-08-20,60,19688.27,0,,No Dispute
INV-011232,CUST-0144,2025-08-28,2025-10-27,60,26251.36,0,,No Dispute
INV-011233,CUST-0144,2025-12-03,2026-02-01,60,10488.65,0,,No Dispute
INV-011234,CUST-0144,2024-08-07,2024-10-06,60,14614.18,0,,No Dispute
INV-011235,CUST-0144,2024-06-24,2024-08-23,60,14957.17,0,,No Dispute
INV-011236,CUST-0144,2024-01-24,2024-03-24,60,14933.47,0,,No Dispute
INV-011237,CUST-0144,2025-05-09,2025-07-08,60,9137.36,0,,No Dispute
INV-011238,CUST-0144,2025-02-14,2025-04-15,60,6929.16,0,,No Dispute
INV-011239,CUST-0144,2025-01-24,2025-03-25,60,14130.7,0,,No Dispute
INV-011240,CUST-0144,2024-07-19,2024-09-17,60,30811.54,0,,No Dispute
INV-011241,CUST-0144,2025-11-12,2026-01-11,60,7507.44,0,,No Dispute
INV-011242,CUST-0144,2025-03-06,2025-05-05,60,16004.89,0,,No Dispute
INV-011243,CUST-0144,2024-06-11,2024-08-10,60,20809.71,0,,No Dispute
INV-011244,CUST-0144,2024-07-13,2024-09-11,60,18777.75,0,,No Dispute
INV-011245,CUST-0144,2024-09-19,2024-11-18,60,22952.09,0,,No Dispute
INV-011246,CUST-0144,2024-06-13,2024-08-12,60,17008.33,0,,No Dispute
INV-011247,CUST-0144,2024-12-31,2025-03-01,60,29305.02,0,,No Dispute
INV-011248,CUST-0144,2024-03-02,2024-05-01,60,6368.28,0,,No Dispute
INV-011249,CUST-0144,2025-03-31,2025-05-30,60,13410.84,0,,No Dispute
INV-011250,CUST-0144,2025-11-06,2026-01-05,60,25715.1,0,,No Dispute
INV-011251,CUST-0144,2025-03-26,2025-05-25,60,18191.66,0,,No Dispute
INV-011252,CUST-0144,2025-04-18,2025-06-17,60,19486.39,0,,No Dispute
INV-011253,CUST-0144,2024-06-30,2024-08-29,60,17922.91,0,,No Dispute
INV-011254,CUST-0144,2025-02-20,2025-04-21,60,10874.27,0,,No Dispute
INV-011255,CUST-0144,2024-03-25,2024-05-24,60,27306.44,0,,No Dispute
INV-011256,CUST-0144,2024-11-06,2025-01-05,60,14635.46,0,,No Dispute
INV-011257,CUST-0144,2024-01-12,2024-03-12,60,26282.05,0,,No Dispute
INV-011258,CUST-0144,2024-03-12,2024-05-11,60,26989.39,1,5.0,Resolved
INV-011259,CUST-0144,2024-04-06,2024-06-05,60,27525.07,0,,No Dispute
INV-011260,CUST-0144,2024-09-08,2024-11-07,60,30473.89,0,,No Dispute
INV-011261,CUST-0144,2025-06-01,2025-07-31,60,8352.87,0,,No Dispute
INV-011262,CUST-0144,2025-01-11,2025-03-12,60,18907.11,0,,No Dispute
INV-011263,CUST-0144,2024-09-07,2024-11-06,60,28197.03,0,,No Dispute
INV-011264,CUST-0144,2024-02-21,2024-04-21,60,15906.42,0,,No Dispute
INV-011265,CUST-0144,2025-12-01,2026-01-30,60,5543.62,0,,No Dispute
INV-011266,CUST-0144,2024-11-08,2025-01-07,60,20695.68,0,,No Dispute
INV-011267,CUST-0144,2024-03-16,2024-05-15,60,24059.35,0,,No Dispute
INV-011268,CUST-0144,2025-10-22,2025-12-21,60,27958.87,0,,No Dispute
INV-011269,CUST-0144,2025-09-27,2025-11-26,60,21419.99,0,,No Dispute
INV-011270,CUST-0144,2025-03-13,2025-05-12,60,27534.17,0,,No Dispute
INV-011271,CUST-0144,2024-04-19,2024-06-18,60,13871.31,0,,No Dispute
INV-011272,CUST-0144,2024-03-15,2024-05-14,60,12301.29,0,,No Dispute
INV-011273,CUST-0144,2024-04-30,2024-06-29,60,10414.48,0,,No Dispute
INV-011274,CUST-0144,2025-12-28,2026-02-26,60,22637.88,0,,No Dispute
INV-011275,CUST-0144,2025-04-03,2025-06-02,60,16338.98,0,,No Dispute
INV-011276,CUST-0144,2024-01-19,2024-03-19,60,11375.26,0,,No Dispute
INV-011277,CUST-0144,2024-02-08,2024-04-08,60,28120.4,0,,No Dispute
INV-011278,CUST-0144,2024-03-11,2024-05-10,60,29102.29,0,,No Dispute
INV-011279,CUST-0144,2025-11-14,2026-01-13,60,24540.72,0,,No Dispute
INV-011280,CUST-0144,2024-07-19,2024-09-17,60,24795.26,0,,No Dispute
INV-011281,CUST-0144,2025-01-28,2025-03-29,60,25221.77,0,,No Dispute
INV-011282,CUST-0144,2025-11-02,2026-01-01,60,15793.53,0,,No Dispute
INV-011283,CUST-0144,2025-07-31,2025-09-29,60,15890.19,0,,No Dispute
INV-011284,CUST-0144,2025-07-27,2025-09-25,60,15518.84,0,,No Dispute
INV-011285,CUST-0144,2024-01-01,2024-03-01,60,12437.19,1,5.0,Open
INV-011286,CUST-0144,2025-01-16,2025-03-17,60,30029.08,0,,No Dispute
INV-011287,CUST-0144,2025-05-24,2025-07-23,60,22938.71,1,4.0,Resolved
INV-011288,CUST-0144,2024-08-04,2024-10-03,60,28222.15,0,,No Dispute
INV-011289,CUST-0144,2024-04-30,2024-06-29,60,21837.22,0,,No Dispute
INV-011290,CUST-0144,2025-09-18,2025-11-17,60,29398.18,1,2.0,Resolved
INV-011291,CUST-0144,2025-08-24,2025-10-23,60,29285.74,0,,No Dispute
INV-011292,CUST-0144,2025-06-24,2025-08-23,60,7926.95,0,,No Dispute
INV-011293,CUST-0144,2024-04-30,2024-06-29,60,5849.04,0,,No Dispute
INV-011294,CUST-0144,2024-08-13,2024-10-12,60,26692.83,0,,No Dispute
INV-011295,CUST-0144,2025-12-18,2026-02-16,60,11780.61,0,,No Dispute
INV-011296,CUST-0144,2024-12-04,2025-02-02,60,13959.65,0,,No Dispute
INV-011297,CUST-0144,2024-03-23,2024-05-22,60,5470.54,0,,No Dispute
INV-011298,CUST-0144,2025-04-19,2025-06-18,60,25095.25,0,,No Dispute
INV-011299,CUST-0144,2024-05-01,2024-06-30,60,25565.36,0,,No Dispute
INV-011300,CUST-0144,2025-05-14,2025-07-13,60,9706.71,0,,No Dispute
INV-011301,CUST-0144,2024-04-11,2024-06-10,60,20986.97,0,,No Dispute
INV-011302,CUST-0144,2024-07-06,2024-09-04,60,18765.21,0,,No Dispute
INV-011303,CUST-0144,2025-08-18,2025-10-17,60,29642.04,0,,No Dispute
INV-011304,CUST-0144,2024-01-31,2024-03-31,60,11336.29,0,,No Dispute
INV-011305,CUST-0144,2024-06-24,2024-08-23,60,15267.46,0,,No Dispute
INV-011306,CUST-0144,2025-11-28,2026-01-27,60,18620.12,1,4.0,Open
INV-011307,CUST-0144,2025-09-24,2025-11-23,60,26709.16,0,,No Dispute
INV-011308,CUST-0144,2024-12-07,2025-02-05,60,20848.62,0,,No Dispute
INV-011309,CUST-0144,2024-06-01,2024-07-31,60,19768.76,0,,No Dispute
INV-011310,CUST-0144,2024-07-18,2024-09-16,60,6589.15,0,,No Dispute
INV-011311,CUST-0144,2025-07-03,2025-09-01,60,14450.84,0,,No Dispute
INV-011312,CUST-0144,2025-06-22,2025-08-21,60,11967.3,0,,No Dispute
INV-011313,CUST-0144,2024-02-21,2024-04-21,60,11116.15,0,,No Dispute
INV-011314,CUST-0144,2025-05-06,2025-07-05,60,8008.1,0,,No Dispute
INV-011315,CUST-0144,2025-01-25,2025-03-26,60,8057.6,0,,No Dispute
INV-011316,CUST-0144,2025-08-08,2025-10-07,60,15148.76,0,,No Dispute
INV-011317,CUST-0144,2025-09-07,2025-11-06,60,23838.76,0,,No Dispute
INV-011318,CUST-0144,2024-05-29,2024-07-28,60,15860.45,0,,No Dispute
INV-011319,CUST-0144,2025-01-29,2025-03-30,60,22828.28,0,,No Dispute
INV-011320,CUST-0144,2024-07-08,2024-09-06,60,26872.26,0,,No Dispute
INV-011321,CUST-0144,2025-02-14,2025-04-15,60,7512.98,0,,No Dispute
INV-011322,CUST-0145,2025-11-19,2025-12-19,30,2081.06,0,,No Dispute
INV-011323,CUST-0145,2025-02-18,2025-03-20,30,3435.35,0,,No Dispute
INV-011324,CUST-0145,2024-05-25,2024-06-24,30,3706.78,0,,No Dispute
INV-011325,CUST-0145,2025-10-16,2025-11-15,30,2851.72,0,,No Dispute
INV-011326,CUST-0145,2024-11-17,2024-12-17,30,3699.71,0,,No Dispute
INV-011327,CUST-0145,2025-11-09,2025-12-09,30,755.98,0,,No Dispute
INV-011328,CUST-0145,2025-11-03,2025-12-03,30,3751.42,0,,No Dispute
INV-011329,CUST-0145,2025-07-23,2025-08-22,30,2948.48,0,,No Dispute
INV-011330,CUST-0145,2025-12-13,2026-01-12,30,2708.16,0,,No Dispute
INV-011331,CUST-0145,2024-11-30,2024-12-30,30,3446.47,0,,No Dispute
INV-011332,CUST-0145,2024-06-07,2024-07-07,30,3064.43,0,,No Dispute
INV-011333,CUST-0145,2024-08-27,2024-09-26,30,2878.8,0,,No Dispute
INV-011334,CUST-0145,2024-06-20,2024-07-20,30,3488.06,0,,No Dispute
INV-011335,CUST-0145,2024-09-02,2024-10-02,30,1095.15,1,3.0,Resolved
INV-011336,CUST-0145,2024-09-15,2024-10-15,30,1418.0,0,,No Dispute
INV-011337,CUST-0145,2025-02-28,2025-03-30,30,1832.39,0,,No Dispute
INV-011338,CUST-0145,2024-12-22,2025-01-21,30,1418.68,0,,No Dispute
INV-011339,CUST-0145,2024-12-25,2025-01-24,30,1776.26,0,,No Dispute
INV-011340,CUST-0145,2025-01-05,2025-02-04,30,3941.25,0,,No Dispute
INV-011341,CUST-0145,2025-05-29,2025-06-28,30,2378.71,1,1.0,Resolved
INV-011342,CUST-0145,2025-04-20,2025-05-20,30,3363.5,0,,No Dispute
INV-011343,CUST-0145,2025-01-23,2025-02-22,30,3752.4,0,,No Dispute
INV-011344,CUST-0145,2025-05-02,2025-06-01,30,2534.02,0,,No Dispute
INV-011345,CUST-0146,2025-09-11,2025-10-11,30,2458.86,0,,No Dispute
INV-011346,CUST-0146,2024-05-27,2024-06-26,30,1007.31,0,,No Dispute
INV-011347,CUST-0146,2025-08-23,2025-09-22,30,2955.35,0,,No Dispute
INV-011348,CUST-0146,2024-10-11,2024-11-10,30,3292.87,0,,No Dispute
INV-011349,CUST-0146,2025-05-09,2025-06-08,30,2321.06,0,,No Dispute
INV-011350,CUST-0146,2024-07-01,2024-07-31,30,1757.98,0,,No Dispute
INV-011351,CUST-0146,2024-07-03,2024-08-02,30,2818.48,1,2.0,Resolved
INV-011352,CUST-0146,2024-08-27,2024-09-26,30,2480.3,0,,No Dispute
INV-011353,CUST-0146,2025-11-21,2025-12-21,30,2852.13,0,,No Dispute
INV-011354,CUST-0146,2024-01-08,2024-02-07,30,1246.33,0,,No Dispute
INV-011355,CUST-0146,2024-06-01,2024-07-01,30,1688.27,0,,No Dispute
INV-011356,CUST-0146,2025-05-20,2025-06-19,30,3322.6,0,,No Dispute
INV-011357,CUST-0146,2024-07-05,2024-08-04,30,1694.78,0,,No Dispute
INV-011358,CUST-0146,2024-08-19,2024-09-18,30,791.88,0,,No Dispute
INV-011359,CUST-0146,2024-03-13,2024-04-12,30,2336.96,0,,No Dispute
INV-011360,CUST-0146,2024-02-02,2024-03-03,30,3515.19,1,5.0,Resolved
INV-011361,CUST-0146,2024-08-17,2024-09-16,30,2912.11,0,,No Dispute
INV-011362,CUST-0146,2024-02-03,2024-03-04,30,513.75,1,2.0,Open
INV-011363,CUST-0146,2025-11-18,2025-12-18,30,2248.36,0,,No Dispute
INV-011364,CUST-0146,2025-12-21,2026-01-20,30,2096.69,0,,No Dispute
INV-011365,CUST-0146,2024-07-24,2024-08-23,30,3706.2,0,,No Dispute
INV-011366,CUST-0146,2025-09-23,2025-10-23,30,1613.56,0,,No Dispute
INV-011367,CUST-0146,2025-08-12,2025-09-11,30,2222.99,0,,No Dispute
INV-011368,CUST-0146,2025-08-18,2025-09-17,30,518.91,0,,No Dispute
INV-011369,CUST-0146,2025-03-12,2025-04-11,30,811.54,0,,No Dispute
INV-011370,CUST-0146,2024-04-28,2024-05-28,30,1684.55,0,,No Dispute
INV-011371,CUST-0146,2024-08-30,2024-09-29,30,3566.25,1,4.0,Resolved
INV-011372,CUST-0146,2025-06-07,2025-07-07,30,3345.73,0,,No Dispute
INV-011373,CUST-0146,2024-10-27,2024-11-26,30,2321.41,0,,No Dispute
INV-011374,CUST-0146,2024-11-28,2024-12-28,30,2702.66,0,,No Dispute
INV-011375,CUST-0146,2025-04-30,2025-05-30,30,1326.7,0,,No Dispute
INV-011376,CUST-0146,2025-09-16,2025-10-16,30,3849.77,0,,No Dispute
INV-011377,CUST-0146,2024-01-29,2024-02-28,30,2283.83,0,,No Dispute
INV-011378,CUST-0146,2025-09-28,2025-10-28,30,2636.82,0,,No Dispute
INV-011379,CUST-0146,2024-08-08,2024-09-07,30,2672.03,0,,No Dispute
INV-011380,CUST-0146,2025-04-24,2025-05-24,30,2718.29,0,,No Dispute
INV-011381,CUST-0146,2025-08-16,2025-09-15,30,3658.86,0,,No Dispute
INV-011382,CUST-0146,2025-01-15,2025-02-14,30,1706.49,0,,No Dispute
INV-011383,CUST-0146,2024-08-31,2024-09-30,30,3243.37,0,,No Dispute
INV-011384,CUST-0146,2024-03-12,2024-04-11,30,2030.01,1,4.0,Open
INV-011385,CUST-0146,2025-09-21,2025-10-21,30,1487.26,0,,No Dispute
INV-011386,CUST-0146,2025-01-08,2025-02-07,30,2841.79,0,,No Dispute
INV-011387,CUST-0146,2024-10-25,2024-11-24,30,3044.53,0,,No Dispute
INV-011388,CUST-0146,2025-07-11,2025-08-10,30,3254.12,0,,No Dispute
INV-011389,CUST-0146,2024-01-04,2024-02-03,30,1513.3,0,,No Dispute
INV-011390,CUST-0147,2025-01-10,2025-02-09,30,511.46,1,5.0,Open
INV-011391,CUST-0147,2024-06-19,2024-07-19,30,2174.83,0,,No Dispute
INV-011392,CUST-0147,2024-06-25,2024-07-25,30,3496.3,0,,No Dispute
INV-011393,CUST-0147,2024-01-03,2024-02-02,30,2508.11,0,,No Dispute
INV-011394,CUST-0147,2024-03-17,2024-04-16,30,3085.49,0,,No Dispute
INV-011395,CUST-0147,2024-02-02,2024-03-03,30,3275.4,0,,No Dispute
INV-011396,CUST-0147,2024-11-18,2024-12-18,30,3537.18,0,,No Dispute
INV-011397,CUST-0147,2025-01-15,2025-02-14,30,2415.86,0,,No Dispute
INV-011398,CUST-0147,2025-05-22,2025-06-21,30,1469.43,1,2.0,Open
INV-011399,CUST-0147,2025-06-12,2025-07-12,30,1837.45,0,,No Dispute
INV-011400,CUST-0147,2025-08-30,2025-09-29,30,1441.76,0,,No Dispute
INV-011401,CUST-0147,2024-12-04,2025-01-03,30,3804.29,0,,No Dispute
INV-011402,CUST-0147,2024-01-03,2024-02-02,30,3270.39,0,,No Dispute
INV-011403,CUST-0147,2024-11-11,2024-12-11,30,3183.82,0,,No Dispute
INV-011404,CUST-0147,2025-12-03,2026-01-02,30,2683.27,0,,No Dispute
INV-011405,CUST-0147,2025-07-16,2025-08-15,30,3309.87,0,,No Dispute
INV-011406,CUST-0147,2024-07-20,2024-08-19,30,3497.23,0,,No Dispute
INV-011407,CUST-0147,2025-11-13,2025-12-13,30,2070.05,0,,No Dispute
INV-011408,CUST-0147,2024-10-21,2024-11-20,30,1467.27,0,,No Dispute
INV-011409,CUST-0147,2025-07-12,2025-08-11,30,1912.89,0,,No Dispute
INV-011410,CUST-0147,2025-06-08,2025-07-08,30,3127.55,0,,No Dispute
INV-011411,CUST-0147,2025-04-16,2025-05-16,30,3028.84,0,,No Dispute
INV-011412,CUST-0147,2024-02-04,2024-03-05,30,1554.26,0,,No Dispute
INV-011413,CUST-0147,2025-01-15,2025-02-14,30,1172.06,0,,No Dispute
INV-011414,CUST-0147,2025-04-23,2025-05-23,30,3973.1,0,,No Dispute
INV-011415,CUST-0147,2025-04-06,2025-05-06,30,2268.39,0,,No Dispute
INV-011416,CUST-0147,2024-07-14,2024-08-13,30,2510.27,0,,No Dispute
INV-011417,CUST-0147,2024-02-05,2024-03-06,30,896.39,0,,No Dispute
INV-011418,CUST-0147,2024-09-15,2024-10-15,30,3023.33,0,,No Dispute
INV-011419,CUST-0148,2024-07-02,2024-08-16,45,11771.07,0,,No Dispute
INV-011420,CUST-0148,2024-07-08,2024-08-22,45,3373.05,0,,No Dispute
INV-011421,CUST-0148,2024-04-20,2024-06-04,45,5400.4,0,,No Dispute
INV-011422,CUST-0148,2024-08-25,2024-10-09,45,7233.76,1,3.0,Resolved
INV-011423,CUST-0148,2024-09-27,2024-11-11,45,10801.74,0,,No Dispute
INV-011424,CUST-0148,2024-10-31,2024-12-15,45,8317.4,0,,No Dispute
INV-011425,CUST-0148,2025-03-14,2025-04-28,45,5678.56,0,,No Dispute
INV-011426,CUST-0148,2025-06-03,2025-07-18,45,7918.29,1,3.0,Resolved
INV-011427,CUST-0148,2024-06-06,2024-07-21,45,3896.39,0,,No Dispute
INV-011428,CUST-0148,2024-06-25,2024-08-09,45,2760.06,0,,No Dispute
INV-011429,CUST-0148,2024-12-06,2025-01-20,45,10807.58,0,,No Dispute
INV-011430,CUST-0148,2025-12-24,2026-02-07,45,11214.55,0,,No Dispute
INV-011431,CUST-0148,2024-01-20,2024-03-05,45,2569.33,0,,No Dispute
INV-011432,CUST-0148,2024-03-02,2024-04-16,45,11672.97,0,,No Dispute
INV-011433,CUST-0148,2024-05-22,2024-07-06,45,4215.85,0,,No Dispute
INV-011434,CUST-0148,2025-05-30,2025-07-14,45,4006.49,0,,No Dispute
INV-011435,CUST-0148,2024-11-12,2024-12-27,45,6364.16,0,,No Dispute
INV-011436,CUST-0148,2024-12-05,2025-01-19,45,4031.19,0,,No Dispute
INV-011437,CUST-0148,2025-04-20,2025-06-04,45,7501.34,0,,No Dispute
INV-011438,CUST-0148,2024-06-12,2024-07-27,45,6215.52,0,,No Dispute
INV-011439,CUST-0148,2024-03-14,2024-04-28,45,6659.35,0,,No Dispute
INV-011440,CUST-0148,2024-04-15,2024-05-30,45,5736.26,0,,No Dispute
INV-011441,CUST-0148,2024-11-08,2024-12-23,45,11105.68,0,,No Dispute
INV-011442,CUST-0148,2025-11-19,2026-01-03,45,9586.26,0,,No Dispute
INV-011443,CUST-0148,2024-09-29,2024-11-13,45,9016.77,0,,No Dispute
INV-011444,CUST-0148,2024-02-18,2024-04-03,45,5803.85,0,,No Dispute
INV-011445,CUST-0148,2024-03-25,2024-05-09,45,11998.34,0,,No Dispute
INV-011446,CUST-0148,2025-10-31,2025-12-15,45,1706.62,0,,No Dispute
INV-011447,CUST-0148,2025-06-15,2025-07-30,45,5683.07,0,,No Dispute
INV-011448,CUST-0148,2024-11-14,2024-12-29,45,8292.89,0,,No Dispute
INV-011449,CUST-0148,2025-09-13,2025-10-28,45,1978.03,0,,No Dispute
INV-011450,CUST-0148,2025-01-31,2025-03-17,45,3393.88,0,,No Dispute
INV-011451,CUST-0148,2025-02-13,2025-03-30,45,6967.62,0,,No Dispute
INV-011452,CUST-0148,2024-03-13,2024-04-27,45,10502.91,0,,No Dispute
INV-011453,CUST-0148,2025-02-11,2025-03-28,45,4467.0,0,,No Dispute
INV-011454,CUST-0148,2024-10-16,2024-11-30,45,2494.31,0,,No Dispute
INV-011455,CUST-0148,2025-05-27,2025-07-11,45,5092.02,0,,No Dispute
INV-011456,CUST-0148,2025-08-01,2025-09-15,45,8665.18,0,,No Dispute
INV-011457,CUST-0148,2024-06-20,2024-08-04,45,7649.59,0,,No Dispute
INV-011458,CUST-0148,2025-04-23,2025-06-07,45,2002.23,0,,No Dispute
INV-011459,CUST-0148,2025-07-21,2025-09-04,45,8832.8,0,,No Dispute
INV-011460,CUST-0148,2025-02-02,2025-03-19,45,7298.01,0,,No Dispute
INV-011461,CUST-0148,2024-04-19,2024-06-03,45,5152.69,0,,No Dispute
INV-011462,CUST-0148,2024-07-16,2024-08-30,45,1669.26,0,,No Dispute
INV-011463,CUST-0148,2024-01-19,2024-03-04,45,8250.67,0,,No Dispute
INV-011464,CUST-0148,2024-05-18,2024-07-02,45,8108.19,0,,No Dispute
INV-011465,CUST-0148,2024-02-08,2024-03-24,45,8461.34,0,,No Dispute
INV-011466,CUST-0148,2025-02-10,2025-03-27,45,2344.99,0,,No Dispute
INV-011467,CUST-0148,2025-11-18,2026-01-02,45,9172.93,0,,No Dispute
INV-011468,CUST-0148,2024-04-20,2024-06-04,45,3008.0,0,,No Dispute
INV-011469,CUST-0148,2025-07-19,2025-09-02,45,8835.78,0,,No Dispute
INV-011470,CUST-0148,2024-02-25,2024-04-10,45,3458.53,0,,No Dispute
INV-011471,CUST-0148,2025-09-05,2025-10-20,45,11769.92,0,,No Dispute
INV-011472,CUST-0148,2024-11-23,2025-01-07,45,11261.41,1,2.0,Open
INV-011473,CUST-0148,2025-07-26,2025-09-09,45,4624.01,0,,No Dispute
INV-011474,CUST-0148,2025-09-12,2025-10-27,45,8422.74,0,,No Dispute
INV-011475,CUST-0148,2024-08-15,2024-09-29,45,8741.95,0,,No Dispute
INV-011476,CUST-0148,2025-05-31,2025-07-15,45,1864.27,0,,No Dispute
INV-011477,CUST-0148,2025-04-02,2025-05-17,45,3587.79,1,3.0,Resolved
INV-011478,CUST-0148,2025-08-21,2025-10-05,45,3760.76,0,,No Dispute
INV-011479,CUST-0148,2024-07-30,2024-09-13,45,10909.64,1,3.0,Resolved
INV-011480,CUST-0148,2025-11-09,2025-12-24,45,3745.36,0,,No Dispute
INV-011481,CUST-0148,2025-05-11,2025-06-25,45,4924.02,0,,No Dispute
INV-011482,CUST-0148,2025-08-12,2025-09-26,45,8671.04,0,,No Dispute
INV-011483,CUST-0148,2024-01-22,2024-03-07,45,5747.16,0,,No Dispute
INV-011484,CUST-0148,2024-07-26,2024-09-09,45,5486.29,0,,No Dispute
INV-011485,CUST-0148,2025-09-04,2025-10-19,45,6291.9,0,,No Dispute
INV-011486,CUST-0148,2024-07-20,2024-09-03,45,10932.8,0,,No Dispute
INV-011487,CUST-0148,2024-10-05,2024-11-19,45,4743.12,0,,No Dispute
INV-011488,CUST-0148,2025-04-21,2025-06-05,45,11544.01,0,,No Dispute
INV-011489,CUST-0148,2024-06-29,2024-08-13,45,7419.14,0,,No Dispute
INV-011490,CUST-0148,2025-04-14,2025-05-29,45,7514.93,0,,No Dispute
INV-011491,CUST-0148,2024-03-31,2024-05-15,45,6768.85,0,,No Dispute
INV-011492,CUST-0148,2025-09-16,2025-10-31,45,2156.28,0,,No Dispute
INV-011493,CUST-0148,2024-08-19,2024-10-03,45,8784.92,0,,No Dispute
INV-011494,CUST-0148,2025-01-10,2025-02-24,45,5162.13,0,,No Dispute
INV-011495,CUST-0148,2024-09-22,2024-11-06,45,8216.78,0,,No Dispute
INV-011496,CUST-0148,2024-01-21,2024-03-06,45,7296.12,0,,No Dispute
INV-011497,CUST-0148,2025-09-03,2025-10-18,45,5259.17,0,,No Dispute
INV-011498,CUST-0148,2025-07-26,2025-09-09,45,8754.53,0,,No Dispute
INV-011499,CUST-0148,2024-10-19,2024-12-03,45,3057.03,0,,No Dispute
INV-011500,CUST-0148,2024-12-29,2025-02-12,45,8236.51,0,,No Dispute
INV-011501,CUST-0148,2025-11-16,2025-12-31,45,10939.31,0,,No Dispute
INV-011502,CUST-0148,2024-08-05,2024-09-19,45,10975.43,0,,No Dispute
INV-011503,CUST-0148,2024-06-27,2024-08-11,45,3749.52,0,,No Dispute
INV-011504,CUST-0148,2025-05-17,2025-07-01,45,5510.41,0,,No Dispute
INV-011505,CUST-0148,2025-01-10,2025-02-24,45,9070.32,0,,No Dispute
INV-011506,CUST-0148,2025-01-12,2025-02-26,45,7863.62,0,,No Dispute
INV-011507,CUST-0148,2024-05-22,2024-07-06,45,11123.7,0,,No Dispute
INV-011508,CUST-0148,2025-11-28,2026-01-12,45,3439.54,0,,No Dispute
INV-011509,CUST-0148,2025-12-25,2026-02-08,45,8185.73,0,,No Dispute
INV-011510,CUST-0149,2024-02-03,2024-03-04,30,1519.79,0,,No Dispute
INV-011511,CUST-0149,2025-05-03,2025-06-02,30,2204.48,0,,No Dispute
INV-011512,CUST-0149,2025-07-20,2025-08-19,30,2434.74,0,,No Dispute
INV-011513,CUST-0149,2024-11-24,2024-12-24,30,5867.25,0,,No Dispute
INV-011514,CUST-0149,2025-01-03,2025-02-02,30,9352.51,0,,No Dispute
INV-011515,CUST-0149,2025-01-04,2025-02-03,30,4626.66,0,,No Dispute
INV-011516,CUST-0149,2024-10-07,2024-11-06,30,1808.23,0,,No Dispute
INV-011517,CUST-0149,2025-02-21,2025-03-23,30,7649.44,0,,No Dispute
INV-011518,CUST-0149,2025-10-30,2025-11-29,30,11665.7,0,,No Dispute
INV-011519,CUST-0149,2024-11-21,2024-12-21,30,9186.33,0,,No Dispute
INV-011520,CUST-0149,2025-08-02,2025-09-01,30,5058.13,0,,No Dispute
INV-011521,CUST-0149,2024-11-07,2024-12-07,30,4699.93,0,,No Dispute
INV-011522,CUST-0149,2025-09-01,2025-10-01,30,2351.15,0,,No Dispute
INV-011523,CUST-0149,2025-12-18,2026-01-17,30,2984.85,0,,No Dispute
INV-011524,CUST-0149,2025-07-28,2025-08-27,30,5154.04,0,,No Dispute
INV-011525,CUST-0149,2024-09-27,2024-10-27,30,6295.9,1,3.0,Open
INV-011526,CUST-0149,2025-11-18,2025-12-18,30,3065.25,0,,No Dispute
INV-011527,CUST-0149,2025-04-29,2025-05-29,30,10465.06,0,,No Dispute
INV-011528,CUST-0149,2024-10-20,2024-11-19,30,6733.61,0,,No Dispute
INV-011529,CUST-0149,2024-06-21,2024-07-21,30,8650.14,0,,No Dispute
INV-011530,CUST-0149,2025-12-22,2026-01-21,30,9124.67,0,,No Dispute
INV-011531,CUST-0149,2025-03-11,2025-04-10,30,4494.01,0,,No Dispute
INV-011532,CUST-0149,2024-05-17,2024-06-16,30,8635.23,0,,No Dispute
INV-011533,CUST-0149,2025-11-29,2025-12-29,30,3658.73,0,,No Dispute
INV-011534,CUST-0149,2024-10-11,2024-11-10,30,1788.27,0,,No Dispute
INV-011535,CUST-0149,2025-12-24,2026-01-23,30,2069.14,0,,No Dispute
INV-011536,CUST-0149,2024-03-18,2024-04-17,30,5077.79,0,,No Dispute
INV-011537,CUST-0149,2025-02-20,2025-03-22,30,5970.81,0,,No Dispute
INV-011538,CUST-0149,2024-02-04,2024-03-05,30,1884.09,0,,No Dispute
INV-011539,CUST-0149,2024-05-08,2024-06-07,30,8436.02,0,,No Dispute
INV-011540,CUST-0149,2025-05-21,2025-06-20,30,11575.8,0,,No Dispute
INV-011541,CUST-0149,2025-10-14,2025-11-13,30,7938.47,0,,No Dispute
INV-011542,CUST-0149,2024-05-06,2024-06-05,30,9351.32,0,,No Dispute
INV-011543,CUST-0149,2025-12-08,2026-01-07,30,8975.06,1,4.0,Resolved
INV-011544,CUST-0149,2025-02-19,2025-03-21,30,5297.51,0,,No Dispute
INV-011545,CUST-0149,2024-05-22,2024-06-21,30,7804.97,0,,No Dispute
INV-011546,CUST-0149,2024-09-18,2024-10-18,30,8818.3,0,,No Dispute
INV-011547,CUST-0149,2024-10-28,2024-11-27,30,5567.97,1,1.0,Resolved
INV-011548,CUST-0149,2025-08-29,2025-09-28,30,2633.83,0,,No Dispute
INV-011549,CUST-0149,2025-11-13,2025-12-13,30,2732.17,0,,No Dispute
INV-011550,CUST-0149,2024-08-04,2024-09-03,30,7013.09,0,,No Dispute
INV-011551,CUST-0149,2024-04-02,2024-05-02,30,11994.08,0,,No Dispute
INV-011552,CUST-0149,2025-03-17,2025-04-16,30,1654.99,0,,No Dispute
INV-011553,CUST-0149,2024-02-01,2024-03-02,30,2472.42,0,,No Dispute
INV-011554,CUST-0149,2024-08-27,2024-09-26,30,2558.27,0,,No Dispute
INV-011555,CUST-0149,2024-07-21,2024-08-20,30,9194.54,0,,No Dispute
INV-011556,CUST-0149,2025-12-11,2026-01-10,30,5149.24,0,,No Dispute
INV-011557,CUST-0149,2025-05-14,2025-06-13,30,3293.11,0,,No Dispute
INV-011558,CUST-0149,2025-10-18,2025-11-17,30,6349.69,0,,No Dispute
INV-011559,CUST-0149,2025-12-17,2026-01-16,30,3280.19,0,,No Dispute
INV-011560,CUST-0149,2025-10-10,2025-11-09,30,6015.16,0,,No Dispute
INV-011561,CUST-0149,2025-08-17,2025-09-16,30,1995.35,0,,No Dispute
INV-011562,CUST-0149,2024-11-30,2024-12-30,30,3274.57,1,4.0,Resolved
INV-011563,CUST-0149,2025-02-05,2025-03-07,30,1637.69,0,,No Dispute
INV-011564,CUST-0149,2024-07-28,2024-08-27,30,3641.38,0,,No Dispute
INV-011565,CUST-0149,2024-07-11,2024-08-10,30,10410.14,0,,No Dispute
INV-011566,CUST-0149,2024-10-05,2024-11-04,30,3374.83,0,,No Dispute
INV-011567,CUST-0149,2025-04-21,2025-05-21,30,1958.43,1,5.0,Resolved
INV-011568,CUST-0149,2025-03-11,2025-04-10,30,3507.03,0,,No Dispute
INV-011569,CUST-0149,2025-10-13,2025-11-12,30,2890.88,0,,No Dispute
INV-011570,CUST-0149,2025-08-27,2025-09-26,30,5050.12,1,3.0,Resolved
INV-011571,CUST-0149,2024-02-14,2024-03-15,30,3074.23,0,,No Dispute
INV-011572,CUST-0149,2025-10-12,2025-11-11,30,6011.15,0,,No Dispute
INV-011573,CUST-0149,2024-02-04,2024-03-05,30,3018.9,0,,No Dispute
INV-011574,CUST-0149,2025-01-10,2025-02-09,30,7906.32,0,,No Dispute
INV-011575,CUST-0149,2025-06-01,2025-07-01,30,8098.87,0,,No Dispute
INV-011576,CUST-0149,2025-11-19,2025-12-19,30,11120.28,0,,No Dispute
INV-011577,CUST-0149,2024-11-08,2024-12-08,30,10082.5,0,,No Dispute
INV-011578,CUST-0149,2025-03-19,2025-04-18,30,4160.58,0,,No Dispute
INV-011579,CUST-0149,2025-08-17,2025-09-16,30,9462.46,0,,No Dispute
INV-011580,CUST-0149,2025-06-15,2025-07-15,30,9192.01,0,,No Dispute
INV-011581,CUST-0149,2025-08-06,2025-09-05,30,4337.42,0,,No Dispute
INV-011582,CUST-0149,2025-01-11,2025-02-10,30,8615.95,0,,No Dispute
INV-011583,CUST-0149,2025-06-18,2025-07-18,30,8880.28,0,,No Dispute
INV-011584,CUST-0149,2025-02-18,2025-03-20,30,9359.88,0,,No Dispute
INV-011585,CUST-0149,2025-06-04,2025-07-04,30,2241.98,0,,No Dispute
INV-011586,CUST-0149,2024-09-27,2024-10-27,30,3315.15,0,,No Dispute
INV-011587,CUST-0149,2025-10-29,2025-11-28,30,4808.53,0,,No Dispute
INV-011588,CUST-0149,2025-05-14,2025-06-13,30,4143.53,0,,No Dispute
INV-011589,CUST-0149,2024-01-29,2024-02-28,30,11960.53,0,,No Dispute
INV-011590,CUST-0149,2024-04-30,2024-05-30,30,3217.69,0,,No Dispute
INV-011591,CUST-0149,2025-06-20,2025-07-20,30,6342.58,0,,No Dispute
INV-011592,CUST-0149,2024-04-27,2024-05-27,30,3459.57,0,,No Dispute
INV-011593,CUST-0149,2025-11-18,2025-12-18,30,7300.42,0,,No Dispute
INV-011594,CUST-0149,2024-02-07,2024-03-08,30,9282.52,0,,No Dispute
INV-011595,CUST-0149,2025-03-25,2025-04-24,30,9490.81,0,,No Dispute
INV-011596,CUST-0149,2024-05-26,2024-06-25,30,6686.39,0,,No Dispute
INV-011597,CUST-0149,2024-12-15,2025-01-14,30,6063.43,0,,No Dispute
INV-011598,CUST-0149,2025-03-25,2025-04-24,30,3699.1,0,,No Dispute
INV-011599,CUST-0149,2024-01-08,2024-02-07,30,2054.7,0,,No Dispute
INV-011600,CUST-0149,2024-02-21,2024-03-22,30,5500.91,0,,No Dispute
INV-011601,CUST-0149,2025-11-02,2025-12-02,30,11896.01,0,,No Dispute
INV-011602,CUST-0149,2025-10-22,2025-11-21,30,9589.27,0,,No Dispute
INV-011603,CUST-0149,2024-02-04,2024-03-05,30,9350.89,0,,No Dispute
INV-011604,CUST-0149,2025-08-05,2025-09-04,30,8327.3,0,,No Dispute
INV-011605,CUST-0150,2024-05-20,2024-07-04,45,8851.83,0,,No Dispute
INV-011606,CUST-0150,2025-05-26,2025-07-10,45,2407.23,0,,No Dispute
INV-011607,CUST-0150,2025-05-29,2025-07-13,45,2643.81,0,,No Dispute
INV-011608,CUST-0150,2024-08-09,2024-09-23,45,4316.54,0,,No Dispute
INV-011609,CUST-0150,2025-04-17,2025-06-01,45,2489.36,0,,No Dispute
INV-011610,CUST-0150,2024-10-28,2024-12-12,45,5607.04,0,,No Dispute
INV-011611,CUST-0150,2025-07-30,2025-09-13,45,3704.63,0,,No Dispute
INV-011612,CUST-0150,2024-05-20,2024-07-04,45,11590.56,0,,No Dispute
INV-011613,CUST-0150,2025-09-24,2025-11-08,45,4793.67,0,,No Dispute
INV-011614,CUST-0150,2025-04-16,2025-05-31,45,10517.38,0,,No Dispute
INV-011615,CUST-0150,2025-10-08,2025-11-22,45,4597.56,0,,No Dispute
INV-011616,CUST-0150,2024-02-01,2024-03-17,45,10771.95,0,,No Dispute
INV-011617,CUST-0150,2024-12-24,2025-02-07,45,6854.77,0,,No Dispute
INV-011618,CUST-0150,2025-05-11,2025-06-25,45,4000.81,0,,No Dispute
INV-011619,CUST-0150,2025-03-02,2025-04-16,45,1758.63,0,,No Dispute
INV-011620,CUST-0150,2024-02-29,2024-04-14,45,8107.41,0,,No Dispute
INV-011621,CUST-0150,2025-02-27,2025-04-13,45,2254.99,0,,No Dispute
INV-011622,CUST-0150,2025-05-01,2025-06-15,45,9094.23,0,,No Dispute
INV-011623,CUST-0150,2024-10-12,2024-11-26,45,4123.25,0,,No Dispute
INV-011624,CUST-0150,2024-07-08,2024-08-22,45,9017.35,0,,No Dispute
INV-011625,CUST-0150,2024-12-22,2025-02-05,45,3683.46,0,,No Dispute
INV-011626,CUST-0150,2025-12-15,2026-01-29,45,1976.2,0,,No Dispute
INV-011627,CUST-0150,2025-03-06,2025-04-20,45,7728.88,0,,No Dispute
INV-011628,CUST-0150,2025-09-25,2025-11-09,45,11437.87,0,,No Dispute
INV-011629,CUST-0150,2024-10-01,2024-11-15,45,7444.83,0,,No Dispute
INV-011630,CUST-0150,2024-10-18,2024-12-02,45,9492.61,0,,No Dispute
INV-011631,CUST-0150,2024-11-21,2025-01-05,45,6464.03,0,,No Dispute
INV-011632,CUST-0150,2024-10-21,2024-12-05,45,4966.44,0,,No Dispute
INV-011633,CUST-0150,2024-11-28,2025-01-12,45,4552.02,0,,No Dispute
INV-011634,CUST-0150,2024-02-19,2024-04-04,45,3189.58,0,,No Dispute
INV-011635,CUST-0150,2024-03-08,2024-04-22,45,7571.98,0,,No Dispute
INV-011636,CUST-0150,2024-11-02,2024-12-17,45,10984.98,0,,No Dispute
INV-011637,CUST-0150,2024-05-14,2024-06-28,45,9978.48,0,,No Dispute
INV-011638,CUST-0150,2025-09-17,2025-11-01,45,8985.06,0,,No Dispute
INV-011639,CUST-0150,2024-10-17,2024-12-01,45,8180.23,0,,No Dispute
INV-011640,CUST-0150,2024-04-29,2024-06-13,45,4384.77,0,,No Dispute
INV-011641,CUST-0150,2024-04-25,2024-06-09,45,6240.62,0,,No Dispute
INV-011642,CUST-0150,2024-02-15,2024-03-31,45,5072.94,0,,No Dispute
INV-011643,CUST-0150,2024-10-14,2024-11-28,45,9058.57,0,,No Dispute
INV-011644,CUST-0150,2025-06-05,2025-07-20,45,3207.8,0,,No Dispute
INV-011645,CUST-0150,2024-08-25,2024-10-09,45,3167.49,0,,No Dispute
INV-011646,CUST-0150,2025-06-24,2025-08-08,45,3482.54,0,,No Dispute
INV-011647,CUST-0150,2024-06-03,2024-07-18,45,3741.27,0,,No Dispute
INV-011648,CUST-0150,2025-06-01,2025-07-16,45,11904.05,0,,No Dispute
INV-011649,CUST-0150,2025-09-08,2025-10-23,45,7453.21,0,,No Dispute
INV-011650,CUST-0150,2024-07-27,2024-09-10,45,2010.66,0,,No Dispute
INV-011651,CUST-0150,2024-08-01,2024-09-15,45,8757.86,0,,No Dispute
INV-011652,CUST-0150,2025-03-15,2025-04-29,45,4023.45,0,,No Dispute
INV-011653,CUST-0150,2024-12-07,2025-01-21,45,4285.44,0,,No Dispute
INV-011654,CUST-0150,2025-06-30,2025-08-14,45,4830.27,0,,No Dispute
INV-011655,CUST-0150,2025-04-03,2025-05-18,45,3389.71,0,,No Dispute
INV-011656,CUST-0150,2025-01-13,2025-02-27,45,6699.18,0,,No Dispute
INV-011657,CUST-0150,2024-01-17,2024-03-02,45,3113.62,1,2.0,Resolved
INV-011658,CUST-0150,2024-08-07,2024-09-21,45,9817.09,0,,No Dispute
INV-011659,CUST-0150,2025-10-10,2025-11-24,45,4604.53,0,,No Dispute
INV-011660,CUST-0150,2024-08-26,2024-10-10,45,8918.92,0,,No Dispute
INV-011661,CUST-0150,2025-10-09,2025-11-23,45,3727.05,0,,No Dispute
INV-011662,CUST-0150,2025-03-04,2025-04-18,45,8411.09,0,,No Dispute
INV-011663,CUST-0150,2024-09-28,2024-11-12,45,11558.81,0,,No Dispute
INV-011664,CUST-0150,2024-01-23,2024-03-08,45,7199.54,0,,No Dispute
INV-011665,CUST-0150,2025-09-20,2025-11-04,45,5076.48,0,,No Dispute
INV-011666,CUST-0150,2025-01-17,2025-03-03,45,11210.52,0,,No Dispute
INV-011667,CUST-0150,2024-08-18,2024-10-02,45,8005.63,0,,No Dispute
INV-011668,CUST-0150,2025-04-16,2025-05-31,45,5453.0,0,,No Dispute
INV-011669,CUST-0150,2024-12-14,2025-01-28,45,9646.74,0,,No Dispute
INV-011670,CUST-0150,2024-03-29,2024-05-13,45,5309.0,0,,No Dispute
INV-011671,CUST-0150,2025-06-06,2025-07-21,45,7300.11,0,,No Dispute
INV-011672,CUST-0150,2024-02-15,2024-03-31,45,4147.43,0,,No Dispute
INV-011673,CUST-0150,2025-07-03,2025-08-17,45,10505.16,0,,No Dispute
INV-011674,CUST-0150,2024-03-17,2024-05-01,45,5202.17,0,,No Dispute
INV-011675,CUST-0150,2024-05-04,2024-06-18,45,6656.27,0,,No Dispute
INV-011676,CUST-0150,2025-11-03,2025-12-18,45,6254.69,0,,No Dispute
INV-011677,CUST-0150,2024-08-01,2024-09-15,45,10884.01,0,,No Dispute
INV-011678,CUST-0150,2024-11-30,2025-01-14,45,6306.01,0,,No Dispute
INV-011679,CUST-0150,2025-07-17,2025-08-31,45,11939.62,1,4.0,Resolved
INV-011680,CUST-0150,2025-08-20,2025-10-04,45,5244.16,0,,No Dispute
INV-011681,CUST-0150,2024-01-10,2024-02-24,45,6785.17,0,,No Dispute
INV-011682,CUST-0150,2024-11-06,2024-12-21,45,1955.28,0,,No Dispute
INV-011683,CUST-0150,2025-04-05,2025-05-20,45,10628.98,0,,No Dispute
INV-011684,CUST-0150,2024-10-09,2024-11-23,45,1870.77,1,4.0,Open
INV-011685,CUST-0150,2024-08-12,2024-09-26,45,10349.7,0,,No Dispute
INV-011686,CUST-0150,2025-06-06,2025-07-21,45,5627.97,0,,No Dispute
INV-011687,CUST-0150,2024-10-15,2024-11-29,45,10137.34,0,,No Dispute
INV-011688,CUST-0150,2025-02-25,2025-04-11,45,2120.35,0,,No Dispute
INV-011689,CUST-0150,2025-01-31,2025-03-17,45,5916.97,0,,No Dispute
INV-011690,CUST-0150,2025-02-19,2025-04-05,45,3273.66,1,4.0,Resolved
INV-011691,CUST-0150,2024-02-06,2024-03-22,45,5858.26,0,,No Dispute
INV-011692,CUST-0150,2025-10-06,2025-11-20,45,11454.63,0,,No Dispute
INV-011693,CUST-0150,2024-11-02,2024-12-17,45,5466.49,0,,No Dispute
INV-011694,CUST-0150,2025-02-09,2025-03-26,45,8437.84,0,,No Dispute
INV-011695,CUST-0150,2024-10-01,2024-11-15,45,2779.45,0,,No Dispute
INV-011696,CUST-0150,2024-11-25,2025-01-09,45,3993.12,0,,No Dispute
